time,power_consumption.power
2021-11-03T21:37:58.599+05:00,0
2021-11-03T21:37:59.103+05:00,0.981249483
2021-11-03T21:37:59.605+05:00,0
2021-11-03T21:38:00.106+05:00,0.510590829
2021-11-03T21:38:00.609+05:00,0
2021-11-03T21:38:01.112+05:00,6.150481468
2021-11-03T21:38:01.614+05:00,0
2021-11-03T21:38:02.117+05:00,1.081802716
2021-11-03T21:38:02.620+05:00,0.054890145
2021-11-03T21:38:03.123+05:00,1.412272625
2021-11-03T21:38:03.626+05:00,0
2021-11-03T21:38:04.129+05:00,0.758576184
2021-11-03T21:38:04.632+05:00,0
2021-11-03T21:38:05.135+05:00,4.258140328
2021-11-03T21:38:05.638+05:00,1.532716652
2021-11-03T21:38:06.141+05:00,3.269565968
2021-11-03T21:38:06.644+05:00,0.164461975
2021-11-03T21:38:07.148+05:00,0.636902673
2021-11-03T21:38:07.653+05:00,0.115053569
2021-11-03T21:38:08.157+05:00,0.272156844
2021-11-03T21:38:08.661+05:00,0
2021-11-03T21:38:09.165+05:00,0.972843901
2021-11-03T21:38:09.668+05:00,0
2021-11-03T21:38:10.170+05:00,0.927277865
2021-11-03T21:38:10.674+05:00,0.070117394
2021-11-03T21:38:11.177+05:00,1.675892377
2021-11-03T21:38:11.681+05:00,0.037863386
2021-11-03T21:38:12.184+05:00,0.100121072
2021-11-03T21:38:12.688+05:00,0.159113657
2021-11-03T21:38:13.192+05:00,0.731548463
2021-11-03T21:38:13.695+05:00,0.844666107
2021-11-03T21:38:14.197+05:00,0.629110218
2021-11-03T21:38:14.700+05:00,1.130933396
2021-11-03T21:38:15.204+05:00,0.464343246
2021-11-03T21:38:15.708+05:00,0.124234143
2021-11-03T21:38:16.212+05:00,2.383674218
2021-11-03T21:38:16.716+05:00,0.036152149
2021-11-03T21:38:17.220+05:00,0.770535597
2021-11-03T21:38:17.724+05:00,0.073714661
2021-11-03T21:38:18.226+05:00,0.252971851
2021-11-03T21:38:18.728+05:00,0.314484109
2021-11-03T21:38:19.230+05:00,11.42112614
2021-11-03T21:38:19.731+05:00,6.89279246
2021-11-03T21:38:20.232+05:00,21.02324866
2021-11-03T21:38:20.733+05:00,13.91237473
2021-11-03T21:38:21.234+05:00,20.12693495
2021-11-03T21:38:21.736+05:00,22.42000613
2021-11-03T21:38:22.237+05:00,20.99523033
2021-11-03T21:38:22.739+05:00,18.74402501
2021-11-03T21:38:23.240+05:00,28.10727945
2021-11-03T21:38:23.742+05:00,8.600008322
2021-11-03T21:38:24.245+05:00,8.349010344
2021-11-03T21:38:24.748+05:00,3.882476261
2021-11-03T21:38:25.252+05:00,2.920516479
2021-11-03T21:38:25.753+05:00,10.36477621
2021-11-03T21:38:26.256+05:00,10.57165016
2021-11-03T21:38:26.757+05:00,29.19114668
2021-11-03T21:38:27.258+05:00,19.04759056
2021-11-03T21:38:27.759+05:00,16.50248634
2021-11-03T21:38:28.263+05:00,6.215810593
2021-11-03T21:38:28.765+05:00,4.244853666
2021-11-03T21:38:29.267+05:00,7.355183033
2021-11-03T21:38:29.768+05:00,4.920239514
2021-11-03T21:38:30.271+05:00,9.204072506
2021-11-03T21:38:30.775+05:00,4.459057917
2021-11-03T21:38:31.278+05:00,4.062945911
2021-11-03T21:38:31.782+05:00,3.862513865
2021-11-03T21:38:32.285+05:00,1.783998789
2021-11-03T21:38:32.787+05:00,3.297701438
2021-11-03T21:38:33.290+05:00,2.49463567
2021-11-03T21:38:33.792+05:00,4.058933624
2021-11-03T21:38:34.295+05:00,4.397137843
2021-11-03T21:38:34.798+05:00,5.189440339
2021-11-03T21:38:35.302+05:00,4.76378325
2021-11-03T21:38:35.805+05:00,1.831271224
2021-11-03T21:38:36.309+05:00,3.405782092
2021-11-03T21:38:36.812+05:00,3.544669045
2021-11-03T21:38:37.315+05:00,0.71866865
2021-11-03T21:38:37.818+05:00,2.884632306
2021-11-03T21:38:38.321+05:00,2.624406394
2021-11-03T21:38:38.824+05:00,2.797718516
2021-11-03T21:38:39.325+05:00,18.69843676
2021-11-03T21:38:39.827+05:00,19.08722405
2021-11-03T21:38:40.328+05:00,19.90839381
2021-11-03T21:38:40.829+05:00,24.13420024
2021-11-03T21:38:41.331+05:00,23.24425033
2021-11-03T21:38:41.832+05:00,27.44481576
2021-11-03T21:38:42.333+05:00,18.81221202
2021-11-03T21:38:42.834+05:00,19.42169094
2021-11-03T21:38:43.336+05:00,16.62380879
2021-11-03T21:38:43.839+05:00,11.21295689
2021-11-03T21:38:44.340+05:00,17.40825379
2021-11-03T21:38:44.842+05:00,12.54237168
2021-11-03T21:38:45.345+05:00,5.153277689
2021-11-03T21:38:45.847+05:00,13.92705036
2021-11-03T21:38:46.349+05:00,4.901146286
2021-11-03T21:38:46.852+05:00,5.455902956
2021-11-03T21:38:47.354+05:00,4.608218703
2021-11-03T21:38:47.855+05:00,4.272683379
2021-11-03T21:38:48.357+05:00,2.665241376
2021-11-03T21:38:48.858+05:00,3.811417654
2021-11-03T21:38:49.360+05:00,3.581604195
2021-11-03T21:38:49.862+05:00,3.286712466
2021-11-03T21:38:50.366+05:00,3.839302563
2021-11-03T21:38:50.867+05:00,5.001159896
2021-11-03T21:38:51.370+05:00,1.281682404
2021-11-03T21:38:51.873+05:00,4.537505995
2021-11-03T21:38:52.377+05:00,5.218997167
2021-11-03T21:38:52.881+05:00,2.867510219
2021-11-03T21:38:53.385+05:00,2.625246292
2021-11-03T21:38:53.888+05:00,1.742087764
2021-11-03T21:38:54.392+05:00,2.367893111
2021-11-03T21:38:54.895+05:00,1.954105879
2021-11-03T21:38:55.399+05:00,1.713148814
2021-11-03T21:38:55.903+05:00,2.547351028
2021-11-03T21:38:56.406+05:00,0.859282097
2021-11-03T21:38:56.910+05:00,3.176434145
2021-11-03T21:38:57.412+05:00,2.578996341
2021-11-03T21:38:57.915+05:00,2.700885246
2021-11-03T21:38:58.418+05:00,1.833576625
2021-11-03T21:38:58.921+05:00,1.389217272
2021-11-03T21:38:59.422+05:00,2.613020395
2021-11-03T21:38:59.923+05:00,17.70319787
2021-11-03T21:39:00.425+05:00,20.33495071
2021-11-03T21:39:00.926+05:00,22.65697356
2021-11-03T21:39:01.427+05:00,24.10898175
2021-11-03T21:39:01.929+05:00,23.74079722
2021-11-03T21:39:02.431+05:00,29.1768918
2021-11-03T21:39:02.933+05:00,18.95355614
2021-11-03T21:39:03.435+05:00,13.30227743
2021-11-03T21:39:03.937+05:00,21.12653859
2021-11-03T21:39:04.441+05:00,8.317880613
2021-11-03T21:39:04.944+05:00,12.7043953
2021-11-03T21:39:05.448+05:00,5.389841488
2021-11-03T21:39:05.949+05:00,5.595275764
2021-11-03T21:39:06.451+05:00,13.38571546
2021-11-03T21:39:06.954+05:00,12.26184876
2021-11-03T21:39:07.457+05:00,5.2145932
2021-11-03T21:39:07.960+05:00,4.629988734
2021-11-03T21:39:08.462+05:00,4.889749989
2021-11-03T21:39:08.965+05:00,1.767510668
2021-11-03T21:39:09.469+05:00,1.548215234
2021-11-03T21:39:09.973+05:00,3.733181016
2021-11-03T21:39:10.476+05:00,4.346516605
2021-11-03T21:39:10.979+05:00,3.360999288
2021-11-03T21:39:11.482+05:00,3.015354675
2021-11-03T21:39:11.985+05:00,5.430457977
2021-11-03T21:39:12.489+05:00,4.933561396
2021-11-03T21:39:12.990+05:00,3.572813578
2021-11-03T21:39:13.493+05:00,3.68146801
2021-11-03T21:39:13.997+05:00,1.874495722
2021-11-03T21:39:14.501+05:00,1.875794097
2021-11-03T21:39:15.004+05:00,0.736889127
2021-11-03T21:39:15.508+05:00,2.564170492
2021-11-03T21:39:16.011+05:00,3.035115603
2021-11-03T21:39:16.515+05:00,2.363040167
2021-11-03T21:39:17.017+05:00,1.784810861
2021-11-03T21:39:17.521+05:00,3.372305302
2021-11-03T21:39:18.024+05:00,1.103123443
2021-11-03T21:39:18.528+05:00,2.052064031
2021-11-03T21:39:19.030+05:00,0.78474614
2021-11-03T21:39:19.533+05:00,2.162147644
2021-11-03T21:39:20.034+05:00,2.854244439
2021-11-03T21:39:20.535+05:00,16.82408554
2021-11-03T21:39:21.036+05:00,20.64095827
2021-11-03T21:39:21.537+05:00,22.55146905
2021-11-03T21:39:22.038+05:00,24.38894586
2021-11-03T21:39:22.540+05:00,23.24231819
2021-11-03T21:39:23.041+05:00,29.6943699
2021-11-03T21:39:23.543+05:00,17.43368349
2021-11-03T21:39:24.047+05:00,12.74147901
2021-11-03T21:39:24.549+05:00,21.08534397
2021-11-03T21:39:25.051+05:00,9.625166055
2021-11-03T21:39:25.553+05:00,12.29826545
2021-11-03T21:39:26.057+05:00,6.329998413
2021-11-03T21:39:26.560+05:00,11.82947379
2021-11-03T21:39:27.061+05:00,12.13722684
2021-11-03T21:39:27.565+05:00,4.065614742
2021-11-03T21:39:28.067+05:00,5.762763642
2021-11-03T21:39:28.570+05:00,4.318208719
2021-11-03T21:39:29.073+05:00,3.914576724
2021-11-03T21:39:29.577+05:00,1.476200377
2021-11-03T21:39:30.078+05:00,3.168793099
2021-11-03T21:39:30.581+05:00,3.876902936
2021-11-03T21:39:31.084+05:00,3.071448529
2021-11-03T21:39:31.588+05:00,2.828563725
2021-11-03T21:39:32.091+05:00,3.917917116
2021-11-03T21:39:32.595+05:00,4.610775851
2021-11-03T21:39:33.099+05:00,4.686100085
2021-11-03T21:39:33.603+05:00,4.278794905
2021-11-03T21:39:34.107+05:00,3.039192379
2021-11-03T21:39:34.610+05:00,1.02025493
2021-11-03T21:39:35.113+05:00,2.420573765
2021-11-03T21:39:35.616+05:00,2.601060067
2021-11-03T21:39:36.120+05:00,4.836390851
2021-11-03T21:39:36.624+05:00,2.273030626
2021-11-03T21:39:37.127+05:00,1.552634174
2021-11-03T21:39:37.631+05:00,1.712247979
2021-11-03T21:39:38.135+05:00,3.45134786
2021-11-03T21:39:38.639+05:00,1.662292656
2021-11-03T21:39:39.143+05:00,2.539325265
2021-11-03T21:39:39.646+05:00,0.806550635
2021-11-03T21:39:40.150+05:00,2.589804878
2021-11-03T21:39:40.651+05:00,4.064604467
2021-11-03T21:39:41.152+05:00,19.08172242
2021-11-03T21:39:41.653+05:00,23.37506587
2021-11-03T21:39:42.155+05:00,20.13469336
2021-11-03T21:39:42.657+05:00,25.46821181
2021-11-03T21:39:43.158+05:00,20.59689718
2021-11-03T21:39:43.659+05:00,32.7500153
2021-11-03T21:39:44.163+05:00,11.72148385
2021-11-03T21:39:44.664+05:00,12.13086538
2021-11-03T21:39:45.165+05:00,21.50983235
2021-11-03T21:39:45.668+05:00,10.22202028
2021-11-03T21:39:46.171+05:00,11.21832141
2021-11-03T21:39:46.675+05:00,6.315167387
2021-11-03T21:39:47.177+05:00,4.20714179
2021-11-03T21:39:47.678+05:00,15.98643225
2021-11-03T21:39:48.180+05:00,7.500519595
2021-11-03T21:39:48.684+05:00,4.932749283
2021-11-03T21:39:49.187+05:00,4.718918537
2021-11-03T21:39:49.691+05:00,4.747267573
2021-11-03T21:39:50.195+05:00,3.072548524
2021-11-03T21:39:50.698+05:00,1.526983316
2021-11-03T21:39:51.200+05:00,3.68382233
2021-11-03T21:39:51.701+05:00,5.363371239
2021-11-03T21:39:52.204+05:00,3.198280792
2021-11-03T21:39:52.708+05:00,4.817725424
2021-11-03T21:39:53.211+05:00,5.112218829
2021-11-03T21:39:53.714+05:00,4.959912189
2021-11-03T21:39:54.217+05:00,4.075511549
2021-11-03T21:39:54.721+05:00,1.500534913
2021-11-03T21:39:55.224+05:00,1.76190918
2021-11-03T21:39:55.727+05:00,1.911161095
2021-11-03T21:39:56.231+05:00,1.743648919
2021-11-03T21:39:56.735+05:00,2.338527867
2021-11-03T21:39:57.238+05:00,1.51950012
2021-11-03T21:39:57.742+05:00,2.662197969
2021-11-03T21:39:58.245+05:00,0.733054892
2021-11-03T21:39:58.749+05:00,3.405554322
2021-11-03T21:39:59.252+05:00,2.211070433
2021-11-03T21:39:59.756+05:00,1.467724495
2021-11-03T21:40:00.260+05:00,2.060032661
2021-11-03T21:40:00.761+05:00,5.614173433
2021-11-03T21:40:01.262+05:00,18.49489263
2021-11-03T21:40:01.763+05:00,18.90142822
2021-11-03T21:40:02.265+05:00,20.52034295
2021-11-03T21:40:02.766+05:00,22.29628995
2021-11-03T21:40:03.267+05:00,25.03010797
2021-11-03T21:40:03.769+05:00,28.21268225
2021-11-03T21:40:04.270+05:00,21.68505832
2021-11-03T21:40:04.771+05:00,11.71888764
2021-11-03T21:40:05.272+05:00,18.65624414
2021-11-03T21:40:05.774+05:00,12.83521428
2021-11-03T21:40:06.275+05:00,9.724073666
2021-11-03T21:40:06.778+05:00,6.55856964
2021-11-03T21:40:07.281+05:00,11.88366422
2021-11-03T21:40:07.783+05:00,5.458160043
2021-11-03T21:40:08.285+05:00,10.24200734
2021-11-03T21:40:08.789+05:00,4.971159532
2021-11-03T21:40:09.290+05:00,5.51233979
2021-11-03T21:40:09.791+05:00,5.006268526
2021-11-03T21:40:10.292+05:00,3.864494684
2021-11-03T21:40:10.795+05:00,2.352386024
2021-11-03T21:40:11.298+05:00,3.183980486
2021-11-03T21:40:11.801+05:00,3.534192058
2021-11-03T21:40:12.304+05:00,3.597538535
2021-11-03T21:40:12.807+05:00,3.566335434
2021-11-03T21:40:13.310+05:00,4.727946193
2021-11-03T21:40:13.813+05:00,4.937186289
2021-11-03T21:40:14.314+05:00,4.144242534
2021-11-03T21:40:14.818+05:00,3.675619696
2021-11-03T21:40:15.321+05:00,1.049047868
2021-11-03T21:40:15.822+05:00,3.574193022
2021-11-03T21:40:16.325+05:00,2.773914299
2021-11-03T21:40:16.829+05:00,2.111576366
2021-11-03T21:40:17.332+05:00,1.642615312
2021-11-03T21:40:17.835+05:00,2.636475289
2021-11-03T21:40:18.338+05:00,2.216377348
2021-11-03T21:40:18.840+05:00,3.68967973
2021-11-03T21:40:19.343+05:00,2.015417525
2021-11-03T21:40:19.847+05:00,2.112590294
2021-11-03T21:40:20.350+05:00,3.254577409
2021-11-03T21:40:20.854+05:00,2.097871096
2021-11-03T21:40:21.357+05:00,1.730423747
2021-11-03T21:40:21.859+05:00,18.96963994
2021-11-03T21:40:22.360+05:00,22.59290244
2021-11-03T21:40:22.861+05:00,22.08961525
2021-11-03T21:40:23.362+05:00,25.53385055
2021-11-03T21:40:23.864+05:00,23.81157248
2021-11-03T21:40:24.365+05:00,31.81502437
2021-11-03T21:40:24.866+05:00,16.16308428
2021-11-03T21:40:25.368+05:00,12.71141411
2021-11-03T21:40:25.872+05:00,22.23904458
2021-11-03T21:40:26.374+05:00,8.464475964
2021-11-03T21:40:26.877+05:00,10.39655492
2021-11-03T21:40:27.379+05:00,6.642920098
2021-11-03T21:40:27.883+05:00,10.54703913
2021-11-03T21:40:28.386+05:00,10.47778372
2021-11-03T21:40:28.890+05:00,5.66255542
2021-11-03T21:40:29.393+05:00,5.403991704
2021-11-03T21:40:29.896+05:00,5.067675434
2021-11-03T21:40:30.400+05:00,5.128678662
2021-11-03T21:40:30.904+05:00,2.112505702
2021-11-03T21:40:31.408+05:00,2.652322438
2021-11-03T21:40:31.911+05:00,3.702477088
2021-11-03T21:40:32.414+05:00,4.038834542
2021-11-03T21:40:32.917+05:00,2.638550384
2021-11-03T21:40:33.421+05:00,3.504106415
2021-11-03T21:40:33.924+05:00,5.499947894
2021-11-03T21:40:34.427+05:00,5.12978379
2021-11-03T21:40:34.929+05:00,3.90325177
2021-11-03T21:40:35.432+05:00,2.839282005
2021-11-03T21:40:35.935+05:00,2.129446928
2021-11-03T21:40:36.439+05:00,3.567287115
2021-11-03T21:40:36.942+05:00,1.696693855
2021-11-03T21:40:37.446+05:00,2.58177511
2021-11-03T21:40:37.950+05:00,1.791511703
2021-11-03T21:40:38.453+05:00,3.409247668
2021-11-03T21:40:38.957+05:00,1.165227972
2021-11-03T21:40:39.460+05:00,3.259234009
2021-11-03T21:40:39.963+05:00,2.020248376
2021-11-03T21:40:40.467+05:00,2.702413076
2021-11-03T21:40:40.970+05:00,0.753141042
2021-11-03T21:40:41.473+05:00,3.202813587
2021-11-03T21:40:41.974+05:00,15.05734963
2021-11-03T21:40:42.476+05:00,19.98164526
2021-11-03T21:40:42.977+05:00,20.02521757
2021-11-03T21:40:43.483+05:00,22.04769608
2021-11-03T21:40:43.985+05:00,26.31969434
2021-11-03T21:40:44.485+05:00,26.55541894
2021-11-03T21:40:44.986+05:00,21.43505844
2021-11-03T21:40:45.487+05:00,13.38182208
2021-11-03T21:40:45.990+05:00,20.67233467
2021-11-03T21:40:46.492+05:00,9.377478725
2021-11-03T21:40:46.994+05:00,11.00237333
2021-11-03T21:40:47.495+05:00,11.61580573
2021-11-03T21:40:47.996+05:00,5.538448047
2021-11-03T21:40:48.497+05:00,8.972576281
2021-11-03T21:40:48.999+05:00,7.239894383
2021-11-03T21:40:49.501+05:00,6.197939353
2021-11-03T21:40:50.002+05:00,4.301349525
2021-11-03T21:40:50.504+05:00,4.283011507
2021-11-03T21:40:51.007+05:00,2.463607256
2021-11-03T21:40:51.509+05:00,1.395289302
2021-11-03T21:40:52.011+05:00,2.651836958
2021-11-03T21:40:52.513+05:00,5.080132566
2021-11-03T21:40:53.016+05:00,1.636227127
2021-11-03T21:40:53.518+05:00,2.208951676
2021-11-03T21:40:54.020+05:00,5.78817303
2021-11-03T21:40:54.522+05:00,5.198880735
2021-11-03T21:40:55.023+05:00,4.197897186
2021-11-03T21:40:55.525+05:00,3.870616133
2021-11-03T21:40:56.028+05:00,2.705664116
2021-11-03T21:40:56.530+05:00,1.857221066
2021-11-03T21:40:57.033+05:00,1.749001295
2021-11-03T21:40:57.536+05:00,2.1455244
2021-11-03T21:40:58.039+05:00,0.860647826
2021-11-03T21:40:58.541+05:00,1.576520412
2021-11-03T21:40:59.042+05:00,2.391322803
2021-11-03T21:40:59.544+05:00,2.871671648
2021-11-03T21:41:00.045+05:00,3.007416773
2021-11-03T21:41:00.546+05:00,2.12119344
2021-11-03T21:41:01.047+05:00,7.102337536
2021-11-03T21:41:01.550+05:00,1.492804887
2021-11-03T21:41:02.052+05:00,1.896044191
2021-11-03T21:41:02.553+05:00,18.2310364
2021-11-03T21:41:03.054+05:00,22.00519583
2021-11-03T21:41:03.559+05:00,20.70307123
2021-11-03T21:41:04.060+05:00,25.17786092
2021-11-03T21:41:04.561+05:00,22.14522851
2021-11-03T21:41:05.063+05:00,32.48615237
2021-11-03T21:41:05.564+05:00,16.49192471
2021-11-03T21:41:06.066+05:00,13.5087013
2021-11-03T21:41:06.568+05:00,21.06896316
2021-11-03T21:41:07.070+05:00,9.893305723
2021-11-03T21:41:07.570+05:00,11.2313234
2021-11-03T21:41:08.071+05:00,8.190672354
2021-11-03T21:41:08.572+05:00,8.889885162
2021-11-03T21:41:09.074+05:00,13.70529304
2021-11-03T21:41:09.576+05:00,3.815849303
2021-11-03T21:41:10.078+05:00,5.643892333
2021-11-03T21:41:10.580+05:00,3.970662339
2021-11-03T21:41:11.082+05:00,4.091490023
2021-11-03T21:41:11.585+05:00,1.9215791
2021-11-03T21:41:12.087+05:00,1.580854405
2021-11-03T21:41:12.590+05:00,3.760297585
2021-11-03T21:41:13.092+05:00,3.812182191
2021-11-03T21:41:13.595+05:00,3.233087281
2021-11-03T21:41:14.098+05:00,3.621255879
2021-11-03T21:41:14.600+05:00,5.09223836
2021-11-03T21:41:15.103+05:00,4.584675008
2021-11-03T21:41:15.604+05:00,3.820654011
2021-11-03T21:41:16.106+05:00,3.982699362
2021-11-03T21:41:16.608+05:00,2.511138507
2021-11-03T21:41:17.111+05:00,3.267865715
2021-11-03T21:41:17.613+05:00,1.828069525
2021-11-03T21:41:18.115+05:00,1.53689099
2021-11-03T21:41:18.618+05:00,1.922309288
2021-11-03T21:41:19.121+05:00,1.579022994
2021-11-03T21:41:19.623+05:00,1.956749855
2021-11-03T21:41:20.125+05:00,3.624868086
2021-11-03T21:41:20.628+05:00,1.902465219
2021-11-03T21:41:21.130+05:00,2.106583703
2021-11-03T21:41:21.633+05:00,0.834355604
2021-11-03T21:41:22.135+05:00,2.521477625
2021-11-03T21:41:22.636+05:00,8.669382812
2021-11-03T21:41:23.137+05:00,20.85036629
2021-11-03T21:41:23.638+05:00,21.47129585
2021-11-03T21:41:24.139+05:00,21.25196533
2021-11-03T21:41:24.645+05:00,26.34346518
2021-11-03T21:41:25.146+05:00,21.85770642
2021-11-03T21:41:25.647+05:00,25.09399208
2021-11-03T21:41:26.149+05:00,19.0967689
2021-11-03T21:41:26.652+05:00,12.02785768
2021-11-03T21:41:27.153+05:00,21.2199023
2021-11-03T21:41:27.655+05:00,9.176408169
2021-11-03T21:41:28.156+05:00,11.63250702
2021-11-03T21:41:28.657+05:00,12.14300215
2021-11-03T21:41:29.159+05:00,4.878915547
2021-11-03T21:41:29.661+05:00,10.05651527
2021-11-03T21:41:30.163+05:00,5.323404127
2021-11-03T21:41:30.665+05:00,5.158323588
2021-11-03T21:41:31.167+05:00,5.174838166
2021-11-03T21:41:31.668+05:00,5.665142976
2021-11-03T21:41:32.171+05:00,1.834356141
2021-11-03T21:41:32.672+05:00,3.350549293
2021-11-03T21:41:33.174+05:00,3.776028692
2021-11-03T21:41:33.677+05:00,2.642438387
2021-11-03T21:41:34.179+05:00,3.50537581
2021-11-03T21:41:34.682+05:00,3.211901368
2021-11-03T21:41:35.184+05:00,4.556600563
2021-11-03T21:41:35.687+05:00,5.439078345
2021-11-03T21:41:36.189+05:00,4.581864348
2021-11-03T21:41:36.691+05:00,3.116035518
2021-11-03T21:41:37.193+05:00,1.130894555
2021-11-03T21:41:37.696+05:00,3.052224647
2021-11-03T21:41:38.199+05:00,0.86461039
2021-11-03T21:41:38.701+05:00,1.595609428
2021-11-03T21:41:39.204+05:00,1.783302061
2021-11-03T21:41:39.707+05:00,1.613524774
2021-11-03T21:41:40.210+05:00,2.138923626
2021-11-03T21:41:40.712+05:00,2.932737202
2021-11-03T21:41:41.215+05:00,2.061847235
2021-11-03T21:41:41.718+05:00,1.520335615
2021-11-03T21:41:42.220+05:00,1.829098911
2021-11-03T21:41:42.723+05:00,2.129760708
2021-11-03T21:41:43.224+05:00,24.81248387
2021-11-03T21:41:43.725+05:00,6.772007123
2021-11-03T21:41:44.227+05:00,4.105292772
2021-11-03T21:41:44.729+05:00,4.058632995
2021-11-03T21:41:45.231+05:00,18.09874632
2021-11-03T21:41:45.736+05:00,4.99698383
2021-11-03T21:41:46.238+05:00,5.538323542
2021-11-03T21:41:46.739+05:00,12.69134169
2021-11-03T21:41:47.241+05:00,18.54594288
2021-11-03T21:41:47.742+05:00,4.791710579
2021-11-03T21:41:48.244+05:00,10.75866358
2021-11-03T21:41:48.745+05:00,4.285359018
2021-11-03T21:41:49.248+05:00,4.728746398
2021-11-03T21:41:49.750+05:00,1.14689896
2021-11-03T21:41:50.253+05:00,2.353833592
2021-11-03T21:41:50.755+05:00,1.401874241
2021-11-03T21:41:51.258+05:00,3.185399823
2021-11-03T21:41:51.761+05:00,0.727296111
2021-11-03T21:41:52.263+05:00,1.388443628
2021-11-03T21:41:52.766+05:00,4.939445986
2021-11-03T21:41:53.267+05:00,3.371476273
2021-11-03T21:41:53.769+05:00,1.94227103
2021-11-03T21:41:54.272+05:00,1.234413546
2021-11-03T21:41:54.774+05:00,0.847620299
2021-11-03T21:41:55.276+05:00,5.277305657
2021-11-03T21:41:55.777+05:00,5.716805094
2021-11-03T21:41:56.278+05:00,2.725830904
2021-11-03T21:41:56.780+05:00,2.126099057
2021-11-03T21:41:57.281+05:00,3.721855324
2021-11-03T21:41:57.784+05:00,2.702899484
2021-11-03T21:41:58.286+05:00,0.753138522
2021-11-03T21:41:58.788+05:00,0.875421303
2021-11-03T21:41:59.291+05:00,0.664732914
2021-11-03T21:41:59.794+05:00,0.244673591
2021-11-03T21:42:00.296+05:00,0.798509873
2021-11-03T21:42:00.797+05:00,5.949841061
2021-11-03T21:42:01.299+05:00,3.628970953
2021-11-03T21:42:01.802+05:00,0.838546538
2021-11-03T21:42:02.305+05:00,0.773795066
2021-11-03T21:42:02.806+05:00,3.484193362
2021-11-03T21:42:03.308+05:00,11.41113022
2021-11-03T21:42:03.810+05:00,3.479514008
2021-11-03T21:42:04.311+05:00,3.858983912
2021-11-03T21:42:04.812+05:00,4.149426912
2021-11-03T21:42:05.314+05:00,1.423517116
2021-11-03T21:42:05.822+05:00,1.353202706
2021-11-03T21:42:06.323+05:00,16.08942422
2021-11-03T21:42:06.825+05:00,4.613644137
2021-11-03T21:42:07.327+05:00,4.016711136
2021-11-03T21:42:07.828+05:00,4.220048308
2021-11-03T21:42:08.330+05:00,18.5931504
2021-11-03T21:42:08.831+05:00,23.08221528
2021-11-03T21:42:09.332+05:00,16.80558474
2021-11-03T21:42:09.834+05:00,9.492165087
2021-11-03T21:42:10.335+05:00,6.261588845
2021-11-03T21:42:10.837+05:00,4.567243391
2021-11-03T21:42:11.339+05:00,3.795942714
2021-11-03T21:42:11.839+05:00,13.59530304
2021-11-03T21:42:12.342+05:00,12.17167868
2021-11-03T21:42:12.844+05:00,6.161968953
2021-11-03T21:42:13.345+05:00,4.212131934
2021-11-03T21:42:13.848+05:00,3.685363014
2021-11-03T21:42:14.350+05:00,4.988083098
2021-11-03T21:42:14.852+05:00,3.23181554
2021-11-03T21:42:15.355+05:00,5.185565481
2021-11-03T21:42:15.857+05:00,2.592580855
2021-11-03T21:42:16.359+05:00,4.26798727
2021-11-03T21:42:16.861+05:00,0.04573885
2021-11-03T21:42:17.364+05:00,4.339856575
2021-11-03T21:42:17.866+05:00,2.545619068
2021-11-03T21:42:18.369+05:00,1.403620753
2021-11-03T21:42:18.872+05:00,2.739225571
2021-11-03T21:42:19.374+05:00,1.035469186
2021-11-03T21:42:19.877+05:00,4.532815765
2021-11-03T21:42:20.379+05:00,2.170201908
2021-11-03T21:42:20.882+05:00,3.121603531
2021-11-03T21:42:21.385+05:00,1.999313411
2021-11-03T21:42:21.887+05:00,4.658052858
2021-11-03T21:42:22.389+05:00,3.766221512
2021-11-03T21:42:22.892+05:00,0.031979195
2021-11-03T21:42:23.394+05:00,3.120735911
2021-11-03T21:42:23.897+05:00,0.200290657
2021-11-03T21:42:24.400+05:00,7.761621194
2021-11-03T21:42:24.902+05:00,2.079579135
2021-11-03T21:42:25.405+05:00,6.049770637
2021-11-03T21:42:25.908+05:00,1.888772098
2021-11-03T21:42:26.410+05:00,16.25376369
2021-11-03T21:42:26.922+05:00,1.490689503
2021-11-03T21:42:27.424+05:00,4.018504135
2021-11-03T21:42:27.926+05:00,2.198494718
2021-11-03T21:42:28.429+05:00,1.550225665
2021-11-03T21:42:28.932+05:00,1.346108842
2021-11-03T21:42:29.434+05:00,14.68289827
2021-11-03T21:42:29.936+05:00,4.132168117
2021-11-03T21:42:30.438+05:00,4.353800301
2021-11-03T21:42:30.940+05:00,4.305185041
2021-11-03T21:42:31.441+05:00,12.62479948
2021-11-03T21:42:31.943+05:00,17.24569475
2021-11-03T21:42:32.444+05:00,28.87985439
2021-11-03T21:42:32.945+05:00,26.3894514
2021-11-03T21:42:33.446+05:00,33.78955224
2021-11-03T21:42:33.947+05:00,27.97792081
2021-11-03T21:42:34.448+05:00,18.15425638
2021-11-03T21:42:34.949+05:00,23.1154435
2021-11-03T21:42:35.450+05:00,14.89604995
2021-11-03T21:42:35.952+05:00,5.634049167
2021-11-03T21:42:36.454+05:00,9.966989977
2021-11-03T21:42:36.956+05:00,10.48430268
2021-11-03T21:42:37.458+05:00,3.671472322
2021-11-03T21:42:37.960+05:00,7.426289719
2021-11-03T21:42:38.462+05:00,2.737119189
2021-11-03T21:42:38.964+05:00,3.25253333
2021-11-03T21:42:39.466+05:00,3.432383516
2021-11-03T21:42:39.969+05:00,4.610126057
2021-11-03T21:42:40.471+05:00,4.010813999
2021-11-03T21:42:40.974+05:00,2.436301543
2021-11-03T21:42:41.476+05:00,5.100208049
2021-11-03T21:42:41.976+05:00,4.346807723
2021-11-03T21:42:42.479+05:00,4.240858274
2021-11-03T21:42:42.981+05:00,3.160644373
2021-11-03T21:42:43.483+05:00,3.396030788
2021-11-03T21:42:43.986+05:00,3.22964095
2021-11-03T21:42:44.488+05:00,2.785180189
2021-11-03T21:42:44.990+05:00,2.996928396
2021-11-03T21:42:45.491+05:00,2.696560792
2021-11-03T21:42:45.993+05:00,3.248018159
2021-11-03T21:42:46.496+05:00,3.187791944
2021-11-03T21:42:46.998+05:00,2.22871644
2021-11-03T21:42:47.501+05:00,4.109415624
2021-11-03T21:42:48.010+05:00,1.215706254
2021-11-03T21:42:48.512+05:00,3.315578661
2021-11-03T21:42:49.013+05:00,2.558602988
2021-11-03T21:42:49.516+05:00,16.27393625
2021-11-03T21:42:50.017+05:00,3.474195711
2021-11-03T21:42:50.519+05:00,2.977760667
2021-11-03T21:42:51.021+05:00,1.190290845
2021-11-03T21:42:51.524+05:00,0.629047518
2021-11-03T21:42:52.026+05:00,1.921588264
2021-11-03T21:42:52.527+05:00,23.43690931
2021-11-03T21:42:53.029+05:00,17.63476124
2021-11-03T21:42:53.531+05:00,3.789267335
2021-11-03T21:42:54.033+05:00,5.818538053
2021-11-03T21:42:54.534+05:00,5.897099358
2021-11-03T21:42:55.035+05:00,5.605268795
2021-11-03T21:42:55.536+05:00,20.33196877
2021-11-03T21:42:56.037+05:00,17.3498316
2021-11-03T21:42:56.538+05:00,18.73804225
2021-11-03T21:42:57.039+05:00,10.96584616
2021-11-03T21:42:57.540+05:00,16.85394961
2021-11-03T21:42:58.041+05:00,29.98958242
2021-11-03T21:42:58.542+05:00,22.98821456
2021-11-03T21:42:59.043+05:00,17.63811998
2021-11-03T21:42:59.545+05:00,20.15243393
2021-11-03T21:43:00.046+05:00,7.585578651
2021-11-03T21:43:00.547+05:00,6.033376199
2021-11-03T21:43:01.049+05:00,20.40692041
2021-11-03T21:43:01.552+05:00,11.64420517
2021-11-03T21:43:02.053+05:00,4.240906116
2021-11-03T21:43:02.555+05:00,19.22963271
2021-11-03T21:43:03.056+05:00,7.079650062
2021-11-03T21:43:03.557+05:00,13.79380645
2021-11-03T21:43:04.059+05:00,5.145471376
2021-11-03T21:43:04.561+05:00,3.306834411
2021-11-03T21:43:05.062+05:00,8.172725916
2021-11-03T21:43:05.564+05:00,8.327477159
2021-11-03T21:43:06.067+05:00,5.736616939
2021-11-03T21:43:06.568+05:00,10.54323002
2021-11-03T21:43:07.069+05:00,18.43186196
2021-11-03T21:43:07.571+05:00,5.991208154
2021-11-03T21:43:08.072+05:00,3.30657787
2021-11-03T21:43:08.583+05:00,0.478465268
2021-11-03T21:43:09.084+05:00,4.522151394
2021-11-03T21:43:09.586+05:00,7.186215235
2021-11-03T21:43:10.087+05:00,5.395886603
2021-11-03T21:43:10.588+05:00,5.203996769
2021-11-03T21:43:11.090+05:00,5.377012022
2021-11-03T21:43:11.593+05:00,8.146745752
2021-11-03T21:43:12.096+05:00,1.408592852
2021-11-03T21:43:12.598+05:00,16.86121857
2021-11-03T21:43:13.100+05:00,4.062391048
2021-11-03T21:43:13.602+05:00,3.414167223
2021-11-03T21:43:14.105+05:00,1.54970536
2021-11-03T21:43:14.608+05:00,1.81534053
2021-11-03T21:43:15.111+05:00,1.859189526
2021-11-03T21:43:15.613+05:00,14.97649387
2021-11-03T21:43:16.115+05:00,4.569009773
2021-11-03T21:43:16.617+05:00,4.072373409
2021-11-03T21:43:17.118+05:00,3.898780831
2021-11-03T21:43:17.620+05:00,18.96260363
2021-11-03T21:43:18.121+05:00,5.954846692
2021-11-03T21:43:18.622+05:00,10.61184407
2021-11-03T21:43:19.123+05:00,13.01273166
2021-11-03T21:43:19.624+05:00,14.1794313
2021-11-03T21:43:20.125+05:00,13.22306716
2021-11-03T21:43:20.626+05:00,21.05122597
2021-11-03T21:43:21.127+05:00,29.77759218
2021-11-03T21:43:21.628+05:00,17.44998627
2021-11-03T21:43:22.129+05:00,19.91550971
2021-11-03T21:43:22.630+05:00,27.73294919
2021-11-03T21:43:23.132+05:00,15.47993591
2021-11-03T21:43:23.633+05:00,8.890987192
2021-11-03T21:43:24.134+05:00,7.374676014
2021-11-03T21:43:24.635+05:00,7.8333703
2021-11-03T21:43:25.136+05:00,18.48059636
2021-11-03T21:43:25.637+05:00,26.85284578
2021-11-03T21:43:26.138+05:00,29.35802877
2021-11-03T21:43:26.639+05:00,27.02768336
2021-11-03T21:43:27.141+05:00,14.71683925
2021-11-03T21:43:27.643+05:00,29.05063535
2021-11-03T21:43:28.144+05:00,4.916388478
2021-11-03T21:43:28.645+05:00,5.506807826
2021-11-03T21:43:29.147+05:00,4.425188543
2021-11-03T21:43:29.656+05:00,5.066693073
2021-11-03T21:43:30.158+05:00,4.920637594
2021-11-03T21:43:30.659+05:00,7.067364426
2021-11-03T21:43:31.161+05:00,4.964599978
2021-11-03T21:43:31.663+05:00,6.621279087
2021-11-03T21:43:32.164+05:00,5.042329711
2021-11-03T21:43:32.665+05:00,4.391200306
2021-11-03T21:43:33.167+05:00,5.24676654
2021-11-03T21:43:33.668+05:00,5.32724284
2021-11-03T21:43:34.170+05:00,6.158792029
2021-11-03T21:43:34.672+05:00,6.321428127
2021-11-03T21:43:35.174+05:00,4.647046944
2021-11-03T21:43:35.675+05:00,13.83429524
2021-11-03T21:43:36.176+05:00,12.3153792
2021-11-03T21:43:36.678+05:00,3.829511736
2021-11-03T21:43:37.180+05:00,2.512716415
2021-11-03T21:43:37.683+05:00,1.671209225
2021-11-03T21:43:38.185+05:00,1.791819657
2021-11-03T21:43:38.687+05:00,16.93346528
2021-11-03T21:43:39.189+05:00,4.422346613
2021-11-03T21:43:39.690+05:00,11.41513151
2021-11-03T21:43:40.192+05:00,19.00951551
2021-11-03T21:43:40.693+05:00,23.53778878
2021-11-03T21:43:41.195+05:00,6.517217129
2021-11-03T21:43:41.697+05:00,3.244770805
2021-11-03T21:43:42.198+05:00,5.213176196
2021-11-03T21:43:42.701+05:00,2.971310042
2021-11-03T21:43:43.203+05:00,1.53246195
2021-11-03T21:43:43.705+05:00,2.21411023
2021-11-03T21:43:44.206+05:00,3.450532907
2021-11-03T21:43:44.708+05:00,2.441110423
2021-11-03T21:43:45.211+05:00,1.102213666
2021-11-03T21:43:45.714+05:00,3.459352021
2021-11-03T21:43:46.217+05:00,3.676399343
2021-11-03T21:43:46.718+05:00,3.216751921
2021-11-03T21:43:47.220+05:00,0.165075521
2021-11-03T21:43:47.722+05:00,2.804171096
2021-11-03T21:43:48.224+05:00,1.190581066
2021-11-03T21:43:48.726+05:00,1.890159056
2021-11-03T21:43:49.229+05:00,1.02708339
2021-11-03T21:43:49.731+05:00,2.490997741
2021-11-03T21:43:50.234+05:00,1.225559678
2021-11-03T21:43:50.746+05:00,1.521302029
2021-11-03T21:43:51.248+05:00,1.30926415
2021-11-03T21:43:51.750+05:00,1.810705696
2021-11-03T21:43:52.253+05:00,0.866354108
2021-11-03T21:43:52.756+05:00,4.270929741
2021-11-03T21:43:53.258+05:00,1.111791798
2021-11-03T21:43:53.761+05:00,1.38117526
2021-11-03T21:43:54.263+05:00,1.006417725
2021-11-03T21:43:54.765+05:00,1.750803093
2021-11-03T21:43:55.268+05:00,1.354584852
2021-11-03T21:43:55.770+05:00,3.094229779
2021-11-03T21:43:56.273+05:00,5.230325569
2021-11-03T21:43:56.775+05:00,5.007188164
2021-11-03T21:43:57.278+05:00,3.098557388
2021-11-03T21:43:57.780+05:00,2.964660366
2021-11-03T21:43:58.283+05:00,1.527723007
2021-11-03T21:43:58.785+05:00,11.60422302
2021-11-03T21:43:59.287+05:00,1.759938033
2021-11-03T21:43:59.790+05:00,2.407226379
2021-11-03T21:44:00.293+05:00,1.674710689
2021-11-03T21:44:00.794+05:00,5.581593308
2021-11-03T21:44:01.296+05:00,3.117460633
2021-11-03T21:44:01.797+05:00,15.10520844
2021-11-03T21:44:02.299+05:00,4.593073858
2021-11-03T21:44:02.800+05:00,21.46847879
2021-11-03T21:44:03.301+05:00,13.52691221
2021-11-03T21:44:03.802+05:00,26.83905463
2021-11-03T21:44:04.303+05:00,26.85646608
2021-11-03T21:44:04.804+05:00,15.99599261
2021-11-03T21:44:05.306+05:00,14.82221638
2021-11-03T21:44:05.807+05:00,28.74036948
2021-11-03T21:44:06.308+05:00,29.5858602
2021-11-03T21:44:06.811+05:00,25.84510506
2021-11-03T21:44:07.313+05:00,7.93160504
2021-11-03T21:44:07.814+05:00,21.45551495
2021-11-03T21:44:08.315+05:00,16.11293629
2021-11-03T21:44:08.816+05:00,36.50312211
2021-11-03T21:44:09.317+05:00,28.31496963
2021-11-03T21:44:09.819+05:00,11.28659201
2021-11-03T21:44:10.321+05:00,8.364762528
2021-11-03T21:44:10.829+05:00,16.79714856
2021-11-03T21:44:11.330+05:00,17.46495955
2021-11-03T21:44:11.831+05:00,10.66537773
2021-11-03T21:44:12.333+05:00,11.27343181
2021-11-03T21:44:12.834+05:00,7.359343203
2021-11-03T21:44:13.337+05:00,4.272502755
2021-11-03T21:44:13.839+05:00,7.28678907
2021-11-03T21:44:14.341+05:00,3.598229511
2021-11-03T21:44:14.843+05:00,7.348871858
2021-11-03T21:44:15.345+05:00,2.828421479
2021-11-03T21:44:15.847+05:00,4.850765742
2021-11-03T21:44:16.349+05:00,9.242414284
2021-11-03T21:44:16.852+05:00,9.915819193
2021-11-03T21:44:17.354+05:00,10.26577094
2021-11-03T21:44:17.855+05:00,13.02891313
2021-11-03T21:44:18.356+05:00,14.21050116
2021-11-03T21:44:18.858+05:00,10.43339549
2021-11-03T21:44:19.359+05:00,10.25281161
2021-11-03T21:44:19.861+05:00,7.031640289
2021-11-03T21:44:20.362+05:00,4.352881938
2021-11-03T21:44:20.864+05:00,5.375176904
2021-11-03T21:44:21.365+05:00,4.643240065
2021-11-03T21:44:21.868+05:00,13.37140899
2021-11-03T21:44:22.370+05:00,4.44926143
2021-11-03T21:44:22.872+05:00,2.022103038
2021-11-03T21:44:23.375+05:00,0.989358662
2021-11-03T21:44:23.877+05:00,1.681459677
2021-11-03T21:44:24.379+05:00,1.471386404
2021-11-03T21:44:24.880+05:00,15.13207542
2021-11-03T21:44:25.382+05:00,4.556413508
2021-11-03T21:44:25.884+05:00,4.026007007
2021-11-03T21:44:26.386+05:00,20.56380484
2021-11-03T21:44:26.888+05:00,10.55778268
2021-11-03T21:44:27.389+05:00,17.84122995
2021-11-03T21:44:27.890+05:00,27.41791299
2021-11-03T21:44:28.391+05:00,30.10552951
2021-11-03T21:44:28.892+05:00,39.66334196
2021-11-03T21:44:29.393+05:00,40.90484043
2021-11-03T21:44:29.898+05:00,40.96328408
2021-11-03T21:44:30.399+05:00,36.57866619
2021-11-03T21:44:30.901+05:00,37.35992318
2021-11-03T21:44:31.402+05:00,32.32273175
2021-11-03T21:44:31.903+05:00,25.16273629
2021-11-03T21:44:32.404+05:00,32.1437938
2021-11-03T21:44:32.905+05:00,28.37495662
2021-11-03T21:44:33.407+05:00,22.54199617
2021-11-03T21:44:33.908+05:00,10.98497795
2021-11-03T21:44:34.409+05:00,6.132313906
2021-11-03T21:44:34.911+05:00,6.313021759
2021-11-03T21:44:35.413+05:00,3.304949938
2021-11-03T21:44:35.915+05:00,2.319372112
2021-11-03T21:44:36.417+05:00,4.138212372
2021-11-03T21:44:36.920+05:00,2.965572088
2021-11-03T21:44:37.421+05:00,5.643419937
2021-11-03T21:44:37.924+05:00,5.269815426
2021-11-03T21:44:38.425+05:00,5.492785172
2021-11-03T21:44:38.926+05:00,2.631527611
2021-11-03T21:44:39.427+05:00,5.583143007
2021-11-03T21:44:39.929+05:00,2.704907018
2021-11-03T21:44:40.431+05:00,7.254528759
2021-11-03T21:44:40.932+05:00,5.233521736
2021-11-03T21:44:41.434+05:00,5.69281439
2021-11-03T21:44:41.935+05:00,3.87148773
2021-11-03T21:44:42.437+05:00,1.965843022
2021-11-03T21:44:42.940+05:00,3.258079535
2021-11-03T21:44:43.442+05:00,2.189553429
2021-11-03T21:44:43.944+05:00,0.410003372
2021-11-03T21:44:44.445+05:00,4.028533184
2021-11-03T21:44:44.947+05:00,24.89305825
2021-11-03T21:44:45.450+05:00,5.618361908
2021-11-03T21:44:45.953+05:00,2.545781682
2021-11-03T21:44:46.456+05:00,1.341658461
2021-11-03T21:44:46.957+05:00,1.946252631
2021-11-03T21:44:47.458+05:00,1.639554554
2021-11-03T21:44:47.960+05:00,14.66971051
2021-11-03T21:44:48.462+05:00,4.060465591
2021-11-03T21:44:48.964+05:00,3.505663694
2021-11-03T21:44:49.465+05:00,10.09385921
2021-11-03T21:44:49.966+05:00,13.66143204
2021-11-03T21:44:50.468+05:00,20.91269386
2021-11-03T21:44:50.973+05:00,26.90358533
2021-11-03T21:44:51.474+05:00,6.245806303
2021-11-03T21:44:51.976+05:00,14.70633031
2021-11-03T21:44:52.477+05:00,13.39644408
2021-11-03T21:44:52.978+05:00,17.2999403
2021-11-03T21:44:53.479+05:00,31.12881053
2021-11-03T21:44:53.981+05:00,22.55550855
2021-11-03T21:44:54.481+05:00,16.85710656
2021-11-03T21:44:54.982+05:00,12.89151653
2021-11-03T21:44:55.484+05:00,14.0234841
2021-11-03T21:44:55.985+05:00,13.55484984
2021-11-03T21:44:56.487+05:00,14.30679662
2021-11-03T21:44:56.989+05:00,13.23569426
2021-11-03T21:44:57.490+05:00,10.74513492
2021-11-03T21:44:57.992+05:00,4.009835028
2021-11-03T21:44:58.493+05:00,12.3577977
2021-11-03T21:44:58.994+05:00,10.51289367
2021-11-03T21:44:59.496+05:00,12.21647429
2021-11-03T21:44:59.998+05:00,12.0915075
2021-11-03T21:45:00.500+05:00,11.51291153
2021-11-03T21:45:01.001+05:00,16.68667815
2021-11-03T21:45:01.503+05:00,12.33325043
2021-11-03T21:45:02.004+05:00,13.17812265
2021-11-03T21:45:02.505+05:00,12.00165214
2021-11-03T21:45:03.007+05:00,12.02118189
2021-11-03T21:45:03.509+05:00,12.47673738
2021-11-03T21:45:04.011+05:00,12.24595259
2021-11-03T21:45:04.513+05:00,8.305198012
2021-11-03T21:45:05.015+05:00,6.573976017
2021-11-03T21:45:05.515+05:00,11.68528788
2021-11-03T21:45:06.016+05:00,11.3779421
2021-11-03T21:45:06.518+05:00,11.32204679
2021-11-03T21:45:07.020+05:00,11.07268129
2021-11-03T21:45:07.522+05:00,12.14050767
2021-11-03T21:45:08.025+05:00,12.34753955
2021-11-03T21:45:08.527+05:00,3.291556864
2021-11-03T21:45:09.030+05:00,1.809957752
2021-11-03T21:45:09.532+05:00,0.873427364
2021-11-03T21:45:10.034+05:00,2.448955468
2021-11-03T21:45:10.536+05:00,2.134214363
2021-11-03T21:45:11.037+05:00,14.09623964
2021-11-03T21:45:11.539+05:00,5.702941276
2021-11-03T21:45:12.047+05:00,3.610269579
2021-11-03T21:45:12.549+05:00,3.43084969
2021-11-03T21:45:13.051+05:00,4.016551064
2021-11-03T21:45:13.551+05:00,20.64022849
2021-11-03T21:45:14.052+05:00,19.21730292
2021-11-03T21:45:14.554+05:00,19.41149128
2021-11-03T21:45:15.055+05:00,19.20083837
2021-11-03T21:45:15.555+05:00,24.83022719
2021-11-03T21:45:16.056+05:00,18.93227284
2021-11-03T21:45:16.557+05:00,20.48218495
2021-11-03T21:45:17.058+05:00,18.38260502
2021-11-03T21:45:17.560+05:00,11.78611857
2021-11-03T21:45:18.062+05:00,10.44323261
2021-11-03T21:45:18.563+05:00,20.62159612
2021-11-03T21:45:19.064+05:00,13.06988279
2021-11-03T21:45:19.565+05:00,13.39649541
2021-11-03T21:45:20.066+05:00,7.986228135
2021-11-03T21:45:20.567+05:00,16.73042798
2021-11-03T21:45:21.068+05:00,27.09082391
2021-11-03T21:45:21.569+05:00,14.29843807
2021-11-03T21:45:22.070+05:00,25.34027742
2021-11-03T21:45:22.571+05:00,30.57596289
2021-11-03T21:45:23.072+05:00,32.27317457
2021-11-03T21:45:23.573+05:00,31.93826652
2021-11-03T21:45:24.074+05:00,39.39021257
2021-11-03T21:45:24.575+05:00,40.05069117
2021-11-03T21:45:25.076+05:00,35.31722981
2021-11-03T21:45:25.577+05:00,16.53321061
2021-11-03T21:45:26.078+05:00,23.73029963
2021-11-03T21:45:26.579+05:00,12.51848252
2021-11-03T21:45:27.080+05:00,16.91389596
2021-11-03T21:45:27.581+05:00,27.61507832
2021-11-03T21:45:28.082+05:00,15.94302437
2021-11-03T21:45:28.584+05:00,7.578461078
2021-11-03T21:45:29.085+05:00,10.43773403
2021-11-03T21:45:29.587+05:00,13.28966454
2021-11-03T21:45:30.088+05:00,7.88716909
2021-11-03T21:45:30.590+05:00,8.215935737
2021-11-03T21:45:31.091+05:00,27.14243759
2021-11-03T21:45:31.592+05:00,14.61658801
2021-11-03T21:45:32.094+05:00,2.877820029
2021-11-03T21:45:32.605+05:00,1.865378299
2021-11-03T21:45:33.107+05:00,3.264912846
2021-11-03T21:45:33.609+05:00,5.483934183
2021-11-03T21:45:34.110+05:00,15.27207272
2021-11-03T21:45:34.612+05:00,4.42648546
2021-11-03T21:45:35.114+05:00,4.692893553
2021-11-03T21:45:35.615+05:00,14.0387112
2021-11-03T21:45:36.116+05:00,20.55693723
2021-11-03T21:45:36.617+05:00,12.58197295
2021-11-03T21:45:37.119+05:00,24.64940366
2021-11-03T21:45:37.620+05:00,10.87623051
2021-11-03T21:45:38.122+05:00,14.8366012
2021-11-03T21:45:38.623+05:00,23.10673416
2021-11-03T21:45:39.124+05:00,30.77119189
2021-11-03T21:45:39.626+05:00,14.80432924
2021-11-03T21:45:40.128+05:00,6.049819419
2021-11-03T21:45:40.630+05:00,5.44572928
2021-11-03T21:45:41.131+05:00,4.533149942
2021-11-03T21:45:41.633+05:00,4.354151978
2021-11-03T21:45:42.135+05:00,2.517923898
2021-11-03T21:45:42.638+05:00,4.733014043
2021-11-03T21:45:43.139+05:00,3.073999151
2021-11-03T21:45:43.642+05:00,4.513231086
2021-11-03T21:45:44.144+05:00,3.229889066
2021-11-03T21:45:44.647+05:00,3.76632608
2021-11-03T21:45:45.149+05:00,2.222713237
2021-11-03T21:45:45.651+05:00,5.061910882
2021-11-03T21:45:46.153+05:00,4.958861679
2021-11-03T21:45:46.655+05:00,3.545475318
2021-11-03T21:45:47.157+05:00,5.678726769
2021-11-03T21:45:47.659+05:00,5.479201696
2021-11-03T21:45:48.161+05:00,3.021525586
2021-11-03T21:45:48.662+05:00,3.623130805
2021-11-03T21:45:49.164+05:00,3.426917127
2021-11-03T21:45:49.667+05:00,3.064268856
2021-11-03T21:45:50.169+05:00,3.506956522
2021-11-03T21:45:50.671+05:00,2.24745824
2021-11-03T21:45:51.173+05:00,1.984157255
2021-11-03T21:45:51.674+05:00,3.256221303
2021-11-03T21:45:52.176+05:00,5.796001624
2021-11-03T21:45:52.678+05:00,6.961608651
2021-11-03T21:45:53.180+05:00,2.220322662
2021-11-03T21:45:53.685+05:00,3.320194352
2021-11-03T21:45:54.187+05:00,10.84283308
2021-11-03T21:45:54.690+05:00,4.076450071
2021-11-03T21:45:55.193+05:00,2.333370918
2021-11-03T21:45:55.695+05:00,1.335081732
2021-11-03T21:45:56.198+05:00,1.47958356
2021-11-03T21:45:56.700+05:00,1.260369414
2021-11-03T21:45:57.201+05:00,15.17875961
2021-11-03T21:45:57.703+05:00,4.428152235
2021-11-03T21:45:58.205+05:00,4.117849161
2021-11-03T21:45:58.706+05:00,20.5686031
2021-11-03T21:45:59.207+05:00,27.90972462
2021-11-03T21:45:59.708+05:00,32.3262347
2021-11-03T21:46:00.209+05:00,17.44201472
2021-11-03T21:46:00.710+05:00,14.19858365
2021-11-03T21:46:01.212+05:00,21.52877463
2021-11-03T21:46:01.713+05:00,14.24170613
2021-11-03T21:46:02.215+05:00,13.54202509
2021-11-03T21:46:02.716+05:00,8.082693403
2021-11-03T21:46:03.217+05:00,5.130092579
2021-11-03T21:46:03.718+05:00,4.135863352
2021-11-03T21:46:04.220+05:00,4.872230525
2021-11-03T21:46:04.722+05:00,6.478308086
2021-11-03T21:46:05.224+05:00,3.416572527
2021-11-03T21:46:05.727+05:00,2.300070203
2021-11-03T21:46:06.229+05:00,3.732616132
2021-11-03T21:46:06.732+05:00,4.300954887
2021-11-03T21:46:07.234+05:00,2.32271489
2021-11-03T21:46:07.737+05:00,7.882878922
2021-11-03T21:46:08.239+05:00,4.479266309
2021-11-03T21:46:08.741+05:00,5.11357144
2021-11-03T21:46:09.242+05:00,5.904440458
2021-11-03T21:46:09.744+05:00,2.361119914
2021-11-03T21:46:10.245+05:00,4.958979993
2021-11-03T21:46:10.746+05:00,5.34700069
2021-11-03T21:46:11.248+05:00,3.826940168
2021-11-03T21:46:11.749+05:00,2.060689982
2021-11-03T21:46:12.251+05:00,1.726511527
2021-11-03T21:46:12.754+05:00,0.922911008
2021-11-03T21:46:13.256+05:00,1.747967825
2021-11-03T21:46:13.759+05:00,2.237077127
2021-11-03T21:46:14.261+05:00,1.653555866
2021-11-03T21:46:14.763+05:00,2.259915842
2021-11-03T21:46:15.266+05:00,3.204053616
2021-11-03T21:46:15.769+05:00,7.588469428
2021-11-03T21:46:16.271+05:00,6.155679481
2021-11-03T21:46:16.774+05:00,1.83737359
2021-11-03T21:46:17.275+05:00,10.07630715
2021-11-03T21:46:17.776+05:00,4.510517489
2021-11-03T21:46:18.279+05:00,2.104256746
2021-11-03T21:46:18.781+05:00,1.308805274
2021-11-03T21:46:19.284+05:00,1.367381281
2021-11-03T21:46:19.787+05:00,2.134626625
2021-11-03T21:46:20.289+05:00,14.93801901
2021-11-03T21:46:20.792+05:00,4.431343208
2021-11-03T21:46:21.294+05:00,16.36492403
2021-11-03T21:46:21.795+05:00,24.28277281
2021-11-03T21:46:22.296+05:00,26.23263967
2021-11-03T21:46:22.799+05:00,13.22917383
2021-11-03T21:46:23.300+05:00,12.77646719
2021-11-03T21:46:23.800+05:00,11.24833249
2021-11-03T21:46:24.301+05:00,36.0562088
2021-11-03T21:46:24.802+05:00,34.87201049
2021-11-03T21:46:25.303+05:00,11.66405831
2021-11-03T21:46:25.805+05:00,5.693840773
2021-11-03T21:46:26.307+05:00,4.560762313
2021-11-03T21:46:26.810+05:00,4.073615522
2021-11-03T21:46:27.311+05:00,6.753907212
2021-11-03T21:46:27.813+05:00,5.07810549
2021-11-03T21:46:28.315+05:00,3.953888143
2021-11-03T21:46:28.816+05:00,6.174985143
2021-11-03T21:46:29.318+05:00,7.248929913
2021-11-03T21:46:29.820+05:00,4.852385539
2021-11-03T21:46:30.322+05:00,5.163498659
2021-11-03T21:46:30.824+05:00,3.971495074
2021-11-03T21:46:31.326+05:00,4.422940243
2021-11-03T21:46:31.827+05:00,4.475492236
2021-11-03T21:46:32.329+05:00,5.954350962
2021-11-03T21:46:32.831+05:00,6.499439665
2021-11-03T21:46:33.332+05:00,5.53490227
2021-11-03T21:46:33.842+05:00,6.476037861
2021-11-03T21:46:34.344+05:00,5.217778436
2021-11-03T21:46:34.846+05:00,4.328212327
2021-11-03T21:46:35.348+05:00,3.687197521
2021-11-03T21:46:35.850+05:00,4.146453321
2021-11-03T21:46:36.353+05:00,5.231713458
2021-11-03T21:46:36.855+05:00,2.790385081
2021-11-03T21:46:37.357+05:00,4.223181973
2021-11-03T21:46:37.859+05:00,4.031609809
2021-11-03T21:46:38.361+05:00,4.627090713
2021-11-03T21:46:38.864+05:00,2.796490621
2021-11-03T21:46:39.366+05:00,3.571836721
2021-11-03T21:46:39.868+05:00,3.591784099
2021-11-03T21:46:40.370+05:00,18.30785353
2021-11-03T21:46:40.872+05:00,4.348923513
2021-11-03T21:46:41.374+05:00,1.907723457
2021-11-03T21:46:41.877+05:00,1.075790357
2021-11-03T21:46:42.378+05:00,2.052910638
2021-11-03T21:46:42.880+05:00,1.832147664
2021-11-03T21:46:43.381+05:00,15.36068196
2021-11-03T21:46:43.883+05:00,3.970665591
2021-11-03T21:46:44.385+05:00,4.322429031
2021-11-03T21:46:44.887+05:00,3.999430191
2021-11-03T21:46:45.388+05:00,3.984860189
2021-11-03T21:46:45.889+05:00,12.86993814
2021-11-03T21:46:46.391+05:00,12.51601506
2021-11-03T21:46:46.893+05:00,5.056361958
2021-11-03T21:46:47.394+05:00,7.384972675
2021-11-03T21:46:47.895+05:00,5.64944537
2021-11-03T21:46:48.397+05:00,4.243773377
2021-11-03T21:46:48.898+05:00,6.090187469
2021-11-03T21:46:49.400+05:00,5.760879911
2021-11-03T21:46:49.901+05:00,13.96889499
2021-11-03T21:46:50.402+05:00,20.35835198
2021-11-03T21:46:50.903+05:00,13.92880478
2021-11-03T21:46:51.404+05:00,18.20670857
2021-11-03T21:46:51.906+05:00,17.09213678
2021-11-03T21:46:52.406+05:00,15.75918514
2021-11-03T21:46:52.908+05:00,30.40480843
2021-11-03T21:46:53.409+05:00,39.25202731
2021-11-03T21:46:53.910+05:00,34.22873919
2021-11-03T21:46:54.411+05:00,30.95994463
2021-11-03T21:46:54.916+05:00,22.39966321
2021-11-03T21:46:55.417+05:00,23.71583527
2021-11-03T21:46:55.919+05:00,20.25233702
2021-11-03T21:46:56.421+05:00,19.99793954
2021-11-03T21:46:56.922+05:00,6.028230225
2021-11-03T21:46:57.424+05:00,8.120356789
2021-11-03T21:46:57.926+05:00,5.095529709
2021-11-03T21:46:58.427+05:00,27.90970242
2021-11-03T21:46:58.928+05:00,38.38950502
2021-11-03T21:46:59.430+05:00,17.17882613
2021-11-03T21:46:59.932+05:00,8.294262586
2021-11-03T21:47:00.433+05:00,16.15497834
2021-11-03T21:47:00.934+05:00,12.13244061
2021-11-03T21:47:01.436+05:00,25.33713292
2021-11-03T21:47:01.938+05:00,8.613715456
2021-11-03T21:47:02.441+05:00,4.994317307
2021-11-03T21:47:02.942+05:00,4.622517765
2021-11-03T21:47:03.445+05:00,11.76226353
2021-11-03T21:47:03.948+05:00,5.973999068
2021-11-03T21:47:04.450+05:00,2.23116227
2021-11-03T21:47:04.952+05:00,2.063276175
2021-11-03T21:47:05.455+05:00,2.973069422
2021-11-03T21:47:05.956+05:00,3.49288263
2021-11-03T21:47:06.458+05:00,14.93488094
2021-11-03T21:47:06.961+05:00,10.73715854
2021-11-03T21:47:07.463+05:00,4.498582858
2021-11-03T21:47:07.965+05:00,7.210561468
2021-11-03T21:47:08.466+05:00,3.009762862
2021-11-03T21:47:08.968+05:00,1.625725753
2021-11-03T21:47:09.471+05:00,0.321889028
2021-11-03T21:47:09.974+05:00,1.011680576
2021-11-03T21:47:10.476+05:00,1.824121049
2021-11-03T21:47:10.979+05:00,2.222746137
2021-11-03T21:47:11.481+05:00,0.758530611
2021-11-03T21:47:11.982+05:00,0.555660312
2021-11-03T21:47:12.484+05:00,0.477223337
2021-11-03T21:47:12.986+05:00,6.387232513
2021-11-03T21:47:13.488+05:00,5.064727632
2021-11-03T21:47:13.988+05:00,2.351165245
2021-11-03T21:47:14.489+05:00,2.386275254
2021-11-03T21:47:14.992+05:00,1.102349196
2021-11-03T21:47:15.494+05:00,0.487556699
2021-11-03T21:47:16.007+05:00,2.230005282
2021-11-03T21:47:16.509+05:00,3.394436972
2021-11-03T21:47:17.011+05:00,2.166478247
2021-11-03T21:47:17.514+05:00,0.447777201
2021-11-03T21:47:18.016+05:00,0.380351305
2021-11-03T21:47:18.518+05:00,0.578630896
2021-11-03T21:47:19.020+05:00,0.451276901
2021-11-03T21:47:19.522+05:00,0.299170725
2021-11-03T21:47:20.024+05:00,1.039511941
2021-11-03T21:47:20.526+05:00,1.006452671
2021-11-03T21:47:21.028+05:00,1.971529597
2021-11-03T21:47:21.530+05:00,0.259405814
2021-11-03T21:47:22.032+05:00,2.155575508
2021-11-03T21:47:22.534+05:00,0.107785249
2021-11-03T21:47:23.036+05:00,2.111895124
2021-11-03T21:47:23.538+05:00,1.492886636
2021-11-03T21:47:24.040+05:00,0.626388179
2021-11-03T21:47:24.543+05:00,2.978517125
2021-11-03T21:47:25.043+05:00,0.146611035
2021-11-03T21:47:25.546+05:00,2.241036274
2021-11-03T21:47:26.047+05:00,1.720068167
2021-11-03T21:47:26.550+05:00,10.81170988
2021-11-03T21:47:27.053+05:00,0.814486071
2021-11-03T21:47:27.555+05:00,2.331891059
2021-11-03T21:47:28.057+05:00,0.917767094
2021-11-03T21:47:28.559+05:00,1.961201687
2021-11-03T21:47:29.062+05:00,3.034617841
2021-11-03T21:47:29.563+05:00,16.8856654
2021-11-03T21:47:30.064+05:00,8.60179467
2021-11-03T21:47:30.565+05:00,22.09856225
2021-11-03T21:47:31.066+05:00,21.28171409
2021-11-03T21:47:31.567+05:00,14.60717957
2021-11-03T21:47:32.068+05:00,9.240410487
2021-11-03T21:47:32.569+05:00,16.78044418
2021-11-03T21:47:33.069+05:00,18.32566349
2021-11-03T21:47:33.570+05:00,7.21909063
2021-11-03T21:47:34.071+05:00,10.29541372
2021-11-03T21:47:34.573+05:00,16.69768331
2021-11-03T21:47:35.074+05:00,13.00224129
2021-11-03T21:47:35.583+05:00,12.28011991
2021-11-03T21:47:36.084+05:00,13.79176348
2021-11-03T21:47:36.585+05:00,14.92304389
2021-11-03T21:47:37.086+05:00,11.8922788
2021-11-03T21:47:37.587+05:00,19.13736523
2021-11-03T21:47:38.088+05:00,15.2269547
2021-11-03T21:47:38.589+05:00,16.73211741
2021-11-03T21:47:39.090+05:00,16.35457679
2021-11-03T21:47:39.590+05:00,22.82961342
2021-11-03T21:47:40.091+05:00,19.42863988
2021-11-03T21:47:40.593+05:00,19.34202474
2021-11-03T21:47:41.094+05:00,17.38181062
2021-11-03T21:47:41.596+05:00,11.82366739
2021-11-03T21:47:42.098+05:00,10.3911853
2021-11-03T21:47:42.600+05:00,8.807174094
2021-11-03T21:47:43.101+05:00,8.993126201
2021-11-03T21:47:43.602+05:00,9.741505517
2021-11-03T21:47:44.104+05:00,8.917733153
2021-11-03T21:47:44.605+05:00,10.08236644
2021-11-03T21:47:45.106+05:00,10.57790145
2021-11-03T21:47:45.608+05:00,9.856672421
2021-11-03T21:47:46.109+05:00,9.161299548
2021-11-03T21:47:46.610+05:00,17.13266806
2021-11-03T21:47:47.112+05:00,13.1302976
2021-11-03T21:47:47.613+05:00,15.03961746
2021-11-03T21:47:48.114+05:00,28.48957916
2021-11-03T21:47:48.615+05:00,20.0481069
2021-11-03T21:47:49.116+05:00,14.55840374
2021-11-03T21:47:49.619+05:00,13.18371054
2021-11-03T21:47:50.121+05:00,6.422234393
2021-11-03T21:47:50.622+05:00,7.712099207
2021-11-03T21:47:51.124+05:00,4.593823976
2021-11-03T21:47:51.627+05:00,1.144079643
2021-11-03T21:47:52.130+05:00,1.96234764
2021-11-03T21:47:52.632+05:00,17.15722272
2021-11-03T21:47:53.133+05:00,15.91057299
2021-11-03T21:47:53.634+05:00,18.27826205
2021-11-03T21:47:54.135+05:00,18.22189164
2021-11-03T21:47:54.637+05:00,10.07035716
2021-11-03T21:47:55.139+05:00,2.819366715
2021-11-03T21:47:55.642+05:00,2.486418331
2021-11-03T21:47:56.145+05:00,3.374381408
2021-11-03T21:47:56.653+05:00,1.587589127
2021-11-03T21:47:57.156+05:00,3.180983884
2021-11-03T21:47:57.658+05:00,2.876678411
2021-11-03T21:47:58.161+05:00,1.872776375
2021-11-03T21:47:58.662+05:00,2.479634898
2021-11-03T21:47:59.165+05:00,2.301832573
2021-11-03T21:47:59.667+05:00,4.176158105
2021-11-03T21:48:00.168+05:00,4.488322233
2021-11-03T21:48:00.670+05:00,2.34970628
2021-11-03T21:48:01.171+05:00,6.28756278
2021-11-03T21:48:01.673+05:00,2.167623145
2021-11-03T21:48:02.175+05:00,2.469432332
2021-11-03T21:48:02.676+05:00,2.256321566
2021-11-03T21:48:03.177+05:00,3.225582578
2021-11-03T21:48:03.679+05:00,2.359601387
2021-11-03T21:48:04.181+05:00,2.158190682
2021-11-03T21:48:04.683+05:00,0.496349338
2021-11-03T21:48:05.185+05:00,4.17366783
2021-11-03T21:48:05.688+05:00,2.618662442
2021-11-03T21:48:06.190+05:00,2.26951934
2021-11-03T21:48:06.692+05:00,3.226942426
2021-11-03T21:48:07.194+05:00,2.404814841
2021-11-03T21:48:07.696+05:00,1.023813626
2021-11-03T21:48:08.198+05:00,2.276658383
2021-11-03T21:48:08.699+05:00,2.313565235
2021-11-03T21:48:09.201+05:00,3.205989275
2021-11-03T21:48:09.703+05:00,3.361809292
2021-11-03T21:48:10.205+05:00,2.18766351
2021-11-03T21:48:10.707+05:00,1.092383048
2021-11-03T21:48:11.209+05:00,1.970642288
2021-11-03T21:48:11.711+05:00,1.227620086
2021-11-03T21:48:12.213+05:00,1.74469289
2021-11-03T21:48:12.715+05:00,14.31247307
2021-11-03T21:48:13.217+05:00,2.161906268
2021-11-03T21:48:13.719+05:00,2.492253692
2021-11-03T21:48:14.220+05:00,2.705287473
2021-11-03T21:48:14.722+05:00,2.704928689
2021-11-03T21:48:15.224+05:00,1.062680757
2021-11-03T21:48:15.725+05:00,16.71102038
2021-11-03T21:48:16.227+05:00,4.968980608
2021-11-03T21:48:16.729+05:00,4.706502229
2021-11-03T21:48:17.231+05:00,20.0018645
2021-11-03T21:48:17.738+05:00,8.723489508
2021-11-03T21:48:18.240+05:00,11.10506095
2021-11-03T21:48:18.742+05:00,6.487744631
2021-11-03T21:48:19.243+05:00,9.743868568
2021-11-03T21:48:19.744+05:00,17.71404519
2021-11-03T21:48:20.245+05:00,18.19942175
2021-11-03T21:48:20.745+05:00,24.66826797
2021-11-03T21:48:21.247+05:00,23.81232862
2021-11-03T21:48:21.749+05:00,15.41096594
2021-11-03T21:48:22.251+05:00,4.906844944
2021-11-03T21:48:22.752+05:00,7.033893578
2021-11-03T21:48:23.254+05:00,6.990969172
2021-11-03T21:48:23.754+05:00,6.004564258
2021-11-03T21:48:24.256+05:00,12.31772657
2021-11-03T21:48:24.758+05:00,5.817806062
2021-11-03T21:48:25.261+05:00,1.64489717
2021-11-03T21:48:25.764+05:00,3.305275784
2021-11-03T21:48:26.266+05:00,1.571231163
2021-11-03T21:48:26.768+05:00,1.543539812
2021-11-03T21:48:27.270+05:00,0.620071222
2021-11-03T21:48:27.772+05:00,3.1830293
2021-11-03T21:48:28.274+05:00,0.754069785
2021-11-03T21:48:28.777+05:00,1.507359254
2021-11-03T21:48:29.279+05:00,5.538586687
2021-11-03T21:48:29.782+05:00,5.863261602
2021-11-03T21:48:30.285+05:00,2.457538431
2021-11-03T21:48:30.787+05:00,0.797487546
2021-11-03T21:48:31.289+05:00,0.840847001
2021-11-03T21:48:31.792+05:00,1.242879167
2021-11-03T21:48:32.295+05:00,0.704948441
2021-11-03T21:48:32.796+05:00,2.26747194
2021-11-03T21:48:33.298+05:00,0.681301044
2021-11-03T21:48:33.801+05:00,3.500811695
2021-11-03T21:48:34.304+05:00,1.57791335
2021-11-03T21:48:34.807+05:00,0.783151553
2021-11-03T21:48:35.308+05:00,3.158959723
2021-11-03T21:48:35.810+05:00,11.44807001
2021-11-03T21:48:36.311+05:00,4.873170324
2021-11-03T21:48:36.813+05:00,2.673558095
2021-11-03T21:48:37.315+05:00,1.314703649
2021-11-03T21:48:37.819+05:00,1.080448643
2021-11-03T21:48:38.321+05:00,2.016201864
2021-11-03T21:48:38.821+05:00,16.33013246
2021-11-03T21:48:39.323+05:00,4.253917435
2021-11-03T21:48:39.824+05:00,21.85842675
2021-11-03T21:48:40.325+05:00,12.25422465
2021-11-03T21:48:40.826+05:00,18.16509123
2021-11-03T21:48:41.328+05:00,13.38826328
2021-11-03T21:48:41.830+05:00,9.986988494
2021-11-03T21:48:42.332+05:00,2.636680708
2021-11-03T21:48:42.835+05:00,2.752398637
2021-11-03T21:48:43.337+05:00,2.070631543
2021-11-03T21:48:43.839+05:00,3.636841697
2021-11-03T21:48:44.341+05:00,3.152005355
2021-11-03T21:48:44.844+05:00,1.747419399
2021-11-03T21:48:45.344+05:00,5.941620014
2021-11-03T21:48:45.845+05:00,7.064057141
2021-11-03T21:48:46.347+05:00,10.18331645
2021-11-03T21:48:46.848+05:00,9.536478312
2021-11-03T21:48:47.350+05:00,7.851541899
2021-11-03T21:48:47.851+05:00,6.990254254
2021-11-03T21:48:48.352+05:00,6.66907511
2021-11-03T21:48:48.853+05:00,7.995163641
2021-11-03T21:48:49.355+05:00,8.359328932
2021-11-03T21:48:49.856+05:00,8.044806195
2021-11-03T21:48:50.357+05:00,10.27948916
2021-11-03T21:48:50.858+05:00,8.544935719
2021-11-03T21:48:51.359+05:00,7.707023243
2021-11-03T21:48:51.861+05:00,8.558446115
2021-11-03T21:48:52.362+05:00,7.466456521
2021-11-03T21:48:52.863+05:00,7.705674675
2021-11-03T21:48:53.365+05:00,9.943515787
2021-11-03T21:48:53.867+05:00,8.411574655
2021-11-03T21:48:54.369+05:00,6.93243189
2021-11-03T21:48:54.870+05:00,7.929009664
2021-11-03T21:48:55.371+05:00,7.931028283
2021-11-03T21:48:55.873+05:00,10.04876809
2021-11-03T21:48:56.374+05:00,10.41281111
2021-11-03T21:48:56.876+05:00,7.962589574
2021-11-03T21:48:57.377+05:00,7.780941689
2021-11-03T21:48:57.878+05:00,8.799527624
2021-11-03T21:48:58.379+05:00,8.039058829
2021-11-03T21:48:58.890+05:00,18.95766255
2021-11-03T21:48:59.392+05:00,1.699982803
2021-11-03T21:48:59.894+05:00,2.166713459
2021-11-03T21:49:00.395+05:00,1.532426208
2021-11-03T21:49:00.896+05:00,5.901343322
2021-11-03T21:49:01.397+05:00,2.500228951
2021-11-03T21:49:01.898+05:00,16.55356359
2021-11-03T21:49:02.399+05:00,12.83382358
2021-11-03T21:49:02.900+05:00,16.70191834
2021-11-03T21:49:03.401+05:00,25.41987414
2021-11-03T21:49:03.902+05:00,32.99344747
2021-11-03T21:49:04.403+05:00,17.52523091
2021-11-03T21:49:04.904+05:00,25.0149597
2021-11-03T21:49:05.405+05:00,11.8556041
2021-11-03T21:49:05.906+05:00,11.72522418
2021-11-03T21:49:06.407+05:00,24.37551445
2021-11-03T21:49:06.909+05:00,26.40040019
2021-11-03T21:49:07.411+05:00,19.62466267
2021-11-03T21:49:07.913+05:00,31.48151643
2021-11-03T21:49:08.415+05:00,41.14612772
2021-11-03T21:49:08.917+05:00,40.43062911
2021-11-03T21:49:09.419+05:00,41.91346215
2021-11-03T21:49:09.921+05:00,37.00100975
2021-11-03T21:49:10.422+05:00,25.50084086
2021-11-03T21:49:10.923+05:00,28.1914797
2021-11-03T21:49:11.425+05:00,13.05392821
2021-11-03T21:49:11.926+05:00,15.45990106
2021-11-03T21:49:12.427+05:00,17.87977186
2021-11-03T21:49:12.928+05:00,16.165728
2021-11-03T21:49:13.430+05:00,11.41313383
2021-11-03T21:49:13.931+05:00,15.6504649
2021-11-03T21:49:14.432+05:00,11.20597158
2021-11-03T21:49:14.933+05:00,12.98284158
2021-11-03T21:49:15.435+05:00,12.98281786
2021-11-03T21:49:15.936+05:00,12.77525301
2021-11-03T21:49:16.438+05:00,11.16020146
2021-11-03T21:49:16.939+05:00,13.05608194
2021-11-03T21:49:17.440+05:00,15.04444227
2021-11-03T21:49:17.942+05:00,15.08048849
2021-11-03T21:49:18.443+05:00,14.84682082
2021-11-03T21:49:18.945+05:00,18.02959331
2021-11-03T21:49:19.446+05:00,19.74376052
2021-11-03T21:49:19.952+05:00,14.12644705
2021-11-03T21:49:20.454+05:00,16.95741576
2021-11-03T21:49:20.956+05:00,11.99770358
2021-11-03T21:49:21.458+05:00,13.63539691
2021-11-03T21:49:21.960+05:00,22.17608849
2021-11-03T21:49:22.463+05:00,5.93234724
2021-11-03T21:49:22.966+05:00,2.731520522
2021-11-03T21:49:23.469+05:00,1.546540555
2021-11-03T21:49:23.971+05:00,2.708691383
2021-11-03T21:49:24.473+05:00,1.809167733
2021-11-03T21:49:24.974+05:00,16.23288154
2021-11-03T21:49:25.476+05:00,13.8107981
2021-11-03T21:49:25.978+05:00,20.64377105
2021-11-03T21:49:26.480+05:00,3.60414332
2021-11-03T21:49:26.982+05:00,2.107267594
2021-11-03T21:49:27.485+05:00,1.051692578
2021-11-03T21:49:27.988+05:00,2.180946581
2021-11-03T21:49:28.491+05:00,0.773781923
2021-11-03T21:49:28.994+05:00,0.973091802
2021-11-03T21:49:29.496+05:00,1.183452559
2021-11-03T21:49:29.999+05:00,1.752929006
2021-11-03T21:49:30.501+05:00,1.090693269
2021-11-03T21:49:31.004+05:00,1.405557784
2021-11-03T21:49:31.506+05:00,0.460544195
2021-11-03T21:49:32.008+05:00,3.717602919
2021-11-03T21:49:32.509+05:00,4.51924253
2021-11-03T21:49:33.010+05:00,5.621389641
2021-11-03T21:49:33.511+05:00,0.919136037
2021-11-03T21:49:34.013+05:00,0.849588038
2021-11-03T21:49:34.516+05:00,0.568503733
2021-11-03T21:49:35.019+05:00,2.207327076
2021-11-03T21:49:35.521+05:00,0.427771365
2021-11-03T21:49:36.022+05:00,3.604646569
2021-11-03T21:49:36.525+05:00,1.622467766
2021-11-03T21:49:37.027+05:00,0.214107728
2021-11-03T21:49:37.529+05:00,0.407374264
2021-11-03T21:49:38.030+05:00,2.383888127
2021-11-03T21:49:38.532+05:00,1.793914136
2021-11-03T21:49:39.035+05:00,1.157356839
2021-11-03T21:49:39.536+05:00,0.575683435
2021-11-03T21:49:40.040+05:00,0.609110812
2021-11-03T21:49:40.541+05:00,0.475745418
2021-11-03T21:49:41.044+05:00,3.020654479
2021-11-03T21:49:41.546+05:00,0.666151327
2021-11-03T21:49:42.049+05:00,4.079957964
2021-11-03T21:49:42.551+05:00,5.037053754
2021-11-03T21:49:43.054+05:00,2.827503918
2021-11-03T21:49:43.556+05:00,0.933113549
2021-11-03T21:49:44.058+05:00,0.181281734
2021-11-03T21:49:44.559+05:00,7.210844229
2021-11-03T21:49:45.061+05:00,8.028839445
2021-11-03T21:49:45.564+05:00,1.415541045
2021-11-03T21:49:46.066+05:00,3.111670558
2021-11-03T21:49:46.569+05:00,1.001766854
2021-11-03T21:49:47.070+05:00,2.384980922
2021-11-03T21:49:47.571+05:00,3.429008987
2021-11-03T21:49:48.074+05:00,15.49655389
2021-11-03T21:49:48.575+05:00,7.275512664
2021-11-03T21:49:49.077+05:00,4.134780825
2021-11-03T21:49:49.578+05:00,4.037653198
2021-11-03T21:49:50.079+05:00,4.075438905
2021-11-03T21:49:50.581+05:00,16.02733018
2021-11-03T21:49:51.082+05:00,18.76966431
2021-11-03T21:49:51.582+05:00,24.3276134
2021-11-03T21:49:52.083+05:00,25.48102266
2021-11-03T21:49:52.584+05:00,19.7740573
2021-11-03T21:49:53.085+05:00,16.24689682
2021-11-03T21:49:53.587+05:00,24.15397087
2021-11-03T21:49:54.088+05:00,23.74770732
2021-11-03T21:49:54.590+05:00,13.83040342
2021-11-03T21:49:55.091+05:00,21.62714797
2021-11-03T21:49:55.593+05:00,4.408674615
2021-11-03T21:49:56.095+05:00,4.600358032
2021-11-03T21:49:56.598+05:00,5.110105595
2021-11-03T21:49:57.100+05:00,12.31042294
2021-11-03T21:49:57.602+05:00,4.937713781
2021-11-03T21:49:58.104+05:00,4.037029838
2021-11-03T21:49:58.606+05:00,3.520962384
2021-11-03T21:49:59.108+05:00,3.156226412
2021-11-03T21:49:59.611+05:00,2.41048942
2021-11-03T21:50:00.113+05:00,3.609240854
2021-11-03T21:50:00.616+05:00,4.279103131
2021-11-03T21:50:01.125+05:00,6.716253246
2021-11-03T21:50:01.627+05:00,3.441207573
2021-11-03T21:50:02.129+05:00,3.266044376
2021-11-03T21:50:02.631+05:00,2.561565029
2021-11-03T21:50:03.133+05:00,5.456817843
2021-11-03T21:50:03.635+05:00,4.867656353
2021-11-03T21:50:04.138+05:00,3.585286752
2021-11-03T21:50:04.640+05:00,3.649784837
2021-11-03T21:50:05.142+05:00,4.677371955
2021-11-03T21:50:05.643+05:00,3.182621882
2021-11-03T21:50:06.145+05:00,4.436528837
2021-11-03T21:50:06.647+05:00,3.011030382
2021-11-03T21:50:07.150+05:00,3.715374801
2021-11-03T21:50:07.651+05:00,8.996246966
2021-11-03T21:50:08.153+05:00,6.03111459
2021-11-03T21:50:08.655+05:00,1.582105268
2021-11-03T21:50:09.158+05:00,2.128980917
2021-11-03T21:50:09.659+05:00,1.943556014
2021-11-03T21:50:10.160+05:00,3.886688586
2021-11-03T21:50:10.661+05:00,4.469135177
2021-11-03T21:50:11.164+05:00,16.35532217
2021-11-03T21:50:11.665+05:00,3.678757968
2021-11-03T21:50:12.167+05:00,4.14686645
2021-11-03T21:50:12.669+05:00,4.188669665
2021-11-03T21:50:13.170+05:00,3.884403551
2021-11-03T21:50:13.672+05:00,12.42636482
2021-11-03T21:50:14.173+05:00,10.11376194
2021-11-03T21:50:14.675+05:00,4.896740294
2021-11-03T21:50:15.178+05:00,16.88591345
2021-11-03T21:50:15.679+05:00,9.16854116
2021-11-03T21:50:16.182+05:00,16.35104075
2021-11-03T21:50:16.684+05:00,12.29214079
2021-11-03T21:50:17.187+05:00,5.699585029
2021-11-03T21:50:17.687+05:00,3.853598924
2021-11-03T21:50:18.190+05:00,3.242345921
2021-11-03T21:50:18.693+05:00,1.565184992
2021-11-03T21:50:19.195+05:00,1.187930823
2021-11-03T21:50:19.697+05:00,4.918817685
2021-11-03T21:50:20.199+05:00,4.370345211
2021-11-03T21:50:20.701+05:00,4.653053519
2021-11-03T21:50:21.202+05:00,4.597081354
2021-11-03T21:50:21.704+05:00,2.011911706
2021-11-03T21:50:22.215+05:00,0.803225712
2021-11-03T21:50:22.717+05:00,1.04425999
2021-11-03T21:50:23.220+05:00,1.31480969
2021-11-03T21:50:23.723+05:00,1.74739019
2021-11-03T21:50:24.226+05:00,0.697271883
2021-11-03T21:50:24.728+05:00,5.896904868
2021-11-03T21:50:25.229+05:00,5.276893845
2021-11-03T21:50:25.731+05:00,7.155086089
2021-11-03T21:50:26.232+05:00,6.780720536
2021-11-03T21:50:26.734+05:00,2.282998658
2021-11-03T21:50:27.237+05:00,1.361421206
2021-11-03T21:50:27.739+05:00,0.236432392
2021-11-03T21:50:28.241+05:00,0.234138241
2021-11-03T21:50:28.744+05:00,0.945548353
2021-11-03T21:50:29.247+05:00,0.150122135
2021-11-03T21:50:29.749+05:00,6.01839925
2021-11-03T21:50:30.251+05:00,4.401667909
2021-11-03T21:50:30.753+05:00,9.367519835
2021-11-03T21:50:31.255+05:00,4.241139509
2021-11-03T21:50:31.756+05:00,1.887744591
2021-11-03T21:50:32.258+05:00,3.14411166
2021-11-03T21:50:32.761+05:00,1.938722439
2021-11-03T21:50:33.262+05:00,2.700180495
2021-11-03T21:50:33.763+05:00,6.008956938
2021-11-03T21:50:34.264+05:00,15.3930044
2021-11-03T21:50:34.766+05:00,18.13074716
2021-11-03T21:50:35.267+05:00,14.61515618
2021-11-03T21:50:35.768+05:00,4.287975509
2021-11-03T21:50:36.271+05:00,6.339567314
2021-11-03T21:50:36.773+05:00,1.317317562
2021-11-03T21:50:37.276+05:00,1.441411473
2021-11-03T21:50:37.779+05:00,3.315006684
2021-11-03T21:50:38.281+05:00,1.94201746
2021-11-03T21:50:38.784+05:00,0.910598239
2021-11-03T21:50:39.286+05:00,1.163181749
2021-11-03T21:50:39.789+05:00,1.560882941
2021-11-03T21:50:40.292+05:00,1.636252174
2021-11-03T21:50:40.793+05:00,1.123707535
2021-11-03T21:50:41.295+05:00,1.23347549
2021-11-03T21:50:41.798+05:00,0.965470085
2021-11-03T21:50:42.310+05:00,0.613343262
2021-11-03T21:50:42.813+05:00,0.698484471
2021-11-03T21:50:43.315+05:00,1.056993847
2021-11-03T21:50:43.817+05:00,0.47393209
2021-11-03T21:50:44.318+05:00,6.675392701
2021-11-03T21:50:44.820+05:00,3.929062921
2021-11-03T21:50:45.323+05:00,1.056306206
2021-11-03T21:50:45.825+05:00,0.679367101
2021-11-03T21:50:46.328+05:00,0.603101416
2021-11-03T21:50:46.831+05:00,0.132930556
2021-11-03T21:50:47.333+05:00,0.758614182
2021-11-03T21:50:47.836+05:00,0
2021-11-03T21:50:48.338+05:00,0.86761481
2021-11-03T21:50:48.841+05:00,0.904083983
2021-11-03T21:50:49.343+05:00,1.124775827
2021-11-03T21:50:49.844+05:00,0.162403104
2021-11-03T21:50:50.346+05:00,4.329265344
2021-11-03T21:50:50.849+05:00,0.024599801
2021-11-03T21:50:51.352+05:00,0.337921477
2021-11-03T21:50:51.854+05:00,0.389584187
2021-11-03T21:50:52.356+05:00,3.062485489
2021-11-03T21:50:52.859+05:00,0.053103865
2021-11-03T21:50:53.361+05:00,0.514007644
2021-11-03T21:50:53.864+05:00,10.24016222
2021-11-03T21:50:54.366+05:00,4.664930737
2021-11-03T21:50:54.869+05:00,1.626362115
2021-11-03T21:50:55.371+05:00,2.329298509
2021-11-03T21:50:55.874+05:00,2.121309626
2021-11-03T21:50:56.375+05:00,1.69044854
2021-11-03T21:50:56.876+05:00,7.261164222
2021-11-03T21:50:57.377+05:00,14.17209802
2021-11-03T21:50:57.878+05:00,7.715062478
2021-11-03T21:50:58.380+05:00,19.28831308
2021-11-03T21:50:58.881+05:00,8.016322701
2021-11-03T21:50:59.382+05:00,12.9744321
2021-11-03T21:50:59.883+05:00,19.69667472
2021-11-03T21:51:00.384+05:00,16.72045034
2021-11-03T21:51:00.886+05:00,23.00556507
2021-11-03T21:51:01.388+05:00,6.687911351
2021-11-03T21:51:01.890+05:00,19.23579569
2021-11-03T21:51:02.392+05:00,5.543504263
2021-11-03T21:51:02.893+05:00,9.740421707
2021-11-03T21:51:03.397+05:00,5.689998129
2021-11-03T21:51:03.898+05:00,3.83452497
2021-11-03T21:51:04.401+05:00,4.151041332
2021-11-03T21:51:04.902+05:00,4.745144785
2021-11-03T21:51:05.404+05:00,1.900586556
2021-11-03T21:51:05.907+05:00,1.764641957
2021-11-03T21:51:06.408+05:00,4.92452267
2021-11-03T21:51:06.911+05:00,3.38764066
2021-11-03T21:51:07.413+05:00,2.370551294
2021-11-03T21:51:07.916+05:00,2.193179704
2021-11-03T21:51:08.419+05:00,1.494020704
2021-11-03T21:51:08.922+05:00,0.614102487
2021-11-03T21:51:09.425+05:00,0.808490096
2021-11-03T21:51:09.927+05:00,4.354275451
2021-11-03T21:51:10.429+05:00,5.170457371
2021-11-03T21:51:10.931+05:00,2.187594835
2021-11-03T21:51:11.434+05:00,0.455834899
2021-11-03T21:51:11.937+05:00,0.974230305
2021-11-03T21:51:12.440+05:00,0.634375661
2021-11-03T21:51:12.943+05:00,0.242314006
2021-11-03T21:51:13.446+05:00,1.049574374
2021-11-03T21:51:13.948+05:00,1.126630804
2021-11-03T21:51:14.451+05:00,0.627849892
2021-11-03T21:51:14.954+05:00,0.898733726
2021-11-03T21:51:15.457+05:00,2.938049954
2021-11-03T21:51:15.960+05:00,2.657848852
2021-11-03T21:51:16.463+05:00,1.103491605
2021-11-03T21:51:16.964+05:00,14.17874914
2021-11-03T21:51:17.467+05:00,4.581563382
2021-11-03T21:51:17.969+05:00,2.740749927
2021-11-03T21:51:18.472+05:00,1.650014446
2021-11-03T21:51:18.973+05:00,16.49351185
2021-11-03T21:51:19.475+05:00,3.134779806
2021-11-03T21:51:19.977+05:00,7.30763967
2021-11-03T21:51:20.478+05:00,14.22687329
2021-11-03T21:51:20.980+05:00,4.469360697
2021-11-03T21:51:21.482+05:00,3.941007011
2021-11-03T21:51:21.984+05:00,4.249557286
2021-11-03T21:51:22.486+05:00,3.945094181
2021-11-03T21:51:22.989+05:00,3.995691801
2021-11-03T21:51:23.490+05:00,6.138357624
2021-11-03T21:51:23.991+05:00,20.28180221
2021-11-03T21:51:24.500+05:00,6.273077942
2021-11-03T21:51:25.001+05:00,13.49274801
2021-11-03T21:51:25.502+05:00,26.60379061
2021-11-03T21:51:26.003+05:00,25.42655398
2021-11-03T21:51:26.505+05:00,21.43319164
2021-11-03T21:51:27.006+05:00,8.016366016
2021-11-03T21:51:27.507+05:00,14.51368533
2021-11-03T21:51:28.008+05:00,5.687413785
2021-11-03T21:51:28.509+05:00,7.319921193
2021-11-03T21:51:29.010+05:00,13.85662416
2021-11-03T21:51:29.512+05:00,9.330333369
2021-11-03T21:51:30.013+05:00,7.018793593
2021-11-03T21:51:30.514+05:00,5.586149187
2021-11-03T21:51:31.016+05:00,8.399225317
2021-11-03T21:51:31.517+05:00,25.53492274
2021-11-03T21:51:32.019+05:00,6.331277633
2021-11-03T21:51:32.520+05:00,17.76686524
2021-11-03T21:51:33.022+05:00,11.26241602
2021-11-03T21:51:33.524+05:00,4.99041344
2021-11-03T21:51:34.026+05:00,5.159463207
2021-11-03T21:51:34.528+05:00,5.992476708
2021-11-03T21:51:35.031+05:00,4.763777109
2021-11-03T21:51:35.533+05:00,5.210814718
2021-11-03T21:51:36.034+05:00,5.290835741
2021-11-03T21:51:36.536+05:00,6.30747006
2021-11-03T21:51:37.038+05:00,4.923031882
2021-11-03T21:51:37.540+05:00,4.906446059
2021-11-03T21:51:38.042+05:00,4.670850665
2021-11-03T21:51:38.543+05:00,11.35367081
2021-11-03T21:51:39.045+05:00,6.040812147
2021-11-03T21:51:39.547+05:00,5.22193745
2021-11-03T21:51:40.048+05:00,11.65307434
2021-11-03T21:51:40.550+05:00,3.852298568
2021-11-03T21:51:41.053+05:00,2.321110239
2021-11-03T21:51:41.555+05:00,1.398934777
2021-11-03T21:51:42.058+05:00,0.963659287
2021-11-03T21:51:42.561+05:00,2.300475962
2021-11-03T21:51:43.062+05:00,8.603279061
2021-11-03T21:51:43.563+05:00,11.57753411
2021-11-03T21:51:44.065+05:00,3.85085814
2021-11-03T21:51:44.567+05:00,4.214236878
2021-11-03T21:51:45.077+05:00,3.590763111
2021-11-03T21:51:45.579+05:00,4.336797728
2021-11-03T21:51:46.081+05:00,4.414978208
2021-11-03T21:51:46.583+05:00,3.927691292
2021-11-03T21:51:47.085+05:00,12.9419162
2021-11-03T21:51:47.586+05:00,12.17452907
2021-11-03T21:51:48.088+05:00,19.8883637
2021-11-03T21:51:48.590+05:00,18.10496429
2021-11-03T21:51:49.091+05:00,23.92205166
2021-11-03T21:51:49.593+05:00,33.61381759
2021-11-03T21:51:50.094+05:00,10.03431216
2021-11-03T21:51:50.595+05:00,13.21910378
2021-11-03T21:51:51.096+05:00,12.8045071
2021-11-03T21:51:51.597+05:00,9.756454318
2021-11-03T21:51:52.098+05:00,25.86057214
2021-11-03T21:51:52.599+05:00,19.53216809
2021-11-03T21:51:53.100+05:00,29.24135336
2021-11-03T21:51:53.601+05:00,21.61967602
2021-11-03T21:51:54.102+05:00,19.59047776
2021-11-03T21:51:54.603+05:00,13.64684513
2021-11-03T21:51:55.104+05:00,7.777921137
2021-11-03T21:51:55.606+05:00,8.643827102
2021-11-03T21:51:56.107+05:00,8.361137781
2021-11-03T21:51:56.609+05:00,6.19536007
2021-11-03T21:51:57.111+05:00,6.352685241
2021-11-03T21:51:57.612+05:00,7.69533458
2021-11-03T21:51:58.113+05:00,6.207151911
2021-11-03T21:51:58.615+05:00,5.584840947
2021-11-03T21:51:59.117+05:00,5.881903344
2021-11-03T21:51:59.619+05:00,5.633664134
2021-11-03T21:52:00.120+05:00,4.999418967
2021-11-03T21:52:00.621+05:00,5.799734922
2021-11-03T21:52:01.122+05:00,10.78619685
2021-11-03T21:52:01.624+05:00,7.520590072
2021-11-03T21:52:02.126+05:00,6.979626369
2021-11-03T21:52:02.628+05:00,5.461412227
2021-11-03T21:52:03.130+05:00,18.14224791
2021-11-03T21:52:03.632+05:00,14.48301274
2021-11-03T21:52:04.134+05:00,2.530952193
2021-11-03T21:52:04.637+05:00,2.316558157
2021-11-03T21:52:05.140+05:00,3.681727596
2021-11-03T21:52:05.641+05:00,2.925610551
2021-11-03T21:52:06.145+05:00,8.702244184
2021-11-03T21:52:06.647+05:00,11.22846357
2021-11-03T21:52:07.149+05:00,3.768710342
2021-11-03T21:52:07.650+05:00,11.04615569
2021-11-03T21:52:08.152+05:00,14.97297858
2021-11-03T21:52:08.653+05:00,10.93003472
2021-11-03T21:52:09.155+05:00,21.92604857
2021-11-03T21:52:09.657+05:00,10.71638703
2021-11-03T21:52:10.157+05:00,8.086860389
2021-11-03T21:52:10.658+05:00,25.54247534
2021-11-03T21:52:11.159+05:00,27.95383784
2021-11-03T21:52:11.660+05:00,26.32209341
2021-11-03T21:52:12.162+05:00,4.415645898
2021-11-03T21:52:12.664+05:00,3.338510619
2021-11-03T21:52:13.165+05:00,3.494580125
2021-11-03T21:52:13.666+05:00,4.836740471
2021-11-03T21:52:14.167+05:00,3.538216876
2021-11-03T21:52:14.670+05:00,2.626388042
2021-11-03T21:52:15.172+05:00,2.351772683
2021-11-03T21:52:15.674+05:00,3.348368972
2021-11-03T21:52:16.175+05:00,3.546069465
2021-11-03T21:52:16.676+05:00,3.299438025
2021-11-03T21:52:17.177+05:00,2.920364562
2021-11-03T21:52:17.680+05:00,3.005806274
2021-11-03T21:52:18.182+05:00,2.274887486
2021-11-03T21:52:18.684+05:00,3.163896927
2021-11-03T21:52:19.186+05:00,4.525835159
2021-11-03T21:52:19.687+05:00,2.939771474
2021-11-03T21:52:20.189+05:00,4.580049429
2021-11-03T21:52:20.691+05:00,1.913931356
2021-11-03T21:52:21.193+05:00,1.111672951
2021-11-03T21:52:21.696+05:00,2.713080911
2021-11-03T21:52:22.197+05:00,2.950850845
2021-11-03T21:52:22.699+05:00,3.195016097
2021-11-03T21:52:23.201+05:00,1.358103431
2021-11-03T21:52:23.704+05:00,1.681367883
2021-11-03T21:52:24.206+05:00,1.227648837
2021-11-03T21:52:24.708+05:00,3.107816137
2021-11-03T21:52:25.211+05:00,0.899596632
2021-11-03T21:52:25.714+05:00,1.513636156
2021-11-03T21:52:26.215+05:00,9.328353806
2021-11-03T21:52:26.718+05:00,4.373511524
2021-11-03T21:52:27.231+05:00,2.00793479
2021-11-03T21:52:27.733+05:00,1.417051403
2021-11-03T21:52:28.236+05:00,2.349874392
2021-11-03T21:52:28.739+05:00,2.264307322
2021-11-03T21:52:29.240+05:00,10.12990425
2021-11-03T21:52:30.242+05:00,6.833997341
2021-11-03T21:52:30.744+05:00,4.702264381
2021-11-03T21:52:31.245+05:00,6.565263227
2021-11-03T21:52:31.747+05:00,17.34393704
2021-11-03T21:52:32.247+05:00,18.79389024
2021-11-03T21:52:32.748+05:00,31.04191759
2021-11-03T21:52:33.249+05:00,27.266744
2021-11-03T21:52:33.750+05:00,18.198861
2021-11-03T21:52:34.251+05:00,6.122943071
2021-11-03T21:52:34.752+05:00,11.40413052
2021-11-03T21:52:35.253+05:00,10.3721964
2021-11-03T21:52:35.754+05:00,12.3764304
2021-11-03T21:52:36.255+05:00,27.97190781
2021-11-03T21:52:36.757+05:00,8.408006982
2021-11-03T21:52:37.258+05:00,23.75053436
2021-11-03T21:52:37.759+05:00,20.28713744
2021-11-03T21:52:38.261+05:00,13.17577734
2021-11-03T21:52:38.763+05:00,9.770718164
2021-11-03T21:52:39.265+05:00,16.29694776
2021-11-03T21:52:39.766+05:00,24.04316326
2021-11-03T21:52:40.268+05:00,6.326522837
2021-11-03T21:52:40.770+05:00,4.302719385
2021-11-03T21:52:41.272+05:00,5.748114975
2021-11-03T21:52:41.773+05:00,7.490722477
2021-11-03T21:52:42.275+05:00,5.915771965
2021-11-03T21:52:42.777+05:00,8.709971783
2021-11-03T21:52:43.279+05:00,7.739153362
2021-11-03T21:52:43.781+05:00,4.590851791
2021-11-03T21:52:44.283+05:00,3.324262161
2021-11-03T21:52:44.786+05:00,2.012825107
2021-11-03T21:52:45.288+05:00,1.184669855
2021-11-03T21:52:45.790+05:00,3.260910617
2021-11-03T21:52:46.292+05:00,2.553911537
2021-11-03T21:52:46.795+05:00,1.885047552
2021-11-03T21:52:47.305+05:00,0.492928196
2021-11-03T21:52:47.807+05:00,6.518946943
2021-11-03T21:52:48.309+05:00,4.848484688
2021-11-03T21:52:48.811+05:00,4.007112368
2021-11-03T21:52:49.313+05:00,13.08875015
2021-11-03T21:52:49.814+05:00,4.049207371
2021-11-03T21:52:50.316+05:00,3.198928647
2021-11-03T21:52:50.818+05:00,2.682376027
2021-11-03T21:52:51.319+05:00,2.812512192
2021-11-03T21:52:51.820+05:00,2.13290759
2021-11-03T21:52:52.321+05:00,13.16057858
2021-11-03T21:52:52.823+05:00,8.637785998
2021-11-03T21:52:53.324+05:00,4.086064691
2021-11-03T21:52:53.827+05:00,4.223328836
2021-11-03T21:52:54.328+05:00,4.615042769
2021-11-03T21:52:54.830+05:00,21.30571414
2021-11-03T21:52:55.331+05:00,5.623729064
2021-11-03T21:52:55.832+05:00,26.80021459
2021-11-03T21:52:56.334+05:00,18.29116875
2021-11-03T21:52:56.836+05:00,6.824511644
2021-11-03T21:52:57.338+05:00,4.940172553
2021-11-03T21:52:57.840+05:00,3.318506196
2021-11-03T21:52:58.342+05:00,1.56742856
2021-11-03T21:52:58.845+05:00,2.843052604
2021-11-03T21:52:59.346+05:00,3.261740281
2021-11-03T21:52:59.849+05:00,2.316928058
2021-11-03T21:53:00.351+05:00,1.731276767
2021-11-03T21:53:00.853+05:00,8.789054939
2021-11-03T21:53:01.355+05:00,3.249125879
2021-11-03T21:53:01.857+05:00,2.106010361
2021-11-03T21:53:02.360+05:00,1.804562677
2021-11-03T21:53:02.861+05:00,2.704080326
2021-11-03T21:53:03.362+05:00,3.238314559
2021-11-03T21:53:03.864+05:00,2.737187211
2021-11-03T21:53:04.366+05:00,1.796521325
2021-11-03T21:53:04.868+05:00,7.003980053
2021-11-03T21:53:05.371+05:00,6.052235777
2021-11-03T21:53:05.873+05:00,2.52154533
2021-11-03T21:53:06.375+05:00,3.637707009
2021-11-03T21:53:06.876+05:00,3.105198971
2021-11-03T21:53:07.377+05:00,3.006844862
2021-11-03T21:53:07.879+05:00,1.878177887
2021-11-03T21:53:08.391+05:00,0.839303495
2021-11-03T21:53:08.893+05:00,2.077678236
2021-11-03T21:53:09.396+05:00,3.146011939
2021-11-03T21:53:09.899+05:00,3.027386673
2021-11-03T21:53:10.402+05:00,2.220343563
2021-11-03T21:53:10.904+05:00,1.20439773
2021-11-03T21:53:11.407+05:00,2.893827363
2021-11-03T21:53:11.910+05:00,0.591384828
2021-11-03T21:53:12.412+05:00,10.73546809
2021-11-03T21:53:12.914+05:00,3.471388662
2021-11-03T21:53:13.417+05:00,2.014600736
2021-11-03T21:53:13.920+05:00,3.416549542
2021-11-03T21:53:14.423+05:00,1.561925179
2021-11-03T21:53:14.925+05:00,1.018320667
2021-11-03T21:53:15.427+05:00,13.9843877
2021-11-03T21:53:15.927+05:00,9.390208677
2021-11-03T21:53:16.429+05:00,22.86356789
2021-11-03T21:53:16.931+05:00,19.17795442
2021-11-03T21:53:17.433+05:00,4.082438963
2021-11-03T21:53:17.936+05:00,2.211697034
2021-11-03T21:53:18.438+05:00,2.355154725
2021-11-03T21:53:18.940+05:00,2.272197499
2021-11-03T21:53:19.442+05:00,4.6329378
2021-11-03T21:53:19.943+05:00,3.087164292
2021-11-03T21:53:20.445+05:00,0.974293103
2021-11-03T21:53:20.948+05:00,0.994726849
2021-11-03T21:53:21.450+05:00,1.446829272
2021-11-03T21:53:21.952+05:00,1.174475004
2021-11-03T21:53:22.454+05:00,2.080717238
2021-11-03T21:53:22.956+05:00,0.323770066
2021-11-03T21:53:23.458+05:00,2.157219642
2021-11-03T21:53:23.960+05:00,1.014100187
2021-11-03T21:53:24.463+05:00,0.86527596
2021-11-03T21:53:24.964+05:00,0.787031756
2021-11-03T21:53:25.465+05:00,3.24376737
2021-11-03T21:53:25.966+05:00,0.869941156
2021-11-03T21:53:26.468+05:00,0.624955604
2021-11-03T21:53:26.970+05:00,1.094166553
2021-11-03T21:53:27.471+05:00,0.792267316
2021-11-03T21:53:27.973+05:00,0.303478895
2021-11-03T21:53:28.476+05:00,0.45284171
2021-11-03T21:53:28.978+05:00,0.444596556
2021-11-03T21:53:29.487+05:00,0.193957233
2021-11-03T21:53:29.989+05:00,0.53145828
2021-11-03T21:53:30.492+05:00,1.202064913
2021-11-03T21:53:30.993+05:00,0.479289237
2021-11-03T21:53:31.495+05:00,0.327681489
2021-11-03T21:53:31.997+05:00,2.867277974
2021-11-03T21:53:32.499+05:00,4.517867887
2021-11-03T21:53:33.000+05:00,5.314650041
2021-11-03T21:53:33.501+05:00,1.567880548
2021-11-03T21:53:34.004+05:00,0.44809344
2021-11-03T21:53:34.506+05:00,0.675677923
2021-11-03T21:53:35.008+05:00,0.296954107
2021-11-03T21:53:35.510+05:00,10.42068797
2021-11-03T21:53:36.012+05:00,3.335681724
2021-11-03T21:53:36.514+05:00,2.18350789
2021-11-03T21:53:37.016+05:00,2.33016535
2021-11-03T21:53:37.518+05:00,1.678804903
2021-11-03T21:53:38.019+05:00,1.978752525
2021-11-03T21:53:38.520+05:00,15.34562879
2021-11-03T21:53:39.021+05:00,6.570882682
2021-11-03T21:53:39.523+05:00,4.500437174
2021-11-03T21:53:40.025+05:00,3.892000491
2021-11-03T21:53:40.526+05:00,4.287636208
2021-11-03T21:53:41.029+05:00,4.070683358
2021-11-03T21:53:41.531+05:00,3.948716861
2021-11-03T21:53:42.033+05:00,3.89914705
2021-11-03T21:53:42.534+05:00,3.985188394
2021-11-03T21:53:43.036+05:00,3.981225639
2021-11-03T21:53:43.539+05:00,4.294911219
2021-11-03T21:53:44.041+05:00,3.936087499
2021-11-03T21:53:44.543+05:00,4.116782568
2021-11-03T21:53:45.045+05:00,4.017774519
2021-11-03T21:53:45.547+05:00,4.269365152
2021-11-03T21:53:46.050+05:00,4.336785843
2021-11-03T21:53:46.552+05:00,4.275224279
2021-11-03T21:53:47.054+05:00,4.001228231
2021-11-03T21:53:47.556+05:00,4.032469795
2021-11-03T21:53:48.057+05:00,4.025476751
2021-11-03T21:53:48.558+05:00,9.543999448
2021-11-03T21:53:49.061+05:00,7.86387536
2021-11-03T21:53:49.570+05:00,4.882270958
2021-11-03T21:53:50.072+05:00,4.081421475
2021-11-03T21:53:50.574+05:00,3.983937061
2021-11-03T21:53:51.076+05:00,3.964302773
2021-11-03T21:53:51.577+05:00,3.773869026
2021-11-03T21:53:52.079+05:00,3.579026903
2021-11-03T21:53:52.582+05:00,4.769239961
2021-11-03T21:53:53.084+05:00,4.002078237
2021-11-03T21:53:53.585+05:00,3.949640691
2021-11-03T21:53:54.088+05:00,3.901978209
2021-11-03T21:53:54.590+05:00,3.990329591
2021-11-03T21:53:55.092+05:00,3.900900194
2021-11-03T21:53:55.593+05:00,3.982203082
2021-11-03T21:53:56.095+05:00,3.850042638
2021-11-03T21:53:56.597+05:00,4.698035393
2021-11-03T21:53:57.098+05:00,3.885367134
2021-11-03T21:53:57.599+05:00,4.068028146
2021-11-03T21:53:58.101+05:00,4.033705268
2021-11-03T21:53:58.604+05:00,9.460218481
2021-11-03T21:53:59.106+05:00,1.666223948
2021-11-03T21:53:59.608+05:00,2.410178295
2021-11-03T21:54:00.111+05:00,2.602376465
2021-11-03T21:54:00.613+05:00,1.840538874
2021-11-03T21:54:01.116+05:00,8.089472749
2021-11-03T21:54:01.617+05:00,14.51413694
2021-11-03T21:54:02.118+05:00,9.875231505
2021-11-03T21:54:02.619+05:00,16.31819769
2021-11-03T21:54:03.120+05:00,14.34592756
2021-11-03T21:54:03.621+05:00,25.31362021
2021-11-03T21:54:04.122+05:00,13.14185189
2021-11-03T21:54:04.623+05:00,16.70929677
2021-11-03T21:54:05.125+05:00,7.256804495
2021-11-03T21:54:05.626+05:00,7.820608372
2021-11-03T21:54:06.128+05:00,5.910987787
2021-11-03T21:54:06.630+05:00,5.417447276
2021-11-03T21:54:07.132+05:00,5.296388324
2021-11-03T21:54:07.634+05:00,4.982764577
2021-11-03T21:54:08.136+05:00,10.61497918
2021-11-03T21:54:08.638+05:00,6.461370874
2021-11-03T21:54:09.145+05:00,5.320666481
2021-11-03T21:54:09.646+05:00,11.09084184
2021-11-03T21:54:10.147+05:00,5.512115823
2021-11-03T21:54:10.649+05:00,4.693906452
2021-11-03T21:54:11.151+05:00,4.534734144
2021-11-03T21:54:11.653+05:00,4.094687203
2021-11-03T21:54:12.155+05:00,3.811233753
2021-11-03T21:54:12.656+05:00,5.287740467
2021-11-03T21:54:13.158+05:00,4.207202857
2021-11-03T21:54:13.660+05:00,4.264021237
2021-11-03T21:54:14.161+05:00,5.135592692
2021-11-03T21:54:14.663+05:00,5.443500559
2021-11-03T21:54:15.165+05:00,4.896807441
2021-11-03T21:54:15.666+05:00,4.577989877
2021-11-03T21:54:16.168+05:00,4.781985325
2021-11-03T21:54:16.670+05:00,4.497376153
2021-11-03T21:54:17.172+05:00,4.14189935
2021-11-03T21:54:17.673+05:00,5.088958831
2021-11-03T21:54:18.175+05:00,4.310779171
2021-11-03T21:54:18.677+05:00,4.431813172
2021-11-03T21:54:19.178+05:00,4.274820599
2021-11-03T21:54:19.680+05:00,4.645448498
2021-11-03T21:54:20.182+05:00,4.316679475
2021-11-03T21:54:20.683+05:00,4.435764115
2021-11-03T21:54:21.185+05:00,4.352248896
2021-11-03T21:54:21.686+05:00,15.10274446
2021-11-03T21:54:22.188+05:00,2.515605302
2021-11-03T21:54:22.690+05:00,2.863873038
2021-11-03T21:54:23.193+05:00,3.413572359
2021-11-03T21:54:23.696+05:00,1.980844168
2021-11-03T21:54:24.198+05:00,2.009661162
2021-11-03T21:54:24.699+05:00,15.14402452
2021-11-03T21:54:25.200+05:00,6.849464741
2021-11-03T21:54:25.701+05:00,27.39818159
2021-11-03T21:54:26.203+05:00,17.25013167
2021-11-03T21:54:26.705+05:00,8.052617582
2021-11-03T21:54:27.206+05:00,7.768093802
2021-11-03T21:54:27.709+05:00,5.0259245
2021-11-03T21:54:28.211+05:00,3.035083308
2021-11-03T21:54:28.714+05:00,1.094650953
2021-11-03T21:54:29.215+05:00,3.391313127
2021-11-03T21:54:29.718+05:00,2.120822325
2021-11-03T21:54:30.228+05:00,0.476712685
2021-11-03T21:54:30.731+05:00,1.055858249
2021-11-03T21:54:31.233+05:00,0.763273384
2021-11-03T21:54:31.734+05:00,1.634853711
2021-11-03T21:54:32.236+05:00,0.858537573
2021-11-03T21:54:32.738+05:00,1.939184821
2021-11-03T21:54:33.240+05:00,2.828175187
2021-11-03T21:54:33.743+05:00,0.222036499
2021-11-03T21:54:34.245+05:00,3.322834041
2021-11-03T21:54:34.746+05:00,3.106473089
2021-11-03T21:54:35.247+05:00,1.436620893
2021-11-03T21:54:35.749+05:00,4.56584233
2021-11-03T21:54:36.251+05:00,7.532411605
2021-11-03T21:54:36.753+05:00,0.530679355
2021-11-03T21:54:37.256+05:00,0.539055428
2021-11-03T21:54:37.759+05:00,0.431179839
2021-11-03T21:54:38.262+05:00,0.515194997
2021-11-03T21:54:38.764+05:00,0.46300175
2021-11-03T21:54:39.267+05:00,0.891026144
2021-11-03T21:54:39.769+05:00,0.352909534
2021-11-03T21:54:40.272+05:00,0.518944251
2021-11-03T21:54:40.774+05:00,0.209627986
2021-11-03T21:54:41.276+05:00,0.922667536
2021-11-03T21:54:41.777+05:00,0.722682662
2021-11-03T21:54:42.280+05:00,2.838121517
2021-11-03T21:54:42.783+05:00,0.385854588
2021-11-03T21:54:43.285+05:00,1.547286803
2021-11-03T21:54:43.788+05:00,0.448099772
2021-11-03T21:54:44.290+05:00,0.359917862
2021-11-03T21:54:44.793+05:00,12.94936493
2021-11-03T21:54:45.296+05:00,1.945137097
2021-11-03T21:54:45.798+05:00,2.006713816
2021-11-03T21:54:46.301+05:00,1.285779319
2021-11-03T21:54:46.803+05:00,2.531360136
2021-11-03T21:54:47.305+05:00,1.726272538
2021-11-03T21:54:47.806+05:00,17.02125838
2021-11-03T21:54:48.308+05:00,4.874579408
2021-11-03T21:54:48.810+05:00,4.444790065
2021-11-03T21:54:49.311+05:00,16.43412447
2021-11-03T21:54:49.812+05:00,22.05689972
2021-11-03T21:54:50.313+05:00,24.54933395
2021-11-03T21:54:50.814+05:00,24.53232142
2021-11-03T21:54:51.316+05:00,23.81089939
2021-11-03T21:54:51.817+05:00,8.511490424
2021-11-03T21:54:52.318+05:00,20.29928023
2021-11-03T21:54:52.819+05:00,21.07844446
2021-11-03T21:54:53.320+05:00,18.70903791
2021-11-03T21:54:53.822+05:00,9.697486236
2021-11-03T21:54:54.324+05:00,17.12518366
2021-11-03T21:54:54.825+05:00,23.47522412
2021-11-03T21:54:55.326+05:00,22.78271525
2021-11-03T21:54:55.828+05:00,34.34905623
2021-11-03T21:54:56.329+05:00,32.99577991
2021-11-03T21:54:56.832+05:00,14.73218517
2021-11-03T21:54:57.333+05:00,6.210031398
2021-11-03T21:54:57.836+05:00,6.706558333
2021-11-03T21:54:58.337+05:00,5.21014704
2021-11-03T21:54:58.838+05:00,4.162222816
2021-11-03T21:54:59.340+05:00,7.495914958
2021-11-03T21:54:59.841+05:00,4.968192394
2021-11-03T21:55:00.344+05:00,5.88737878
2021-11-03T21:55:00.845+05:00,6.815135959
2021-11-03T21:55:01.346+05:00,5.570352543
2021-11-03T21:55:01.848+05:00,4.824074505
2021-11-03T21:55:02.350+05:00,5.005953691
2021-11-03T21:55:02.852+05:00,4.304623312
2021-11-03T21:55:03.354+05:00,4.319486165
2021-11-03T21:55:03.856+05:00,6.116496107
2021-11-03T21:55:04.359+05:00,7.090326753
2021-11-03T21:55:04.861+05:00,5.692145662
2021-11-03T21:55:05.363+05:00,5.55256247
2021-11-03T21:55:05.865+05:00,8.871917423
2021-11-03T21:55:06.367+05:00,7.736974582
2021-11-03T21:55:06.869+05:00,4.371075337
2021-11-03T21:55:07.371+05:00,5.031748734
2021-11-03T21:55:07.874+05:00,16.32526124
2021-11-03T21:55:08.376+05:00,4.749112675
2021-11-03T21:55:08.879+05:00,2.714187677
2021-11-03T21:55:09.382+05:00,1.594273499
2021-11-03T21:55:09.885+05:00,1.7607616
2021-11-03T21:55:10.386+05:00,4.024192653
2021-11-03T21:55:10.887+05:00,14.91507131
2021-11-03T21:55:11.396+05:00,4.52621601
2021-11-03T21:55:11.898+05:00,22.41526374
2021-11-03T21:55:12.399+05:00,23.10040163
2021-11-03T21:55:12.900+05:00,25.04098535
2021-11-03T21:55:13.401+05:00,24.02944899
2021-11-03T21:55:13.903+05:00,19.3392666
2021-11-03T21:55:14.404+05:00,4.970288846
2021-11-03T21:55:14.906+05:00,5.292510647
2021-11-03T21:55:15.408+05:00,4.880288188
2021-11-03T21:55:15.910+05:00,6.383669947
2021-11-03T21:55:16.412+05:00,4.572257434
2021-11-03T21:55:16.914+05:00,5.165680498
2021-11-03T21:55:17.416+05:00,5.147993227
2021-11-03T21:55:17.917+05:00,4.652451912
2021-11-03T21:55:18.419+05:00,4.653576393
2021-11-03T21:55:18.921+05:00,5.503166798
2021-11-03T21:55:19.423+05:00,4.334099068
2021-11-03T21:55:19.925+05:00,5.125058394
2021-11-03T21:55:20.427+05:00,4.612297284
2021-11-03T21:55:20.929+05:00,4.795737684
2021-11-03T21:55:21.431+05:00,6.063116076
2021-11-03T21:55:21.933+05:00,5.018233164
2021-11-03T21:55:22.434+05:00,4.811145148
2021-11-03T21:55:22.936+05:00,5.970859891
2021-11-03T21:55:23.438+05:00,4.186551922
2021-11-03T21:55:23.940+05:00,4.707196144
2021-11-03T21:55:24.442+05:00,4.948147933
2021-11-03T21:55:24.944+05:00,4.786981553
2021-11-03T21:55:25.446+05:00,5.12589323
2021-11-03T21:55:25.948+05:00,3.872832736
2021-11-03T21:55:26.451+05:00,1.175172794
2021-11-03T21:55:26.953+05:00,3.18508927
2021-11-03T21:55:27.454+05:00,0.955227386
2021-11-03T21:55:27.956+05:00,5.339196384
2021-11-03T21:55:28.457+05:00,8.21928922
2021-11-03T21:55:28.958+05:00,5.749640467
2021-11-03T21:55:29.461+05:00,4.340251381
2021-11-03T21:55:29.964+05:00,2.739563465
2021-11-03T21:55:30.466+05:00,1.417326592
2021-11-03T21:55:30.969+05:00,12.73970063
2021-11-03T21:55:31.483+05:00,2.086743478
2021-11-03T21:55:31.985+05:00,2.259170957
2021-11-03T21:55:32.488+05:00,1.364823492
2021-11-03T21:55:32.989+05:00,3.027148868
2021-11-03T21:55:33.492+05:00,2.538863589
2021-11-03T21:55:33.993+05:00,16.18269501
2021-11-03T21:55:34.494+05:00,12.76175789
2021-11-03T21:55:34.995+05:00,13.57479344
2021-11-03T21:55:35.496+05:00,20.60086971
2021-11-03T21:55:35.997+05:00,25.18956548
2021-11-03T21:55:36.499+05:00,27.24312385
2021-11-03T21:55:37.000+05:00,26.79595263
2021-11-03T21:55:37.501+05:00,32.91596809
2021-11-03T21:55:38.003+05:00,26.19352441
2021-11-03T21:55:38.504+05:00,24.2660418
2021-11-03T21:55:39.005+05:00,23.36233008
2021-11-03T21:55:39.506+05:00,24.44663996
2021-11-03T21:55:40.007+05:00,23.86566606
2021-11-03T21:55:40.509+05:00,25.69765232
2021-11-03T21:55:41.010+05:00,30.76270531
2021-11-03T21:55:41.512+05:00,30.09610477
2021-11-03T21:55:42.013+05:00,32.27028507
2021-11-03T21:55:42.515+05:00,34.18925262
2021-11-03T21:55:43.016+05:00,27.33316174
2021-11-03T21:55:43.517+05:00,25.2293379
2021-11-03T21:55:44.018+05:00,30.51642011
2021-11-03T21:55:44.519+05:00,30.37322962
2021-11-03T21:55:45.020+05:00,33.77769575
2021-11-03T21:55:45.522+05:00,33.31189187
2021-11-03T21:55:46.024+05:00,25.66815578
2021-11-03T21:55:46.526+05:00,22.6731941
2021-11-03T21:55:47.027+05:00,21.0946459
2021-11-03T21:55:47.528+05:00,22.69489232
2021-11-03T21:55:48.029+05:00,23.34206657
2021-11-03T21:55:48.531+05:00,22.25473539
2021-11-03T21:55:49.032+05:00,17.68914373
2021-11-03T21:55:49.534+05:00,18.38241932
2021-11-03T21:55:50.035+05:00,18.4259823
2021-11-03T21:55:50.536+05:00,17.94677631
2021-11-03T21:55:51.037+05:00,24.62254382
2021-11-03T21:55:51.538+05:00,23.18029306
2021-11-03T21:55:52.040+05:00,20.75368315
2021-11-03T21:55:52.546+05:00,20.426096
2021-11-03T21:55:53.047+05:00,18.59476482
2021-11-03T21:55:53.548+05:00,21.05461895
2021-11-03T21:55:54.049+05:00,18.25244618
2021-11-03T21:55:54.551+05:00,5.517786207
2021-11-03T21:55:55.052+05:00,3.349876333
2021-11-03T21:55:55.555+05:00,1.832554822
2021-11-03T21:55:56.057+05:00,0.985816742
2021-11-03T21:55:56.560+05:00,1.421779851
2021-11-03T21:55:57.061+05:00,16.59744917
2021-11-03T21:55:57.562+05:00,12.8569225
2021-11-03T21:55:58.063+05:00,17.49673919
2021-11-03T21:55:58.564+05:00,5.537294472
2021-11-03T21:55:59.066+05:00,7.885213647
2021-11-03T21:55:59.567+05:00,24.48258108
2021-11-03T21:56:00.068+05:00,22.42743668
2021-11-03T21:56:00.570+05:00,29.43812649
2021-11-03T21:56:01.072+05:00,37.1944819
2021-11-03T21:56:01.573+05:00,14.69365596
2021-11-03T21:56:02.075+05:00,15.32682995
2021-11-03T21:56:02.576+05:00,10.4270518
2021-11-03T21:56:03.077+05:00,8.357957876
2021-11-03T21:56:03.579+05:00,6.475172617
2021-11-03T21:56:04.080+05:00,7.881231542
2021-11-03T21:56:04.582+05:00,10.39827545
2021-11-03T21:56:05.084+05:00,15.1809385
2021-11-03T21:56:05.586+05:00,16.51762504
2021-11-03T21:56:06.087+05:00,15.20374256
2021-11-03T21:56:06.588+05:00,12.77329174
2021-11-03T21:56:07.089+05:00,10.80408832
2021-11-03T21:56:07.591+05:00,7.320395078
2021-11-03T21:56:08.092+05:00,6.493652972
2021-11-03T21:56:08.594+05:00,6.155040989
2021-11-03T21:56:09.096+05:00,6.805075247
2021-11-03T21:56:09.597+05:00,8.854200155
2021-11-03T21:56:10.099+05:00,10.76178248
2021-11-03T21:56:10.600+05:00,12.83810043
2021-11-03T21:56:11.102+05:00,12.52614611
2021-11-03T21:56:11.604+05:00,15.500307
2021-11-03T21:56:12.105+05:00,12.74241831
2021-11-03T21:56:12.615+05:00,8.997662784
2021-11-03T21:56:13.117+05:00,7.16173647
2021-11-03T21:56:13.619+05:00,8.67088928
2021-11-03T21:56:14.121+05:00,8.569207973
2021-11-03T21:56:14.623+05:00,6.944406214
2021-11-03T21:56:15.125+05:00,8.71319041
2021-11-03T21:56:15.627+05:00,9.25935363
2021-11-03T21:56:16.128+05:00,12.17909187
2021-11-03T21:56:16.629+05:00,14.10350526
2021-11-03T21:56:17.130+05:00,13.64681786
2021-11-03T21:56:17.631+05:00,5.392750893
2021-11-03T21:56:18.132+05:00,3.811344354
2021-11-03T21:56:18.634+05:00,2.596171131
2021-11-03T21:56:19.137+05:00,1.489807167
2021-11-03T21:56:19.639+05:00,1.415475759
2021-11-03T21:56:20.141+05:00,15.1502405
2021-11-03T21:56:20.643+05:00,5.907999844
2021-11-03T21:56:21.144+05:00,5.630100944
2021-11-03T21:56:21.646+05:00,5.041994642
2021-11-03T21:56:22.147+05:00,21.63269034
2021-11-03T21:56:22.649+05:00,15.39773312
2021-11-03T21:56:23.150+05:00,8.402733659
2021-11-03T21:56:23.652+05:00,7.454657805
2021-11-03T21:56:24.153+05:00,9.64344488
2021-11-03T21:56:24.654+05:00,8.069279973
2021-11-03T21:56:25.156+05:00,8.692452393
2021-11-03T21:56:25.657+05:00,2.119704787
2021-11-03T21:56:26.158+05:00,4.149456284
2021-11-03T21:56:26.660+05:00,0.276903979
2021-11-03T21:56:27.162+05:00,3.975674702
2021-11-03T21:56:27.663+05:00,2.596956826
2021-11-03T21:56:28.164+05:00,1.209683827
2021-11-03T21:56:28.666+05:00,0.494941389
2021-11-03T21:56:29.169+05:00,1.047044138
2021-11-03T21:56:29.672+05:00,0.607146511
2021-11-03T21:56:30.173+05:00,2.201808053
2021-11-03T21:56:30.675+05:00,0.831161664
2021-11-03T21:56:31.178+05:00,0.198155602
2021-11-03T21:56:31.680+05:00,0.135936809
2021-11-03T21:56:32.182+05:00,0.125301471
2021-11-03T21:56:32.684+05:00,0.976983787
2021-11-03T21:56:33.186+05:00,1.897674994
2021-11-03T21:56:33.691+05:00,1.30350305
2021-11-03T21:56:34.194+05:00,4.619951951
2021-11-03T21:56:34.696+05:00,0.947833211
2021-11-03T21:56:35.198+05:00,1.369490556
2021-11-03T21:56:35.700+05:00,1.915886436
2021-11-03T21:56:36.203+05:00,3.347318318
2021-11-03T21:56:36.706+05:00,0.572026582
2021-11-03T21:56:37.209+05:00,0.757552217
2021-11-03T21:56:37.712+05:00,0.455961147
2021-11-03T21:56:38.215+05:00,0.516489959
2021-11-03T21:56:38.718+05:00,4.936601439
2021-11-03T21:56:39.220+05:00,4.832581331
2021-11-03T21:56:39.722+05:00,2.828961127
2021-11-03T21:56:40.224+05:00,11.49389554
2021-11-03T21:56:40.726+05:00,1.271881481
2021-11-03T21:56:41.229+05:00,2.270740282
2021-11-03T21:56:41.732+05:00,2.081871574
2021-11-03T21:56:42.235+05:00,1.212803829
2021-11-03T21:56:42.738+05:00,1.7115604
2021-11-03T21:56:43.239+05:00,16.37196842
2021-11-03T21:56:43.740+05:00,11.40936994
2021-11-03T21:56:44.242+05:00,14.76104115
2021-11-03T21:56:44.744+05:00,5.395242045
2021-11-03T21:56:45.245+05:00,13.34621795
2021-11-03T21:56:45.747+05:00,15.07904983
2021-11-03T21:56:46.249+05:00,30.09232201
2021-11-03T21:56:46.750+05:00,36.66587644
2021-11-03T21:56:47.251+05:00,33.00157187
2021-11-03T21:56:47.752+05:00,33.09394657
2021-11-03T21:56:48.254+05:00,12.16833538
2021-11-03T21:56:48.756+05:00,6.448521334
2021-11-03T21:56:49.258+05:00,6.088437267
2021-11-03T21:56:49.759+05:00,9.088681172
2021-11-03T21:56:50.260+05:00,14.86711475
2021-11-03T21:56:50.761+05:00,11.8296622
2021-11-03T21:56:51.262+05:00,5.418710729
2021-11-03T21:56:51.763+05:00,4.472192981
2021-11-03T21:56:52.265+05:00,6.610985986
2021-11-03T21:56:52.767+05:00,5.629925633
2021-11-03T21:56:53.269+05:00,5.946606378
2021-11-03T21:56:53.770+05:00,4.844093256
2021-11-03T21:56:54.272+05:00,5.505201449
2021-11-03T21:56:54.781+05:00,5.564283497
2021-11-03T21:56:55.283+05:00,5.511400988
2021-11-03T21:56:55.785+05:00,6.59146059
2021-11-03T21:56:56.287+05:00,7.19180761
2021-11-03T21:56:56.789+05:00,4.966901042
2021-11-03T21:56:57.291+05:00,5.756111624
2021-11-03T21:56:57.793+05:00,5.858519381
2021-11-03T21:56:58.295+05:00,5.529019095
2021-11-03T21:56:58.797+05:00,5.682570025
2021-11-03T21:56:59.298+05:00,5.521752545
2021-11-03T21:56:59.800+05:00,5.723182368
2021-11-03T21:57:00.302+05:00,4.688937923
2021-11-03T21:57:00.803+05:00,6.823944119
2021-11-03T21:57:01.305+05:00,5.31648107
2021-11-03T21:57:01.807+05:00,5.62815528
2021-11-03T21:57:02.309+05:00,5.624690502
2021-11-03T21:57:02.810+05:00,5.000518057
2021-11-03T21:57:03.312+05:00,13.66368823
2021-11-03T21:57:03.814+05:00,5.037536045
2021-11-03T21:57:04.316+05:00,2.920838346
2021-11-03T21:57:04.818+05:00,4.316988894
2021-11-03T21:57:05.320+05:00,1.473760054
2021-11-03T21:57:05.823+05:00,2.697726485
2021-11-03T21:57:06.325+05:00,18.24361438
2021-11-03T21:57:06.826+05:00,5.238350141
2021-11-03T21:57:07.327+05:00,21.64700208
2021-11-03T21:57:07.828+05:00,6.776988388
2021-11-03T21:57:08.330+05:00,19.93246069
2021-11-03T21:57:08.832+05:00,31.85449727
2021-11-03T21:57:09.333+05:00,35.40270748
2021-11-03T21:57:09.834+05:00,32.52884183
2021-11-03T21:57:10.336+05:00,31.6065136
2021-11-03T21:57:10.837+05:00,25.38392833
2021-11-03T21:57:11.338+05:00,23.72070919
2021-11-03T21:57:11.840+05:00,14.87687961
2021-11-03T21:57:12.341+05:00,28.08286109
2021-11-03T21:57:12.842+05:00,16.79854232
2021-11-03T21:57:13.343+05:00,24.05170975
2021-11-03T21:57:13.844+05:00,26.47121579
2021-11-03T21:57:14.350+05:00,18.47513184
2021-11-03T21:57:14.851+05:00,23.25857448
2021-11-03T21:57:15.352+05:00,28.59243449
2021-11-03T21:57:15.853+05:00,39.4567152
2021-11-03T21:57:16.355+05:00,39.11680532
2021-11-03T21:57:16.856+05:00,30.88641233
2021-11-03T21:57:17.357+05:00,26.02706762
2021-11-03T21:57:17.858+05:00,20.76302047
2021-11-03T21:57:18.359+05:00,10.35481971
2021-11-03T21:57:18.862+05:00,4.929133854
2021-11-03T21:57:19.363+05:00,7.584138287
2021-11-03T21:57:19.865+05:00,7.613734405
2021-11-03T21:57:20.366+05:00,4.043757585
2021-11-03T21:57:20.868+05:00,13.24140666
2021-11-03T21:57:21.370+05:00,5.166751713
2021-11-03T21:57:21.871+05:00,4.795306615
2021-11-03T21:57:22.372+05:00,3.422160049
2021-11-03T21:57:22.873+05:00,6.157906079
2021-11-03T21:57:23.374+05:00,6.01954675
2021-11-03T21:57:23.877+05:00,7.43483268
2021-11-03T21:57:24.378+05:00,6.181894794
2021-11-03T21:57:24.881+05:00,4.844431927
2021-11-03T21:57:25.382+05:00,9.447481946
2021-11-03T21:57:25.883+05:00,13.39684448
2021-11-03T21:57:26.386+05:00,14.30913346
2021-11-03T21:57:26.887+05:00,5.468857574
2021-11-03T21:57:27.390+05:00,2.796710184
2021-11-03T21:57:27.893+05:00,1.051417733
2021-11-03T21:57:28.395+05:00,1.773776919
2021-11-03T21:57:28.897+05:00,2.389445029
2021-11-03T21:57:29.398+05:00,7.361851318
2021-11-03T21:57:29.899+05:00,13.88364068
2021-11-03T21:57:30.400+05:00,6.376194277
2021-11-03T21:57:30.901+05:00,7.293350588
2021-11-03T21:57:31.403+05:00,4.101676925
2021-11-03T21:57:31.904+05:00,4.143693455
2021-11-03T21:57:32.405+05:00,4.183241512
2021-11-03T21:57:32.906+05:00,7.436145432
2021-11-03T21:57:33.407+05:00,20.7899785
2021-11-03T21:57:33.908+05:00,5.285351941
2021-11-03T21:57:34.409+05:00,7.369250526
2021-11-03T21:57:34.910+05:00,6.518261095
2021-11-03T21:57:35.415+05:00,5.700696395
2021-11-03T21:57:35.916+05:00,6.86306607
2021-11-03T21:57:36.417+05:00,7.376944237
2021-11-03T21:57:36.918+05:00,7.5376578
2021-11-03T21:57:37.419+05:00,8.02123822
2021-11-03T21:57:37.920+05:00,7.589813638
2021-11-03T21:57:38.421+05:00,11.32979787
2021-11-03T21:57:38.923+05:00,9.292206624
2021-11-03T21:57:39.424+05:00,14.48437534
2021-11-03T21:57:39.926+05:00,10.66161574
2021-11-03T21:57:40.427+05:00,34.07314796
2021-11-03T21:57:40.928+05:00,49.02604559
2021-11-03T21:57:41.429+05:00,37.07582844
2021-11-03T21:57:41.931+05:00,40.06792813
2021-11-03T21:57:42.433+05:00,41.76897809
2021-11-03T21:57:42.935+05:00,37.36594175
2021-11-03T21:57:43.436+05:00,40.25572704
2021-11-03T21:57:43.939+05:00,40.09961547
2021-11-03T21:57:44.441+05:00,42.92912415
2021-11-03T21:57:44.942+05:00,40.13970115
2021-11-03T21:57:45.443+05:00,33.38531976
2021-11-03T21:57:45.944+05:00,31.01178411
2021-11-03T21:57:46.446+05:00,32.38771254
2021-11-03T21:57:46.947+05:00,39.67438638
2021-11-03T21:57:47.448+05:00,22.28554733
2021-11-03T21:57:47.949+05:00,30.15832132
2021-11-03T21:57:48.450+05:00,23.15636115
2021-11-03T21:57:48.952+05:00,5.905863305
2021-11-03T21:57:49.454+05:00,14.99022731
2021-11-03T21:57:49.955+05:00,4.587424734
2021-11-03T21:57:50.456+05:00,4.424613491
2021-11-03T21:57:50.958+05:00,3.574460283
2021-11-03T21:57:51.461+05:00,2.831042011
2021-11-03T21:57:51.964+05:00,1.743530631
2021-11-03T21:57:52.465+05:00,15.66596996
2021-11-03T21:57:52.966+05:00,12.94473819
2021-11-03T21:57:53.468+05:00,3.999754514
2021-11-03T21:57:53.971+05:00,6.181431528
2021-11-03T21:57:54.474+05:00,0.440259221
2021-11-03T21:57:54.976+05:00,0.767822929
2021-11-03T21:57:55.479+05:00,0.734205227
2021-11-03T21:57:55.980+05:00,1.948054893
2021-11-03T21:57:56.485+05:00,13.35632168
2021-11-03T21:57:56.987+05:00,11.05782678
2021-11-03T21:57:57.489+05:00,6.427210778
2021-11-03T21:57:57.991+05:00,6.875647361
2021-11-03T21:57:58.494+05:00,1.03995931
2021-11-03T21:57:58.997+05:00,6.26483398
2021-11-03T21:57:59.499+05:00,3.634304312
2021-11-03T21:58:00.003+05:00,1.299643858
2021-11-03T21:58:00.506+05:00,1.604789698
2021-11-03T21:58:01.008+05:00,6.010436712
2021-11-03T21:58:01.511+05:00,0.195858053
2021-11-03T21:58:02.014+05:00,0.826373949
2021-11-03T21:58:02.516+05:00,1.427164847
2021-11-03T21:58:03.017+05:00,2.331600539
2021-11-03T21:58:03.519+05:00,0.688754855
2021-11-03T21:58:04.022+05:00,1.298624706
2021-11-03T21:58:04.523+05:00,1.265852625
2021-11-03T21:58:05.026+05:00,3.411199375
2021-11-03T21:58:05.528+05:00,0.205184417
2021-11-03T21:58:06.031+05:00,3.806369516
2021-11-03T21:58:06.534+05:00,0.488146075
2021-11-03T21:58:07.036+05:00,1.068025367
2021-11-03T21:58:07.537+05:00,0.903824998
2021-11-03T21:58:08.040+05:00,2.8827096
2021-11-03T21:58:08.542+05:00,1.61464683
2021-11-03T21:58:09.045+05:00,1.150967369
2021-11-03T21:58:10.050+05:00,0.730854287
2021-11-03T21:58:10.552+05:00,1.14180575
2021-11-03T21:58:11.055+05:00,1.368192289
2021-11-03T21:58:11.558+05:00,0.360123375
2021-11-03T21:58:12.060+05:00,0.503518565
2021-11-03T21:58:12.562+05:00,11.71835827
2021-11-03T21:58:13.064+05:00,2.94421715
2021-11-03T21:58:13.567+05:00,1.952722174
2021-11-03T21:58:14.070+05:00,4.001250247
2021-11-03T21:58:14.572+05:00,1.910446502
2021-11-03T21:58:15.074+05:00,2.031987547
2021-11-03T21:58:15.575+05:00,15.0925221
2021-11-03T21:58:16.077+05:00,5.84758225
2021-11-03T21:58:16.584+05:00,14.25985594
2021-11-03T21:58:17.085+05:00,14.68961391
2021-11-03T21:58:17.586+05:00,11.88452661
2021-11-03T21:58:18.087+05:00,22.35747472
2021-11-03T21:58:18.589+05:00,25.72914101
2021-11-03T21:58:19.090+05:00,10.54870265
2021-11-03T21:58:19.591+05:00,15.41999679
2021-11-03T21:58:20.094+05:00,4.738240152
2021-11-03T21:58:20.596+05:00,6.239016071
2021-11-03T21:58:21.099+05:00,4.91146269
2021-11-03T21:58:21.601+05:00,3.115837371
2021-11-03T21:58:22.104+05:00,4.747241256
2021-11-03T21:58:22.606+05:00,6.016409365
2021-11-03T21:58:23.109+05:00,3.447647367
2021-11-03T21:58:23.610+05:00,4.331286454
2021-11-03T21:58:24.113+05:00,4.495965902
2021-11-03T21:58:24.615+05:00,6.903438502
2021-11-03T21:58:25.117+05:00,3.428329738
2021-11-03T21:58:25.619+05:00,4.746794992
2021-11-03T21:58:26.122+05:00,5.215234076
2021-11-03T21:58:26.623+05:00,4.130141778
2021-11-03T21:58:27.126+05:00,4.174855508
2021-11-03T21:58:27.628+05:00,3.685836989
2021-11-03T21:58:28.130+05:00,3.300911207
2021-11-03T21:58:28.633+05:00,3.154837967
2021-11-03T21:58:29.134+05:00,4.088245366
2021-11-03T21:58:29.636+05:00,4.010493718
2021-11-03T21:58:30.139+05:00,4.058845616
2021-11-03T21:58:30.641+05:00,3.748947208
2021-11-03T21:58:31.143+05:00,3.278393987
2021-11-03T21:58:31.646+05:00,2.951417524
2021-11-03T21:58:32.149+05:00,3.953390936
2021-11-03T21:58:32.651+05:00,3.072410586
2021-11-03T21:58:33.154+05:00,7.783316732
2021-11-03T21:58:33.656+05:00,6.192063846
2021-11-03T21:58:34.158+05:00,4.461365758
2021-11-03T21:58:34.661+05:00,4.14372583
2021-11-03T21:58:35.163+05:00,3.425304944
2021-11-03T21:58:35.666+05:00,12.69346369
2021-11-03T21:58:36.169+05:00,3.636968943
2021-11-03T21:58:36.672+05:00,1.741050366
2021-11-03T21:58:37.175+05:00,1.163218973
2021-11-03T21:58:37.686+05:00,0.929581644
2021-11-03T21:58:38.189+05:00,2.198484219
2021-11-03T21:58:38.690+05:00,15.89700065
2021-11-03T21:58:39.191+05:00,6.454581755
2021-11-03T21:58:39.693+05:00,18.31833602
2021-11-03T21:58:40.194+05:00,4.911052625
2021-11-03T21:58:40.696+05:00,6.965923443
2021-11-03T21:58:41.198+05:00,19.8576042
2021-11-03T21:58:41.700+05:00,10.25074534
2021-11-03T21:58:42.201+05:00,8.785850264
2021-11-03T21:58:42.702+05:00,5.915477094
2021-11-03T21:58:43.205+05:00,6.516706834
2021-11-03T21:58:43.706+05:00,8.734702875
2021-11-03T21:58:44.207+05:00,5.052838418
2021-11-03T21:58:44.710+05:00,7.855486636
2021-11-03T21:58:45.213+05:00,4.731979669
2021-11-03T21:58:45.715+05:00,3.671794521
2021-11-03T21:58:46.218+05:00,1.04947479
2021-11-03T21:58:46.721+05:00,2.027490645
2021-11-03T21:58:47.223+05:00,1.255598619
2021-11-03T21:58:47.724+05:00,3.573710081
2021-11-03T21:58:48.227+05:00,0.48736016
2021-11-03T21:58:48.729+05:00,5.700582464
2021-11-03T21:58:49.231+05:00,3.482689123
2021-11-03T21:58:49.734+05:00,2.264240015
2021-11-03T21:58:50.237+05:00,1.059411092
2021-11-03T21:58:50.739+05:00,0.381595117
2021-11-03T21:58:51.241+05:00,0.884631811
2021-11-03T21:58:51.743+05:00,0.936973348
2021-11-03T21:58:52.245+05:00,0.387624289
2021-11-03T21:58:52.748+05:00,3.72117768
2021-11-03T21:58:53.249+05:00,1.939386187
2021-11-03T21:58:53.751+05:00,4.325700688
2021-11-03T21:58:54.254+05:00,1.505141233
2021-11-03T21:58:54.757+05:00,0.246358102
2021-11-03T21:58:55.260+05:00,0.316171448
2021-11-03T21:58:55.762+05:00,6.975924885
2021-11-03T21:58:56.264+05:00,5.118341835
2021-11-03T21:58:56.767+05:00,3.185731165
2021-11-03T21:58:57.270+05:00,0.42181594
2021-11-03T21:58:57.771+05:00,1.700607139
2021-11-03T21:58:58.273+05:00,3.835905099
2021-11-03T21:58:58.784+05:00,12.40891929
2021-11-03T21:58:59.286+05:00,1.43920473
2021-11-03T21:58:59.788+05:00,2.0856445
2021-11-03T21:59:00.290+05:00,2.042110088
2021-11-03T21:59:00.791+05:00,10.54137452
2021-11-03T21:59:01.293+05:00,4.085297004
2021-11-03T21:59:01.795+05:00,16.8239229
2021-11-03T21:59:02.297+05:00,5.001733994
2021-11-03T21:59:02.798+05:00,21.90948544
2021-11-03T21:59:03.299+05:00,16.5026992
2021-11-03T21:59:03.800+05:00,17.47364031
2021-11-03T21:59:04.301+05:00,21.18904981
2021-11-03T21:59:04.802+05:00,28.36078395
2021-11-03T21:59:05.303+05:00,19.39295603
2021-11-03T21:59:05.804+05:00,26.36921817
2021-11-03T21:59:06.306+05:00,16.61924751
2021-11-03T21:59:06.807+05:00,16.67159837
2021-11-03T21:59:07.308+05:00,16.13880341
2021-11-03T21:59:07.809+05:00,16.97253898
2021-11-03T21:59:08.311+05:00,17.52709904
2021-11-03T21:59:08.812+05:00,15.91927699
2021-11-03T21:59:09.313+05:00,15.23256834
2021-11-03T21:59:09.813+05:00,18.13069002
2021-11-03T21:59:10.315+05:00,15.23520606
2021-11-03T21:59:10.816+05:00,17.3687687
2021-11-03T21:59:11.317+05:00,15.41771571
2021-11-03T21:59:11.818+05:00,15.47946601
2021-11-03T21:59:12.320+05:00,14.57509643
2021-11-03T21:59:12.821+05:00,14.72084519
2021-11-03T21:59:13.322+05:00,14.53854712
2021-11-03T21:59:13.823+05:00,14.48314657
2021-11-03T21:59:14.324+05:00,14.35871602
2021-11-03T21:59:14.825+05:00,14.16009409
2021-11-03T21:59:15.326+05:00,14.34832812
2021-11-03T21:59:15.827+05:00,15.23047275
2021-11-03T21:59:16.328+05:00,15.08709977
2021-11-03T21:59:16.829+05:00,14.54600391
2021-11-03T21:59:17.330+05:00,14.10519426
2021-11-03T21:59:17.830+05:00,16.92319756
2021-11-03T21:59:18.331+05:00,16.34096611
2021-11-03T21:59:18.837+05:00,14.23852595
2021-11-03T21:59:19.338+05:00,14.04563443
2021-11-03T21:59:19.839+05:00,14.48148754
2021-11-03T21:59:20.340+05:00,14.9789397
2021-11-03T21:59:20.841+05:00,14.25368164
2021-11-03T21:59:21.342+05:00,14.61360519
2021-11-03T21:59:21.845+05:00,14.9665262
2021-11-03T21:59:22.347+05:00,4.268982689
2021-11-03T21:59:22.849+05:00,2.359864678
2021-11-03T21:59:23.351+05:00,1.544154618
2021-11-03T21:59:23.853+05:00,1.057706656
2021-11-03T21:59:24.356+05:00,1.327597866
2021-11-03T21:59:24.857+05:00,15.18015244
2021-11-03T21:59:25.359+05:00,5.030741639
2021-11-03T21:59:25.860+05:00,11.09410542
2021-11-03T21:59:26.360+05:00,18.30391405
2021-11-03T21:59:26.861+05:00,30.01659125
2021-11-03T21:59:27.362+05:00,20.06469175
2021-11-03T21:59:27.863+05:00,10.76067716
2021-11-03T21:59:28.364+05:00,24.00949561
2021-11-03T21:59:28.865+05:00,19.38353155
2021-11-03T21:59:29.366+05:00,13.11435756
2021-11-03T21:59:29.867+05:00,10.65071445
2021-11-03T21:59:30.368+05:00,14.78542314
2021-11-03T21:59:30.869+05:00,10.01704477
2021-11-03T21:59:31.370+05:00,9.7902016
2021-11-03T21:59:31.871+05:00,12.04673461
2021-11-03T21:59:32.372+05:00,12.2438528
2021-11-03T21:59:32.873+05:00,9.367445129
2021-11-03T21:59:33.374+05:00,8.907723584
2021-11-03T21:59:33.875+05:00,8.521846606
2021-11-03T21:59:34.376+05:00,6.712410343
2021-11-03T21:59:34.877+05:00,7.037803283
2021-11-03T21:59:35.378+05:00,6.44398416
2021-11-03T21:59:35.879+05:00,7.182684652
2021-11-03T21:59:36.381+05:00,6.705731897
2021-11-03T21:59:36.883+05:00,8.12438945
2021-11-03T21:59:37.385+05:00,6.580388218
2021-11-03T21:59:37.887+05:00,6.116813663
2021-11-03T21:59:38.388+05:00,7.084580907
2021-11-03T21:59:38.889+05:00,6.5054926
2021-11-03T21:59:39.391+05:00,6.076672429
2021-11-03T21:59:39.899+05:00,8.493176872
2021-11-03T21:59:40.401+05:00,6.368076461
2021-11-03T21:59:40.902+05:00,7.857277365
2021-11-03T21:59:41.403+05:00,7.48873109
2021-11-03T21:59:41.906+05:00,6.729059297
2021-11-03T21:59:42.408+05:00,6.803668344
2021-11-03T21:59:42.910+05:00,7.755327359
2021-11-03T21:59:43.411+05:00,7.706894636
2021-11-03T21:59:43.913+05:00,6.847142841
2021-11-03T21:59:44.415+05:00,6.467026093
2021-11-03T21:59:44.917+05:00,14.1817689
2021-11-03T21:59:45.420+05:00,3.344365182
2021-11-03T21:59:45.922+05:00,1.849442521
2021-11-03T21:59:46.425+05:00,0.797170818
2021-11-03T21:59:46.928+05:00,1.53184949
2021-11-03T21:59:47.431+05:00,1.271924159
2021-11-03T21:59:47.932+05:00,15.30528204
2021-11-03T21:59:48.435+05:00,5.455237818
2021-11-03T21:59:48.936+05:00,15.13025073
2021-11-03T21:59:49.437+05:00,10.68689237
2021-11-03T21:59:49.938+05:00,11.72455402
2021-11-03T21:59:50.440+05:00,18.91386519
2021-11-03T21:59:50.941+05:00,6.928622622
2021-11-03T21:59:51.442+05:00,15.93635906
2021-11-03T21:59:51.943+05:00,7.643310434
2021-11-03T21:59:52.444+05:00,6.880939626
2021-11-03T21:59:52.947+05:00,8.085095833
2021-11-03T21:59:53.448+05:00,3.770661568
2021-11-03T21:59:53.950+05:00,5.123178023
2021-11-03T21:59:54.451+05:00,5.991535289
2021-11-03T21:59:54.953+05:00,6.19896003
2021-11-03T21:59:55.455+05:00,5.961835202
2021-11-03T21:59:55.957+05:00,4.524310656
2021-11-03T21:59:56.459+05:00,3.067349379
2021-11-03T21:59:56.961+05:00,6.112468211
2021-11-03T21:59:57.463+05:00,6.790536654
2021-11-03T21:59:57.964+05:00,7.843754981
2021-11-03T21:59:58.466+05:00,8.036825993
2021-11-03T21:59:58.969+05:00,3.595135909
2021-11-03T21:59:59.471+05:00,5.273777169
2021-11-03T21:59:59.973+05:00,6.059637023
2021-11-03T22:00:00.475+05:00,5.332100542
2021-11-03T22:00:00.984+05:00,7.881947397
2021-11-03T22:00:01.487+05:00,6.523750747
2021-11-03T22:00:01.989+05:00,6.900763601
2021-11-03T22:00:02.491+05:00,5.154074259
2021-11-03T22:00:02.992+05:00,5.232241269
2021-11-03T22:00:03.495+05:00,5.955979352
2021-11-03T22:00:03.997+05:00,6.605230996
2021-11-03T22:00:04.498+05:00,6.08321145
2021-11-03T22:00:04.999+05:00,7.892357935
2021-11-03T22:00:05.501+05:00,3.76885705
2021-11-03T22:00:06.002+05:00,8.955328418
2021-11-03T22:00:06.504+05:00,7.324265513
2021-11-03T22:00:07.006+05:00,7.266730441
2021-11-03T22:00:07.507+05:00,7.156218869
2021-11-03T22:00:08.008+05:00,11.37128373
2021-11-03T22:00:08.511+05:00,0.795124372
2021-11-03T22:00:09.014+05:00,1.873585049
2021-11-03T22:00:09.516+05:00,0.766244971
2021-11-03T22:00:10.018+05:00,2.577062473
2021-11-03T22:00:10.520+05:00,1.706243326
2021-11-03T22:00:11.022+05:00,17.15288483
2021-11-03T22:00:11.523+05:00,4.957694738
2021-11-03T22:00:12.024+05:00,11.92657424
2021-11-03T22:00:12.526+05:00,11.55093784
2021-11-03T22:00:13.027+05:00,20.5945737
2021-11-03T22:00:13.529+05:00,25.00653523
2021-11-03T22:00:14.030+05:00,26.32350119
2021-11-03T22:00:14.531+05:00,23.95395407
2021-11-03T22:00:15.033+05:00,24.37554496
2021-11-03T22:00:15.535+05:00,8.259086632
2021-11-03T22:00:16.037+05:00,5.787208911
2021-11-03T22:00:16.539+05:00,5.749657702
2021-11-03T22:00:17.041+05:00,10.79986321
2021-11-03T22:00:17.543+05:00,4.155365077
2021-11-03T22:00:18.045+05:00,3.631042166
2021-11-03T22:00:18.547+05:00,8.652783585
2021-11-03T22:00:19.049+05:00,3.371333899
2021-11-03T22:00:19.552+05:00,1.687288081
2021-11-03T22:00:20.053+05:00,2.113620885
2021-11-03T22:00:20.555+05:00,3.973961553
2021-11-03T22:00:21.058+05:00,1.63500347
2021-11-03T22:00:21.568+05:00,0.529158759
2021-11-03T22:00:22.071+05:00,2.235184429
2021-11-03T22:00:22.573+05:00,1.972142652
2021-11-03T22:00:23.076+05:00,1.128765852
2021-11-03T22:00:23.578+05:00,1.138722373
2021-11-03T22:00:24.081+05:00,0.783766169
2021-11-03T22:00:24.583+05:00,0.829749073
2021-11-03T22:00:25.086+05:00,0.191921946
2021-11-03T22:00:25.589+05:00,0.912642154
2021-11-03T22:00:26.091+05:00,0.658595622
2021-11-03T22:00:26.593+05:00,0.267533758
2021-11-03T22:00:27.096+05:00,0.649533031
2021-11-03T22:00:27.599+05:00,0.365673493
2021-11-03T22:00:28.102+05:00,0.4100045
2021-11-03T22:00:28.605+05:00,0.622395816
2021-11-03T22:00:29.107+05:00,3.576848845
2021-11-03T22:00:29.610+05:00,0.795644988
2021-11-03T22:00:30.113+05:00,0.547912254
2021-11-03T22:00:30.616+05:00,0.640609017
2021-11-03T22:00:31.119+05:00,9.46859821
2021-11-03T22:00:31.622+05:00,0.583994216
2021-11-03T22:00:32.124+05:00,2.435263635
2021-11-03T22:00:32.626+05:00,0.836890167
2021-11-03T22:00:33.129+05:00,2.821661971
2021-11-03T22:00:33.632+05:00,1.533386045
2021-11-03T22:00:34.134+05:00,15.79561266
2021-11-03T22:00:34.636+05:00,5.171909522
2021-11-03T22:00:35.136+05:00,20.80220237
2021-11-03T22:00:35.638+05:00,15.94083953
2021-11-03T22:00:36.139+05:00,8.775660064
2021-11-03T22:00:36.640+05:00,14.11726676
2021-11-03T22:00:37.141+05:00,10.61838414
2021-11-03T22:00:37.642+05:00,3.599194499
2021-11-03T22:00:38.143+05:00,1.307616687
2021-11-03T22:00:38.646+05:00,0.181502012
2021-11-03T22:00:39.148+05:00,3.069837716
2021-11-03T22:00:39.649+05:00,1.580453362
2021-11-03T22:00:40.152+05:00,2.126788144
2021-11-03T22:00:40.655+05:00,1.358651952
2021-11-03T22:00:41.158+05:00,6.867317592
2021-11-03T22:00:41.661+05:00,1.233247547
2021-11-03T22:00:42.164+05:00,1.607488799
2021-11-03T22:00:42.669+05:00,0.650376976
2021-11-03T22:00:43.170+05:00,1.560936734
2021-11-03T22:00:43.672+05:00,1.363954857
2021-11-03T22:00:44.175+05:00,0.258204103
2021-11-03T22:00:44.677+05:00,0.961879977
2021-11-03T22:00:45.180+05:00,1.155855947
2021-11-03T22:00:45.682+05:00,1.132789252
2021-11-03T22:00:46.183+05:00,0.854715931
2021-11-03T22:00:46.685+05:00,0.196871754
2021-11-03T22:00:47.188+05:00,0.078677427
2021-11-03T22:00:47.691+05:00,0.152111934
2021-11-03T22:00:48.192+05:00,0.778626619
2021-11-03T22:00:48.695+05:00,1.53377703
2021-11-03T22:00:49.197+05:00,0.278919482
2021-11-03T22:00:49.700+05:00,0.821104915
2021-11-03T22:00:50.202+05:00,0.401339604
2021-11-03T22:00:50.704+05:00,0.547881101
2021-11-03T22:00:51.207+05:00,4.993195532
2021-11-03T22:00:51.710+05:00,4.708563804
2021-11-03T22:00:52.212+05:00,3.125274293
2021-11-03T22:00:52.716+05:00,3.164162716
2021-11-03T22:00:53.218+05:00,0.914115727
2021-11-03T22:00:53.719+05:00,0.367667991
2021-11-03T22:00:54.222+05:00,14.54754864
2021-11-03T22:00:54.725+05:00,0.809982682
2021-11-03T22:00:55.228+05:00,2.008870409
2021-11-03T22:00:55.731+05:00,0.880911687
2021-11-03T22:00:56.234+05:00,1.401421346
2021-11-03T22:00:56.736+05:00,1.112860757
2021-11-03T22:00:57.239+05:00,15.38846079
2021-11-03T22:00:57.740+05:00,15.15036158
2021-11-03T22:00:58.241+05:00,18.82686407
2021-11-03T22:00:58.742+05:00,17.86318515
2021-11-03T22:00:59.243+05:00,25.17542715
2021-11-03T22:00:59.744+05:00,22.16998043
2021-11-03T22:01:00.245+05:00,17.47786204
2021-11-03T22:01:00.746+05:00,20.11225703
2021-11-03T22:01:01.247+05:00,33.14207443
2021-11-03T22:01:01.748+05:00,29.91095161
2021-11-03T22:01:02.250+05:00,36.60217346
2021-11-03T22:01:02.750+05:00,32.68024554
2021-11-03T22:01:03.252+05:00,21.38884637
2021-11-03T22:01:03.759+05:00,20.04823249
2021-11-03T22:01:04.260+05:00,22.07688902
2021-11-03T22:01:04.761+05:00,27.27143316
2021-11-03T22:01:05.263+05:00,33.58035844
2021-11-03T22:01:05.764+05:00,22.2328171
2021-11-03T22:01:06.265+05:00,19.21624079
2021-11-03T22:01:06.766+05:00,21.01304747
2021-11-03T22:01:07.267+05:00,24.63535901
2021-11-03T22:01:07.768+05:00,30.56033743
2021-11-03T22:01:08.270+05:00,40.3179848
2021-11-03T22:01:08.771+05:00,38.37454121
2021-11-03T22:01:09.273+05:00,22.5938386
2021-11-03T22:01:09.774+05:00,16.57455752
2021-11-03T22:01:10.275+05:00,10.43713618
2021-11-03T22:01:10.778+05:00,6.135160648
2021-11-03T22:01:11.280+05:00,5.551913728
2021-11-03T22:01:11.781+05:00,6.538295092
2021-11-03T22:01:12.282+05:00,4.874989193
2021-11-03T22:01:12.784+05:00,6.486919976
2021-11-03T22:01:13.285+05:00,8.874998054
2021-11-03T22:01:13.787+05:00,6.200464389
2021-11-03T22:01:14.289+05:00,3.912102893
2021-11-03T22:01:14.790+05:00,2.99213567
2021-11-03T22:01:15.291+05:00,11.32779383
2021-11-03T22:01:15.793+05:00,7.704227034
2021-11-03T22:01:16.296+05:00,6.942212769
2021-11-03T22:01:16.798+05:00,5.03201195
2021-11-03T22:01:17.300+05:00,19.8903895
2021-11-03T22:01:17.801+05:00,5.639920426
2021-11-03T22:01:18.304+05:00,3.101028232
2021-11-03T22:01:18.807+05:00,1.745132789
2021-11-03T22:01:19.310+05:00,1.549389611
2021-11-03T22:01:19.812+05:00,3.783249753
2021-11-03T22:01:20.313+05:00,16.95341703
2021-11-03T22:01:20.815+05:00,4.689097951
2021-11-03T22:01:21.316+05:00,4.836644333
2021-11-03T22:01:21.817+05:00,18.08693145
2021-11-03T22:01:22.319+05:00,5.680982323
2021-11-03T22:01:22.821+05:00,5.812532344
2021-11-03T22:01:23.322+05:00,10.85509238
2021-11-03T22:01:23.829+05:00,25.33350513
2021-11-03T22:01:24.330+05:00,30.21140748
2021-11-03T22:01:24.832+05:00,25.68563434
2021-11-03T22:01:25.333+05:00,28.15204701
2021-11-03T22:01:25.834+05:00,30.91855272
2021-11-03T22:01:26.336+05:00,20.94222986
2021-11-03T22:01:26.837+05:00,6.315377817
2021-11-03T22:01:27.340+05:00,5.008214218
2021-11-03T22:01:27.842+05:00,5.745034381
2021-11-03T22:01:28.344+05:00,5.532279392
2021-11-03T22:01:28.846+05:00,2.440037469
2021-11-03T22:01:29.348+05:00,2.928888618
2021-11-03T22:01:29.851+05:00,4.647775002
2021-11-03T22:01:30.353+05:00,3.713841137
2021-11-03T22:01:30.855+05:00,3.493000463
2021-11-03T22:01:31.357+05:00,2.910847474
2021-11-03T22:01:31.859+05:00,3.197808955
2021-11-03T22:01:32.362+05:00,3.413513132
2021-11-03T22:01:32.863+05:00,2.941833559
2021-11-03T22:01:33.366+05:00,8.319785751
2021-11-03T22:01:33.868+05:00,4.859384078
2021-11-03T22:01:34.370+05:00,6.991121762
2021-11-03T22:01:34.872+05:00,4.718863456
2021-11-03T22:01:35.374+05:00,4.728181071
2021-11-03T22:01:35.877+05:00,2.624106164
2021-11-03T22:01:36.379+05:00,4.059649946
2021-11-03T22:01:36.880+05:00,3.344089467
2021-11-03T22:01:37.382+05:00,2.116372111
2021-11-03T22:01:37.885+05:00,1.610653527
2021-11-03T22:01:38.388+05:00,7.564859217
2021-11-03T22:01:38.890+05:00,1.422809617
2021-11-03T22:01:39.393+05:00,1.79535925
2021-11-03T22:01:39.895+05:00,4.972406024
2021-11-03T22:01:40.396+05:00,11.55213473
2021-11-03T22:01:40.899+05:00,4.570839227
2021-11-03T22:01:41.400+05:00,2.356485137
2021-11-03T22:01:41.902+05:00,2.56649995
2021-11-03T22:01:42.404+05:00,2.180834625
2021-11-03T22:01:42.907+05:00,3.509826093
2021-11-03T22:01:43.410+05:00,16.27048384
2021-11-03T22:01:43.912+05:00,4.738265804
2021-11-03T22:01:44.414+05:00,4.67056316
2021-11-03T22:01:44.924+05:00,4.210686561
2021-11-03T22:01:45.425+05:00,15.47746925
2021-11-03T22:01:45.926+05:00,12.40567101
2021-11-03T22:01:46.427+05:00,22.17441869
2021-11-03T22:01:46.929+05:00,4.834426167
2021-11-03T22:01:47.432+05:00,2.77368666
2021-11-03T22:01:47.935+05:00,2.677346958
2021-11-03T22:01:48.437+05:00,2.27311536
2021-11-03T22:01:48.939+05:00,1.674193434
2021-11-03T22:01:49.441+05:00,3.878489431
2021-11-03T22:01:49.943+05:00,4.145295806
2021-11-03T22:01:50.446+05:00,2.602767903
2021-11-03T22:01:50.949+05:00,2.442746273
2021-11-03T22:01:51.451+05:00,3.742166842
2021-11-03T22:01:51.954+05:00,1.697467715
2021-11-03T22:01:52.456+05:00,4.216070509
2021-11-03T22:01:52.958+05:00,2.552522884
2021-11-03T22:01:53.460+05:00,3.523738726
2021-11-03T22:01:53.963+05:00,1.385740697
2021-11-03T22:01:54.466+05:00,5.289435861
2021-11-03T22:01:54.967+05:00,5.281222826
2021-11-03T22:01:55.469+05:00,2.85962235
2021-11-03T22:01:55.972+05:00,1.1319936
2021-11-03T22:01:56.475+05:00,0.730815993
2021-11-03T22:01:56.978+05:00,1.885856685
2021-11-03T22:01:57.479+05:00,2.098218974
2021-11-03T22:01:57.982+05:00,3.158339525
2021-11-03T22:01:58.484+05:00,1.55655028
2021-11-03T22:01:58.987+05:00,1.597583396
2021-11-03T22:01:59.490+05:00,0.829030478
2021-11-03T22:01:59.993+05:00,1.633597432
2021-11-03T22:02:00.496+05:00,2.434845191
2021-11-03T22:02:00.997+05:00,11.871547
2021-11-03T22:02:01.499+05:00,3.693505634
2021-11-03T22:02:02.001+05:00,2.295994174
2021-11-03T22:02:02.504+05:00,0.292349627
2021-11-03T22:02:03.005+05:00,10.03751767
2021-11-03T22:02:03.508+05:00,7.076894876
2021-11-03T22:02:04.009+05:00,1.948594826
2021-11-03T22:02:04.512+05:00,1.897184731
2021-11-03T22:02:05.014+05:00,3.94974863
2021-11-03T22:02:05.517+05:00,1.562373032
2021-11-03T22:02:06.026+05:00,5.334011907
2021-11-03T22:02:06.528+05:00,14.29374859
2021-11-03T22:02:07.029+05:00,5.103887121
2021-11-03T22:02:07.531+05:00,4.872110488
2021-11-03T22:02:08.032+05:00,15.3161601
2021-11-03T22:02:08.533+05:00,20.49128596
2021-11-03T22:02:09.035+05:00,20.77040202
2021-11-03T22:02:09.536+05:00,16.18788909
2021-11-03T22:02:10.038+05:00,10.46115284
2021-11-03T22:02:10.539+05:00,7.496567347
2021-11-03T22:02:11.042+05:00,5.995607931
2021-11-03T22:02:11.544+05:00,5.748799255
2021-11-03T22:02:12.046+05:00,4.6777575
2021-11-03T22:02:12.548+05:00,5.727851394
2021-11-03T22:02:13.049+05:00,4.652466778
2021-11-03T22:02:13.550+05:00,4.677551372
2021-11-03T22:02:14.052+05:00,7.057591262
2021-11-03T22:02:14.554+05:00,4.778312581
2021-11-03T22:02:15.056+05:00,5.989185844
2021-11-03T22:02:15.558+05:00,5.174396296
2021-11-03T22:02:16.059+05:00,5.189111528
2021-11-03T22:02:16.560+05:00,5.712469769
2021-11-03T22:02:17.062+05:00,5.639434601
2021-11-03T22:02:17.565+05:00,5.720280652
2021-11-03T22:02:18.067+05:00,5.865410114
2021-11-03T22:02:18.569+05:00,5.672666665
2021-11-03T22:02:19.072+05:00,5.842282421
2021-11-03T22:02:19.573+05:00,5.764432543
2021-11-03T22:02:20.075+05:00,4.238144787
2021-11-03T22:02:20.577+05:00,4.681041068
2021-11-03T22:02:21.079+05:00,5.702793273
2021-11-03T22:02:21.581+05:00,5.680109085
2021-11-03T22:02:22.083+05:00,5.713912959
2021-11-03T22:02:22.585+05:00,5.553010348
2021-11-03T22:02:23.087+05:00,5.912423375
2021-11-03T22:02:23.589+05:00,6.048277074
2021-11-03T22:02:24.091+05:00,5.774901658
2021-11-03T22:02:24.593+05:00,8.022565572
2021-11-03T22:02:25.095+05:00,8.370754172
2021-11-03T22:02:25.597+05:00,5.787128223
2021-11-03T22:02:26.103+05:00,9.07376939
2021-11-03T22:02:26.606+05:00,9.562098271
2021-11-03T22:02:27.108+05:00,1.598395191
2021-11-03T22:02:27.610+05:00,2.281981985
2021-11-03T22:02:28.112+05:00,1.082748802
2021-11-03T22:02:28.615+05:00,2.507587737
2021-11-03T22:02:29.116+05:00,5.920130844
2021-11-03T22:02:29.618+05:00,13.85457261
2021-11-03T22:02:30.119+05:00,4.557752212
2021-11-03T22:02:30.620+05:00,20.44812068
2021-11-03T22:02:31.121+05:00,19.2062622
2021-11-03T22:02:31.622+05:00,12.09279182
2021-11-03T22:02:32.125+05:00,3.493780788
2021-11-03T22:02:32.628+05:00,2.900417927
2021-11-03T22:02:33.131+05:00,2.962689527
2021-11-03T22:02:33.634+05:00,1.794378802
2021-11-03T22:02:34.137+05:00,3.644433876
2021-11-03T22:02:34.639+05:00,3.488419735
2021-11-03T22:02:35.142+05:00,1.791331738
2021-11-03T22:02:35.644+05:00,2.425204747
2021-11-03T22:02:36.145+05:00,4.749623943
2021-11-03T22:02:36.647+05:00,3.876351767
2021-11-03T22:02:37.150+05:00,1.14371178
2021-11-03T22:02:37.653+05:00,1.886846908
2021-11-03T22:02:38.155+05:00,1.719888769
2021-11-03T22:02:38.658+05:00,2.074310694
2021-11-03T22:02:39.159+05:00,5.449879868
2021-11-03T22:02:39.662+05:00,1.246882477
2021-11-03T22:02:40.163+05:00,4.495713668
2021-11-03T22:02:40.666+05:00,2.979171577
2021-11-03T22:02:41.168+05:00,1.345247393
2021-11-03T22:02:41.671+05:00,1.946710539
2021-11-03T22:02:42.174+05:00,1.222445497
2021-11-03T22:02:42.677+05:00,1.910489387
2021-11-03T22:02:43.180+05:00,1.572379413
2021-11-03T22:02:43.682+05:00,1.66954458
2021-11-03T22:02:44.184+05:00,1.463097582
2021-11-03T22:02:44.687+05:00,1.551700039
2021-11-03T22:02:45.188+05:00,1.73254937
2021-11-03T22:02:45.690+05:00,2.407008551
2021-11-03T22:02:46.193+05:00,1.655224874
2021-11-03T22:02:46.696+05:00,3.118859925
2021-11-03T22:02:47.208+05:00,0.400153555
2021-11-03T22:02:47.710+05:00,3.925290133
2021-11-03T22:02:48.213+05:00,1.519561801
2021-11-03T22:02:48.716+05:00,1.525275664
2021-11-03T22:02:49.219+05:00,10.77833348
2021-11-03T22:02:49.721+05:00,4.750903467
2021-11-03T22:02:50.223+05:00,2.515980605
2021-11-03T22:02:50.726+05:00,1.594948297
2021-11-03T22:02:51.228+05:00,1.872773404
2021-11-03T22:02:51.730+05:00,1.275165538
2021-11-03T22:02:52.231+05:00,6.820897051
2021-11-03T22:02:52.733+05:00,13.77778306
2021-11-03T22:02:53.235+05:00,4.88752886
2021-11-03T22:02:53.738+05:00,4.920590785
2021-11-03T22:02:54.240+05:00,4.556143767
2021-11-03T22:02:54.741+05:00,14.10201795
2021-11-03T22:02:55.242+05:00,17.4507845
2021-11-03T22:02:55.743+05:00,13.5756616
2021-11-03T22:02:56.244+05:00,17.61005996
2021-11-03T22:02:56.746+05:00,5.968189749
2021-11-03T22:02:57.249+05:00,5.334222977
2021-11-03T22:02:57.750+05:00,14.35428721
2021-11-03T22:02:58.251+05:00,25.49778784
2021-11-03T22:02:58.752+05:00,10.09676617
2021-11-03T22:02:59.253+05:00,29.78785633
2021-11-03T22:02:59.754+05:00,32.05305827
2021-11-03T22:03:00.256+05:00,23.49379651
2021-11-03T22:03:00.757+05:00,19.09835721
2021-11-03T22:03:01.258+05:00,29.68860166
2021-11-03T22:03:01.760+05:00,23.51058604
2021-11-03T22:03:02.260+05:00,35.99241341
2021-11-03T22:03:02.761+05:00,27.30466926
2021-11-03T22:03:03.262+05:00,28.83471336
2021-11-03T22:03:03.764+05:00,16.54612878
2021-11-03T22:03:04.266+05:00,9.669468788
2021-11-03T22:03:04.767+05:00,7.051111816
2021-11-03T22:03:05.268+05:00,14.09267217
2021-11-03T22:03:05.769+05:00,12.48270026
2021-11-03T22:03:06.270+05:00,16.99596595
2021-11-03T22:03:06.771+05:00,22.62368602
2021-11-03T22:03:07.273+05:00,20.27777823
2021-11-03T22:03:07.775+05:00,8.506268558
2021-11-03T22:03:08.283+05:00,6.588852132
2021-11-03T22:03:08.785+05:00,5.854656575
2021-11-03T22:03:09.288+05:00,5.814342112
2021-11-03T22:03:09.790+05:00,4.996653578
2021-11-03T22:03:10.291+05:00,7.226429673
2021-11-03T22:03:10.792+05:00,7.188309685
2021-11-03T22:03:11.294+05:00,5.115561925
2021-11-03T22:03:11.796+05:00,4.777820247
2021-11-03T22:03:12.297+05:00,15.18161149
2021-11-03T22:03:12.799+05:00,8.827446543
2021-11-03T22:03:13.301+05:00,4.476640004
2021-11-03T22:03:13.803+05:00,3.670015958
2021-11-03T22:03:14.305+05:00,0.83453226
2021-11-03T22:03:14.806+05:00,2.103838523
2021-11-03T22:03:15.307+05:00,8.096170906
2021-11-03T22:03:15.809+05:00,20.82320125
2021-11-03T22:03:16.311+05:00,3.866443975
2021-11-03T22:03:16.813+05:00,7.991484959
2021-11-03T22:03:17.314+05:00,4.628088284
2021-11-03T22:03:17.816+05:00,1.338925928
2021-11-03T22:03:18.319+05:00,0.709727064
2021-11-03T22:03:18.822+05:00,1.06443216
2021-11-03T22:03:19.326+05:00,0.848683907
2021-11-03T22:03:19.829+05:00,1.214005
2021-11-03T22:03:20.332+05:00,0.709016533
2021-11-03T22:03:20.835+05:00,0.406249716
2021-11-03T22:03:21.337+05:00,0.793405814
2021-11-03T22:03:21.839+05:00,6.268636773
2021-11-03T22:03:22.340+05:00,3.318445724
2021-11-03T22:03:22.841+05:00,1.995192591
2021-11-03T22:03:23.342+05:00,2.379969145
2021-11-03T22:03:23.844+05:00,1.201927581
2021-11-03T22:03:24.347+05:00,0.191984832
2021-11-03T22:03:24.850+05:00,0.600581672
2021-11-03T22:03:25.352+05:00,1.607206277
2021-11-03T22:03:25.854+05:00,1.992360644
2021-11-03T22:03:26.357+05:00,0.74171454
2021-11-03T22:03:26.859+05:00,1.196215952
2021-11-03T22:03:27.361+05:00,0.249392825
2021-11-03T22:03:27.862+05:00,0.209452717
2021-11-03T22:03:28.374+05:00,0.294717614
2021-11-03T22:03:28.877+05:00,0.103997954
2021-11-03T22:03:29.379+05:00,0.498292625
2021-11-03T22:03:29.882+05:00,0.400701795
2021-11-03T22:03:30.385+05:00,0.555054602
2021-11-03T22:03:30.887+05:00,3.125306256
2021-11-03T22:03:31.389+05:00,0.389356149
2021-11-03T22:03:31.892+05:00,0.221925823
2021-11-03T22:03:32.394+05:00,0.444278861
2021-11-03T22:03:32.897+05:00,0.054359688
2021-11-03T22:03:33.400+05:00,1.398990535
2021-11-03T22:03:33.903+05:00,2.642048806
2021-11-03T22:03:34.405+05:00,0.401217295
2021-11-03T22:03:34.908+05:00,0.118294757
2021-11-03T22:03:35.410+05:00,14.31897739
2021-11-03T22:03:35.912+05:00,7.646945666
2021-11-03T22:03:36.415+05:00,4.731484672
2021-11-03T22:03:36.917+05:00,1.557144315
2021-11-03T22:03:37.420+05:00,1.085152051
2021-11-03T22:03:37.922+05:00,1.730112619
2021-11-03T22:03:38.423+05:00,8.175275475
2021-11-03T22:03:38.925+05:00,12.06135563
2021-11-03T22:03:39.428+05:00,4.812077548
2021-11-03T22:03:39.930+05:00,5.021048249
2021-11-03T22:03:40.431+05:00,19.2440403
2021-11-03T22:03:40.933+05:00,8.042847204
2021-11-03T22:03:41.435+05:00,4.215645575
2021-11-03T22:03:41.937+05:00,5.450180771
2021-11-03T22:03:42.438+05:00,6.377378001
2021-11-03T22:03:42.939+05:00,12.64481617
2021-11-03T22:03:43.440+05:00,15.71089566
2021-11-03T22:03:43.941+05:00,16.70451523
2021-11-03T22:03:44.443+05:00,6.843315321
2021-11-03T22:03:44.945+05:00,5.708247758
2021-11-03T22:03:45.447+05:00,5.482049722
2021-11-03T22:03:45.948+05:00,6.21792995
2021-11-03T22:03:46.450+05:00,8.262035113
2021-11-03T22:03:46.952+05:00,16.39616067
2021-11-03T22:03:47.453+05:00,9.237563566
2021-11-03T22:03:47.959+05:00,21.2744267
2021-11-03T22:03:48.460+05:00,34.1570136
2021-11-03T22:03:48.961+05:00,35.74357879
2021-11-03T22:03:49.462+05:00,31.62910607
2021-11-03T22:03:49.963+05:00,21.9607419
2021-11-03T22:03:50.465+05:00,14.81852596
2021-11-03T22:03:50.967+05:00,4.63329725
2021-11-03T22:03:51.469+05:00,3.915810477
2021-11-03T22:03:51.972+05:00,5.056428365
2021-11-03T22:03:52.474+05:00,9.326327968
2021-11-03T22:03:52.976+05:00,4.903226554
2021-11-03T22:03:53.479+05:00,3.870803967
2021-11-03T22:03:53.981+05:00,4.07976318
2021-11-03T22:03:54.484+05:00,4.234062791
2021-11-03T22:03:54.987+05:00,1.132393127
2021-11-03T22:03:55.489+05:00,3.227811529
2021-11-03T22:03:55.990+05:00,4.486278646
2021-11-03T22:03:56.491+05:00,8.776432168
2021-11-03T22:03:56.994+05:00,3.283533348
2021-11-03T22:03:57.495+05:00,7.050957949
2021-11-03T22:03:57.997+05:00,15.00130168
2021-11-03T22:03:58.498+05:00,15.93912701
2021-11-03T22:03:59.001+05:00,7.013406491
2021-11-03T22:03:59.503+05:00,2.271035409
2021-11-03T22:04:00.005+05:00,1.209497901
2021-11-03T22:04:00.507+05:00,2.281495638
2021-11-03T22:04:01.009+05:00,6.174235594
2021-11-03T22:04:01.510+05:00,8.781215465
2021-11-03T22:04:02.012+05:00,11.44836381
2021-11-03T22:04:02.514+05:00,4.328104633
2021-11-03T22:04:03.015+05:00,17.67939924
2021-11-03T22:04:03.517+05:00,13.79352801
2021-11-03T22:04:04.018+05:00,23.83318156
2021-11-03T22:04:04.519+05:00,12.66250563
2021-11-03T22:04:05.020+05:00,11.22544329
2021-11-03T22:04:05.521+05:00,17.27836356
2021-11-03T22:04:06.023+05:00,22.98558043
2021-11-03T22:04:06.525+05:00,19.4454143
2021-11-03T22:04:07.027+05:00,13.07433936
2021-11-03T22:04:07.529+05:00,12.72132039
2021-11-03T22:04:08.031+05:00,11.60590018
2021-11-03T22:04:08.532+05:00,11.61978124
2021-11-03T22:04:09.040+05:00,20.98708319
2021-11-03T22:04:09.541+05:00,20.71174056
2021-11-03T22:04:10.042+05:00,22.973099
2021-11-03T22:04:10.544+05:00,10.18481607
2021-11-03T22:04:11.046+05:00,13.80572684
2021-11-03T22:04:11.547+05:00,13.36791484
2021-11-03T22:04:12.049+05:00,9.048229711
2021-11-03T22:04:12.551+05:00,8.941716326
2021-11-03T22:04:13.052+05:00,11.59232178
2021-11-03T22:04:13.553+05:00,9.661431413
2021-11-03T22:04:14.055+05:00,9.661466514
2021-11-03T22:04:14.556+05:00,9.501088589
2021-11-03T22:04:15.058+05:00,9.751802537
2021-11-03T22:04:15.560+05:00,11.18968957
2021-11-03T22:04:16.062+05:00,11.17811177
2021-11-03T22:04:16.563+05:00,11.99432259
2021-11-03T22:04:17.064+05:00,9.871782504
2021-11-03T22:04:17.566+05:00,11.2150287
2021-11-03T22:04:18.067+05:00,9.822863618
2021-11-03T22:04:18.569+05:00,9.464478311
2021-11-03T22:04:19.070+05:00,9.676425885
2021-11-03T22:04:19.572+05:00,9.017736792
2021-11-03T22:04:20.073+05:00,10.06926107
2021-11-03T22:04:20.574+05:00,13.83985632
2021-11-03T22:04:21.075+05:00,12.07993016
2021-11-03T22:04:21.577+05:00,14.11095691
2021-11-03T22:04:22.079+05:00,3.825149455
2021-11-03T22:04:22.581+05:00,2.216090682
2021-11-03T22:04:23.084+05:00,1.325022435
2021-11-03T22:04:23.586+05:00,1.494448152
2021-11-03T22:04:24.089+05:00,1.468424033
2021-11-03T22:04:24.590+05:00,9.13167058
2021-11-03T22:04:25.092+05:00,10.96223802
2021-11-03T22:04:25.594+05:00,4.60838431
2021-11-03T22:04:26.095+05:00,15.00513386
2021-11-03T22:04:26.596+05:00,21.76680831
2021-11-03T22:04:27.097+05:00,22.77052585
2021-11-03T22:04:27.599+05:00,22.48266778
2021-11-03T22:04:28.100+05:00,22.23452968
2021-11-03T22:04:28.601+05:00,9.740282177
2021-11-03T22:04:29.108+05:00,13.81420247
2021-11-03T22:04:29.609+05:00,16.31720064
2021-11-03T22:04:30.110+05:00,8.748938197
2021-11-03T22:04:30.611+05:00,9.26495536
2021-11-03T22:04:31.112+05:00,29.30084474
2021-11-03T22:04:31.614+05:00,21.62481454
2021-11-03T22:04:32.114+05:00,19.38980031
2021-11-03T22:04:32.616+05:00,9.466913027
2021-11-03T22:04:33.117+05:00,10.29616977
2021-11-03T22:04:33.618+05:00,12.99649082
2021-11-03T22:04:34.120+05:00,7.438947232
2021-11-03T22:04:34.621+05:00,5.673764342
2021-11-03T22:04:35.122+05:00,4.048796872
2021-11-03T22:04:35.625+05:00,3.367454549
2021-11-03T22:04:36.126+05:00,5.496400902
2021-11-03T22:04:36.627+05:00,7.905169438
2021-11-03T22:04:37.128+05:00,11.18226487
2021-11-03T22:04:37.629+05:00,7.469442387
2021-11-03T22:04:38.130+05:00,6.165609451
2021-11-03T22:04:38.631+05:00,5.192341721
2021-11-03T22:04:39.132+05:00,5.488854563
2021-11-03T22:04:39.634+05:00,4.767763916
2021-11-03T22:04:40.135+05:00,4.341166688
2021-11-03T22:04:40.637+05:00,5.088764583
2021-11-03T22:04:41.140+05:00,5.082650792
2021-11-03T22:04:41.641+05:00,4.071594765
2021-11-03T22:04:42.144+05:00,3.248792517
2021-11-03T22:04:42.645+05:00,8.991223797
2021-11-03T22:04:43.148+05:00,3.507556064
2021-11-03T22:04:43.650+05:00,3.68531706
2021-11-03T22:04:44.153+05:00,2.5483452
2021-11-03T22:04:44.654+05:00,16.04743061
2021-11-03T22:04:45.157+05:00,8.83565474
2021-11-03T22:04:45.658+05:00,4.912060486
2021-11-03T22:04:46.161+05:00,1.247075367
2021-11-03T22:04:46.664+05:00,3.660258895
2021-11-03T22:04:47.167+05:00,1.997815555
2021-11-03T22:04:47.668+05:00,11.59762133
2021-11-03T22:04:48.170+05:00,10.23062598
2021-11-03T22:04:48.672+05:00,4.890273584
2021-11-03T22:04:49.182+05:00,17.94906216
2021-11-03T22:04:49.683+05:00,8.754953748
2021-11-03T22:04:50.184+05:00,21.50384081
2021-11-03T22:04:50.685+05:00,5.722778454
2021-11-03T22:04:51.187+05:00,5.381615178
2021-11-03T22:04:51.689+05:00,2.483686322
2021-11-03T22:04:52.192+05:00,2.948375329
2021-11-03T22:04:52.694+05:00,3.743742774
2021-11-03T22:04:53.195+05:00,3.884619711
2021-11-03T22:04:53.698+05:00,3.525529251
2021-11-03T22:04:54.201+05:00,1.878914839
2021-11-03T22:04:54.703+05:00,4.096850257
2021-11-03T22:04:55.206+05:00,4.295492181
2021-11-03T22:04:55.708+05:00,2.649443784
2021-11-03T22:04:56.211+05:00,7.789161689
2021-11-03T22:04:56.713+05:00,3.046374558
2021-11-03T22:04:57.215+05:00,3.564691027
2021-11-03T22:04:57.718+05:00,2.798855858
2021-11-03T22:04:58.220+05:00,1.970816093
2021-11-03T22:04:58.723+05:00,1.57282192
2021-11-03T22:04:59.225+05:00,2.868533285
2021-11-03T22:04:59.727+05:00,2.74119733
2021-11-03T22:05:00.230+05:00,3.13734238
2021-11-03T22:05:00.732+05:00,2.688537651
2021-11-03T22:05:01.235+05:00,6.508552486
2021-11-03T22:05:01.738+05:00,2.517649087
2021-11-03T22:05:02.240+05:00,2.331063303
2021-11-03T22:05:02.742+05:00,2.888660013
2021-11-03T22:05:03.244+05:00,3.094310996
2021-11-03T22:05:03.747+05:00,2.827680673
2021-11-03T22:05:04.249+05:00,5.371512934
2021-11-03T22:05:04.751+05:00,4.659949432
2021-11-03T22:05:05.252+05:00,6.954211737
2021-11-03T22:05:05.753+05:00,4.939821137
2021-11-03T22:05:06.254+05:00,4.668084746
2021-11-03T22:05:06.757+05:00,2.698476332
2021-11-03T22:05:07.259+05:00,3.190748682
2021-11-03T22:05:07.762+05:00,11.51761044
2021-11-03T22:05:08.265+05:00,2.300765493
2021-11-03T22:05:08.767+05:00,1.75517211
2021-11-03T22:05:09.270+05:00,1.993331025
2021-11-03T22:05:09.773+05:00,2.121207513
2021-11-03T22:05:10.281+05:00,1.151308721
2021-11-03T22:05:10.782+05:00,13.53375298
2021-11-03T22:05:11.285+05:00,16.54309988
2021-11-03T22:05:11.787+05:00,3.50394028
2021-11-03T22:05:12.288+05:00,6.122028767
2021-11-03T22:05:12.791+05:00,0.373753078
2021-11-03T22:05:13.292+05:00,1.970927104
2021-11-03T22:05:13.794+05:00,1.81380911
2021-11-03T22:05:14.297+05:00,0.949835766
2021-11-03T22:05:14.799+05:00,1.074091675
2021-11-03T22:05:15.302+05:00,0.713835729
2021-11-03T22:05:15.805+05:00,0.672932017
2021-11-03T22:05:16.308+05:00,2.738392592
2021-11-03T22:05:16.811+05:00,0.464285777
2021-11-03T22:05:17.313+05:00,5.934714027
2021-11-03T22:05:17.814+05:00,3.537037859
2021-11-03T22:05:18.316+05:00,0.631348277
2021-11-03T22:05:18.819+05:00,1.242592296
2021-11-03T22:05:19.322+05:00,0.964444089
2021-11-03T22:05:19.825+05:00,0.285269719
2021-11-03T22:05:20.328+05:00,1.705808257
2021-11-03T22:05:20.831+05:00,0.360244152
2021-11-03T22:05:21.333+05:00,2.182873368
2021-11-03T22:05:21.836+05:00,0.167320367
2021-11-03T22:05:22.340+05:00,0.821127604
2021-11-03T22:05:22.842+05:00,0.183982737
2021-11-03T22:05:23.345+05:00,1.187144402
2021-11-03T22:05:23.848+05:00,0.513753425
2021-11-03T22:05:24.351+05:00,0.120256736
2021-11-03T22:05:24.853+05:00,0.468500379
2021-11-03T22:05:25.355+05:00,0.64159244
2021-11-03T22:05:25.858+05:00,0.218291751
2021-11-03T22:05:26.361+05:00,3.061539227
2021-11-03T22:05:26.864+05:00,0.061257745
2021-11-03T22:05:27.367+05:00,0.24365752
2021-11-03T22:05:27.870+05:00,0
2021-11-03T22:05:28.373+05:00,0.361418381
2021-11-03T22:05:28.875+05:00,3.186803103
2021-11-03T22:05:29.377+05:00,0.45822957
2021-11-03T22:05:29.880+05:00,0.005898157
2021-11-03T22:05:30.382+05:00,0.719353662
2021-11-03T22:05:30.884+05:00,10.39385891
2021-11-03T22:05:31.396+05:00,0.24214504
2021-11-03T22:05:31.899+05:00,2.091589315
2021-11-03T22:05:32.402+05:00,0.824065724
2021-11-03T22:05:32.905+05:00,0.927259313
2021-11-03T22:05:33.408+05:00,1.422014926
2021-11-03T22:05:33.909+05:00,15.47906192
2021-11-03T22:05:34.411+05:00,6.337264539
2021-11-03T22:05:34.913+05:00,4.810001985
2021-11-03T22:05:35.414+05:00,14.34990568
2021-11-03T22:05:35.916+05:00,6.185194107
2021-11-03T22:05:36.418+05:00,6.046499068
2021-11-03T22:05:36.920+05:00,16.9079954
2021-11-03T22:05:37.422+05:00,16.38023007
2021-11-03T22:05:37.922+05:00,22.29888278
2021-11-03T22:05:38.423+05:00,22.51713742
2021-11-03T22:05:38.924+05:00,30.96435629
2021-11-03T22:05:39.426+05:00,17.50127386
2021-11-03T22:05:39.927+05:00,22.81520317
2021-11-03T22:05:40.428+05:00,16.62649027
2021-11-03T22:05:40.929+05:00,24.61637199
2021-11-03T22:05:41.430+05:00,25.29405666
2021-11-03T22:05:41.931+05:00,23.24913521
2021-11-03T22:05:42.432+05:00,19.07861999
2021-11-03T22:05:42.933+05:00,10.37698114
2021-11-03T22:05:43.434+05:00,9.799569371
2021-11-03T22:05:43.936+05:00,9.091211937
2021-11-03T22:05:44.437+05:00,8.271203286
2021-11-03T22:05:44.939+05:00,8.242264759
2021-11-03T22:05:45.440+05:00,9.421083634
2021-11-03T22:05:45.941+05:00,7.937933507
2021-11-03T22:05:46.443+05:00,7.357200785
2021-11-03T22:05:46.944+05:00,8.120098865
2021-11-03T22:05:47.446+05:00,7.408575805
2021-11-03T22:05:47.948+05:00,8.019500294
2021-11-03T22:05:48.450+05:00,7.302092594
2021-11-03T22:05:48.952+05:00,10.87069248
2021-11-03T22:05:49.453+05:00,6.368244414
2021-11-03T22:05:49.955+05:00,6.559049054
2021-11-03T22:05:50.457+05:00,6.526005543
2021-11-03T22:05:50.959+05:00,6.696100252
2021-11-03T22:05:51.460+05:00,7.447863357
2021-11-03T22:05:51.965+05:00,8.250191159
2021-11-03T22:05:52.466+05:00,8.434488077
2021-11-03T22:05:52.968+05:00,6.572186387
2021-11-03T22:05:53.471+05:00,6.313052625
2021-11-03T22:05:53.972+05:00,16.18234328
2021-11-03T22:05:54.475+05:00,5.025893253
2021-11-03T22:05:54.977+05:00,2.250840904
2021-11-03T22:05:55.481+05:00,0.872425306
2021-11-03T22:05:55.984+05:00,1.5532835
2021-11-03T22:05:56.485+05:00,2.412674966
2021-11-03T22:05:56.986+05:00,15.68045476
2021-11-03T22:05:57.487+05:00,6.469629155
2021-11-03T22:05:57.988+05:00,4.616586172
2021-11-03T22:05:58.491+05:00,3.878695018
2021-11-03T22:05:58.992+05:00,17.90839117
2021-11-03T22:05:59.493+05:00,10.89224585
2021-11-03T22:05:59.995+05:00,17.33751801
2021-11-03T22:06:00.496+05:00,12.72115182
2021-11-03T22:06:00.999+05:00,7.009143133
2021-11-03T22:06:01.501+05:00,3.443292536
2021-11-03T22:06:02.003+05:00,2.482971224
2021-11-03T22:06:02.505+05:00,3.846715711
2021-11-03T22:06:03.006+05:00,3.73602655
2021-11-03T22:06:03.508+05:00,3.820536313
2021-11-03T22:06:04.011+05:00,3.055658334
2021-11-03T22:06:04.513+05:00,2.915191915
2021-11-03T22:06:05.015+05:00,4.299524467
2021-11-03T22:06:05.517+05:00,2.603304141
2021-11-03T22:06:06.020+05:00,3.982697895
2021-11-03T22:06:06.522+05:00,2.343293644
2021-11-03T22:06:07.023+05:00,3.233672364
2021-11-03T22:06:07.524+05:00,3.289748483
2021-11-03T22:06:08.026+05:00,5.425581563
2021-11-03T22:06:08.529+05:00,2.596559188
2021-11-03T22:06:09.031+05:00,3.014096251
2021-11-03T22:06:09.533+05:00,1.620761492
2021-11-03T22:06:10.035+05:00,3.684248056
2021-11-03T22:06:10.535+05:00,3.20527177
2021-11-03T22:06:11.038+05:00,3.402102687
2021-11-03T22:06:11.540+05:00,2.199879768
2021-11-03T22:06:12.041+05:00,4.108868778
2021-11-03T22:06:12.544+05:00,3.767090253
2021-11-03T22:06:13.057+05:00,2.085783311
2021-11-03T22:06:13.559+05:00,1.816028942
2021-11-03T22:06:14.061+05:00,2.375327066
2021-11-03T22:06:14.564+05:00,2.552283741
2021-11-03T22:06:15.065+05:00,4.45364491
2021-11-03T22:06:15.568+05:00,4.029186643
2021-11-03T22:06:16.070+05:00,5.97144969
2021-11-03T22:06:16.573+05:00,4.820674593
2021-11-03T22:06:17.076+05:00,11.3287049
2021-11-03T22:06:17.579+05:00,1.173638549
2021-11-03T22:06:18.081+05:00,2.461591563
2021-11-03T22:06:18.584+05:00,0.870569233
2021-11-03T22:06:19.087+05:00,1.069271204
2021-11-03T22:06:19.590+05:00,1.56934598
2021-11-03T22:06:20.091+05:00,14.70090937
2021-11-03T22:06:20.594+05:00,5.315309535
2021-11-03T22:06:21.096+05:00,4.915462855
2021-11-03T22:06:21.597+05:00,20.25437961
2021-11-03T22:06:22.098+05:00,6.464063824
2021-11-03T22:06:22.601+05:00,4.836599901
2021-11-03T22:06:23.102+05:00,5.095788948
2021-11-03T22:06:23.604+05:00,10.92183522
2021-11-03T22:06:24.106+05:00,6.10501496
2021-11-03T22:06:24.608+05:00,5.724860469
2021-11-03T22:06:25.110+05:00,4.032927346
2021-11-03T22:06:25.611+05:00,14.51777527
2021-11-03T22:06:26.113+05:00,20.3656492
2021-11-03T22:06:26.615+05:00,10.39148416
2021-11-03T22:06:27.117+05:00,13.37270025
2021-11-03T22:06:27.618+05:00,20.27606357
2021-11-03T22:06:28.120+05:00,10.33159356
2021-11-03T22:06:28.621+05:00,9.937530485
2021-11-03T22:06:29.122+05:00,8.733837292
2021-11-03T22:06:29.624+05:00,7.388648189
2021-11-03T22:06:30.125+05:00,6.916207766
2021-11-03T22:06:30.628+05:00,7.456517229
2021-11-03T22:06:31.130+05:00,5.807982821
2021-11-03T22:06:31.632+05:00,7.045206763
2021-11-03T22:06:32.135+05:00,22.17588242
2021-11-03T22:06:32.637+05:00,6.668700175
2021-11-03T22:06:33.139+05:00,4.926314404
2021-11-03T22:06:33.642+05:00,6.622049554
2021-11-03T22:06:34.151+05:00,3.976626834
2021-11-03T22:06:34.652+05:00,4.271424551
2021-11-03T22:06:35.154+05:00,9.426822654
2021-11-03T22:06:35.656+05:00,7.113770049
2021-11-03T22:06:36.158+05:00,5.602103563
2021-11-03T22:06:36.660+05:00,6.450685499
2021-11-03T22:06:37.162+05:00,4.571841804
2021-11-03T22:06:37.664+05:00,6.147054383
2021-11-03T22:06:38.166+05:00,5.869481229
2021-11-03T22:06:38.668+05:00,6.709009684
2021-11-03T22:06:39.170+05:00,6.007351647
2021-11-03T22:06:39.672+05:00,6.855132874
2021-11-03T22:06:40.174+05:00,10.68983518
2021-11-03T22:06:40.677+05:00,3.845956229
2021-11-03T22:06:41.180+05:00,2.265405369
2021-11-03T22:06:41.683+05:00,1.183455798
2021-11-03T22:06:42.186+05:00,1.57952423
2021-11-03T22:06:42.689+05:00,1.187673392
2021-11-03T22:06:43.190+05:00,15.88707798
2021-11-03T22:06:43.692+05:00,5.091202728
2021-11-03T22:06:44.194+05:00,4.437955605
2021-11-03T22:06:44.696+05:00,11.24777925
2021-11-03T22:06:45.197+05:00,22.64028287
2021-11-03T22:06:45.698+05:00,17.65138997
2021-11-03T22:06:46.200+05:00,9.476945855
2021-11-03T22:06:46.701+05:00,19.65226789
2021-11-03T22:06:47.202+05:00,13.11972192
2021-11-03T22:06:47.704+05:00,6.235301471
2021-11-03T22:06:48.207+05:00,6.934829049
2021-11-03T22:06:48.709+05:00,6.091412233
2021-11-03T22:06:49.211+05:00,6.022375496
2021-11-03T22:06:49.712+05:00,4.900345637
2021-11-03T22:06:50.214+05:00,6.385773749
2021-11-03T22:06:50.716+05:00,6.369766121
2021-11-03T22:06:51.218+05:00,5.772898207
2021-11-03T22:06:51.720+05:00,4.143960981
2021-11-03T22:06:52.222+05:00,6.913931217
2021-11-03T22:06:52.724+05:00,5.620653731
2021-11-03T22:06:53.236+05:00,6.11848373
2021-11-03T22:06:53.738+05:00,5.794556709
2021-11-03T22:06:54.241+05:00,5.88754011
2021-11-03T22:06:54.742+05:00,6.618529264
2021-11-03T22:06:55.244+05:00,6.161775421
2021-11-03T22:06:55.746+05:00,5.784282016
2021-11-03T22:06:56.247+05:00,4.591356513
2021-11-03T22:06:56.750+05:00,5.637395962
2021-11-03T22:06:57.252+05:00,5.439476872
2021-11-03T22:06:57.753+05:00,4.527965671
2021-11-03T22:06:58.255+05:00,5.399734771
2021-11-03T22:06:58.757+05:00,5.197276327
2021-11-03T22:06:59.260+05:00,4.549513461
2021-11-03T22:06:59.762+05:00,5.200422265
2021-11-03T22:07:00.264+05:00,6.898771635
2021-11-03T22:07:00.765+05:00,7.761952535
2021-11-03T22:07:01.266+05:00,16.15461053
2021-11-03T22:07:01.768+05:00,4.660643676
2021-11-03T22:07:02.270+05:00,5.227993355
2021-11-03T22:07:02.772+05:00,5.597372981
2021-11-03T22:07:03.274+05:00,13.21482299
2021-11-03T22:07:03.777+05:00,3.083583603
2021-11-03T22:07:04.280+05:00,1.751898568
2021-11-03T22:07:04.783+05:00,0.776035639
2021-11-03T22:07:05.286+05:00,3.948571355
2021-11-03T22:07:05.788+05:00,2.296316745
2021-11-03T22:07:06.290+05:00,15.95607566
2021-11-03T22:07:06.791+05:00,5.11907011
2021-11-03T22:07:07.292+05:00,17.64126646
2021-11-03T22:07:07.794+05:00,22.15413226
2021-11-03T22:07:08.296+05:00,5.096155898
2021-11-03T22:07:08.799+05:00,2.215217634
2021-11-03T22:07:09.302+05:00,1.884166488
2021-11-03T22:07:09.805+05:00,1.784126044
2021-11-03T22:07:10.307+05:00,1.799028163
2021-11-03T22:07:10.808+05:00,2.200494688
2021-11-03T22:07:11.311+05:00,1.374449173
2021-11-03T22:07:11.814+05:00,0.412458714
2021-11-03T22:07:12.317+05:00,0.798372724
2021-11-03T22:07:12.819+05:00,0.734865902
2021-11-03T22:07:13.321+05:00,2.63685622
2021-11-03T22:07:13.823+05:00,0.531802777
2021-11-03T22:07:14.336+05:00,1.003430518
2021-11-03T22:07:14.838+05:00,0.669135473
2021-11-03T22:07:15.341+05:00,0.652998367
2021-11-03T22:07:15.844+05:00,0.506016349
2021-11-03T22:07:16.345+05:00,5.321555397
2021-11-03T22:07:16.848+05:00,1.313946925
2021-11-03T22:07:17.350+05:00,4.493917491
2021-11-03T22:07:17.852+05:00,1.279302233
2021-11-03T22:07:18.355+05:00,0.156437171
2021-11-03T22:07:18.858+05:00,0.120534523
2021-11-03T22:07:19.361+05:00,0.370611074
2021-11-03T22:07:19.864+05:00,0.318567185
2021-11-03T22:07:20.367+05:00,1.09193336
2021-11-03T22:07:20.870+05:00,0.399424384
2021-11-03T22:07:21.373+05:00,0.588235714
2021-11-03T22:07:21.876+05:00,0.369876397
2021-11-03T22:07:22.379+05:00,0.279160769
2021-11-03T22:07:22.882+05:00,2.588510078
2021-11-03T22:07:23.384+05:00,1.213318239
2021-11-03T22:07:23.887+05:00,0.778116873
2021-11-03T22:07:24.390+05:00,0.444133661
2021-11-03T22:07:24.893+05:00,0.344843751
2021-11-03T22:07:25.395+05:00,0.735574175
2021-11-03T22:07:25.897+05:00,0.418536179
2021-11-03T22:07:26.400+05:00,11.42649633
2021-11-03T22:07:26.902+05:00,1.308344273
2021-11-03T22:07:27.404+05:00,2.623480506
2021-11-03T22:07:27.907+05:00,1.71944145
2021-11-03T22:07:28.409+05:00,1.676396625
2021-11-03T22:07:28.912+05:00,1.062368679
2021-11-03T22:07:29.414+05:00,15.94735337
2021-11-03T22:07:29.915+05:00,5.658415126
2021-11-03T22:07:30.416+05:00,8.287895206
2021-11-03T22:07:30.917+05:00,19.8548456
2021-11-03T22:07:31.418+05:00,8.348312588
2021-11-03T22:07:31.919+05:00,16.65796268
2021-11-03T22:07:32.420+05:00,14.88519718
2021-11-03T22:07:32.921+05:00,18.94950519
2021-11-03T22:07:33.423+05:00,22.54510434
2021-11-03T22:07:33.924+05:00,24.39404176
2021-11-03T22:07:34.424+05:00,27.49889841
2021-11-03T22:07:34.925+05:00,18.93999835
2021-11-03T22:07:35.434+05:00,12.20869104
2021-11-03T22:07:35.936+05:00,20.66455612
2021-11-03T22:07:36.437+05:00,20.04436131
2021-11-03T22:07:36.938+05:00,10.39427951
2021-11-03T22:07:37.439+05:00,16.93241459
2021-11-03T22:07:37.940+05:00,24.84629673
2021-11-03T22:07:38.442+05:00,29.75765298
2021-11-03T22:07:38.943+05:00,30.17423289
2021-11-03T22:07:39.444+05:00,43.85164693
2021-11-03T22:07:39.945+05:00,44.52533711
2021-11-03T22:07:40.446+05:00,37.82605944
2021-11-03T22:07:40.947+05:00,32.77104655
2021-11-03T22:07:41.448+05:00,38.37165782
2021-11-03T22:07:41.950+05:00,41.81874727
2021-11-03T22:07:42.451+05:00,37.20793036
2021-11-03T22:07:42.952+05:00,36.09638097
2021-11-03T22:07:43.454+05:00,16.84711711
2021-11-03T22:07:43.955+05:00,12.38823594
2021-11-03T22:07:44.456+05:00,6.851230483
2021-11-03T22:07:44.958+05:00,6.183037901
2021-11-03T22:07:45.460+05:00,8.658822498
2021-11-03T22:07:45.961+05:00,10.12096561
2021-11-03T22:07:46.463+05:00,8.812153369
2021-11-03T22:07:46.965+05:00,7.592867847
2021-11-03T22:07:47.467+05:00,6.819332211
2021-11-03T22:07:47.968+05:00,8.934019999
2021-11-03T22:07:48.470+05:00,11.69671944
2021-11-03T22:07:48.972+05:00,10.13195944
2021-11-03T22:07:49.473+05:00,18.65047676
2021-11-03T22:07:49.974+05:00,5.700969758
2021-11-03T22:07:50.475+05:00,7.106838016
2021-11-03T22:07:50.977+05:00,6.599413198
2021-11-03T22:07:51.480+05:00,2.585669943
2021-11-03T22:07:51.983+05:00,2.197763997
2021-11-03T22:07:52.485+05:00,16.44393893
2021-11-03T22:07:52.987+05:00,3.981907273
2021-11-03T22:07:53.489+05:00,18.26666406
2021-11-03T22:07:53.991+05:00,4.664394426
2021-11-03T22:07:54.493+05:00,5.244363274
2021-11-03T22:07:54.995+05:00,3.646503177
2021-11-03T22:07:55.507+05:00,9.209218748
2021-11-03T22:07:56.008+05:00,6.359957523
2021-11-03T22:07:56.510+05:00,4.907173256
2021-11-03T22:07:57.012+05:00,4.266732854
2021-11-03T22:07:57.514+05:00,4.560797084
2021-11-03T22:07:58.015+05:00,4.470331654
2021-11-03T22:07:58.517+05:00,3.830414054
2021-11-03T22:07:59.019+05:00,4.437417729
2021-11-03T22:07:59.521+05:00,4.737587055
2021-11-03T22:08:00.022+05:00,3.857404699
2021-11-03T22:08:00.523+05:00,9.964043265
2021-11-03T22:08:01.025+05:00,8.521561678
2021-11-03T22:08:01.526+05:00,7.553037022
2021-11-03T22:08:02.028+05:00,7.361593907
2021-11-03T22:08:02.530+05:00,4.559928912
2021-11-03T22:08:03.031+05:00,6.109551289
2021-11-03T22:08:03.533+05:00,4.259423151
2021-11-03T22:08:04.034+05:00,6.042288492
2021-11-03T22:08:04.535+05:00,5.518802383
2021-11-03T22:08:05.036+05:00,13.88752108
2021-11-03T22:08:05.537+05:00,8.623686314
2021-11-03T22:08:06.039+05:00,5.235923766
2021-11-03T22:08:06.540+05:00,4.860699446
2021-11-03T22:08:07.041+05:00,6.274093181
2021-11-03T22:08:07.542+05:00,5.827479415
2021-11-03T22:08:08.044+05:00,4.994808829
2021-11-03T22:08:08.546+05:00,4.263575418
2021-11-03T22:08:09.048+05:00,4.786760913
2021-11-03T22:08:09.551+05:00,4.610081196
2021-11-03T22:08:10.052+05:00,3.716945842
2021-11-03T22:08:10.553+05:00,5.37354741
2021-11-03T22:08:11.055+05:00,4.898784727
2021-11-03T22:08:11.556+05:00,9.083533022
2021-11-03T22:08:12.057+05:00,1.21088339
2021-11-03T22:08:12.559+05:00,18.86312362
2021-11-03T22:08:13.062+05:00,2.117252065
2021-11-03T22:08:13.565+05:00,2.517762208
2021-11-03T22:08:14.068+05:00,0.993081284
2021-11-03T22:08:14.571+05:00,1.269669218
2021-11-03T22:08:15.073+05:00,2.655732631
2021-11-03T22:08:15.575+05:00,15.65066004
2021-11-03T22:08:16.077+05:00,4.860295376
2021-11-03T22:08:16.590+05:00,4.25706489
2021-11-03T22:08:17.092+05:00,4.137883858
2021-11-03T22:08:17.593+05:00,11.51955762
2021-11-03T22:08:18.094+05:00,15.39298867
2021-11-03T22:08:18.595+05:00,5.97046792
2021-11-03T22:08:19.096+05:00,10.45537612
2021-11-03T22:08:19.597+05:00,19.30923147
2021-11-03T22:08:20.099+05:00,9.411234722
2021-11-03T22:08:20.601+05:00,11.97589446
2021-11-03T22:08:21.103+05:00,6.949110845
2021-11-03T22:08:21.604+05:00,20.10125537
2021-11-03T22:08:22.105+05:00,8.562310035
2021-11-03T22:08:22.606+05:00,8.975549331
2021-11-03T22:08:23.107+05:00,24.84205806
2021-11-03T22:08:23.608+05:00,25.76903062
2021-11-03T22:08:24.110+05:00,13.67417254
2021-11-03T22:08:24.611+05:00,29.29294892
2021-11-03T22:08:25.113+05:00,35.89057914
2021-11-03T22:08:25.614+05:00,36.54058611
2021-11-03T22:08:26.115+05:00,32.98114154
2021-11-03T22:08:26.616+05:00,7.230543067
2021-11-03T22:08:27.119+05:00,5.885163427
2021-11-03T22:08:27.620+05:00,5.94946001
2021-11-03T22:08:28.122+05:00,6.708933129
2021-11-03T22:08:28.624+05:00,4.924798099
2021-11-03T22:08:29.125+05:00,5.415315947
2021-11-03T22:08:29.627+05:00,7.673895935
2021-11-03T22:08:30.128+05:00,6.695956444
2021-11-03T22:08:30.630+05:00,4.147933604
2021-11-03T22:08:31.132+05:00,5.685688558
2021-11-03T22:08:31.633+05:00,5.38327783
2021-11-03T22:08:32.135+05:00,5.723631191
2021-11-03T22:08:32.636+05:00,4.56173083
2021-11-03T22:08:33.138+05:00,6.533009531
2021-11-03T22:08:33.639+05:00,5.445870797
2021-11-03T22:08:34.141+05:00,10.13812876
2021-11-03T22:08:34.644+05:00,5.674958285
2021-11-03T22:08:35.146+05:00,8.092538268
2021-11-03T22:08:35.648+05:00,22.55222464
2021-11-03T22:08:36.151+05:00,6.361901631
2021-11-03T22:08:36.653+05:00,2.097783821
2021-11-03T22:08:37.156+05:00,0.844046855
2021-11-03T22:08:37.661+05:00,1.144299517
2021-11-03T22:08:38.162+05:00,4.098682234
2021-11-03T22:08:38.663+05:00,18.05401814
2021-11-03T22:08:39.164+05:00,4.954126651
2021-11-03T22:08:39.666+05:00,4.842301219
2021-11-03T22:08:40.167+05:00,14.04770886
2021-11-03T22:08:40.668+05:00,18.42184637
2021-11-03T22:08:41.169+05:00,10.78660256
2021-11-03T22:08:41.671+05:00,8.366729197
2021-11-03T22:08:42.173+05:00,19.04363979
2021-11-03T22:08:42.674+05:00,17.13309701
2021-11-03T22:08:43.175+05:00,14.15488978
2021-11-03T22:08:43.677+05:00,5.782619769
2021-11-03T22:08:44.179+05:00,7.748075805
2021-11-03T22:08:44.681+05:00,7.89775741
2021-11-03T22:08:45.183+05:00,17.25106144
2021-11-03T22:08:45.684+05:00,6.28201471
2021-11-03T22:08:46.187+05:00,6.185123118
2021-11-03T22:08:46.689+05:00,5.80864923
2021-11-03T22:08:47.191+05:00,5.067661183
2021-11-03T22:08:47.693+05:00,5.034151138
2021-11-03T22:08:48.195+05:00,5.577520195
2021-11-03T22:08:48.696+05:00,4.94300877
2021-11-03T22:08:49.197+05:00,5.485635042
2021-11-03T22:08:49.698+05:00,6.033898355
2021-11-03T22:08:50.201+05:00,4.936587643
2021-11-03T22:08:50.703+05:00,5.38439252
2021-11-03T22:08:51.205+05:00,8.378676815
2021-11-03T22:08:51.707+05:00,4.737456555
2021-11-03T22:08:52.209+05:00,4.20795709
2021-11-03T22:08:52.710+05:00,6.530517724
2021-11-03T22:08:53.212+05:00,5.06638008
2021-11-03T22:08:53.714+05:00,4.236327923
2021-11-03T22:08:54.217+05:00,5.28554444
2021-11-03T22:08:54.719+05:00,5.110741729
2021-11-03T22:08:55.221+05:00,4.980154764
2021-11-03T22:08:55.723+05:00,5.085164744
2021-11-03T22:08:56.225+05:00,5.054318698
2021-11-03T22:08:56.727+05:00,5.109951912
2021-11-03T22:08:57.229+05:00,5.00112885
2021-11-03T22:08:57.731+05:00,5.029819532
2021-11-03T22:08:58.237+05:00,6.738746914
2021-11-03T22:08:58.738+05:00,9.381058776
2021-11-03T22:08:59.240+05:00,6.593242369
2021-11-03T22:08:59.741+05:00,6.053872338
2021-11-03T22:09:00.242+05:00,5.412351426
2021-11-03T22:09:00.743+05:00,1.858972445
2021-11-03T22:09:01.245+05:00,7.06238196
2021-11-03T22:09:01.747+05:00,15.06187262
2021-11-03T22:09:02.249+05:00,4.105013051
2021-11-03T22:09:02.750+05:00,11.94621445
2021-11-03T22:09:03.251+05:00,14.06099204
2021-11-03T22:09:03.753+05:00,10.20577896
2021-11-03T22:09:04.254+05:00,18.68697462
2021-11-03T22:09:04.755+05:00,14.42872554
2021-11-03T22:09:05.256+05:00,18.93497927
2021-11-03T22:09:05.757+05:00,33.39064709
2021-11-03T22:09:06.258+05:00,19.61453438
2021-11-03T22:09:06.759+05:00,16.55036719
2021-11-03T22:09:07.261+05:00,24.54245425
2021-11-03T22:09:07.762+05:00,9.201956853
2021-11-03T22:09:08.263+05:00,4.852506686
2021-11-03T22:09:08.765+05:00,11.01191916
2021-11-03T22:09:09.266+05:00,5.361775222
2021-11-03T22:09:09.767+05:00,4.463872846
2021-11-03T22:09:10.268+05:00,7.171622347
2021-11-03T22:09:10.769+05:00,11.51009116
2021-11-03T22:09:11.271+05:00,2.768510294
2021-11-03T22:09:11.774+05:00,4.285282693
2021-11-03T22:09:12.277+05:00,1.941727906
2021-11-03T22:09:12.779+05:00,4.869740151
2021-11-03T22:09:13.282+05:00,2.786859579
2021-11-03T22:09:13.784+05:00,3.036483349
2021-11-03T22:09:14.286+05:00,1.851109376
2021-11-03T22:09:14.787+05:00,5.471715354
2021-11-03T22:09:15.289+05:00,2.051987316
2021-11-03T22:09:15.792+05:00,6.861335865
2021-11-03T22:09:16.295+05:00,7.95637683
2021-11-03T22:09:16.798+05:00,6.154050214
2021-11-03T22:09:17.301+05:00,1.970564414
2021-11-03T22:09:17.804+05:00,0.764830283
2021-11-03T22:09:18.306+05:00,1.682786168
2021-11-03T22:09:18.809+05:00,2.706364639
2021-11-03T22:09:19.320+05:00,2.409398675
2021-11-03T22:09:19.822+05:00,3.161564744
2021-11-03T22:09:20.325+05:00,2.937117573
2021-11-03T22:09:20.827+05:00,0.838795459
2021-11-03T22:09:21.329+05:00,2.64912393
2021-11-03T22:09:21.831+05:00,10.42522707
2021-11-03T22:09:22.333+05:00,4.463965314
2021-11-03T22:09:22.836+05:00,2.207905828
2021-11-03T22:09:23.339+05:00,1.421017636
2021-11-03T22:09:23.842+05:00,1.358176872
2021-11-03T22:09:24.345+05:00,1.26855898
2021-11-03T22:09:24.847+05:00,15.4156204
2021-11-03T22:09:25.349+05:00,4.066433111
2021-11-03T22:09:25.851+05:00,3.799217781
2021-11-03T22:09:26.352+05:00,11.23357972
2021-11-03T22:09:26.854+05:00,19.71711931
2021-11-03T22:09:27.357+05:00,5.434990635
2021-11-03T22:09:27.858+05:00,11.41547213
2021-11-03T22:09:28.359+05:00,13.73126429
2021-11-03T22:09:28.860+05:00,11.80445246
2021-11-03T22:09:29.362+05:00,12.35234748
2021-11-03T22:09:29.864+05:00,7.458751392
2021-11-03T22:09:30.365+05:00,12.10119285
2021-11-03T22:09:30.867+05:00,10.0740064
2021-11-03T22:09:31.368+05:00,7.95739533
2021-11-03T22:09:31.869+05:00,6.084445669
2021-11-03T22:09:32.371+05:00,1.86928867
2021-11-03T22:09:32.873+05:00,4.529509183
2021-11-03T22:09:33.374+05:00,2.366078115
2021-11-03T22:09:33.876+05:00,2.108264831
2021-11-03T22:09:34.379+05:00,0.804541135
2021-11-03T22:09:34.882+05:00,4.681202935
2021-11-03T22:09:35.385+05:00,0.739316004
2021-11-03T22:09:35.888+05:00,2.218256592
2021-11-03T22:09:36.390+05:00,3.959706522
2021-11-03T22:09:36.893+05:00,0.990866127
2021-11-03T22:09:37.396+05:00,1.133050408
2021-11-03T22:09:37.899+05:00,0.823160194
2021-11-03T22:09:38.403+05:00,1.020672464
2021-11-03T22:09:38.905+05:00,1.156040818
2021-11-03T22:09:39.408+05:00,1.185624138
2021-11-03T22:09:39.911+05:00,0.191541373
2021-11-03T22:09:40.423+05:00,0.742636567
2021-11-03T22:09:40.926+05:00,2.388148382
2021-11-03T22:09:41.429+05:00,2.446113798
2021-11-03T22:09:41.932+05:00,0.265922324
2021-11-03T22:09:42.433+05:00,0.889320016
2021-11-03T22:09:42.936+05:00,4.408142942
2021-11-03T22:09:43.438+05:00,1.743795601
2021-11-03T22:09:43.941+05:00,0.141444895
2021-11-03T22:09:44.442+05:00,7.409420758
2021-11-03T22:09:44.945+05:00,9.703781124
2021-11-03T22:09:45.447+05:00,2.290551521
2021-11-03T22:09:45.949+05:00,1.643491737
2021-11-03T22:09:46.452+05:00,1.124949207
2021-11-03T22:09:46.953+05:00,1.300444714
2021-11-03T22:09:47.455+05:00,3.246264955
2021-11-03T22:09:47.957+05:00,15.42104429
2021-11-03T22:09:48.458+05:00,4.159014342
2021-11-03T22:09:48.959+05:00,4.083045971
2021-11-03T22:09:49.461+05:00,3.702909987
2021-11-03T22:09:49.963+05:00,3.747413349
2021-11-03T22:09:50.465+05:00,21.60728526
2021-11-03T22:09:50.966+05:00,11.48704686
2021-11-03T22:09:51.466+05:00,13.36979311
2021-11-03T22:09:51.967+05:00,22.68588256
2021-11-03T22:09:52.468+05:00,20.46997423
2021-11-03T22:09:52.970+05:00,18.01950722
2021-11-03T22:09:53.471+05:00,7.216734237
2021-11-03T22:09:53.973+05:00,6.420369883
2021-11-03T22:09:54.474+05:00,6.041861789
2021-11-03T22:09:54.975+05:00,12.68791342
2021-11-03T22:09:55.477+05:00,9.787459646
2021-11-03T22:09:55.979+05:00,3.948755442
2021-11-03T22:09:56.482+05:00,5.179560966
2021-11-03T22:09:56.984+05:00,4.049979293
2021-11-03T22:09:57.486+05:00,2.970443903
2021-11-03T22:09:57.987+05:00,4.631216226
2021-11-03T22:09:58.489+05:00,10.96106191
2021-11-03T22:09:58.990+05:00,3.607482327
2021-11-03T22:09:59.492+05:00,3.549381091
2021-11-03T22:09:59.994+05:00,3.023823969
2021-11-03T22:10:00.499+05:00,3.411479466
2021-11-03T22:10:01.001+05:00,7.163730354
2021-11-03T22:10:01.504+05:00,3.788944556
2021-11-03T22:10:02.006+05:00,3.094752966
2021-11-03T22:10:02.508+05:00,2.172794606
2021-11-03T22:10:03.010+05:00,4.466753179
2021-11-03T22:10:03.512+05:00,3.037384803
2021-11-03T22:10:04.014+05:00,3.256191087
2021-11-03T22:10:04.517+05:00,3.184591595
2021-11-03T22:10:05.019+05:00,7.080909576
2021-11-03T22:10:05.521+05:00,7.373243245
2021-11-03T22:10:06.023+05:00,4.947017386
2021-11-03T22:10:06.526+05:00,8.695487299
2021-11-03T22:10:07.028+05:00,6.378576594
2021-11-03T22:10:07.530+05:00,7.550327419
2021-11-03T22:10:08.032+05:00,8.121763027
2021-11-03T22:10:08.534+05:00,2.311281833
2021-11-03T22:10:09.036+05:00,2.084252007
2021-11-03T22:10:09.538+05:00,1.509907879
2021-11-03T22:10:10.040+05:00,2.163677439
2021-11-03T22:10:10.541+05:00,3.667091417
2021-11-03T22:10:11.042+05:00,15.95112813
2021-11-03T22:10:11.544+05:00,4.107109312
2021-11-03T22:10:12.046+05:00,4.078664799
2021-11-03T22:10:12.547+05:00,13.56733083
2021-11-03T22:10:13.049+05:00,16.6787028
2021-11-03T22:10:13.550+05:00,13.96927105
2021-11-03T22:10:14.052+05:00,7.743157485
2021-11-03T22:10:14.553+05:00,4.245456314
2021-11-03T22:10:15.055+05:00,4.679115257
2021-11-03T22:10:15.558+05:00,4.803457999
2021-11-03T22:10:16.060+05:00,5.404620588
2021-11-03T22:10:16.561+05:00,5.409173365
2021-11-03T22:10:17.063+05:00,4.912387915
2021-11-03T22:10:17.564+05:00,6.592069988
2021-11-03T22:10:18.066+05:00,21.03292975
2021-11-03T22:10:18.567+05:00,6.378219531
2021-11-03T22:10:19.068+05:00,13.63379444
2021-11-03T22:10:19.569+05:00,6.012777531
2021-11-03T22:10:20.071+05:00,4.658735296
2021-11-03T22:10:20.574+05:00,3.136951207
2021-11-03T22:10:21.076+05:00,4.691447339
2021-11-03T22:10:21.583+05:00,3.243906578
2021-11-03T22:10:22.085+05:00,2.297071679
2021-11-03T22:10:22.588+05:00,3.792123368
2021-11-03T22:10:23.091+05:00,1.315780055
2021-11-03T22:10:23.593+05:00,0.805860917
2021-11-03T22:10:24.096+05:00,4.169030284
2021-11-03T22:10:24.599+05:00,2.558065367
2021-11-03T22:10:25.101+05:00,1.312453974
2021-11-03T22:10:25.604+05:00,2.928024088
2021-11-03T22:10:26.107+05:00,1.843630961
2021-11-03T22:10:26.610+05:00,1.953200141
2021-11-03T22:10:27.113+05:00,1.163456423
2021-11-03T22:10:27.615+05:00,1.549874572
2021-11-03T22:10:28.117+05:00,0.650435986
2021-11-03T22:10:28.619+05:00,1.489987086
2021-11-03T22:10:29.121+05:00,6.928929477
2021-11-03T22:10:29.622+05:00,6.839686121
2021-11-03T22:10:30.124+05:00,3.533871903
2021-11-03T22:10:30.625+05:00,8.295507582
2021-11-03T22:10:31.127+05:00,6.280310433
2021-11-03T22:10:31.629+05:00,2.046371143
2021-11-03T22:10:32.131+05:00,1.071719632
2021-11-03T22:10:32.634+05:00,0.954378358
2021-11-03T22:10:33.137+05:00,3.123814073
2021-11-03T22:10:33.639+05:00,5.221430693
2021-11-03T22:10:34.141+05:00,14.18741111
2021-11-03T22:10:34.643+05:00,3.929646149
2021-11-03T22:10:35.145+05:00,4.464364378
2021-11-03T22:10:35.646+05:00,4.050712724
2021-11-03T22:10:36.148+05:00,5.148730948
2021-11-03T22:10:36.649+05:00,5.664538453
2021-11-03T22:10:37.150+05:00,18.76601979
2021-11-03T22:10:37.651+05:00,7.815956369
2021-11-03T22:10:38.153+05:00,6.546632818
2021-11-03T22:10:38.656+05:00,6.029748295
2021-11-03T22:10:39.158+05:00,4.995884395
2021-11-03T22:10:39.659+05:00,11.19721014
2021-11-03T22:10:40.160+05:00,16.97010557
2021-11-03T22:10:40.661+05:00,7.043238508
2021-11-03T22:10:41.162+05:00,5.556191454
2021-11-03T22:10:41.663+05:00,5.946097219
2021-11-03T22:10:42.164+05:00,4.961049125
2021-11-03T22:10:42.669+05:00,4.100843938
2021-11-03T22:10:43.170+05:00,5.894943494
2021-11-03T22:10:43.671+05:00,3.815442856
2021-11-03T22:10:44.172+05:00,19.43098926
2021-11-03T22:10:44.674+05:00,10.95425137
2021-11-03T22:10:45.175+05:00,11.90431317
2021-11-03T22:10:45.676+05:00,5.206469466
2021-11-03T22:10:46.177+05:00,5.280494103
2021-11-03T22:10:46.678+05:00,3.461015675
2021-11-03T22:10:47.180+05:00,1.14777995
2021-11-03T22:10:47.683+05:00,0.917375679
2021-11-03T22:10:48.185+05:00,9.789606763
2021-11-03T22:10:48.688+05:00,0.515967149
2021-11-03T22:10:49.190+05:00,0.917994668
2021-11-03T22:10:49.693+05:00,1.122473458
2021-11-03T22:10:50.196+05:00,4.325136533
2021-11-03T22:10:50.698+05:00,3.030888823
2021-11-03T22:10:51.201+05:00,4.401025385
2021-11-03T22:10:51.704+05:00,3.884035116
2021-11-03T22:10:52.207+05:00,3.503450419
2021-11-03T22:10:52.710+05:00,3.686572215
2021-11-03T22:10:53.213+05:00,0.436738943
2021-11-03T22:10:53.714+05:00,9.462323413
2021-11-03T22:10:54.216+05:00,4.283216705
2021-11-03T22:10:54.718+05:00,2.287751527
2021-11-03T22:10:55.220+05:00,2.187565607
2021-11-03T22:10:55.721+05:00,2.142232041
2021-11-03T22:10:56.224+05:00,2.491098274
2021-11-03T22:10:56.725+05:00,6.354554612
2021-11-03T22:10:57.226+05:00,16.10137409
2021-11-03T22:10:57.728+05:00,4.865696618
2021-11-03T22:10:58.229+05:00,13.90411619
2021-11-03T22:10:58.731+05:00,9.161276521
2021-11-03T22:10:59.232+05:00,7.7020349
2021-11-03T22:10:59.734+05:00,11.33321323
2021-11-03T22:11:00.235+05:00,5.53847198
2021-11-03T22:11:00.737+05:00,10.5841472
2021-11-03T22:11:01.238+05:00,24.44047356
2021-11-03T22:11:01.740+05:00,24.07366474
2021-11-03T22:11:02.241+05:00,8.922309488
2021-11-03T22:11:02.747+05:00,17.02455046
2021-11-03T22:11:03.248+05:00,22.96740904
2021-11-03T22:11:03.749+05:00,14.11342742
2021-11-03T22:11:04.250+05:00,31.60814779
2021-11-03T22:11:04.752+05:00,4.81547688
2021-11-03T22:11:05.253+05:00,6.612118976
2021-11-03T22:11:05.755+05:00,7.958824545
2021-11-03T22:11:06.256+05:00,10.45544155
2021-11-03T22:11:06.759+05:00,8.945623883
2021-11-03T22:11:07.262+05:00,3.597739178
2021-11-03T22:11:07.764+05:00,2.981687846
2021-11-03T22:11:08.267+05:00,3.787800671
2021-11-03T22:11:08.769+05:00,3.392691505
2021-11-03T22:11:09.272+05:00,2.268498484
2021-11-03T22:11:09.775+05:00,2.5831684
2021-11-03T22:11:10.278+05:00,3.448999119
2021-11-03T22:11:10.781+05:00,2.354624665
2021-11-03T22:11:11.282+05:00,4.053572998
2021-11-03T22:11:11.784+05:00,3.597798162
2021-11-03T22:11:12.287+05:00,6.713614171
2021-11-03T22:11:12.790+05:00,4.006189525
2021-11-03T22:11:13.292+05:00,1.946730956
2021-11-03T22:11:13.795+05:00,1.357827298
2021-11-03T22:11:14.298+05:00,4.191490072
2021-11-03T22:11:14.801+05:00,3.746715544
2021-11-03T22:11:15.303+05:00,2.848612795
2021-11-03T22:11:15.806+05:00,1.347099913
2021-11-03T22:11:16.309+05:00,3.145708758
2021-11-03T22:11:16.811+05:00,11.2939113
2021-11-03T22:11:17.312+05:00,6.603558766
2021-11-03T22:11:17.813+05:00,6.076034854
2021-11-03T22:11:18.315+05:00,1.978201991
2021-11-03T22:11:18.818+05:00,1.892336591
2021-11-03T22:11:19.321+05:00,1.61832356
2021-11-03T22:11:19.823+05:00,7.745080354
2021-11-03T22:11:20.325+05:00,13.35263229
2021-11-03T22:11:20.827+05:00,4.031948216
2021-11-03T22:11:21.329+05:00,18.20647934
2021-11-03T22:11:21.830+05:00,11.44003323
2021-11-03T22:11:22.331+05:00,10.68963565
2021-11-03T22:11:22.832+05:00,22.95273272
2021-11-03T22:11:23.333+05:00,21.8341302
2021-11-03T22:11:23.839+05:00,28.01348212
2021-11-03T22:11:24.341+05:00,24.55851695
2021-11-03T22:11:24.843+05:00,13.04228358
2021-11-03T22:11:25.347+05:00,26.58093633
2021-11-03T22:11:25.849+05:00,7.584933896
2021-11-03T22:11:26.351+05:00,4.341917096
2021-11-03T22:11:26.852+05:00,3.88940087
2021-11-03T22:11:27.354+05:00,5.363664906
2021-11-03T22:11:27.856+05:00,7.514012424
2021-11-03T22:11:28.358+05:00,4.695008657
2021-11-03T22:11:28.860+05:00,3.972425752
2021-11-03T22:11:29.362+05:00,5.005260927
2021-11-03T22:11:29.865+05:00,4.052580975
2021-11-03T22:11:30.367+05:00,4.777727901
2021-11-03T22:11:30.869+05:00,4.224577004
2021-11-03T22:11:31.371+05:00,4.20808334
2021-11-03T22:11:31.874+05:00,5.989076381
2021-11-03T22:11:32.375+05:00,8.310556513
2021-11-03T22:11:32.876+05:00,6.437875292
2021-11-03T22:11:33.378+05:00,10.35285448
2021-11-03T22:11:33.881+05:00,7.055792397
2021-11-03T22:11:34.383+05:00,4.026451047
2021-11-03T22:11:34.885+05:00,4.0118631
2021-11-03T22:11:35.387+05:00,4.332830554
2021-11-03T22:11:35.890+05:00,4.283786024
2021-11-03T22:11:36.391+05:00,5.245722657
2021-11-03T22:11:36.893+05:00,4.345475002
2021-11-03T22:11:37.395+05:00,4.116474071
2021-11-03T22:11:37.896+05:00,23.86975054
2021-11-03T22:11:38.399+05:00,4.613277581
2021-11-03T22:11:38.902+05:00,3.826703553
2021-11-03T22:11:39.404+05:00,3.286792268
2021-11-03T22:11:39.906+05:00,16.55659899
2021-11-03T22:11:40.409+05:00,6.429755539
2021-11-03T22:11:40.912+05:00,2.254660854
2021-11-03T22:11:41.413+05:00,1.798912588
2021-11-03T22:11:41.915+05:00,1.954831023
2021-11-03T22:11:42.418+05:00,1.618972023
2021-11-03T22:11:42.919+05:00,7.456376204
2021-11-03T22:11:43.420+05:00,12.43451843
2021-11-03T22:11:43.921+05:00,19.56860606
2021-11-03T22:11:44.423+05:00,6.064164272
2021-11-03T22:11:44.931+05:00,13.91435677
2021-11-03T22:11:45.433+05:00,5.391764878
2021-11-03T22:11:45.936+05:00,7.183351452
2021-11-03T22:11:46.439+05:00,1.698063619
2021-11-03T22:11:46.942+05:00,2.226390683
2021-11-03T22:11:47.444+05:00,0.450180828
2021-11-03T22:11:47.947+05:00,3.958417515
2021-11-03T22:11:48.449+05:00,1.032237649
2021-11-03T22:11:48.951+05:00,2.104593723
2021-11-03T22:11:49.452+05:00,2.246687478
2021-11-03T22:11:49.953+05:00,4.104350502
2021-11-03T22:11:50.455+05:00,4.42856564
2021-11-03T22:11:50.958+05:00,0.272115924
2021-11-03T22:11:51.461+05:00,3.093034644
2021-11-03T22:11:51.964+05:00,0.676133997
2021-11-03T22:11:52.465+05:00,3.743532364
2021-11-03T22:11:52.968+05:00,0.270607679
2021-11-03T22:11:53.471+05:00,0.934857443
2021-11-03T22:11:53.973+05:00,0.947595104
2021-11-03T22:11:54.476+05:00,0.582024536
2021-11-03T22:11:54.979+05:00,0.640458209
2021-11-03T22:11:55.482+05:00,0.513142537
2021-11-03T22:11:55.984+05:00,0.45141097
2021-11-03T22:11:56.487+05:00,0.276582134
2021-11-03T22:11:56.990+05:00,0.493210414
2021-11-03T22:11:57.493+05:00,0.088832828
2021-11-03T22:11:57.994+05:00,0.965784296
2021-11-03T22:11:58.497+05:00,0.086086008
2021-11-03T22:11:59.000+05:00,0.316529357
2021-11-03T22:11:59.503+05:00,0.587038807
2021-11-03T22:12:00.005+05:00,5.639322385
2021-11-03T22:12:00.507+05:00,5.171231499
2021-11-03T22:12:01.008+05:00,6.585520754
2021-11-03T22:12:01.510+05:00,0.319646293
2021-11-03T22:12:02.012+05:00,0.936438578
2021-11-03T22:12:02.515+05:00,0.191438359
2021-11-03T22:12:03.017+05:00,11.19606562
2021-11-03T22:12:03.519+05:00,3.943474466
2021-11-03T22:12:04.022+05:00,2.4138335
2021-11-03T22:12:04.525+05:00,1.356373906
2021-11-03T22:12:05.032+05:00,3.86907138
2021-11-03T22:12:05.535+05:00,1.868127594
2021-11-03T22:12:06.037+05:00,11.50210772
2021-11-03T22:12:06.539+05:00,9.852499486
2021-11-03T22:12:07.041+05:00,4.020947678
2021-11-03T22:12:07.543+05:00,3.745716227
2021-11-03T22:12:08.044+05:00,21.76073521
2021-11-03T22:12:08.545+05:00,7.433123062
2021-11-03T22:12:09.047+05:00,7.500471033
2021-11-03T22:12:09.548+05:00,5.088019666
2021-11-03T22:12:10.049+05:00,5.085084377
2021-11-03T22:12:10.551+05:00,4.507070557
2021-11-03T22:12:11.052+05:00,10.35673757
2021-11-03T22:12:11.553+05:00,7.392597261
2021-11-03T22:12:12.054+05:00,7.621786964
2021-11-03T22:12:12.555+05:00,6.833597833
2021-11-03T22:12:13.056+05:00,6.459257605
2021-11-03T22:12:13.557+05:00,6.855005958
2021-11-03T22:12:14.058+05:00,8.791923069
2021-11-03T22:12:14.559+05:00,6.43789059
2021-11-03T22:12:15.060+05:00,5.14749193
2021-11-03T22:12:15.561+05:00,7.826626526
2021-11-03T22:12:16.063+05:00,15.97702047
2021-11-03T22:12:16.564+05:00,28.44976391
2021-11-03T22:12:17.066+05:00,35.663036
2021-11-03T22:12:17.568+05:00,39.03330131
2021-11-03T22:12:18.069+05:00,36.31658912
2021-11-03T22:12:18.571+05:00,40.58466431
2021-11-03T22:12:19.073+05:00,38.58343532
2021-11-03T22:12:19.574+05:00,37.4765877
2021-11-03T22:12:20.076+05:00,23.71835374
2021-11-03T22:12:20.577+05:00,11.4473917
2021-11-03T22:12:21.078+05:00,13.50313894
2021-11-03T22:12:21.579+05:00,6.517933044
2021-11-03T22:12:22.081+05:00,8.56824071
2021-11-03T22:12:22.583+05:00,5.975346317
2021-11-03T22:12:23.085+05:00,6.573752992
2021-11-03T22:12:23.586+05:00,8.333849339
2021-11-03T22:12:24.087+05:00,9.38576406
2021-11-03T22:12:24.588+05:00,10.3599748
2021-11-03T22:12:25.090+05:00,8.522244975
2021-11-03T22:12:25.593+05:00,8.526376915
2021-11-03T22:12:26.099+05:00,13.74802182
2021-11-03T22:12:26.601+05:00,5.517721278
2021-11-03T22:12:27.104+05:00,2.406659113
2021-11-03T22:12:27.607+05:00,2.338319089
2021-11-03T22:12:28.109+05:00,1.604106123
2021-11-03T22:12:28.610+05:00,2.949980612
2021-11-03T22:12:29.111+05:00,11.35284205
2021-11-03T22:12:29.612+05:00,8.574033607
2021-11-03T22:12:30.113+05:00,4.057417462
2021-11-03T22:12:30.616+05:00,4.190484525
2021-11-03T22:12:31.118+05:00,3.96485511
2021-11-03T22:12:31.619+05:00,3.89472595
2021-11-03T22:12:32.121+05:00,3.928028066
2021-11-03T22:12:32.623+05:00,4.056500725
2021-11-03T22:12:33.126+05:00,4.509813919
2021-11-03T22:12:33.628+05:00,3.823842568
2021-11-03T22:12:34.130+05:00,4.729552659
2021-11-03T22:12:34.632+05:00,3.71262214
2021-11-03T22:12:35.134+05:00,3.736667505
2021-11-03T22:12:35.636+05:00,3.955087763
2021-11-03T22:12:36.138+05:00,5.670702875
2021-11-03T22:12:36.640+05:00,3.788494835
2021-11-03T22:12:37.142+05:00,3.943967454
2021-11-03T22:12:37.644+05:00,4.05961437
2021-11-03T22:12:38.145+05:00,4.640562483
2021-11-03T22:12:38.647+05:00,3.746577144
2021-11-03T22:12:39.149+05:00,4.15621298
2021-11-03T22:12:39.652+05:00,3.836345704
2021-11-03T22:12:40.153+05:00,3.863969649
2021-11-03T22:12:40.655+05:00,3.778468775
2021-11-03T22:12:41.158+05:00,3.901691606
2021-11-03T22:12:41.660+05:00,3.71138339
2021-11-03T22:12:42.161+05:00,3.980730296
2021-11-03T22:12:42.663+05:00,3.94171128
2021-11-03T22:12:43.166+05:00,3.810494432
2021-11-03T22:12:43.668+05:00,3.870660105
2021-11-03T22:12:44.170+05:00,4.310166073
2021-11-03T22:12:44.672+05:00,3.893768229
2021-11-03T22:12:45.174+05:00,3.826801984
2021-11-03T22:12:45.676+05:00,3.7605878
2021-11-03T22:12:46.178+05:00,4.026401166
2021-11-03T22:12:46.680+05:00,14.6579252
2021-11-03T22:12:47.189+05:00,11.26996083
2021-11-03T22:12:47.691+05:00,6.3870252
2021-11-03T22:12:48.193+05:00,4.832713327
2021-11-03T22:12:48.695+05:00,3.710758908
2021-11-03T22:12:49.197+05:00,9.174721624
2021-11-03T22:12:49.698+05:00,3.728215874
2021-11-03T22:12:50.200+05:00,3.126123916
2021-11-03T22:12:50.703+05:00,1.109550585
2021-11-03T22:12:51.205+05:00,1.837439325
2021-11-03T22:12:51.708+05:00,1.836136831
2021-11-03T22:12:52.210+05:00,13.3644129
2021-11-03T22:12:52.711+05:00,7.595391239
2021-11-03T22:12:53.212+05:00,17.62049782
2021-11-03T22:12:53.713+05:00,15.81715717
2021-11-03T22:12:54.214+05:00,14.87051086
2021-11-03T22:12:54.715+05:00,21.14894439
2021-11-03T22:12:55.216+05:00,27.44669132
2021-11-03T22:12:55.717+05:00,23.63525354
2021-11-03T22:12:56.219+05:00,16.1067773
2021-11-03T22:12:56.720+05:00,9.228963585
2021-11-03T22:12:57.221+05:00,8.588573406
2021-11-03T22:12:57.723+05:00,16.61842053
2021-11-03T22:12:58.225+05:00,5.957982534
2021-11-03T22:12:58.727+05:00,5.733507205
2021-11-03T22:12:59.229+05:00,7.022498153
2021-11-03T22:12:59.732+05:00,6.279992681
2021-11-03T22:13:00.233+05:00,8.944881886
2021-11-03T22:13:00.735+05:00,5.929814941
2021-11-03T22:13:01.237+05:00,9.943331985
2021-11-03T22:14:35.649+05:00,20.80684912
2021-11-03T22:14:36.651+05:00,20.8924016
2021-11-03T22:14:37.653+05:00,20.85396005
2021-11-03T22:14:38.154+05:00,42.10131033
2021-11-03T22:14:39.658+05:00,23.69419597
2021-11-03T22:14:40.159+05:00,23.74200843
2021-11-03T22:14:40.660+05:00,21.07555335
2021-11-03T22:14:41.161+05:00,21.7844011
2021-11-03T22:14:41.663+05:00,49.16243226
2021-11-03T22:14:42.164+05:00,19.6135139
2021-11-03T22:14:42.665+05:00,22.13106945
2021-11-03T22:14:43.166+05:00,21.2968544
2021-11-03T22:14:43.668+05:00,23.06655117
2021-11-03T22:14:44.169+05:00,25.26468214
2021-11-03T22:14:44.670+05:00,28.00565314
2021-11-03T22:14:45.171+05:00,24.16371833
2021-11-03T22:14:45.706+05:00,23.9378819
2021-11-03T22:14:51.252+05:00,2.113174557
2021-11-03T22:14:51.753+05:00,8.943925105
2021-11-03T22:14:56.768+05:00,19.74682664
2021-11-03T22:15:00.277+05:00,7.38318385
2021-11-03T22:15:01.280+05:00,11.43168093
2021-11-03T22:15:15.839+05:00,23.36605679
2021-11-03T22:15:17.343+05:00,20.21044165
2021-11-03T22:15:18.848+05:00,24.77677408
2021-11-03T22:15:29.897+05:00,9.311609949
2021-11-03T22:15:32.415+05:00,10.54417359
2021-11-03T22:15:32.916+05:00,3.299261668
2021-11-03T22:15:39.943+05:00,4.348879994
2021-11-03T22:15:43.456+05:00,3.686323056
2021-11-03T22:15:43.959+05:00,0.445010607
2021-11-03T22:15:45.467+05:00,0.844485268
2021-11-03T22:15:45.969+05:00,2.650262152
2021-11-03T22:15:46.471+05:00,2.498642847
2021-11-03T22:15:46.974+05:00,2.891323742
2021-11-03T22:15:47.476+05:00,3.70687906
2021-11-03T22:15:49.989+05:00,0.100760813
2021-11-03T22:15:50.491+05:00,2.754400914
2021-11-03T22:15:50.992+05:00,3.289373608
2021-11-03T22:15:51.495+05:00,4.740976608
2021-11-03T22:15:52.007+05:00,3.403908618
2021-11-03T22:15:53.011+05:00,0.112922449
2021-11-03T22:15:53.514+05:00,0.214369453
2021-11-03T22:15:54.519+05:00,1.10481433
2021-11-03T22:15:55.022+05:00,3.274232566
2021-11-03T22:15:56.025+05:00,3.012698446
2021-11-03T22:15:56.528+05:00,1.27200547
2021-11-03T22:15:57.030+05:00,0.44387818
2021-11-03T22:15:57.532+05:00,0.526114455
2021-11-03T22:15:59.538+05:00,6.309751252
2021-11-03T22:16:00.540+05:00,4.442944527
2021-11-03T22:16:01.543+05:00,14.79003378
2021-11-03T22:16:02.546+05:00,14.84830424
2021-11-03T22:16:03.047+05:00,14.77904897
2021-11-03T22:16:03.548+05:00,25.1349889
2021-11-03T22:16:04.289+05:00,54.45441333
2021-11-03T22:16:04.790+05:00,21.83825051
2021-11-03T22:16:05.291+05:00,18.04253548
2021-11-03T22:16:05.792+05:00,23.82445073
2021-11-03T22:16:06.293+05:00,7.299106134
2021-11-03T22:16:07.296+05:00,19.8529365
2021-11-03T22:16:07.798+05:00,18.21783104
2021-11-03T22:16:08.801+05:00,3.349994751
2021-11-03T22:16:10.809+05:00,0.719526626
2021-11-03T22:16:12.327+05:00,0.441463129
2021-11-03T22:16:12.828+05:00,9.867877486
2021-11-03T22:16:15.838+05:00,0.311458651
2021-11-03T22:16:16.844+05:00,1.024051997
2021-11-03T22:16:17.346+05:00,1.020829007
2021-11-03T22:16:17.849+05:00,0.206975276
2021-11-03T22:16:18.351+05:00,1.338665486
2021-11-03T22:16:19.356+05:00,3.497378846
2021-11-03T22:16:19.859+05:00,1.594430734
2021-11-03T22:16:20.362+05:00,0.436028754
2021-11-03T22:16:20.864+05:00,0.496552704
2021-11-03T22:16:21.869+05:00,14.06429848
2021-11-03T22:16:22.872+05:00,3.272640715
2021-11-03T22:16:23.373+05:00,21.35814314
2021-11-03T22:16:24.876+05:00,5.383865613
2021-11-03T22:16:25.377+05:00,3.757993504
2021-11-03T22:16:25.878+05:00,2.1269589
2021-11-03T22:16:26.379+05:00,5.846132378
2021-11-03T22:16:26.880+05:00,3.198640171
2021-11-03T22:16:27.381+05:00,4.202330723
2021-11-03T22:16:27.883+05:00,15.20548089
2021-11-03T22:16:28.384+05:00,16.22672381
2021-11-03T22:16:28.885+05:00,15.88635614
2021-11-03T22:16:29.386+05:00,29.11264778
2021-11-03T22:16:29.887+05:00,31.84234593
2021-11-03T22:16:30.389+05:00,34.47231485
2021-11-03T22:16:30.891+05:00,23.32963069
2021-11-03T22:16:31.895+05:00,5.014685927
2021-11-03T22:16:33.909+05:00,15.70229739
2021-11-03T22:16:34.914+05:00,2.265042461
2021-11-03T22:16:35.920+05:00,0.475275964
2021-11-03T22:16:36.923+05:00,4.697831721
2021-11-03T22:16:37.424+05:00,2.304572193
2021-11-03T22:16:37.925+05:00,0.255425066
2021-11-03T22:16:38.930+05:00,0.264356945
2021-11-03T22:16:39.934+05:00,0.848404581
2021-11-03T22:16:41.440+05:00,1.324864776
2021-11-03T22:16:42.947+05:00,0.426332935
2021-11-03T22:16:43.451+05:00,0.903950443
2021-11-03T22:16:43.952+05:00,0.211027156
2021-11-03T22:16:44.956+05:00,17.67896976
2021-11-03T22:16:45.961+05:00,1.181707183
2021-11-03T22:16:47.470+05:00,0.240181058
2021-11-03T22:16:47.973+05:00,0.186255898
2021-11-03T22:16:48.476+05:00,0.42615928
2021-11-03T22:16:49.481+05:00,0.052981554
2021-11-03T22:16:50.989+05:00,0.075273073
2021-11-03T22:16:51.491+05:00,6.087113827
2021-11-03T22:16:51.994+05:00,2.045889898
2021-11-03T22:16:53.000+05:00,0.019510389
2021-11-03T22:16:53.505+05:00,3.506135216
2021-11-03T22:16:54.008+05:00,0.046584371
2021-11-03T22:16:54.511+05:00,0.036022942
2021-11-03T22:16:55.014+05:00,0.904288231
2021-11-03T22:16:55.516+05:00,0.086777719
2021-11-03T22:16:56.018+05:00,0.44336688
2021-11-03T22:16:56.520+05:00,0.520265612
2021-11-03T22:16:57.021+05:00,0.044931421
2021-11-03T22:16:57.523+05:00,0.094330986
2021-11-03T22:16:58.025+05:00,0.024833697
2021-11-03T22:16:58.528+05:00,0.070028945
2021-11-03T22:16:59.030+05:00,0.032270098
2021-11-03T22:16:59.533+05:00,0.019133843
2021-11-03T22:17:00.537+05:00,0.429525633
2021-11-03T22:17:01.541+05:00,0.16831591
2021-11-03T22:17:02.043+05:00,0.071401008
2021-11-03T22:17:03.047+05:00,0.308546793
2021-11-03T22:17:03.549+05:00,0.226970507
2021-11-03T22:17:04.052+05:00,0.552465161
2021-11-03T22:17:04.555+05:00,0.01389344
2021-11-03T22:17:05.058+05:00,11.94695213
2021-11-03T22:17:05.561+05:00,0.110464423
2021-11-03T22:17:06.065+05:00,2.191722637
2021-11-03T22:17:06.568+05:00,0.896280383
2021-11-03T22:17:07.071+05:00,0.386577722
2021-11-03T22:17:07.572+05:00,0.276875177
2021-11-03T22:17:08.074+05:00,14.26673446
2021-11-03T22:17:09.078+05:00,3.292058203
2021-11-03T22:17:09.579+05:00,2.189532456
2021-11-03T22:17:10.581+05:00,2.964398463
2021-11-03T22:17:11.083+05:00,5.526038151
2021-11-03T22:17:11.586+05:00,2.534802556
2021-11-03T22:17:12.088+05:00,3.167922413
2021-11-03T22:17:12.590+05:00,2.972133836
2021-11-03T22:17:14.096+05:00,9.233949196
2021-11-03T22:17:14.607+05:00,4.683689352
2021-11-03T22:17:15.609+05:00,3.30316986
2021-11-03T22:17:16.111+05:00,18.62710569
2021-11-03T22:17:16.614+05:00,4.223217849
2021-11-03T22:17:17.117+05:00,4.474884191
2021-11-03T22:17:17.619+05:00,1.604670785
2021-11-03T22:17:18.624+05:00,0.882774492
2021-11-03T22:17:19.125+05:00,5.274917697
2021-11-03T22:17:19.628+05:00,0.173791989
2021-11-03T22:17:20.131+05:00,0.098904571
2021-11-03T22:17:20.634+05:00,0.188131326
2021-11-03T22:17:21.136+05:00,0.615259978
2021-11-03T22:17:21.639+05:00,0.100998356
2021-11-03T22:17:22.141+05:00,0.188447402
2021-11-03T22:17:22.644+05:00,0.026896085
2021-11-03T22:17:23.147+05:00,0.933367783
2021-11-03T22:17:23.649+05:00,0.202001939
2021-11-03T22:17:24.151+05:00,0.115404089
2021-11-03T22:17:24.654+05:00,0.068063384
2021-11-03T22:17:25.156+05:00,0.076040262
2021-11-03T22:17:25.659+05:00,0.053981083
2021-11-03T22:17:26.662+05:00,0.804583249
2021-11-03T22:17:28.671+05:00,0.359238317
2021-11-03T22:17:29.173+05:00,1.635303473
2021-11-03T22:17:29.675+05:00,0.432602654
2021-11-03T22:17:30.176+05:00,0.285343442
2021-11-03T22:17:30.678+05:00,0.293647115
2021-11-03T22:17:31.180+05:00,17.15234632
2021-11-03T22:17:31.681+05:00,1.913035387
2021-11-03T22:17:32.182+05:00,4.127199516
2021-11-03T22:17:32.685+05:00,2.679788127
2021-11-03T22:17:33.186+05:00,19.14915822
2021-11-03T22:17:33.687+05:00,3.893660596
2021-11-03T22:17:34.188+05:00,5.047936803
2021-11-03T22:17:34.689+05:00,1.992048812
2021-11-03T22:17:35.195+05:00,9.538724081
2021-11-03T22:17:35.696+05:00,17.61598796
2021-11-03T22:17:36.198+05:00,33.38763693
2021-11-03T22:17:36.699+05:00,11.48324137
2021-11-03T22:17:37.199+05:00,8.74002276
2021-11-03T22:17:37.700+05:00,16.49931193
2021-11-03T22:17:38.201+05:00,32.84545747
2021-11-03T22:17:39.708+05:00,2.803250082
2021-11-03T22:17:40.210+05:00,0.261277957
2021-11-03T22:17:40.712+05:00,0.598276425
2021-11-03T22:17:41.716+05:00,0.237446327
2021-11-03T22:17:42.219+05:00,1.504590912
2021-11-03T22:17:42.720+05:00,0.367342384
2021-11-03T22:17:43.222+05:00,2.662024778
2021-11-03T22:17:43.725+05:00,0.632187068
2021-11-03T22:17:44.227+05:00,0.502372824
2021-11-03T22:17:44.729+05:00,0.529524009
2021-11-03T22:17:45.232+05:00,0.802526394
2021-11-03T22:17:45.734+05:00,0.391479286
2021-11-03T22:17:46.236+05:00,0.273434337
2021-11-03T22:17:47.240+05:00,5.715753656
2021-11-03T22:17:48.245+05:00,0.44413896
2021-11-03T22:17:48.748+05:00,0.412579498
2021-11-03T22:17:49.754+05:00,4.606662365
2021-11-03T22:17:50.257+05:00,0.263260292
2021-11-03T22:17:50.758+05:00,3.946997381
2021-11-03T22:17:51.763+05:00,0.390843612
2021-11-03T22:17:52.265+05:00,0.923962143
2021-11-03T22:17:53.268+05:00,0.370169111
2021-11-03T22:17:53.769+05:00,0.330872
2021-11-03T22:17:54.270+05:00,16.24799266
2021-11-03T22:17:54.772+05:00,3.501279848
2021-11-03T22:17:55.273+05:00,20.38868069
2021-11-03T22:17:56.280+05:00,15.89058666
2021-11-03T22:17:56.782+05:00,13.44293337
2021-11-03T22:17:58.287+05:00,16.7007745
2021-11-03T22:17:58.788+05:00,7.73649028
2021-11-03T22:17:59.791+05:00,4.638700717
2021-11-03T22:18:00.294+05:00,0.995763553
2021-11-03T22:18:01.297+05:00,3.010690377
2021-11-03T22:18:01.798+05:00,0.664270479
2021-11-03T22:18:02.299+05:00,0.337396111
2021-11-03T22:18:02.801+05:00,1.581884854
2021-11-03T22:18:03.804+05:00,4.889704742
2021-11-03T22:18:04.307+05:00,0.947898093
2021-11-03T22:18:04.809+05:00,5.870175498
2021-11-03T22:18:05.315+05:00,0.41149097
2021-11-03T22:18:05.818+05:00,0.822109597
2021-11-03T22:18:06.319+05:00,3.432108083
2021-11-03T22:18:06.819+05:00,1.273891362
2021-11-03T22:18:07.320+05:00,0.195968086
2021-11-03T22:18:07.821+05:00,0.243468464
2021-11-03T22:18:08.322+05:00,0.277093183
2021-11-03T22:18:09.327+05:00,0.982383551
2021-11-03T22:18:09.829+05:00,0.195112091
2021-11-03T22:18:10.332+05:00,0.182525849
2021-11-03T22:18:10.835+05:00,0.360287968
2021-11-03T22:18:11.338+05:00,0.252985302
2021-11-03T22:18:12.844+05:00,1.818971672
2021-11-03T22:18:13.346+05:00,0.810730865
2021-11-03T22:18:13.848+05:00,6.764844305
2021-11-03T22:18:14.350+05:00,9.060069721
2021-11-03T22:18:14.853+05:00,1.282600382
2021-11-03T22:18:15.356+05:00,1.353492941
2021-11-03T22:18:15.857+05:00,2.08136236
2021-11-03T22:18:16.360+05:00,0.861055056
2021-11-03T22:18:17.370+05:00,24.76517467
2021-11-03T22:18:18.375+05:00,5.541208828
2021-11-03T22:18:18.877+05:00,1.920410336
2021-11-03T22:18:19.380+05:00,0.704929437
2021-11-03T22:18:19.883+05:00,0.260672112
2021-11-03T22:18:20.385+05:00,0.324072517
2021-11-03T22:18:20.886+05:00,0.124254785
2021-11-03T22:18:21.388+05:00,0.511152278
2021-11-03T22:18:21.891+05:00,0.067899852
2021-11-03T22:18:22.394+05:00,0.294918848
2021-11-03T22:18:22.896+05:00,0.232702601
2021-11-03T22:18:23.398+05:00,4.613502727
2021-11-03T22:18:23.899+05:00,3.016357152
2021-11-03T22:18:24.402+05:00,0.251502283
2021-11-03T22:18:24.905+05:00,0.52912178
2021-11-03T22:18:25.408+05:00,2.446527827
2021-11-03T22:18:25.910+05:00,0.082770686
2021-11-03T22:18:26.413+05:00,0.406520467
2021-11-03T22:18:26.916+05:00,0.02593656
2021-11-03T22:18:27.419+05:00,0.161410314
2021-11-03T22:18:27.922+05:00,0.04188223
2021-11-03T22:18:28.425+05:00,0.088310426
2021-11-03T22:18:28.928+05:00,0.066488404
2021-11-03T22:18:29.430+05:00,0.123703449
2021-11-03T22:18:29.933+05:00,0.031534781
2021-11-03T22:18:30.436+05:00,0.004839814
2021-11-03T22:18:30.940+05:00,0.044260223
2021-11-03T22:18:31.442+05:00,0.037560938
2021-11-03T22:18:31.944+05:00,0.017318579
2021-11-03T22:18:32.445+05:00,0.75169441
2021-11-03T22:18:32.947+05:00,0.123565128
2021-11-03T22:18:33.450+05:00,0.143262817
2021-11-03T22:18:33.952+05:00,1.516566316
2021-11-03T22:18:34.455+05:00,0.031201255
2021-11-03T22:18:34.957+05:00,0.032696631
2021-11-03T22:18:35.459+05:00,0.937163495
2021-11-03T22:18:35.961+05:00,2.655972733
2021-11-03T22:18:36.464+05:00,0.464773681
2021-11-03T22:18:36.966+05:00,10.05524162
2021-11-03T22:18:37.474+05:00,3.083659908
2021-11-03T22:18:37.976+05:00,0.725716459
2021-11-03T22:18:38.478+05:00,0.517370269
2021-11-03T22:18:38.981+05:00,0.39600233
2021-11-03T22:18:39.483+05:00,0.315732982
2021-11-03T22:18:40.486+05:00,11.97917546
2021-11-03T22:18:40.987+05:00,2.350796092
2021-11-03T22:18:41.488+05:00,14.12904278
2021-11-03T22:18:41.989+05:00,7.872019242
2021-11-03T22:18:42.490+05:00,6.054945836
2021-11-03T22:18:42.991+05:00,3.736404579
2021-11-03T22:18:43.492+05:00,4.941834223
2021-11-03T22:18:43.994+05:00,7.337133637
2021-11-03T22:18:44.495+05:00,10.40601256
2021-11-03T22:18:45.497+05:00,12.22525301
2021-11-03T22:18:45.999+05:00,29.87318566
2021-11-03T22:18:46.501+05:00,13.42406424
2021-11-03T22:18:47.003+05:00,27.61056028
2021-11-03T22:18:47.505+05:00,20.62654676
2021-11-03T22:18:48.007+05:00,26.94729842
2021-11-03T22:18:48.508+05:00,14.91854898
2021-11-03T22:18:49.009+05:00,19.58492329
2021-11-03T22:18:49.510+05:00,12.62909369
2021-11-03T22:18:50.011+05:00,10.30225053
2021-11-03T22:18:50.512+05:00,8.436929311
2021-11-03T22:18:51.013+05:00,9.096773205
2021-11-03T22:18:51.514+05:00,7.065566561
2021-11-03T22:18:52.015+05:00,7.647596952
2021-11-03T22:18:52.516+05:00,6.992821231
2021-11-03T22:18:53.017+05:00,7.453907098
2021-11-03T22:18:53.519+05:00,5.359268216
2021-11-03T22:18:54.020+05:00,10.90276672
2021-11-03T22:18:54.523+05:00,7.299390141
2021-11-03T22:18:55.026+05:00,12.41509378
2021-11-03T22:18:55.528+05:00,12.47046736
2021-11-03T22:18:56.030+05:00,11.74068251
2021-11-03T22:18:56.532+05:00,14.56471127
2021-11-03T22:18:57.035+05:00,15.95659242
2021-11-03T22:18:57.536+05:00,9.385579639
2021-11-03T22:18:58.038+05:00,11.59768845
2021-11-03T22:18:58.549+05:00,10.73105839
2021-11-03T22:18:59.051+05:00,8.110736006
2021-11-03T22:18:59.552+05:00,12.39107491
2021-11-03T22:19:01.058+05:00,6.097337723
2021-11-03T22:19:01.559+05:00,0.58047396
2021-11-03T22:19:02.061+05:00,0.209507439
2021-11-03T22:19:02.564+05:00,0.413586593
2021-11-03T22:19:03.064+05:00,6.394219773
2021-11-03T22:19:03.566+05:00,13.67598091
2021-11-03T22:19:04.068+05:00,15.41527364
2021-11-03T22:19:04.569+05:00,8.317130306
2021-11-03T22:19:05.070+05:00,14.22999116
2021-11-03T22:19:06.073+05:00,13.50237989
2021-11-03T22:19:06.574+05:00,7.157060202
2021-11-03T22:19:07.075+05:00,13.42181561
2021-11-03T22:19:07.577+05:00,14.43412067
2021-11-03T22:19:08.079+05:00,3.128018103
2021-11-03T22:19:08.582+05:00,4.705168862
2021-11-03T22:19:09.084+05:00,2.71836558
2021-11-03T22:19:09.586+05:00,5.542847368
2021-11-03T22:19:10.087+05:00,2.934349247
2021-11-03T22:19:10.589+05:00,1.153907572
2021-11-03T22:19:11.091+05:00,1.084146472
2021-11-03T22:19:11.593+05:00,3.981430432
2021-11-03T22:19:12.096+05:00,2.344517226
2021-11-03T22:19:12.599+05:00,1.724990258
2021-11-03T22:19:13.101+05:00,1.54516039
2021-11-03T22:19:13.604+05:00,2.155657156
2021-11-03T22:19:14.106+05:00,3.432782265
2021-11-03T22:19:14.607+05:00,3.073739994
2021-11-03T22:19:15.109+05:00,2.004717606
2021-11-03T22:19:15.612+05:00,1.921044585
2021-11-03T22:19:16.114+05:00,3.976536689
2021-11-03T22:19:16.616+05:00,1.402751818
2021-11-03T22:19:17.117+05:00,1.525320946
2021-11-03T22:19:17.618+05:00,0.599045737
2021-11-03T22:19:18.121+05:00,1.516372001
2021-11-03T22:19:18.624+05:00,1.79274888
2021-11-03T22:19:19.126+05:00,1.461085797
2021-11-03T22:19:19.637+05:00,1.723920082
2021-11-03T22:19:20.139+05:00,1.718196453
2021-11-03T22:19:20.642+05:00,4.694577979
2021-11-03T22:19:21.145+05:00,7.214603163
2021-11-03T22:19:21.647+05:00,2.711892416
2021-11-03T22:19:22.150+05:00,1.812468756
2021-11-03T22:19:22.653+05:00,3.670464465
2021-11-03T22:19:23.657+05:00,4.179014072
2021-11-03T22:19:24.159+05:00,1.147529563
2021-11-03T22:19:24.662+05:00,0.894875948
2021-11-03T22:19:25.165+05:00,0.542307795
2021-11-03T22:19:25.668+05:00,0.514031053
2021-11-03T22:19:26.169+05:00,4.102985194
2021-11-03T22:19:26.671+05:00,24.14014757
2021-11-03T22:19:27.174+05:00,0.678597094
2021-11-03T22:19:27.676+05:00,6.986171619
2021-11-03T22:19:28.179+05:00,0.576707318
2021-11-03T22:19:28.682+05:00,0.262785068
2021-11-03T22:19:29.185+05:00,0.207373332
2021-11-03T22:19:29.687+05:00,0.6766574
2021-11-03T22:19:30.692+05:00,0.629375679
2021-11-03T22:19:31.194+05:00,0.04834647
2021-11-03T22:19:31.696+05:00,0.54426455
2021-11-03T22:19:32.199+05:00,0.038275896
2021-11-03T22:19:32.701+05:00,4.97862056
2021-11-03T22:19:33.202+05:00,1.285936555
2021-11-03T22:19:33.705+05:00,0.197123633
2021-11-03T22:19:34.208+05:00,0.393095231
2021-11-03T22:19:34.710+05:00,0.306282615
2021-11-03T22:19:35.213+05:00,0
2021-11-03T22:19:35.716+05:00,0.423543777
2021-11-03T22:19:36.219+05:00,1.465335686
2021-11-03T22:19:36.722+05:00,0.274521251
2021-11-03T22:19:37.225+05:00,0.104080531
2021-11-03T22:19:37.727+05:00,0.060440758
2021-11-03T22:19:38.229+05:00,0.043272735
2021-11-03T22:19:38.732+05:00,0.148679797
2021-11-03T22:19:39.234+05:00,0.324929474
2021-11-03T22:19:39.744+05:00,0.078163825
2021-11-03T22:19:40.247+05:00,0.089800221
2021-11-03T22:19:40.748+05:00,0.122279355
2021-11-03T22:19:41.251+05:00,0.018151777
2021-11-03T22:19:41.753+05:00,2.180564781
2021-11-03T22:19:42.256+05:00,0.005022351
2021-11-03T22:19:42.760+05:00,0.196189617
2021-11-03T22:19:43.262+05:00,0.066490844
2021-11-03T22:19:43.765+05:00,0.399339037
2021-11-03T22:19:44.267+05:00,2.336976305
2021-11-03T22:19:44.769+05:00,0.237588672
2021-11-03T22:19:45.272+05:00,0.003186573
2021-11-03T22:19:45.776+05:00,0.068298463
2021-11-03T22:19:46.278+05:00,10.12171356
2021-11-03T22:19:46.781+05:00,1.157588848
2021-11-03T22:19:47.283+05:00,1.442915904
2021-11-03T22:19:47.786+05:00,0.543907675
2021-11-03T22:19:48.287+05:00,0.155605533
2021-11-03T22:19:48.788+05:00,0.135724099
2021-11-03T22:19:49.289+05:00,5.720526196
2021-11-03T22:19:49.792+05:00,13.27037637
2021-11-03T22:19:50.293+05:00,15.71732874
2021-11-03T22:19:50.796+05:00,18.88721473
2021-11-03T22:19:51.298+05:00,31.8839604
2021-11-03T22:19:51.800+05:00,15.50866466
2021-11-03T22:19:52.301+05:00,35.47528064
2021-11-03T22:19:52.803+05:00,31.69899757
2021-11-03T22:19:53.305+05:00,19.59566142
2021-11-03T22:19:53.807+05:00,16.19465789
2021-11-03T22:19:54.310+05:00,4.529311749
2021-11-03T22:19:54.811+05:00,13.92858387
2021-11-03T22:19:55.314+05:00,3.340005531
2021-11-03T22:19:55.816+05:00,4.609484643
2021-11-03T22:19:56.819+05:00,8.929812989
2021-11-03T22:19:57.321+05:00,6.126766701
2021-11-03T22:19:57.824+05:00,2.809162896
2021-11-03T22:19:58.326+05:00,2.500444038
2021-11-03T22:19:58.829+05:00,0.403373065
2021-11-03T22:19:59.331+05:00,1.27236543
2021-11-03T22:19:59.833+05:00,0.760274006
2021-11-03T22:20:00.336+05:00,1.315076674
2021-11-03T22:20:00.842+05:00,4.444812115
2021-11-03T22:20:01.344+05:00,1.847982747
2021-11-03T22:20:01.846+05:00,1.943045834
2021-11-03T22:20:02.347+05:00,10.46063094
2021-11-03T22:20:02.849+05:00,4.177437571
2021-11-03T22:20:03.350+05:00,1.364403844
2021-11-03T22:20:03.853+05:00,0.579344253
2021-11-03T22:20:04.356+05:00,0.829846198
2021-11-03T22:20:04.857+05:00,2.540359485
2021-11-03T22:20:05.360+05:00,1.335868316
2021-11-03T22:20:05.862+05:00,0.817339744
2021-11-03T22:20:06.363+05:00,5.263907703
2021-11-03T22:20:06.866+05:00,0.509473343
2021-11-03T22:20:07.367+05:00,11.07170779
2021-11-03T22:20:07.870+05:00,6.583185289
2021-11-03T22:20:08.875+05:00,3.265215351
2021-11-03T22:20:09.376+05:00,19.27620821
2021-11-03T22:20:09.879+05:00,5.118830536
2021-11-03T22:20:10.382+05:00,0.673572011
2021-11-03T22:20:10.884+05:00,1.249212562
2021-11-03T22:20:11.387+05:00,0.626076488
2021-11-03T22:20:11.890+05:00,0.470410954
2021-11-03T22:20:12.392+05:00,6.536954043
2021-11-03T22:20:12.894+05:00,11.89378647
2021-11-03T22:20:13.397+05:00,5.004072443
2021-11-03T22:20:13.898+05:00,4.742982419
2021-11-03T22:20:14.399+05:00,19.62663319
2021-11-03T22:20:14.900+05:00,5.85049213
2021-11-03T22:20:15.401+05:00,11.54064024
2021-11-03T22:20:15.902+05:00,17.22995683
2021-11-03T22:20:16.403+05:00,27.28606307
2021-11-03T22:20:16.904+05:00,22.08810793
2021-11-03T22:20:17.406+05:00,19.74397179
2021-11-03T22:20:17.907+05:00,42.03039472
2021-11-03T22:20:18.409+05:00,35.02070462
2021-11-03T22:20:18.910+05:00,33.29174049
2021-11-03T22:20:19.411+05:00,37.20461145
2021-11-03T22:20:19.912+05:00,8.80976055
2021-11-03T22:20:20.413+05:00,9.623827231
2021-11-03T22:20:20.914+05:00,10.01503709
2021-11-03T22:20:21.415+05:00,10.28184988
2021-11-03T22:20:21.926+05:00,11.64647748
2021-11-03T22:20:22.428+05:00,8.821956767
2021-11-03T22:20:22.929+05:00,11.9208083
2021-11-03T22:20:23.431+05:00,11.84677199
2021-11-03T22:20:23.933+05:00,14.01025969
2021-11-03T22:20:24.434+05:00,13.29077151
2021-11-03T22:20:24.936+05:00,13.11783088
2021-11-03T22:20:25.438+05:00,14.56611104
2021-11-03T22:20:25.940+05:00,14.76705974
2021-11-03T22:20:26.442+05:00,10.10996378
2021-11-03T22:20:26.944+05:00,9.056430384
2021-11-03T22:20:27.446+05:00,9.752171914
2021-11-03T22:20:27.947+05:00,9.141260515
2021-11-03T22:20:28.449+05:00,11.35155509
2021-11-03T22:20:28.950+05:00,10.85109799
2021-11-03T22:20:29.452+05:00,11.73341682
2021-11-03T22:20:29.953+05:00,9.995289897
2021-11-03T22:20:30.454+05:00,24.14208181
2021-11-03T22:20:30.955+05:00,11.4943211
2021-11-03T22:20:31.456+05:00,13.33322918
2021-11-03T22:20:31.957+05:00,12.73512476
2021-11-03T22:20:32.961+05:00,2.487628407
2021-11-03T22:20:33.463+05:00,1.477613452
2021-11-03T22:20:33.966+05:00,1.70599419
2021-11-03T22:20:34.469+05:00,0.659799564
2021-11-03T22:20:34.972+05:00,0.31871024
2021-11-03T22:20:35.474+05:00,9.316488119
2021-11-03T22:20:35.975+05:00,9.367885775
2021-11-03T22:20:36.477+05:00,2.654164927
2021-11-03T22:20:36.978+05:00,16.85147178
2021-11-03T22:20:37.479+05:00,9.911164506
2021-11-03T22:20:37.980+05:00,4.962412389
2021-11-03T22:20:38.481+05:00,1.640500704
2021-11-03T22:20:38.983+05:00,9.600272777
2021-11-03T22:20:39.484+05:00,16.76830335
2021-11-03T22:20:39.985+05:00,13.75983173
2021-11-03T22:20:40.487+05:00,15.33778011
2021-11-03T22:20:40.989+05:00,4.985243055
2021-11-03T22:20:41.492+05:00,5.597406465
2021-11-03T22:20:42.002+05:00,3.672263689
2021-11-03T22:20:43.506+05:00,1.219090022
2021-11-03T22:20:44.007+05:00,0.82714763
2021-11-03T22:20:44.510+05:00,1.995803445
2021-11-03T22:20:45.012+05:00,2.808520856
2021-11-03T22:20:45.513+05:00,1.294781691
2021-11-03T22:20:46.015+05:00,0.447669759
2021-11-03T22:20:46.518+05:00,1.140566952
2021-11-03T22:20:47.020+05:00,6.976644713
2021-11-03T22:20:47.521+05:00,0.812557146
2021-11-03T22:20:48.022+05:00,0.15545544
2021-11-03T22:20:48.523+05:00,0.202632981
2021-11-03T22:20:49.026+05:00,0.267059793
2021-11-03T22:20:49.528+05:00,3.022029946
2021-11-03T22:20:50.029+05:00,0.16094144
2021-11-03T22:20:50.532+05:00,0.627517343
2021-11-03T22:20:51.035+05:00,0.723155807
2021-11-03T22:20:51.538+05:00,0.960816595
2021-11-03T22:20:52.040+05:00,0.339246855
2021-11-03T22:20:52.542+05:00,1.237701098
2021-11-03T22:20:53.045+05:00,0.309223703
2021-11-03T22:20:53.547+05:00,1.248412527
2021-11-03T22:20:54.048+05:00,0.139665093
2021-11-03T22:20:54.549+05:00,0.18434236
2021-11-03T22:20:55.051+05:00,0.118876771
2021-11-03T22:20:55.553+05:00,12.01325592
2021-11-03T22:20:56.055+05:00,1.122667502
2021-11-03T22:20:56.557+05:00,1.567589628
2021-11-03T22:20:57.060+05:00,0.913495953
2021-11-03T22:20:57.561+05:00,0.524891185
2021-11-03T22:20:58.063+05:00,0.215862971
2021-11-03T22:20:58.564+05:00,10.97935782
2021-11-03T22:20:59.067+05:00,7.043668614
2021-11-03T22:20:59.569+05:00,4.648486098
2021-11-03T22:21:00.070+05:00,2.52411859
2021-11-03T22:21:00.572+05:00,1.206929971
2021-11-03T22:21:01.073+05:00,5.52864751
2021-11-03T22:21:01.575+05:00,4.301142164
2021-11-03T22:21:02.077+05:00,4.093114652
2021-11-03T22:21:02.579+05:00,3.929785654
2021-11-03T22:21:03.085+05:00,1.54102064
2021-11-03T22:21:03.588+05:00,3.109309983
2021-11-03T22:21:04.089+05:00,1.276437593
2021-11-03T22:21:04.591+05:00,3.025333958
2021-11-03T22:21:05.094+05:00,5.983435455
2021-11-03T22:21:05.596+05:00,2.046049541
2021-11-03T22:21:06.098+05:00,3.20457403
2021-11-03T22:21:06.600+05:00,1.551132367
2021-11-03T22:21:07.102+05:00,3.202421249
2021-11-03T22:21:07.603+05:00,1.018808684
2021-11-03T22:21:08.104+05:00,17.84961411
2021-11-03T22:21:08.605+05:00,13.42357062
2021-11-03T22:21:09.107+05:00,4.490364396
2021-11-03T22:21:09.609+05:00,4.691292793
2021-11-03T22:21:10.112+05:00,3.485148108
2021-11-03T22:21:10.614+05:00,5.112398436
2021-11-03T22:21:11.116+05:00,4.27471656
2021-11-03T22:21:11.618+05:00,4.240140643
2021-11-03T22:21:12.121+05:00,6.124748173
2021-11-03T22:21:12.623+05:00,4.392901168
2021-11-03T22:21:13.125+05:00,4.027102397
2021-11-03T22:21:13.626+05:00,5.562720752
2021-11-03T22:21:14.128+05:00,4.064802534
2021-11-03T22:21:14.630+05:00,3.962665263
2021-11-03T22:21:15.132+05:00,4.034111623
2021-11-03T22:21:15.634+05:00,4.245064111
2021-11-03T22:21:16.136+05:00,6.148568274
2021-11-03T22:21:16.638+05:00,2.811339455
2021-11-03T22:21:17.140+05:00,4.039950057
2021-11-03T22:21:17.642+05:00,3.272902453
2021-11-03T22:21:18.143+05:00,2.731620318
2021-11-03T22:21:18.645+05:00,12.65415091
2021-11-03T22:21:19.147+05:00,0.961908505
2021-11-03T22:21:19.650+05:00,2.175137353
2021-11-03T22:21:20.153+05:00,0.574925046
2021-11-03T22:21:20.656+05:00,0.741560762
2021-11-03T22:21:21.159+05:00,0.569884811
2021-11-03T22:21:21.661+05:00,13.07811565
2021-11-03T22:21:22.162+05:00,3.258258219
2021-11-03T22:21:22.664+05:00,3.666875165
2021-11-03T22:21:23.166+05:00,19.51636502
2021-11-03T22:21:23.668+05:00,3.306988369
2021-11-03T22:21:24.180+05:00,8.084294317
2021-11-03T22:21:24.682+05:00,6.904238321
2021-11-03T22:21:25.185+05:00,21.13171447
2021-11-03T22:21:25.687+05:00,20.00414652
2021-11-03T22:21:26.188+05:00,32.27754149
2021-11-03T22:21:26.690+05:00,22.20829797
2021-11-03T22:21:27.192+05:00,23.290287
2021-11-03T22:21:27.693+05:00,28.80935036
2021-11-03T22:21:28.194+05:00,25.16544047
2021-11-03T22:21:28.696+05:00,22.42440572
2021-11-03T22:21:29.197+05:00,24.50868065
2021-11-03T22:21:29.699+05:00,21.74846301
2021-11-03T22:21:30.200+05:00,18.44975983
2021-11-03T22:21:30.702+05:00,8.393679518
2021-11-03T22:21:31.204+05:00,23.15914334
2021-11-03T22:21:31.705+05:00,22.94223616
2021-11-03T22:21:32.206+05:00,22.95879374
2021-11-03T22:21:32.708+05:00,20.78858125
2021-11-03T22:21:33.209+05:00,18.99137716
2021-11-03T22:21:33.710+05:00,19.71975041
2021-11-03T22:21:34.212+05:00,18.7289797
2021-11-03T22:21:34.714+05:00,18.38921211
2021-11-03T22:21:35.216+05:00,19.64072378
2021-11-03T22:21:35.717+05:00,23.88586342
2021-11-03T22:21:36.218+05:00,26.7777075
2021-11-03T22:21:37.223+05:00,18.83779348
2021-11-03T22:22:48.545+05:00,0.152794809
2021-11-03T22:22:53.067+05:00,1.530998988
2021-11-03T22:23:30.721+05:00,2.044224347
2021-11-03T22:23:31.223+05:00,0.98347193
2021-11-03T22:23:32.228+05:00,1.400871462
2021-11-03T22:23:32.731+05:00,1.517147583
2021-11-03T22:23:34.237+05:00,1.391008385
2021-11-03T22:23:39.259+05:00,0.410527176
2021-11-03T22:23:43.276+05:00,5.177522968
2021-11-03T22:23:44.782+05:00,4.821277223
2021-11-03T22:23:46.286+05:00,5.407006696
2021-11-03T22:23:50.799+05:00,14.47237621
2021-11-03T22:23:53.308+05:00,3.16697656
2021-11-03T22:23:53.810+05:00,2.971159711
2021-11-03T22:23:54.313+05:00,0.352959091
2021-11-03T22:23:55.317+05:00,0.088221651
2021-11-03T22:23:56.321+05:00,0.098945706
2021-11-03T22:23:57.326+05:00,0.380248645
2021-11-03T22:23:57.828+05:00,0.240709456
2021-11-03T22:23:58.331+05:00,0.199048052
2021-11-03T22:23:59.336+05:00,0.140981147
2021-11-03T22:24:01.846+05:00,0.602445478
2021-11-03T22:24:03.351+05:00,15.68954698
2021-11-03T22:24:04.354+05:00,3.170910499
2021-11-03T22:24:05.358+05:00,3.565615727
2021-11-03T22:24:06.361+05:00,4.862238415
2021-11-03T22:24:07.869+05:00,1.327096726
2021-11-03T22:24:08.873+05:00,3.927829802
2021-11-03T22:24:09.376+05:00,4.080541501
2021-11-03T22:24:11.381+05:00,4.757919846
2021-11-03T22:24:11.883+05:00,4.090734113
2021-11-03T22:24:13.388+05:00,5.088997418
2021-11-03T22:24:14.894+05:00,3.363015315
2021-11-03T22:24:15.396+05:00,5.355420779
2021-11-03T22:24:15.898+05:00,5.240151305
2021-11-03T22:24:16.400+05:00,5.742006872
2021-11-03T22:24:16.902+05:00,3.256993126
2021-11-03T22:24:17.405+05:00,3.42793959
2021-11-03T22:24:17.906+05:00,4.064637335
2021-11-03T22:24:18.409+05:00,5.817817443
2021-11-03T22:24:18.911+05:00,4.444983138
2021-11-03T22:24:19.413+05:00,4.671057669
2021-11-03T22:24:19.915+05:00,4.859802006
2021-11-03T22:24:20.417+05:00,3.516468725
2021-11-03T22:24:20.920+05:00,4.65545685
2021-11-03T22:24:21.924+05:00,4.362432355
2021-11-03T22:24:22.426+05:00,4.308895946
2021-11-03T22:24:22.927+05:00,19.88655165
2021-11-03T22:24:23.428+05:00,10.45760812
2021-11-03T22:24:24.936+05:00,1.969078165
2021-11-03T22:24:25.439+05:00,1.482125187
2021-11-03T22:24:25.942+05:00,1.100876527
2021-11-03T22:24:27.447+05:00,4.718276428
2021-11-03T22:24:27.949+05:00,4.404418489
2021-11-03T22:24:28.451+05:00,20.68816419
2021-11-03T22:24:30.468+05:00,15.92863247
2021-11-03T22:24:30.969+05:00,6.586024601
2021-11-03T22:24:33.983+05:00,2.279981921
2021-11-03T22:24:34.484+05:00,8.648239549
2021-11-03T22:24:35.489+05:00,0.4935807
2021-11-03T22:24:36.493+05:00,0.767753862
2021-11-03T22:24:36.996+05:00,0.356503528
2021-11-03T22:24:38.503+05:00,1.114193176
2021-11-03T22:24:39.004+05:00,0.598942935
2021-11-03T22:24:39.507+05:00,0.310311429
2021-11-03T22:24:40.010+05:00,1.105845354
2021-11-03T22:24:41.014+05:00,3.931176727
2021-11-03T22:24:41.516+05:00,1.066482
2021-11-03T22:24:42.017+05:00,0.557910658
2021-11-03T22:24:42.520+05:00,0.314075152
2021-11-03T22:24:43.522+05:00,10.90621214
2021-11-03T22:24:44.025+05:00,3.023643131
2021-11-03T22:24:45.029+05:00,1.223911264
2021-11-03T22:24:47.038+05:00,3.332363487
2021-11-03T22:24:47.540+05:00,0.908177839
2021-11-03T22:24:48.043+05:00,0.853242619
2021-11-03T22:24:48.545+05:00,0.886300821
2021-11-03T22:24:49.046+05:00,1.83450573
2021-11-03T22:24:50.053+05:00,3.41230571
2021-11-03T22:24:51.557+05:00,18.64999913
2021-11-03T22:24:52.058+05:00,17.51356902
2021-11-03T22:24:52.559+05:00,31.41148924
2021-11-03T22:24:53.563+05:00,25.81075818
2021-11-03T22:24:56.069+05:00,29.47338595
2021-11-03T22:24:57.071+05:00,35.27807127
2021-11-03T22:24:57.572+05:00,34.83374695
2021-11-03T22:24:58.575+05:00,26.28377858
2021-11-03T22:24:59.578+05:00,26.05375403
2021-11-03T22:25:00.079+05:00,21.90579778
2021-11-03T22:25:00.580+05:00,36.63513198
2021-11-03T22:25:03.087+05:00,7.080493318
2021-11-03T22:25:04.593+05:00,4.323417195
2021-11-03T22:25:05.096+05:00,5.200217389
2021-11-03T22:25:05.597+05:00,3.393728305
2021-11-03T22:25:06.601+05:00,4.602792948
2021-11-03T22:25:07.102+05:00,3.322417216
2021-11-03T22:25:08.104+05:00,2.81594019
2021-11-03T22:25:10.112+05:00,1.023443599
2021-11-03T22:25:10.613+05:00,0.543768115
2021-11-03T22:25:11.114+05:00,0.452996868
2021-11-03T22:25:12.117+05:00,1.034068055
2021-11-03T22:25:12.618+05:00,13.12845471
2021-11-03T22:25:14.121+05:00,5.945122496
2021-11-03T22:25:14.622+05:00,7.521803758
2021-11-03T22:25:15.123+05:00,10.95644046
2021-11-03T22:25:15.624+05:00,5.825067478
2021-11-03T22:25:16.125+05:00,5.136316483
2021-11-03T22:25:16.626+05:00,4.281777966
2021-11-03T22:25:17.127+05:00,5.761680277
2021-11-03T22:25:17.628+05:00,3.993718475
2021-11-03T22:25:18.129+05:00,9.185079143
2021-11-03T22:25:18.630+05:00,6.206444109
2021-11-03T22:25:19.131+05:00,4.173381797
2021-11-03T22:25:19.632+05:00,4.394986871
2021-11-03T22:25:20.134+05:00,4.585578892
2021-11-03T22:25:20.635+05:00,4.37430169
2021-11-03T22:25:21.136+05:00,5.387649456
2021-11-03T22:25:21.637+05:00,2.211478932
2021-11-03T22:25:22.138+05:00,7.136899043
2021-11-03T22:25:22.639+05:00,8.410053821
2021-11-03T22:25:23.140+05:00,4.380711187
2021-11-03T22:25:24.142+05:00,0.276768008
2021-11-03T22:25:25.147+05:00,0.377924399
2021-11-03T22:25:25.649+05:00,0.806140599
2021-11-03T22:25:26.653+05:00,3.875654365
2021-11-03T22:25:27.658+05:00,1.029760691
2021-11-03T22:25:28.160+05:00,0.347526935
2021-11-03T22:25:28.663+05:00,0.340581191
2021-11-03T22:25:30.169+05:00,7.202791244
2021-11-03T22:25:30.671+05:00,4.351753621
2021-11-03T22:25:31.180+05:00,0.903260641
2021-11-03T22:25:31.682+05:00,0.819578192
2021-11-03T22:25:33.689+05:00,0.930911165
2021-11-03T22:25:34.191+05:00,1.001150116
2021-11-03T22:25:34.694+05:00,1.266291358
2021-11-03T22:25:35.195+05:00,2.068373905
2021-11-03T22:25:35.696+05:00,14.3088088
2021-11-03T22:25:36.197+05:00,3.537942082
2021-11-03T22:25:36.698+05:00,2.140500162
2021-11-03T22:25:38.708+05:00,6.335976516
2021-11-03T22:25:39.210+05:00,3.652693673
2021-11-03T22:25:39.713+05:00,1.154851815
2021-11-03T22:25:40.216+05:00,0.354030872
2021-11-03T22:25:41.725+05:00,1.422166488
2021-11-03T22:25:42.226+05:00,0.129717372
2021-11-03T22:25:43.729+05:00,3.838278263
2021-11-03T22:25:44.232+05:00,0.467431553
2021-11-03T22:25:44.735+05:00,0.457889254
2021-11-03T22:25:45.238+05:00,0.268254524
2021-11-03T22:25:45.741+05:00,0.714028751
2021-11-03T22:25:47.249+05:00,0.369118432
2021-11-03T22:25:47.751+05:00,1.433697253
2021-11-03T22:25:48.254+05:00,0.03449774
2021-11-03T22:25:48.757+05:00,0.173193195
2021-11-03T22:25:49.260+05:00,0.320907601
2021-11-03T22:25:49.762+05:00,0.08734367
2021-11-03T22:25:50.265+05:00,0.047106569
2021-11-03T22:25:50.767+05:00,0.193220476
2021-11-03T22:25:51.281+05:00,0.066517314
2021-11-03T22:25:51.783+05:00,0.103349007
2021-11-03T22:25:52.286+05:00,0.066151883
2021-11-03T22:25:52.789+05:00,1.506524833
2021-11-03T22:25:53.290+05:00,0.952597199
2021-11-03T22:25:53.793+05:00,1.007726973
2021-11-03T22:25:54.296+05:00,0.111569707
2021-11-03T22:25:54.798+05:00,0.121723069
2021-11-03T22:25:55.299+05:00,8.204202001
2021-11-03T22:25:55.802+05:00,4.513240966
2021-11-03T22:25:56.305+05:00,1.156386794
2021-11-03T22:25:56.807+05:00,1.368244316
2021-11-03T22:25:57.309+05:00,4.82248106
2021-11-03T22:25:57.812+05:00,0.398178003
2021-11-03T22:25:58.815+05:00,12.17310179
2021-11-03T22:26:00.320+05:00,11.11929073
2021-11-03T22:26:01.323+05:00,24.75387879
2021-11-03T22:26:01.825+05:00,11.30625169
2021-11-03T22:26:02.328+05:00,5.725036512
2021-11-03T22:26:03.332+05:00,1.614443884
2021-11-03T22:26:03.835+05:00,3.975834019
2021-11-03T22:26:04.337+05:00,1.494126546
2021-11-03T22:26:04.838+05:00,6.415757826
2021-11-03T22:26:05.339+05:00,1.200391237
2021-11-03T22:26:05.842+05:00,0.864038064
2021-11-03T22:26:06.344+05:00,2.641635181
2021-11-03T22:26:06.847+05:00,1.017741039
2021-11-03T22:26:07.349+05:00,3.718856896
2021-11-03T22:26:07.852+05:00,2.253288629
2021-11-03T22:26:08.354+05:00,0.36633006
2021-11-03T22:26:08.856+05:00,0.448655206
2021-11-03T22:26:09.358+05:00,0.847219171
2021-11-03T22:26:09.860+05:00,0.236601957
2021-11-03T22:26:10.865+05:00,0.495328523
2021-11-03T22:26:11.367+05:00,1.217345592
2021-11-03T22:26:11.880+05:00,0.413284361
2021-11-03T22:26:12.382+05:00,0.310585377
2021-11-03T22:26:12.885+05:00,0.148766819
2021-11-03T22:26:13.388+05:00,1.036999799
2021-11-03T22:26:13.891+05:00,0.191599469
2021-11-03T22:26:14.394+05:00,0.54964761
2021-11-03T22:26:14.897+05:00,2.032871086
2021-11-03T22:26:15.399+05:00,0.288707013
2021-11-03T22:26:15.901+05:00,2.588587093
2021-11-03T22:26:16.907+05:00,1.661057362
2021-11-03T22:26:17.410+05:00,0.570330593
2021-11-03T22:26:17.913+05:00,0.362560386
2021-11-03T22:26:18.917+05:00,5.463727724
2021-11-03T22:26:19.420+05:00,1.536396488
2021-11-03T22:26:19.923+05:00,0.609779141
2021-11-03T22:26:20.426+05:00,0.74799399
2021-11-03T22:26:20.927+05:00,0.912557938
2021-11-03T22:26:21.930+05:00,14.63087735
2021-11-03T22:26:22.432+05:00,5.757466565
2021-11-03T22:26:22.933+05:00,7.565626665
2021-11-03T22:26:23.434+05:00,22.42114485
2021-11-03T22:26:23.935+05:00,14.93334793
2021-11-03T22:26:24.939+05:00,19.88883756
2021-11-03T22:26:25.940+05:00,28.36795967
2021-11-03T22:26:26.441+05:00,13.29184457
2021-11-03T22:26:26.942+05:00,15.43112322
2021-11-03T22:26:27.443+05:00,17.57393506
2021-11-03T22:26:27.946+05:00,12.28634332
2021-11-03T22:26:28.447+05:00,6.473450051
2021-11-03T22:26:28.949+05:00,5.969253797
2021-11-03T22:26:29.451+05:00,5.266631198
2021-11-03T22:26:29.953+05:00,5.846992119
2021-11-03T22:26:30.455+05:00,7.197049019
2021-11-03T22:26:30.957+05:00,6.509940181
2021-11-03T22:26:31.460+05:00,5.168166113
2021-11-03T22:26:31.962+05:00,6.106790865
2021-11-03T22:26:32.465+05:00,4.15192788
2021-11-03T22:26:32.971+05:00,2.390252112
2021-11-03T22:26:33.473+05:00,3.337830121
2021-11-03T22:26:33.975+05:00,8.298347937
2021-11-03T22:26:34.477+05:00,7.469303529
2021-11-03T22:26:34.980+05:00,3.735856615
2021-11-03T22:26:35.482+05:00,8.285067481
2021-11-03T22:26:35.983+05:00,8.988343712
2021-11-03T22:26:36.485+05:00,5.936189094
2021-11-03T22:26:36.988+05:00,4.910808585
2021-11-03T22:26:37.490+05:00,4.408407776
2021-11-03T22:26:37.993+05:00,4.875693835
2021-11-03T22:26:38.495+05:00,4.591024325
2021-11-03T22:26:38.997+05:00,8.513293474
2021-11-03T22:26:39.500+05:00,5.426199348
2021-11-03T22:26:40.002+05:00,6.545561042
2021-11-03T22:26:40.505+05:00,4.602292481
2021-11-03T22:26:41.007+05:00,3.689930134
2021-11-03T22:26:41.509+05:00,10.29469391
2021-11-03T22:26:42.011+05:00,5.923939026
2021-11-03T22:26:42.513+05:00,1.475483188
2021-11-03T22:26:43.015+05:00,0.762850801
2021-11-03T22:26:43.517+05:00,0.990587286
2021-11-03T22:26:44.019+05:00,0.424506677
2021-11-03T22:26:45.525+05:00,4.938915561
2021-11-03T22:26:46.027+05:00,6.114968044
2021-11-03T22:26:46.528+05:00,4.089781622
2021-11-03T22:26:47.030+05:00,16.55023362
2021-11-03T22:26:47.532+05:00,5.683002581
2021-11-03T22:26:48.033+05:00,8.110696477
2021-11-03T22:26:48.533+05:00,11.69180868
2021-11-03T22:26:49.034+05:00,6.906418223
2021-11-03T22:26:49.536+05:00,19.9396493
2021-11-03T22:26:50.037+05:00,23.79509931
2021-11-03T22:26:50.538+05:00,27.30272555
2021-11-03T22:26:51.039+05:00,18.68066293
2021-11-03T22:26:51.541+05:00,14.68187687
2021-11-03T22:26:52.042+05:00,16.85185563
2021-11-03T22:26:52.543+05:00,4.337047997
2021-11-03T22:26:53.044+05:00,3.029713404
2021-11-03T22:26:53.546+05:00,2.617986473
2021-11-03T22:26:54.058+05:00,0.55250676
2021-11-03T22:26:54.560+05:00,0.538171399
2021-11-03T22:26:55.566+05:00,1.869409703
2021-11-03T22:26:56.068+05:00,0.17025318
2021-11-03T22:26:56.570+05:00,0.841935037
2021-11-03T22:26:57.073+05:00,0.69601914
2021-11-03T22:26:57.575+05:00,0.333023942
2021-11-03T22:26:58.077+05:00,0.294677387
2021-11-03T22:26:58.581+05:00,1.438021228
2021-11-03T22:26:59.082+05:00,1.879971056
2021-11-03T22:26:59.585+05:00,3.255587355
2021-11-03T22:27:00.088+05:00,2.997899646
2021-11-03T22:27:00.590+05:00,0.358626297
2021-11-03T22:27:01.094+05:00,4.787650922
2021-11-03T22:27:01.597+05:00,0.565077734
2021-11-03T22:27:02.100+05:00,0.449923479
2021-11-03T22:27:02.603+05:00,2.109151501
2021-11-03T22:27:03.106+05:00,1.232150309
2021-11-03T22:27:03.608+05:00,0.278442231
2021-11-03T22:27:04.111+05:00,1.034214425
2021-11-03T22:27:05.116+05:00,4.531744348
2021-11-03T22:27:05.617+05:00,2.042259317
2021-11-03T22:27:06.119+05:00,1.788731693
2021-11-03T22:27:06.622+05:00,0.661069822
2021-11-03T22:27:07.125+05:00,0.541238852
2021-11-03T22:27:07.626+05:00,6.007876063
2021-11-03T22:27:08.127+05:00,21.19910347
2021-11-03T22:27:08.629+05:00,1.645355096
2021-11-03T22:27:09.131+05:00,5.49435609
2021-11-03T22:27:09.632+05:00,0.493553975
2021-11-03T22:27:10.132+05:00,0.226709127
2021-11-03T22:27:11.138+05:00,0.508649778
2021-11-03T22:27:11.641+05:00,0.815524877
2021-11-03T22:27:12.144+05:00,0.35819271
2021-11-03T22:27:12.646+05:00,1.495333641
2021-11-03T22:27:13.149+05:00,0.243414614
2021-11-03T22:27:13.652+05:00,1.557876045
2021-11-03T22:27:14.164+05:00,6.800844308
2021-11-03T22:27:14.667+05:00,2.345546664
2021-11-03T22:27:15.170+05:00,0.194654378
2021-11-03T22:27:15.672+05:00,0.875922501
2021-11-03T22:27:16.175+05:00,2.8797082
2021-11-03T22:27:16.678+05:00,0.462232743
2021-11-03T22:27:17.180+05:00,0.504385013
2021-11-03T22:27:17.683+05:00,0.116467248
2021-11-03T22:27:18.184+05:00,0.122246806
2021-11-03T22:27:18.685+05:00,0.100441943
2021-11-03T22:27:19.187+05:00,0.404341274
2021-11-03T22:27:19.689+05:00,0.295047607
2021-11-03T22:27:20.192+05:00,0.080364053
2021-11-03T22:27:20.695+05:00,0.066264481
2021-11-03T22:27:21.197+05:00,0.0530191
2021-11-03T22:27:21.700+05:00,0.1554113
2021-11-03T22:27:22.203+05:00,0.15147032
2021-11-03T22:27:22.706+05:00,0.098872301
2021-11-03T22:27:23.209+05:00,4.746912782
2021-11-03T22:27:23.712+05:00,0.292939712
2021-11-03T22:27:24.213+05:00,0.149212424
2021-11-03T22:27:24.716+05:00,0.150313246
2021-11-03T22:27:25.218+05:00,0.042964264
2021-11-03T22:27:25.720+05:00,1.003818834
2021-11-03T22:27:26.222+05:00,0.096102688
2021-11-03T22:27:26.724+05:00,0.055556226
2021-11-03T22:27:27.227+05:00,0.007736643
2021-11-03T22:27:27.728+05:00,10.37928107
2021-11-03T22:27:28.231+05:00,3.128218287
2021-11-03T22:27:28.733+05:00,1.134394675
2021-11-03T22:27:29.235+05:00,0.479853252
2021-11-03T22:27:29.737+05:00,0.43929673
2021-11-03T22:27:30.240+05:00,0.325878386
2021-11-03T22:27:31.245+05:00,8.078253396
2021-11-03T22:27:31.747+05:00,5.163557925
2021-11-03T22:27:33.252+05:00,18.27520059
2021-11-03T22:27:33.753+05:00,28.5588194
2021-11-03T22:27:34.254+05:00,22.71371367
2021-11-03T22:27:35.264+05:00,13.9108748
2021-11-03T22:27:35.766+05:00,9.513121947
2021-11-03T22:27:36.268+05:00,7.159772764
2021-11-03T22:27:36.771+05:00,9.049305762
2021-11-03T22:27:37.274+05:00,7.225532945
2021-11-03T22:27:37.776+05:00,7.433996416
2021-11-03T22:27:38.278+05:00,6.991810808
2021-11-03T22:27:39.281+05:00,12.88411204
2021-11-03T22:27:39.782+05:00,14.92460815
2021-11-03T22:27:41.287+05:00,22.97875151
2021-11-03T22:27:42.292+05:00,5.480384948
2021-11-03T22:27:43.296+05:00,10.14411879
2021-11-03T22:27:43.798+05:00,8.75881821
2021-11-03T22:27:44.300+05:00,9.193729351
2021-11-03T22:27:44.801+05:00,9.532286937
2021-11-03T22:27:45.303+05:00,7.479180273
2021-11-03T22:27:45.804+05:00,9.250298263
2021-11-03T22:27:46.306+05:00,12.56777067
2021-11-03T22:27:46.808+05:00,11.60201538
2021-11-03T22:27:47.311+05:00,13.94404356
2021-11-03T22:27:47.813+05:00,7.21190631
2021-11-03T22:27:48.316+05:00,8.350740777
2021-11-03T22:27:48.817+05:00,10.50567695
2021-11-03T22:27:49.819+05:00,9.192367575
2021-11-03T22:27:50.320+05:00,7.334774735
2021-11-03T22:27:50.822+05:00,17.3350269
2021-11-03T22:27:51.323+05:00,4.191825244
2021-11-03T22:27:51.826+05:00,1.372921482
2021-11-03T22:27:52.329+05:00,0.576470507
2021-11-03T22:27:52.832+05:00,2.107337645
2021-11-03T22:27:53.334+05:00,0.720746837
2021-11-03T22:27:53.836+05:00,12.74798559
2021-11-03T22:27:54.337+05:00,5.823300048
2021-11-03T22:27:54.838+05:00,17.15142943
2021-11-03T22:27:55.339+05:00,14.18938138
2021-11-03T22:27:55.841+05:00,12.12193637
2021-11-03T22:27:56.347+05:00,42.68440672
2021-11-03T22:27:56.848+05:00,27.16332268
2021-11-03T22:27:57.349+05:00,25.23826359
2021-11-03T22:27:57.850+05:00,21.99134806
2021-11-03T22:27:58.352+05:00,48.19433759
2021-11-03T22:27:58.853+05:00,41.96488498
2021-11-03T22:27:59.354+05:00,22.42104033
2021-11-03T22:27:59.856+05:00,28.96140877
2021-11-03T22:28:00.357+05:00,39.11353833
2021-11-03T22:28:00.858+05:00,21.02063496
2021-11-03T22:28:01.359+05:00,21.6877396
2021-11-03T22:28:01.861+05:00,17.72108038
2021-11-03T22:28:02.362+05:00,16.11203671
2021-11-03T22:28:02.863+05:00,15.09229482
2021-11-03T22:28:03.365+05:00,6.670907977
2021-11-03T22:28:03.866+05:00,7.173735474
2021-11-03T22:28:04.368+05:00,12.35502011
2021-11-03T22:28:04.870+05:00,11.82015973
2021-11-03T22:28:05.371+05:00,10.83883554
2021-11-03T22:28:05.873+05:00,5.686501561
2021-11-03T22:28:06.374+05:00,6.631298982
2021-11-03T22:28:06.876+05:00,10.08152309
2021-11-03T22:28:07.377+05:00,12.00835077
2021-11-03T22:28:07.878+05:00,11.80372491
2021-11-03T22:28:08.380+05:00,12.05168398
2021-11-03T22:28:08.881+05:00,10.45983821
2021-11-03T22:28:09.383+05:00,8.049264798
2021-11-03T22:28:09.884+05:00,7.470140325
2021-11-03T22:28:10.386+05:00,7.51766992
2021-11-03T22:28:10.887+05:00,6.688022916
2021-11-03T22:28:11.389+05:00,6.584966783
2021-11-03T22:28:11.890+05:00,8.088137091
2021-11-03T22:28:12.391+05:00,11.32825348
2021-11-03T22:28:12.893+05:00,9.680085259
2021-11-03T22:28:13.395+05:00,16.3814288
2021-11-03T22:28:13.897+05:00,15.38674311
2021-11-03T22:28:14.398+05:00,6.848482288
2021-11-03T22:28:14.900+05:00,5.563516123
2021-11-03T22:28:15.402+05:00,0.635306564
2021-11-03T22:28:15.905+05:00,4.162564191
2021-11-03T22:28:16.411+05:00,0.940798617
2021-11-03T22:28:16.913+05:00,12.05751073
2021-11-03T22:28:17.414+05:00,3.322736606
2021-11-03T22:28:17.916+05:00,4.508980095
2021-11-03T22:28:18.418+05:00,5.466456502
2021-11-03T22:28:18.921+05:00,4.752393626
2021-11-03T22:28:19.422+05:00,14.53723551
2021-11-03T22:28:19.925+05:00,6.710525605
2021-11-03T22:28:20.426+05:00,12.9922538
2021-11-03T22:28:20.926+05:00,13.67622431
2021-11-03T22:28:21.427+05:00,9.692419355
2021-11-03T22:28:21.929+05:00,2.154696864
2021-11-03T22:28:22.431+05:00,14.97740706
2021-11-03T22:28:22.933+05:00,12.1243122
2021-11-03T22:28:23.435+05:00,3.88016379
2021-11-03T22:28:23.938+05:00,1.148144673
2021-11-03T22:28:24.441+05:00,0.385751681
2021-11-03T22:28:24.944+05:00,1.770459898
2021-11-03T22:28:25.447+05:00,2.688696701
2021-11-03T22:28:25.950+05:00,0.325555922
2021-11-03T22:28:26.452+05:00,0.382919933
2021-11-03T22:28:26.954+05:00,0.071716397
2021-11-03T22:28:27.457+05:00,0.596658319
2021-11-03T22:28:27.958+05:00,0.05008104
2021-11-03T22:28:28.460+05:00,0.113230728
2021-11-03T22:28:28.963+05:00,0.024140368
2021-11-03T22:28:29.465+05:00,3.184058592
2021-11-03T22:28:29.968+05:00,2.999207456
2021-11-03T22:28:30.471+05:00,0.203523318
2021-11-03T22:28:30.974+05:00,1.121729388
2021-11-03T22:28:31.475+05:00,0.258457119
2021-11-03T22:28:31.977+05:00,0.130688208
2021-11-03T22:28:32.481+05:00,0.124571117
2021-11-03T22:28:32.982+05:00,0.317180688
2021-11-03T22:28:33.485+05:00,0.221720122
2021-11-03T22:28:33.987+05:00,1.224846754
2021-11-03T22:28:34.490+05:00,0.271649817
2021-11-03T22:28:34.992+05:00,0.914927799
2021-11-03T22:28:35.494+05:00,0.114128398
2021-11-03T22:28:35.997+05:00,2.355116401
2021-11-03T22:28:36.500+05:00,0.43843352
2021-11-03T22:28:37.002+05:00,13.11554127
2021-11-03T22:28:37.516+05:00,0.709242341
2021-11-03T22:28:38.018+05:00,1.30517203
2021-11-03T22:28:38.521+05:00,0.510104425
2021-11-03T22:28:39.024+05:00,0.883067817
2021-11-03T22:28:39.527+05:00,0.754082142
2021-11-03T22:28:40.029+05:00,14.41661767
2021-11-03T22:28:40.531+05:00,4.965696461
2021-11-03T22:28:41.033+05:00,5.650292062
2021-11-03T22:28:41.535+05:00,5.17185762
2021-11-03T22:28:42.036+05:00,13.53688991
2021-11-03T22:28:42.537+05:00,10.62954882
2021-11-03T22:28:43.039+05:00,8.838085951
2021-11-03T22:28:43.540+05:00,13.50396618
2021-11-03T22:28:44.041+05:00,17.91453216
2021-11-03T22:28:44.542+05:00,23.58404647
2021-11-03T22:28:45.043+05:00,23.94092108
2021-11-03T22:28:45.544+05:00,21.37869699
2021-11-03T22:28:46.047+05:00,7.52620687
2021-11-03T22:28:46.548+05:00,10.27122371
2021-11-03T22:28:47.051+05:00,8.064408106
2021-11-03T22:28:47.552+05:00,8.619262398
2021-11-03T22:28:48.055+05:00,6.040487521
2021-11-03T22:28:48.557+05:00,8.72443762
2021-11-03T22:28:49.059+05:00,6.930410284
2021-11-03T22:28:49.561+05:00,7.370503553
2021-11-03T22:28:50.063+05:00,7.398125075
2021-11-03T22:28:50.565+05:00,9.669382133
2021-11-03T22:28:51.067+05:00,9.07799055
2021-11-03T22:28:51.569+05:00,11.61793517
2021-11-03T22:28:52.072+05:00,11.71843913
2021-11-03T22:28:52.573+05:00,7.307691096
2021-11-03T22:28:53.076+05:00,9.49336484
2021-11-03T22:28:53.577+05:00,10.25962186
2021-11-03T22:28:54.079+05:00,4.922303969
2021-11-03T22:28:54.580+05:00,4.86177312
2021-11-03T22:28:55.081+05:00,5.866073221
2021-11-03T22:28:55.583+05:00,8.354333629
2021-11-03T22:28:56.084+05:00,9.646533288
2021-11-03T22:28:56.587+05:00,8.5370535
2021-11-03T22:28:57.089+05:00,7.48489279
2021-11-03T22:28:57.590+05:00,7.078902945
2021-11-03T22:28:58.091+05:00,6.952010564
2021-11-03T22:28:58.604+05:00,7.071832346
2021-11-03T22:28:59.105+05:00,7.949556957
2021-11-03T22:28:59.607+05:00,9.346073311
2021-11-03T22:29:00.110+05:00,15.1370448
2021-11-03T22:29:00.613+05:00,0.700406351
2021-11-03T22:29:01.115+05:00,4.19568857
2021-11-03T22:29:01.618+05:00,0.402536232
2021-11-03T22:29:02.120+05:00,0.537493805
2021-11-03T22:29:02.622+05:00,8.028748767
2021-11-03T22:29:03.123+05:00,10.97540521
2021-11-03T22:29:03.626+05:00,4.496308514
2021-11-03T22:29:04.628+05:00,15.76910317
2021-11-03T22:29:05.129+05:00,9.00117945
2021-11-03T22:29:05.630+05:00,4.170454574
2021-11-03T22:29:06.131+05:00,3.233190298
2021-11-03T22:29:06.633+05:00,9.830967966
2021-11-03T22:29:07.134+05:00,26.50961591
2021-11-03T22:29:07.635+05:00,2.114632077
2021-11-03T22:29:08.136+05:00,3.6465847
2021-11-03T22:29:08.637+05:00,9.63214127
2021-11-03T22:29:09.138+05:00,5.028669013
2021-11-03T22:29:09.639+05:00,23.57165108
2021-11-03T22:29:10.140+05:00,14.93498801
2021-11-03T22:29:10.641+05:00,33.31549893
2021-11-03T22:29:11.143+05:00,23.07240194
2021-11-03T22:29:11.644+05:00,5.873725899
2021-11-03T22:29:12.146+05:00,6.665549406
2021-11-03T22:29:12.647+05:00,5.163447151
2021-11-03T22:29:13.148+05:00,2.102695891
2021-11-03T22:29:13.649+05:00,1.262787937
2021-11-03T22:29:14.150+05:00,0.970457523
2021-11-03T22:29:14.651+05:00,2.926154102
2021-11-03T22:29:15.153+05:00,0.3814123
2021-11-03T22:29:16.156+05:00,0.879401457
2021-11-03T22:29:16.657+05:00,1.294063602
2021-11-03T22:29:17.160+05:00,0.523455836
2021-11-03T22:29:17.662+05:00,3.348037009
2021-11-03T22:29:18.164+05:00,3.852286776
2021-11-03T22:29:18.673+05:00,2.426174621
2021-11-03T22:29:19.174+05:00,3.264128468
2021-11-03T22:29:19.676+05:00,2.685459803
2021-11-03T22:29:20.178+05:00,0.350716799
2021-11-03T22:29:20.680+05:00,0.795753619
2021-11-03T22:29:21.183+05:00,0.32147181
2021-11-03T22:29:21.685+05:00,0.280542901
2021-11-03T22:29:22.187+05:00,1.787441449
2021-11-03T22:29:22.690+05:00,0.361738957
2021-11-03T22:29:23.192+05:00,12.09403285
2021-11-03T22:29:23.695+05:00,3.493421913
2021-11-03T22:29:24.198+05:00,0.749227253
2021-11-03T22:29:24.700+05:00,0.26797634
2021-11-03T22:29:25.202+05:00,0.323867739
2021-11-03T22:29:25.705+05:00,0.44858531
2021-11-03T22:29:26.206+05:00,12.97370941
2021-11-03T22:29:26.707+05:00,2.719917137
2021-11-03T22:29:27.208+05:00,20.70361671
2021-11-03T22:29:27.709+05:00,10.93833167
2021-11-03T22:29:28.210+05:00,10.19989853
2021-11-03T22:29:28.711+05:00,0.694446264
2021-11-03T22:29:29.212+05:00,0.967986398
2021-11-03T22:29:29.713+05:00,3.071714268
2021-11-03T22:29:30.215+05:00,20.72773067
2021-11-03T22:29:30.717+05:00,25.03768209
2021-11-03T22:29:31.219+05:00,10.07807314
2021-11-03T22:29:31.722+05:00,1.687495608
2021-11-03T22:29:32.225+05:00,1.293544074
2021-11-03T22:29:32.728+05:00,0.770643757
2021-11-03T22:29:33.229+05:00,1.160234118
2021-11-03T22:29:33.730+05:00,0.494367823
2021-11-03T22:29:34.233+05:00,1.451812586
2021-11-03T22:29:34.735+05:00,0.639411241
2021-11-03T22:29:35.238+05:00,0.86362538
2021-11-03T22:29:35.740+05:00,1.289210876
2021-11-03T22:29:36.242+05:00,3.055321313
2021-11-03T22:29:36.743+05:00,0.447370608
2021-11-03T22:29:37.246+05:00,0.326338922
2021-11-03T22:29:37.748+05:00,0.49039613
2021-11-03T22:29:38.251+05:00,0.733581976
2021-11-03T22:29:38.753+05:00,2.225823699
2021-11-03T22:29:39.256+05:00,0.797367241
2021-11-03T22:29:39.763+05:00,2.195488269
2021-11-03T22:29:40.265+05:00,0.1642396
2021-11-03T22:29:40.768+05:00,0.824046604
2021-11-03T22:29:41.271+05:00,1.372063268
2021-11-03T22:29:41.774+05:00,1.021067073
2021-11-03T22:29:42.275+05:00,0.383559284
2021-11-03T22:29:42.777+05:00,0.48316729
2021-11-03T22:29:43.280+05:00,4.052350885
2021-11-03T22:29:43.781+05:00,3.628632096
2021-11-03T22:29:44.284+05:00,1.126441961
2021-11-03T22:29:44.787+05:00,0.480389618
2021-11-03T22:29:45.290+05:00,4.838389382
2021-11-03T22:29:45.792+05:00,1.81310927
2021-11-03T22:29:46.295+05:00,11.22079174
2021-11-03T22:29:46.798+05:00,1.349922927
2021-11-03T22:29:47.300+05:00,2.451577542
2021-11-03T22:29:47.803+05:00,0.230964341
2021-11-03T22:29:48.305+05:00,0.809442141
2021-11-03T22:29:48.807+05:00,0.362008221
2021-11-03T22:29:49.309+05:00,15.20083782
2021-11-03T22:29:49.811+05:00,14.93641242
2021-11-03T22:29:50.314+05:00,1.377964549
2021-11-03T22:29:50.817+05:00,7.325467425
2021-11-03T22:29:51.320+05:00,0.128348497
2021-11-03T22:29:51.823+05:00,0.313880605
2021-11-03T22:29:52.324+05:00,1.204426373
2021-11-03T22:29:53.330+05:00,2.137145662
2021-11-03T22:29:53.833+05:00,0.260837921
2021-11-03T22:29:54.335+05:00,1.801420755
2021-11-03T22:29:54.837+05:00,0.112659858
2021-11-03T22:29:55.339+05:00,0.121144468
2021-11-03T22:29:55.841+05:00,5.149686738
2021-11-03T22:29:56.342+05:00,0.596774991
2021-11-03T22:29:56.845+05:00,1.141597012
2021-11-03T22:29:57.347+05:00,2.977740425
2021-11-03T22:29:57.850+05:00,0.763453809
2021-11-03T22:29:58.352+05:00,0.055421526
2021-11-03T22:29:58.854+05:00,0.087404638
2021-11-03T22:29:59.357+05:00,1.03493357
2021-11-03T22:29:59.859+05:00,0.034127307
2021-11-03T22:30:00.361+05:00,0.074172146
2021-11-03T22:30:00.868+05:00,4.878772779
2021-11-03T22:30:01.370+05:00,1.862515346
2021-11-03T22:30:01.873+05:00,0.128465284
2021-11-03T22:30:02.375+05:00,0.182290139
2021-11-03T22:30:02.878+05:00,0.343002487
2021-11-03T22:30:03.381+05:00,1.322592948
2021-11-03T22:30:03.883+05:00,0.291431876
2021-11-03T22:30:04.386+05:00,0.444796623
2021-11-03T22:30:04.888+05:00,5.136809725
2021-11-03T22:30:05.391+05:00,0.134535017
2021-11-03T22:30:05.894+05:00,0.472796044
2021-11-03T22:30:06.397+05:00,1.109001081
2021-11-03T22:30:06.901+05:00,0.21461905
2021-11-03T22:30:07.403+05:00,0.877269257
2021-11-03T22:30:07.906+05:00,0.062608761
2021-11-03T22:30:08.409+05:00,0.66544824
2021-11-03T22:30:08.912+05:00,0.274098114
2021-11-03T22:30:09.415+05:00,10.69877261
2021-11-03T22:30:09.918+05:00,0.244822871
2021-11-03T22:30:10.420+05:00,0.62393751
2021-11-03T22:30:10.922+05:00,1.743681371
2021-11-03T22:30:11.425+05:00,0.914273331
2021-11-03T22:30:11.926+05:00,0.312296694
2021-11-03T22:30:12.428+05:00,13.46716896
2021-11-03T22:30:12.929+05:00,1.48340433
2021-11-03T22:30:13.430+05:00,17.59190917
2021-11-03T22:30:13.932+05:00,8.565205565
2021-11-03T22:30:14.434+05:00,18.76920454
2021-11-03T22:30:14.935+05:00,11.09105746
2021-11-03T22:30:15.436+05:00,20.44064416
2021-11-03T22:30:15.937+05:00,12.15788719
2021-11-03T22:30:16.439+05:00,14.18472386
2021-11-03T22:30:16.940+05:00,29.95679155
2021-11-03T22:30:17.441+05:00,13.60019963
2021-11-03T22:30:17.942+05:00,10.11284142
2021-11-03T22:30:18.443+05:00,24.46630995
2021-11-03T22:30:18.945+05:00,15.97639011
2021-11-03T22:30:19.445+05:00,12.37855645
2021-11-03T22:30:19.947+05:00,4.550618394
2021-11-03T22:30:20.448+05:00,15.15205433
2021-11-03T22:30:20.949+05:00,13.19733354
2021-11-03T22:30:21.455+05:00,8.050956843
2021-11-03T22:30:21.957+05:00,7.429100969
2021-11-03T22:30:22.459+05:00,7.027958938
2021-11-03T22:30:22.961+05:00,4.95423719
2021-11-03T22:30:23.464+05:00,5.353178577
2021-11-03T22:30:23.966+05:00,5.426782215
2021-11-03T22:30:24.467+05:00,12.51615141
2021-11-03T22:30:24.968+05:00,5.743985391
2021-11-03T22:30:25.471+05:00,6.40739728
2021-11-03T22:30:25.973+05:00,5.697811042
2021-11-03T22:30:26.475+05:00,3.745279284
2021-11-03T22:30:26.978+05:00,5.627470776
2021-11-03T22:30:27.480+05:00,5.553561598
2021-11-03T22:30:27.982+05:00,2.379163881
2021-11-03T22:30:28.484+05:00,5.85044912
2021-11-03T22:30:28.985+05:00,5.467503789
2021-11-03T22:30:29.488+05:00,4.083735871
2021-11-03T22:30:29.989+05:00,3.100393561
2021-11-03T22:30:30.490+05:00,1.728581068
2021-11-03T22:30:30.992+05:00,3.443240437
2021-11-03T22:30:31.495+05:00,2.367601114
2021-11-03T22:30:31.997+05:00,2.268244202
2021-11-03T22:30:32.500+05:00,12.21767079
2021-11-03T22:30:33.001+05:00,3.321949923
2021-11-03T22:30:33.504+05:00,0.752139791
2021-11-03T22:30:34.007+05:00,1.063540882
2021-11-03T22:30:34.509+05:00,1.842307897
2021-11-03T22:30:35.011+05:00,0.342495208
2021-11-03T22:30:35.513+05:00,17.23661476
2021-11-03T22:30:36.015+05:00,4.219067352
2021-11-03T22:30:36.517+05:00,3.153272183
2021-11-03T22:30:37.019+05:00,2.971115192
2021-11-03T22:30:37.520+05:00,18.99026357
2021-11-03T22:30:38.021+05:00,19.12321334
2021-11-03T22:30:38.523+05:00,29.34982885
2021-11-03T22:30:39.025+05:00,18.30315651
2021-11-03T22:30:39.526+05:00,20.09723851
2021-11-03T22:30:40.028+05:00,9.538105577
2021-11-03T22:30:40.529+05:00,17.92610645
2021-11-03T22:30:41.030+05:00,17.91605366
2021-11-03T22:30:41.532+05:00,25.03925965
2021-11-03T22:30:42.034+05:00,12.68104728
2021-11-03T22:30:42.543+05:00,10.24706691
2021-11-03T22:30:43.045+05:00,12.62672541
2021-11-03T22:30:43.546+05:00,9.686386113
2021-11-03T22:30:44.047+05:00,14.49206814
2021-11-03T22:30:44.549+05:00,8.295467133
2021-11-03T22:30:45.051+05:00,8.659228791
2021-11-03T22:30:45.553+05:00,10.20603494
2021-11-03T22:30:46.054+05:00,6.259536232
2021-11-03T22:30:46.556+05:00,11.06797211
2021-11-03T22:30:47.058+05:00,10.3955047
2021-11-03T22:30:47.559+05:00,13.20214708
2021-11-03T22:30:48.061+05:00,7.950998929
2021-11-03T22:30:48.563+05:00,9.169862653
2021-11-03T22:30:49.064+05:00,8.392788833
2021-11-03T22:30:49.566+05:00,9.517191069
2021-11-03T22:30:50.067+05:00,9.173788136
2021-11-03T22:30:50.569+05:00,9.446474992
2021-11-03T22:30:51.071+05:00,12.70398919
2021-11-03T22:30:51.572+05:00,7.730466284
2021-11-03T22:30:52.074+05:00,7.331722435
2021-11-03T22:30:52.576+05:00,8.54524467
2021-11-03T22:30:53.078+05:00,11.53015184
2021-11-03T22:30:53.580+05:00,8.880250614
2021-11-03T22:30:54.081+05:00,8.044937668
2021-11-03T22:30:54.583+05:00,7.670302863
2021-11-03T22:30:55.084+05:00,7.342847097
2021-11-03T22:30:55.587+05:00,13.17399731
2021-11-03T22:30:56.089+05:00,0.849100445
2021-11-03T22:30:56.591+05:00,2.335204368
2021-11-03T22:30:57.093+05:00,0.193210756
2021-11-03T22:30:57.594+05:00,2.070010275
2021-11-03T22:30:58.095+05:00,0.303507917
2021-11-03T22:30:58.597+05:00,16.21033933
2021-11-03T22:30:59.099+05:00,3.984050111
2021-11-03T22:30:59.601+05:00,23.00242799
2021-11-03T22:31:00.102+05:00,12.00366116
2021-11-03T22:31:00.604+05:00,24.17570506
2021-11-03T22:31:01.105+05:00,32.267521
2021-11-03T22:31:01.606+05:00,21.34441591
2021-11-03T22:31:02.107+05:00,17.07024871
2021-11-03T22:31:02.607+05:00,14.23175255
2021-11-03T22:31:03.109+05:00,14.50569788
2021-11-03T22:31:03.614+05:00,19.38230439
2021-11-03T22:31:04.115+05:00,14.92921787
2021-11-03T22:31:04.616+05:00,6.430281583
2021-11-03T22:31:05.119+05:00,3.32277838
2021-11-03T22:31:05.621+05:00,2.394655243
2021-11-03T22:31:06.124+05:00,1.447793709
2021-11-03T22:31:06.626+05:00,2.047049451
2021-11-03T22:31:07.127+05:00,1.443528687
2021-11-03T22:31:07.628+05:00,1.859572687
2021-11-03T22:31:08.129+05:00,0.122962817
2021-11-03T22:31:08.632+05:00,0.247890825
2021-11-03T22:31:09.133+05:00,0.928340088
2021-11-03T22:31:09.635+05:00,2.615363151
2021-11-03T22:31:10.138+05:00,1.053080646
2021-11-03T22:31:10.641+05:00,1.452762824
2021-11-03T22:31:11.143+05:00,3.079671267
2021-11-03T22:31:11.646+05:00,1.857442535
2021-11-03T22:31:12.149+05:00,0.572708721
2021-11-03T22:31:12.651+05:00,0.65087791
2021-11-03T22:31:13.154+05:00,0.875348642
2021-11-03T22:31:13.655+05:00,0.602242777
2021-11-03T22:31:14.156+05:00,0.196691129
2021-11-03T22:31:14.659+05:00,0.108271767
2021-11-03T22:31:15.162+05:00,0.798606116
2021-11-03T22:31:15.665+05:00,2.892418153
2021-11-03T22:31:16.168+05:00,2.878866295
2021-11-03T22:31:16.671+05:00,0.855574246
2021-11-03T22:31:17.174+05:00,0.551257285
2021-11-03T22:31:17.677+05:00,0.230964353
2021-11-03T22:31:18.180+05:00,4.060216135
2021-11-03T22:31:18.682+05:00,14.15390862
2021-11-03T22:31:19.184+05:00,1.605252883
2021-11-03T22:31:19.686+05:00,1.329829893
2021-11-03T22:31:20.189+05:00,0.329373493
2021-11-03T22:31:20.692+05:00,2.143162093
2021-11-03T22:31:21.194+05:00,0.268059405
2021-11-03T22:31:21.696+05:00,16.46239975
2021-11-03T22:31:22.198+05:00,3.320173534
2021-11-03T22:31:22.710+05:00,18.4455483
2021-11-03T22:31:23.211+05:00,8.370836637
2021-11-03T22:31:23.713+05:00,16.93373403
2021-11-03T22:31:24.215+05:00,10.03777633
2021-11-03T22:31:24.717+05:00,6.661221706
2021-11-03T22:31:25.219+05:00,3.958495358
2021-11-03T22:31:25.721+05:00,8.032072404
2021-11-03T22:31:26.222+05:00,4.002867625
2021-11-03T22:31:26.725+05:00,2.24627982
2021-11-03T22:31:27.226+05:00,1.646472171
2021-11-03T22:31:27.729+05:00,2.155861974
2021-11-03T22:31:28.232+05:00,0.915060606
2021-11-03T22:31:28.735+05:00,1.605513892
2021-11-03T22:31:29.236+05:00,0.527931529
2021-11-03T22:31:29.739+05:00,2.580397585
2021-11-03T22:31:30.241+05:00,0.231769591
2021-11-03T22:31:30.743+05:00,1.466635065
2021-11-03T22:31:31.246+05:00,1.740032672
2021-11-03T22:31:31.749+05:00,1.558653937
2021-11-03T22:31:32.250+05:00,0.224808071
2021-11-03T22:31:32.752+05:00,2.285163214
2021-11-03T22:31:33.253+05:00,2.158628
2021-11-03T22:31:33.756+05:00,0.570433882
2021-11-03T22:31:34.257+05:00,0.112401803
2021-11-03T22:31:34.758+05:00,0.183463315
2021-11-03T22:31:35.259+05:00,0.19663023
2021-11-03T22:31:35.762+05:00,0.54111893
2021-11-03T22:31:36.265+05:00,1.665510286
2021-11-03T22:31:36.768+05:00,1.1060915
2021-11-03T22:31:37.271+05:00,0.841782644
2021-11-03T22:31:37.774+05:00,0.241763707
2021-11-03T22:31:38.277+05:00,1.618162641
2021-11-03T22:31:38.780+05:00,1.291222286
2021-11-03T22:31:39.281+05:00,2.308264239
2021-11-03T22:31:39.782+05:00,0.602793971
2021-11-03T22:31:40.283+05:00,0.110094777
2021-11-03T22:31:40.786+05:00,2.904914454
2021-11-03T22:31:41.287+05:00,4.391896818
2021-11-03T22:31:41.790+05:00,9.846829165
2021-11-03T22:31:42.292+05:00,1.679879627
2021-11-03T22:31:42.794+05:00,2.136652699
2021-11-03T22:31:43.297+05:00,1.915894148
2021-11-03T22:31:43.802+05:00,0.287697372
2021-11-03T22:31:44.304+05:00,0.757116143
2021-11-03T22:31:44.806+05:00,15.03547973
2021-11-03T22:31:45.309+05:00,3.715910887
2021-11-03T22:31:45.811+05:00,4.447193805
2021-11-03T22:31:46.312+05:00,13.2149056
2021-11-03T22:31:46.814+05:00,13.08072811
2021-11-03T22:31:47.316+05:00,15.64750069
2021-11-03T22:31:47.817+05:00,22.15427477
2021-11-03T22:31:48.319+05:00,9.137903513
2021-11-03T22:31:48.821+05:00,17.97462162
2021-11-03T22:31:49.324+05:00,0.985994983
2021-11-03T22:31:49.827+05:00,2.16035695
2021-11-03T22:31:50.330+05:00,0.509471424
2021-11-03T22:31:50.833+05:00,1.557765557
2021-11-03T22:31:51.334+05:00,2.033537059
2021-11-03T22:31:51.837+05:00,0.12937956
2021-11-03T22:31:52.338+05:00,0.783035573
2021-11-03T22:31:52.841+05:00,0.891011384
2021-11-03T22:31:53.343+05:00,1.335699816
2021-11-03T22:31:53.846+05:00,2.557921704
2021-11-03T22:31:54.348+05:00,7.908824872
2021-11-03T22:31:54.850+05:00,0.851642907
2021-11-03T22:31:55.353+05:00,1.882565224
2021-11-03T22:31:55.856+05:00,3.299723009
2021-11-03T22:31:56.358+05:00,2.785696643
2021-11-03T22:31:56.860+05:00,0.672539875
2021-11-03T22:31:57.363+05:00,1.241157663
2021-11-03T22:31:57.866+05:00,0.108650116
2021-11-03T22:31:58.369+05:00,0.244788238
2021-11-03T22:31:58.872+05:00,0.747497952
2021-11-03T22:31:59.375+05:00,2.085813882
2021-11-03T22:31:59.878+05:00,0.075352031
2021-11-03T22:32:00.380+05:00,0.149470862
2021-11-03T22:32:00.882+05:00,9.707992782
2021-11-03T22:32:01.384+05:00,7.404192735
2021-11-03T22:32:01.887+05:00,1.105567943
2021-11-03T22:32:02.390+05:00,0.405189528
2021-11-03T22:32:02.891+05:00,0.674049596
2021-11-03T22:32:03.394+05:00,0.241013891
2021-11-03T22:32:03.897+05:00,2.544485146
2021-11-03T22:32:04.398+05:00,6.774210638
2021-11-03T22:32:04.910+05:00,6.290295642
2021-11-03T22:32:05.413+05:00,1.138831243
2021-11-03T22:32:05.915+05:00,2.045923576
2021-11-03T22:32:06.418+05:00,1.522796384
2021-11-03T22:32:06.919+05:00,0.316076221
2021-11-03T22:32:07.420+05:00,0.921116189
2021-11-03T22:32:07.922+05:00,25.53692227
2021-11-03T22:32:08.425+05:00,2.668735411
2021-11-03T22:32:08.928+05:00,7.677603514
2021-11-03T22:32:09.430+05:00,2.849168679
2021-11-03T22:32:09.934+05:00,0.910532004
2021-11-03T22:32:10.437+05:00,0.311925669
2021-11-03T22:32:10.939+05:00,1.804056391
2021-11-03T22:32:11.442+05:00,1.256101557
2021-11-03T22:32:11.944+05:00,0.829556651
2021-11-03T22:32:12.446+05:00,0.697668679
2021-11-03T22:32:12.947+05:00,0.220976963
2021-11-03T22:32:13.450+05:00,0.227483209
2021-11-03T22:32:13.952+05:00,6.294860517
2021-11-03T22:32:14.453+05:00,1.635790658
2021-11-03T22:32:14.956+05:00,0.269201446
2021-11-03T22:32:15.458+05:00,1.825175
2021-11-03T22:32:15.960+05:00,1.085696187
2021-11-03T22:32:16.463+05:00,3.552145556
2021-11-03T22:32:16.966+05:00,1.284831879
2021-11-03T22:32:17.469+05:00,0.578240935
2021-11-03T22:32:17.972+05:00,0.143563524
2021-11-03T22:32:18.475+05:00,0.391534135
2021-11-03T22:32:18.978+05:00,0.447756149
2021-11-03T22:32:19.481+05:00,1.415784896
2021-11-03T22:32:19.984+05:00,1.036195451
2021-11-03T22:32:20.486+05:00,0.107072229
2021-11-03T22:32:20.989+05:00,0.469782143
2021-11-03T22:32:21.491+05:00,0.390341215
2021-11-03T22:32:21.993+05:00,0.404630889
2021-11-03T22:32:22.496+05:00,0.50564551
2021-11-03T22:32:22.998+05:00,2.362446033
2021-11-03T22:32:23.500+05:00,1.587149811
2021-11-03T22:32:24.002+05:00,0.480361993
2021-11-03T22:32:24.505+05:00,0.458041246
2021-11-03T22:32:25.510+05:00,0.64992924
2021-11-03T22:32:26.012+05:00,0.844021059
2021-11-03T22:32:26.515+05:00,0.274534376
2021-11-03T22:32:27.018+05:00,0.133077098
2021-11-03T22:32:27.519+05:00,9.438515597
2021-11-03T22:32:28.021+05:00,3.037729439
2021-11-03T22:32:28.523+05:00,2.151860279
2021-11-03T22:32:29.025+05:00,1.943106138
2021-11-03T22:32:29.527+05:00,2.102876727
2021-11-03T22:32:30.029+05:00,0.280567744
2021-11-03T22:32:30.530+05:00,2.93160202
2021-11-03T22:32:31.032+05:00,14.30821641
2021-11-03T22:32:31.534+05:00,2.102515564
2021-11-03T22:32:32.036+05:00,15.61459774
2021-11-03T22:32:32.537+05:00,16.94752555
2021-11-03T22:32:33.039+05:00,14.17013627
2021-11-03T22:32:33.540+05:00,10.21897667
2021-11-03T22:32:34.042+05:00,15.31751489
2021-11-03T22:32:34.544+05:00,4.541771558
2021-11-03T22:32:35.047+05:00,2.86038171
2021-11-03T22:32:35.548+05:00,4.809937524
2021-11-03T22:32:36.050+05:00,3.645048885
2021-11-03T22:32:36.551+05:00,0.561409041
2021-11-03T22:32:37.052+05:00,0.647217933
2021-11-03T22:32:37.553+05:00,1.011826237
2021-11-03T22:32:38.054+05:00,7.812011009
2021-11-03T22:32:38.555+05:00,0.459224121
2021-11-03T22:32:39.056+05:00,0.614061798
2021-11-03T22:32:39.557+05:00,2.497871852
2021-11-03T22:32:40.058+05:00,0.174374244
2021-11-03T22:32:40.560+05:00,0.924167825
2021-11-03T22:32:41.063+05:00,1.483045748
2021-11-03T22:32:41.566+05:00,2.253536345
2021-11-03T22:32:42.069+05:00,1.792749854
2021-11-03T22:32:42.571+05:00,0.550442934
2021-11-03T22:32:43.074+05:00,1.592310428
2021-11-03T22:32:43.577+05:00,2.412607745
2021-11-03T22:32:44.080+05:00,2.937079889
2021-11-03T22:32:44.592+05:00,3.111896583
2021-11-03T22:32:45.095+05:00,0.488298213
2021-11-03T22:32:45.599+05:00,2.374593637
2021-11-03T22:32:46.101+05:00,0.634500814
2021-11-03T22:32:46.604+05:00,1.883010996
2021-11-03T22:32:47.107+05:00,0.309551205
2021-11-03T22:32:47.609+05:00,2.301441689
2021-11-03T22:32:48.112+05:00,1.094268399
2021-11-03T22:32:48.615+05:00,2.139756896
2021-11-03T22:32:49.118+05:00,1.289290985
2021-11-03T22:32:49.621+05:00,2.405436022
2021-11-03T22:32:50.122+05:00,0.09135956
2021-11-03T22:32:50.623+05:00,9.257616369
2021-11-03T22:32:51.126+05:00,3.096295763
2021-11-03T22:32:51.628+05:00,2.141063498
2021-11-03T22:32:52.130+05:00,1.714657292
2021-11-03T22:32:52.634+05:00,1.574174418
2021-11-03T22:32:53.135+05:00,0.32319856
2021-11-03T22:32:53.636+05:00,4.701995092
2021-11-03T22:32:54.138+05:00,14.37562384
2021-11-03T22:32:54.639+05:00,13.88144497
2021-11-03T22:32:55.141+05:00,12.26068192
2021-11-03T22:32:55.643+05:00,20.69147859
2021-11-03T22:32:56.144+05:00,10.96646665
2021-11-03T22:32:56.646+05:00,15.97660666
2021-11-03T22:32:57.148+05:00,13.72975921
2021-11-03T22:32:57.651+05:00,3.121104918
2021-11-03T22:32:58.154+05:00,2.114313988
2021-11-03T22:32:58.657+05:00,1.741997582
2021-11-03T22:32:59.160+05:00,1.110644826
2021-11-03T22:32:59.663+05:00,0.705772771
2021-11-03T22:33:00.166+05:00,2.08329749
2021-11-03T22:33:00.667+05:00,2.228429022
2021-11-03T22:33:01.169+05:00,4.372098766
2021-11-03T22:33:01.671+05:00,0.397054664
2021-11-03T22:33:02.174+05:00,1.071281892
2021-11-03T22:33:02.676+05:00,2.167684152
2021-11-03T22:33:03.178+05:00,2.971219424
2021-11-03T22:33:03.680+05:00,0.348541202
2021-11-03T22:33:04.183+05:00,0.421377095
2021-11-03T22:33:04.684+05:00,7.265137304
2021-11-03T22:33:05.186+05:00,0.706261851
2021-11-03T22:33:05.700+05:00,3.597727918
2021-11-03T22:33:06.202+05:00,4.050341502
2021-11-03T22:33:06.705+05:00,1.253202506
2021-11-03T22:33:07.207+05:00,0.454298086
2021-11-03T22:33:07.709+05:00,1.560814334
2021-11-03T22:33:08.211+05:00,2.426545186
2021-11-03T22:33:08.713+05:00,1.951684745
2021-11-03T22:33:09.214+05:00,0.345650182
2021-11-03T22:33:09.715+05:00,0.218481252
2021-11-03T22:33:10.216+05:00,4.014710976
2021-11-03T22:33:10.719+05:00,0.165526157
2021-11-03T22:33:11.221+05:00,0.334835829
2021-11-03T22:33:11.723+05:00,2.39327954
2021-11-03T22:33:12.225+05:00,1.038161086
2021-11-03T22:33:12.728+05:00,0.942991116
2021-11-03T22:33:13.230+05:00,0.998934382
2021-11-03T22:33:13.731+05:00,10.07168225
2021-11-03T22:33:14.233+05:00,8.066311837
2021-11-03T22:33:14.734+05:00,0.252228025
2021-11-03T22:33:15.236+05:00,1.975496279
2021-11-03T22:33:15.739+05:00,2.238571583
2021-11-03T22:33:16.242+05:00,3.209308742
2021-11-03T22:33:16.743+05:00,4.932435896
2021-11-03T22:33:17.246+05:00,13.37286104
2021-11-03T22:33:17.748+05:00,4.074526323
2021-11-03T22:33:18.249+05:00,4.005454275
2021-11-03T22:33:18.750+05:00,14.27143579
2021-11-03T22:33:19.252+05:00,9.700378791
2021-11-03T22:33:19.754+05:00,2.998962256
2021-11-03T22:33:20.256+05:00,2.846968476
2021-11-03T22:33:20.758+05:00,7.315846358
2021-11-03T22:33:21.260+05:00,3.920714685
2021-11-03T22:33:21.762+05:00,10.6309811
2021-11-03T22:33:22.263+05:00,27.18647136
2021-11-03T22:33:22.764+05:00,17.07156019
2021-11-03T22:33:23.267+05:00,19.04088451
2021-11-03T22:33:23.769+05:00,2.253276687
2021-11-03T22:33:24.270+05:00,1.618826736
2021-11-03T22:33:24.772+05:00,3.291560668
2021-11-03T22:33:25.275+05:00,3.446111758
2021-11-03T22:33:25.778+05:00,2.097454125
2021-11-03T22:33:26.281+05:00,2.322784308
2021-11-03T22:33:26.784+05:00,2.168988676
2021-11-03T22:33:27.285+05:00,2.426980916
2021-11-03T22:33:27.788+05:00,2.376196711
2021-11-03T22:33:28.290+05:00,2.028591632
2021-11-03T22:33:28.792+05:00,2.347070286
2021-11-03T22:33:29.294+05:00,1.935994735
2021-11-03T22:33:29.797+05:00,1.98490026
2021-11-03T22:33:30.300+05:00,2.793666869
2021-11-03T22:33:30.802+05:00,2.124898807
2021-11-03T22:33:31.306+05:00,3.834786133
2021-11-03T22:33:31.807+05:00,2.086915708
2021-11-03T22:33:32.310+05:00,1.924461935
2021-11-03T22:33:32.812+05:00,2.390867559
2021-11-03T22:33:33.314+05:00,0.535253081
2021-11-03T22:33:33.817+05:00,1.753796585
2021-11-03T22:33:34.318+05:00,2.778444559
2021-11-03T22:33:34.820+05:00,2.386472705
2021-11-03T22:33:35.323+05:00,4.358149707
2021-11-03T22:33:35.825+05:00,5.061908701
2021-11-03T22:33:36.327+05:00,5.21993871
2021-11-03T22:33:36.829+05:00,7.903248028
2021-11-03T22:33:37.332+05:00,3.953758169
2021-11-03T22:33:37.835+05:00,2.230714071
2021-11-03T22:33:38.338+05:00,2.246648785
2021-11-03T22:33:38.841+05:00,1.35402591
2021-11-03T22:33:39.344+05:00,1.773958914
2021-11-03T22:33:39.845+05:00,5.311708237
2021-11-03T22:33:40.347+05:00,12.41212152
2021-11-03T22:33:40.849+05:00,3.67894125
2021-11-03T22:33:41.350+05:00,1.106172283
2021-11-03T22:33:41.851+05:00,1.470728307
2021-11-03T22:33:42.353+05:00,2.093519222
2021-11-03T22:33:42.855+05:00,20.66722528
2021-11-03T22:33:43.356+05:00,21.89328711
2021-11-03T22:33:43.857+05:00,13.25408331
2021-11-03T22:33:44.360+05:00,13.75157439
2021-11-03T22:33:44.862+05:00,10.8835801
2021-11-03T22:33:45.364+05:00,11.25505951
2021-11-03T22:33:45.865+05:00,18.09810009
2021-11-03T22:33:46.366+05:00,21.77620608
2021-11-03T22:33:46.876+05:00,6.271556128
2021-11-03T22:33:47.377+05:00,5.769939527
2021-11-03T22:33:47.879+05:00,7.176521894
2021-11-03T22:33:48.381+05:00,5.363428043
2021-11-03T22:33:48.883+05:00,7.063968746
2021-11-03T22:33:49.386+05:00,5.662589561
2021-11-03T22:33:49.888+05:00,5.186042795
2021-11-03T22:33:50.391+05:00,5.555228681
2021-11-03T22:33:50.893+05:00,4.946255509
2021-11-03T22:33:51.394+05:00,4.947109544
2021-11-03T22:33:51.896+05:00,4.9865593
2021-11-03T22:33:52.397+05:00,5.811313643
2021-11-03T22:33:52.900+05:00,5.30329132
2021-11-03T22:33:53.402+05:00,5.00335688
2021-11-03T22:33:53.904+05:00,5.582910253
2021-11-03T22:33:54.407+05:00,4.974821596
2021-11-03T22:33:54.909+05:00,4.129817314
2021-11-03T22:33:55.411+05:00,5.25584796
2021-11-03T22:33:55.912+05:00,8.300234181
2021-11-03T22:33:56.414+05:00,7.628703949
2021-11-03T22:33:56.916+05:00,9.392892595
2021-11-03T22:33:57.418+05:00,4.770223
2021-11-03T22:33:57.919+05:00,7.331179572
2021-11-03T22:33:58.421+05:00,11.51490637
2021-11-03T22:33:58.922+05:00,13.77937176
2021-11-03T22:33:59.423+05:00,17.45196517
2021-11-03T22:33:59.925+05:00,13.25856194
2021-11-03T22:34:00.427+05:00,1.954990181
2021-11-03T22:34:00.928+05:00,5.550630046
2021-11-03T22:34:01.430+05:00,0.18481731
2021-11-03T22:34:01.933+05:00,1.298646661
2021-11-03T22:34:02.435+05:00,0.971861627
2021-11-03T22:34:02.936+05:00,12.00505864
2021-11-03T22:34:03.438+05:00,13.41735232
2021-11-03T22:34:03.940+05:00,2.164688835
2021-11-03T22:34:04.441+05:00,13.9206365
2021-11-03T22:34:04.942+05:00,8.700374374
2021-11-03T22:34:05.444+05:00,3.194263346
2021-11-03T22:34:05.945+05:00,9.413004725
2021-11-03T22:34:06.446+05:00,17.53132813
2021-11-03T22:34:06.947+05:00,4.905786265
2021-11-03T22:34:07.448+05:00,7.268139536
2021-11-03T22:34:07.954+05:00,15.56398598
2021-11-03T22:34:08.456+05:00,17.37818605
2021-11-03T22:34:08.957+05:00,9.764403501
2021-11-03T22:34:09.459+05:00,4.643189767
2021-11-03T22:34:09.960+05:00,4.838403253
2021-11-03T22:34:10.461+05:00,5.825779275
2021-11-03T22:34:10.962+05:00,8.886411936
2021-11-03T22:34:11.465+05:00,10.95641032
2021-11-03T22:34:11.966+05:00,4.177004761
2021-11-03T22:34:12.468+05:00,8.685218462
2021-11-03T22:34:12.970+05:00,3.495229224
2021-11-03T22:34:13.472+05:00,6.514908453
2021-11-03T22:34:13.974+05:00,7.48336948
2021-11-03T22:34:14.476+05:00,4.17940132
2021-11-03T22:34:14.978+05:00,2.057184338
2021-11-03T22:34:15.480+05:00,4.28991469
2021-11-03T22:34:15.982+05:00,4.53801381
2021-11-03T22:34:16.484+05:00,4.721569723
2021-11-03T22:34:16.986+05:00,3.395309732
2021-11-03T22:34:17.488+05:00,4.13337879
2021-11-03T22:34:17.990+05:00,4.286200832
2021-11-03T22:34:18.491+05:00,11.9259112
2021-11-03T22:34:18.992+05:00,10.24336546
2021-11-03T22:34:19.494+05:00,4.594343386
2021-11-03T22:34:19.996+05:00,4.171705389
2021-11-03T22:34:20.498+05:00,4.15460138
2021-11-03T22:34:21.000+05:00,6.533336096
2021-11-03T22:34:21.502+05:00,6.643254244
2021-11-03T22:34:22.004+05:00,3.360523714
2021-11-03T22:34:22.505+05:00,4.141894946
2021-11-03T22:34:23.006+05:00,13.50219171
2021-11-03T22:34:23.509+05:00,6.606158655
2021-11-03T22:34:24.011+05:00,2.381446931
2021-11-03T22:34:24.514+05:00,2.485739571
2021-11-03T22:34:25.016+05:00,2.142106549
2021-11-03T22:34:25.518+05:00,1.835091088
2021-11-03T22:34:26.020+05:00,8.084797476
2021-11-03T22:34:26.522+05:00,9.516621159
2021-11-03T22:34:27.024+05:00,3.656136479
2021-11-03T22:34:27.525+05:00,21.67062921
2021-11-03T22:34:28.027+05:00,10.16047718
2021-11-03T22:34:28.528+05:00,4.500028985
2021-11-03T22:34:29.040+05:00,6.985657378
2021-11-03T22:34:29.542+05:00,5.465961294
2021-11-03T22:34:30.045+05:00,14.50466662
2021-11-03T22:34:30.548+05:00,2.003009565
2021-11-03T22:34:31.051+05:00,2.308079875
2021-11-03T22:34:31.554+05:00,1.481116483
2021-11-03T22:34:32.057+05:00,0.514128867
2021-11-03T22:34:32.559+05:00,2.044022387
2021-11-03T22:34:33.061+05:00,0.878584604
2021-11-03T22:34:33.562+05:00,0.197166494
2021-11-03T22:34:34.063+05:00,1.357792254
2021-11-03T22:34:34.566+05:00,1.123656004
2021-11-03T22:34:35.068+05:00,0.19336924
2021-11-03T22:34:35.569+05:00,1.418274876
2021-11-03T22:34:36.070+05:00,0.714667822
2021-11-03T22:34:36.572+05:00,0.040838905
2021-11-03T22:34:37.073+05:00,3.490778134
2021-11-03T22:34:37.574+05:00,2.324742917
2021-11-03T22:34:38.075+05:00,2.508883676
2021-11-03T22:34:38.577+05:00,2.975016369
2021-11-03T22:34:39.080+05:00,2.201683844
2021-11-03T22:34:39.583+05:00,1.238678645
2021-11-03T22:34:40.084+05:00,0.149735905
2021-11-03T22:34:40.587+05:00,0.995293791
2021-11-03T22:34:41.090+05:00,0.639496338
2021-11-03T22:34:41.593+05:00,0.555976661
2021-11-03T22:34:42.096+05:00,0.168205313
2021-11-03T22:34:42.599+05:00,0.574995912
2021-11-03T22:34:43.102+05:00,0.625443094
2021-11-03T22:34:43.605+05:00,1.458577252
2021-11-03T22:34:44.108+05:00,2.552993972
2021-11-03T22:34:44.610+05:00,0.397465614
2021-11-03T22:34:45.111+05:00,0.554314858
2021-11-03T22:34:45.613+05:00,0.064790084
2021-11-03T22:34:46.115+05:00,11.79371716
2021-11-03T22:34:46.618+05:00,3.321481961
2021-11-03T22:34:47.121+05:00,1.827342814
2021-11-03T22:34:47.622+05:00,1.707711182
2021-11-03T22:34:48.125+05:00,1.837430687
2021-11-03T22:34:48.628+05:00,1.423402975
2021-11-03T22:34:49.134+05:00,11.45003142
2021-11-03T22:34:49.637+05:00,6.274182515
2021-11-03T22:34:50.138+05:00,9.684085186
2021-11-03T22:34:50.639+05:00,20.38768641
2021-11-03T22:34:51.141+05:00,16.03968755
2021-11-03T22:34:51.642+05:00,28.20941715
2021-11-03T22:34:52.143+05:00,11.4114032
2021-11-03T22:34:52.646+05:00,9.963181572
2021-11-03T22:34:53.147+05:00,19.8334106
2021-11-03T22:34:53.649+05:00,26.46531551
2021-11-03T22:34:54.150+05:00,30.29687313
2021-11-03T22:34:54.651+05:00,20.57059133
2021-11-03T22:34:55.153+05:00,8.672014005
2021-11-03T22:34:55.654+05:00,7.521407754
2021-11-03T22:34:56.156+05:00,8.778999252
2021-11-03T22:34:56.657+05:00,11.6509064
2021-11-03T22:34:57.158+05:00,14.59487131
2021-11-03T22:34:57.660+05:00,10.00725402
2021-11-03T22:34:58.161+05:00,7.271766779
2021-11-03T22:34:58.663+05:00,13.74220426
2021-11-03T22:34:59.164+05:00,7.006682817
2021-11-03T22:34:59.666+05:00,14.44020407
2021-11-03T22:35:00.167+05:00,7.531195138
2021-11-03T22:35:00.668+05:00,7.426608796
2021-11-03T22:35:01.170+05:00,9.917376134
2021-11-03T22:35:01.672+05:00,9.453960638
2021-11-03T22:35:02.174+05:00,7.449412539
2021-11-03T22:35:02.675+05:00,7.768370227
2021-11-03T22:35:03.177+05:00,4.772977112
2021-11-03T22:35:03.678+05:00,7.271629349
2021-11-03T22:35:04.180+05:00,7.006939595
2021-11-03T22:35:04.681+05:00,6.797585798
2021-11-03T22:35:05.182+05:00,6.345417316
2021-11-03T22:35:05.684+05:00,8.127530157
2021-11-03T22:35:06.185+05:00,6.49551255
2021-11-03T22:35:06.687+05:00,6.5582016
2021-11-03T22:35:07.189+05:00,7.376095434
2021-11-03T22:35:07.690+05:00,11.75108474
2021-11-03T22:35:08.192+05:00,10.59775907
2021-11-03T22:35:08.693+05:00,7.691938956
2021-11-03T22:35:09.195+05:00,12.85167331
2021-11-03T22:35:09.697+05:00,3.58907773
2021-11-03T22:35:10.209+05:00,0.331011914
2021-11-03T22:35:10.711+05:00,2.774652679
2021-11-03T22:35:11.214+05:00,1.967116958
2021-11-03T22:35:11.717+05:00,2.107474015
2021-11-03T22:35:12.219+05:00,13.04345527
2021-11-03T22:35:12.721+05:00,4.765993824
2021-11-03T22:35:13.223+05:00,3.366313816
2021-11-03T22:35:13.725+05:00,3.573214659
2021-11-03T22:35:14.227+05:00,15.79300817
2021-11-03T22:35:14.729+05:00,4.460187314
2021-11-03T22:35:15.231+05:00,3.279146094
2021-11-03T22:35:15.733+05:00,4.88837409
2021-11-03T22:35:16.234+05:00,7.203821784
2021-11-03T22:35:16.736+05:00,2.822523506
2021-11-03T22:35:17.237+05:00,14.53033595
2021-11-03T22:35:17.738+05:00,10.4023947
2021-11-03T22:35:18.239+05:00,15.40566621
2021-11-03T22:35:18.740+05:00,24.17459352
2021-11-03T22:35:19.242+05:00,26.52151296
2021-11-03T22:35:19.744+05:00,17.80971123
2021-11-03T22:35:20.246+05:00,5.526911581
2021-11-03T22:35:20.749+05:00,4.374460392
2021-11-03T22:35:21.251+05:00,4.034192728
2021-11-03T22:35:21.752+05:00,12.7027458
2021-11-03T22:35:22.254+05:00,24.8782003
2021-11-03T22:35:22.756+05:00,2.091990496
2021-11-03T22:35:23.259+05:00,3.612691512
2021-11-03T22:35:23.761+05:00,2.750978395
2021-11-03T22:35:24.263+05:00,2.906454216
2021-11-03T22:35:24.765+05:00,0.681448372
2021-11-03T22:35:25.268+05:00,2.104877639
2021-11-03T22:35:25.771+05:00,2.261407976
2021-11-03T22:35:26.274+05:00,2.231467124
2021-11-03T22:35:26.777+05:00,1.913239277
2021-11-03T22:35:27.278+05:00,2.409995974
2021-11-03T22:35:27.780+05:00,2.427019707
2021-11-03T22:35:28.282+05:00,1.869454377
2021-11-03T22:35:28.785+05:00,1.758087871
2021-11-03T22:35:29.287+05:00,1.621922881
2021-11-03T22:35:29.790+05:00,1.990446458
2021-11-03T22:35:30.291+05:00,3.735476702
2021-11-03T22:35:30.807+05:00,3.540167703
2021-11-03T22:35:31.309+05:00,1.932280087
2021-11-03T22:35:31.812+05:00,1.820754995
2021-11-03T22:35:32.315+05:00,12.19213982
2021-11-03T22:35:32.816+05:00,2.550710294
2021-11-03T22:35:33.319+05:00,0.575173869
2021-11-03T22:35:33.821+05:00,1.134661832
2021-11-03T22:35:34.324+05:00,1.431790988
2021-11-03T22:35:34.827+05:00,1.632326093
2021-11-03T22:35:35.328+05:00,14.6289208
2021-11-03T22:35:35.831+05:00,5.043747551
2021-11-03T22:35:36.333+05:00,5.787404944
2021-11-03T22:35:36.835+05:00,3.514384563
2021-11-03T22:35:37.337+05:00,3.511312692
2021-11-03T22:35:37.838+05:00,3.901053132
2021-11-03T22:35:38.340+05:00,3.77073393
2021-11-03T22:35:38.842+05:00,3.573970759
2021-11-03T22:35:39.344+05:00,3.433307961
2021-11-03T22:35:39.847+05:00,3.438329227
2021-11-03T22:35:40.349+05:00,3.788501766
2021-11-03T22:35:40.851+05:00,3.830037003
2021-11-03T22:35:41.354+05:00,3.665437989
2021-11-03T22:35:41.856+05:00,3.646215203
2021-11-03T22:35:42.357+05:00,1.715096071
2021-11-03T22:35:42.859+05:00,3.56407405
2021-11-03T22:35:43.362+05:00,3.88010953
2021-11-03T22:35:43.864+05:00,3.411088618
2021-11-03T22:35:44.366+05:00,3.633373569
2021-11-03T22:35:44.868+05:00,3.852627392
2021-11-03T22:35:45.370+05:00,2.626584833
2021-11-03T22:35:45.873+05:00,3.661776199
2021-11-03T22:35:46.375+05:00,3.905792864
2021-11-03T22:35:46.877+05:00,3.85220046
2021-11-03T22:35:47.380+05:00,2.76899854
2021-11-03T22:35:47.882+05:00,3.629414541
2021-11-03T22:35:48.383+05:00,3.706297957
2021-11-03T22:35:48.885+05:00,5.727689886
2021-11-03T22:35:49.387+05:00,1.275269309
2021-11-03T22:35:49.889+05:00,3.760614484
2021-11-03T22:35:50.392+05:00,4.125725339
2021-11-03T22:35:50.905+05:00,3.18216294
2021-11-03T22:35:51.407+05:00,3.932467228
2021-11-03T22:35:51.908+05:00,1.565670482
2021-11-03T22:35:52.411+05:00,3.377555394
2021-11-03T22:35:52.913+05:00,3.35644926
2021-11-03T22:35:53.416+05:00,20.5676787
2021-11-03T22:35:53.919+05:00,0.570558173
2021-11-03T22:35:54.421+05:00,6.410901678
2021-11-03T22:35:54.924+05:00,3.335727886
2021-11-03T22:35:55.427+05:00,8.484176167
2021-11-03T22:35:55.929+05:00,1.693122949
2021-11-03T22:35:56.431+05:00,2.524316833
2021-11-03T22:35:56.933+05:00,1.763503748
2021-11-03T22:35:57.435+05:00,2.031376448
2021-11-03T22:35:57.937+05:00,1.693531741
2021-11-03T22:35:58.439+05:00,15.19691765
2021-11-03T22:35:58.941+05:00,4.084283112
2021-11-03T22:35:59.442+05:00,12.97622873
2021-11-03T22:35:59.944+05:00,7.314870946
2021-11-03T22:36:00.446+05:00,19.34032395
2021-11-03T22:36:00.947+05:00,18.74453191
2021-11-03T22:36:01.449+05:00,16.57360413
2021-11-03T22:36:01.950+05:00,34.53993307
2021-11-03T22:36:02.452+05:00,41.50153652
2021-11-03T22:36:02.953+05:00,44.98319721
2021-11-03T22:36:03.455+05:00,34.04102081
2021-11-03T22:36:03.956+05:00,5.615633722
2021-11-03T22:36:04.458+05:00,5.17203184
2021-11-03T22:36:04.960+05:00,4.81501474
2021-11-03T22:36:05.463+05:00,4.54359987
2021-11-03T22:36:05.964+05:00,6.241772142
2021-11-03T22:36:06.467+05:00,4.261828801
2021-11-03T22:36:06.969+05:00,4.347487596
2021-11-03T22:36:07.472+05:00,4.295263786
2021-11-03T22:36:07.974+05:00,4.33093306
2021-11-03T22:36:08.475+05:00,3.894438933
2021-11-03T22:36:08.977+05:00,4.064009229
2021-11-03T22:36:09.478+05:00,4.218003414
2021-11-03T22:36:09.980+05:00,4.49086688
2021-11-03T22:36:10.482+05:00,4.258178385
2021-11-03T22:36:10.984+05:00,4.27296641
2021-11-03T22:36:11.486+05:00,9.798274949
2021-11-03T22:36:11.997+05:00,3.926754766
2021-11-03T22:36:12.500+05:00,13.43604505
2021-11-03T22:36:13.002+05:00,4.608476175
2021-11-03T22:36:13.504+05:00,3.964061702
2021-11-03T22:36:14.006+05:00,4.074151225
2021-11-03T22:36:14.508+05:00,4.417885828
2021-11-03T22:36:15.010+05:00,4.388996567
2021-11-03T22:36:15.512+05:00,1.624881539
2021-11-03T22:36:16.014+05:00,4.53236253
2021-11-03T22:36:16.516+05:00,3.853560549
2021-11-03T22:36:17.019+05:00,4.109463844
2021-11-03T22:36:17.521+05:00,4.239495259
2021-11-03T22:36:18.023+05:00,3.810799961
2021-11-03T22:36:18.526+05:00,15.15472522
2021-11-03T22:36:19.028+05:00,3.515394444
2021-11-03T22:36:19.530+05:00,2.96991692
2021-11-03T22:36:20.031+05:00,2.676695767
2021-11-03T22:36:20.532+05:00,0.280378816
2021-11-03T22:36:21.033+05:00,4.527200614
2021-11-03T22:36:21.535+05:00,14.10485162
2021-11-03T22:36:22.036+05:00,16.31153814
2021-11-03T22:36:22.537+05:00,13.253764
2021-11-03T22:36:23.039+05:00,2.121850832
2021-11-03T22:36:23.541+05:00,3.788835351
2021-11-03T22:36:24.042+05:00,1.248162132
2021-11-03T22:36:24.545+05:00,2.168401122
2021-11-03T22:36:25.048+05:00,0.360856597
2021-11-03T22:36:25.551+05:00,1.041175052
2021-11-03T22:36:26.053+05:00,1.280149253
2021-11-03T22:36:26.556+05:00,0.90465089
2021-11-03T22:36:27.059+05:00,1.250183862
2021-11-03T22:36:27.562+05:00,1.093108779
2021-11-03T22:36:28.064+05:00,0.00695488
2021-11-03T22:36:28.565+05:00,0.954019583
2021-11-03T22:36:29.068+05:00,0.194337802
2021-11-03T22:36:29.571+05:00,1.878226163
2021-11-03T22:36:30.072+05:00,0.01016141
2021-11-03T22:36:30.574+05:00,1.082195517
2021-11-03T22:36:31.077+05:00,0.465950984
2021-11-03T22:36:31.579+05:00,1.85925275
2021-11-03T22:36:32.082+05:00,1.688025706
2021-11-03T22:36:32.584+05:00,1.243562049
2021-11-03T22:36:33.090+05:00,0.381945668
2021-11-03T22:36:33.592+05:00,0.61650449
2021-11-03T22:36:34.095+05:00,1.235494519
2021-11-03T22:36:34.598+05:00,0.765241807
2021-11-03T22:36:35.100+05:00,1.02810532
2021-11-03T22:36:35.602+05:00,1.909777651
2021-11-03T22:36:36.105+05:00,3.002904113
2021-11-03T22:36:36.608+05:00,0.532375134
2021-11-03T22:36:37.109+05:00,0.569310414
2021-11-03T22:36:37.611+05:00,2.759132865
2021-11-03T22:36:38.113+05:00,0.449383615
2021-11-03T22:36:38.616+05:00,0.459170024
2021-11-03T22:36:39.118+05:00,0.199819321
2021-11-03T22:36:39.620+05:00,1.439921294
2021-11-03T22:36:40.123+05:00,1.318268964
2021-11-03T22:36:40.625+05:00,0.526712671
2021-11-03T22:36:41.127+05:00,0.011853032
2021-11-03T22:36:41.629+05:00,12.02326106
2021-11-03T22:36:42.132+05:00,1.393507196
2021-11-03T22:36:42.635+05:00,2.01749746
2021-11-03T22:36:43.138+05:00,1.575106002
2021-11-03T22:36:43.641+05:00,2.239176075
2021-11-03T22:36:44.144+05:00,1.462417714
2021-11-03T22:36:44.646+05:00,15.28808891
2021-11-03T22:36:45.148+05:00,4.450377206
2021-11-03T22:36:45.650+05:00,4.012688885
2021-11-03T22:36:46.152+05:00,4.011692523
2021-11-03T22:36:46.654+05:00,4.075490629
2021-11-03T22:36:47.156+05:00,3.648168193
2021-11-03T22:36:47.659+05:00,3.75634517
2021-11-03T22:36:48.160+05:00,15.33024986
2021-11-03T22:36:48.662+05:00,18.55238218
2021-11-03T22:36:49.163+05:00,25.63436554
2021-11-03T22:36:49.664+05:00,16.59522011
2021-11-03T22:36:50.165+05:00,15.45310799
2021-11-03T22:36:50.666+05:00,25.94508308
2021-11-03T22:36:51.167+05:00,29.30763724
2021-11-03T22:36:51.669+05:00,27.08302564
2021-11-03T22:36:52.171+05:00,20.83141803
2021-11-03T22:36:52.672+05:00,12.22380907
2021-11-03T22:36:53.180+05:00,8.596670268
2021-11-03T22:36:53.681+05:00,11.5198069
2021-11-03T22:36:54.182+05:00,20.95981475
2021-11-03T22:36:54.684+05:00,19.46467667
2021-11-03T22:36:55.185+05:00,25.76328405
2021-11-03T22:36:55.687+05:00,29.07601104
2021-11-03T22:36:56.188+05:00,14.5635196
2021-11-03T22:36:56.690+05:00,12.48198514
2021-11-03T22:36:57.192+05:00,10.92213204
2021-11-03T22:36:57.693+05:00,14.30662761
2021-11-03T22:36:58.196+05:00,6.850811609
2021-11-03T22:36:58.698+05:00,7.046568332
2021-11-03T22:36:59.200+05:00,9.200226546
2021-11-03T22:36:59.701+05:00,10.38317816
2021-11-03T22:37:00.202+05:00,6.785037223
2021-11-03T22:37:00.704+05:00,10.93022402
2021-11-03T22:37:01.206+05:00,14.39416965
2021-11-03T22:37:01.708+05:00,6.712916026
2021-11-03T22:37:02.210+05:00,6.375592417
2021-11-03T22:37:02.713+05:00,9.587951179
2021-11-03T22:37:03.214+05:00,7.353145249
2021-11-03T22:37:03.716+05:00,9.867317251
2021-11-03T22:37:04.217+05:00,6.148237964
2021-11-03T22:37:04.718+05:00,15.31628393
2021-11-03T22:37:05.220+05:00,2.836372646
2021-11-03T22:37:05.722+05:00,2.942671755
2021-11-03T22:37:06.224+05:00,0.909862842
2021-11-03T22:37:06.727+05:00,2.222654903
2021-11-03T22:37:07.229+05:00,0.224385615
2021-11-03T22:37:07.731+05:00,14.14881169
2021-11-03T22:37:08.233+05:00,3.902033779
2021-11-03T22:37:08.734+05:00,18.16608152
2021-11-03T22:37:09.236+05:00,7.111371105
2021-11-03T22:37:09.737+05:00,21.0539846
2021-11-03T22:37:10.240+05:00,4.276655504
2021-11-03T22:37:10.743+05:00,3.356022888
2021-11-03T22:37:11.246+05:00,2.521536654
2021-11-03T22:37:11.749+05:00,2.191401563
2021-11-03T22:37:12.251+05:00,0.789892127
2021-11-03T22:37:12.754+05:00,3.439217214
2021-11-03T22:37:13.256+05:00,1.278415424
2021-11-03T22:37:13.759+05:00,2.073500849
2021-11-03T22:37:14.272+05:00,0.928974821
2021-11-03T22:37:14.774+05:00,2.33948906
2021-11-03T22:37:15.277+05:00,1.194656656
2021-11-03T22:37:15.778+05:00,2.80971899
2021-11-03T22:37:16.281+05:00,3.296078514
2021-11-03T22:37:16.783+05:00,1.938443723
2021-11-03T22:37:17.286+05:00,1.451922439
2021-11-03T22:37:17.789+05:00,2.419078597
2021-11-03T22:37:18.292+05:00,2.881043538
2021-11-03T22:37:18.794+05:00,3.110675206
2021-11-03T22:37:19.296+05:00,2.823216495
2021-11-03T22:37:19.798+05:00,2.301299012
2021-11-03T22:37:20.301+05:00,2.045313728
2021-11-03T22:37:20.803+05:00,2.002728453
2021-11-03T22:37:21.305+05:00,0.835334084
2021-11-03T22:37:21.808+05:00,2.034780282
2021-11-03T22:37:22.309+05:00,1.762793793
2021-11-03T22:37:22.812+05:00,1.690462598
2021-11-03T22:37:23.315+05:00,1.653778758
2021-11-03T22:37:23.816+05:00,0.190589168
2021-11-03T22:37:24.317+05:00,1.057676183
2021-11-03T22:37:24.818+05:00,9.459976308
2021-11-03T22:37:25.319+05:00,2.535757715
2021-11-03T22:37:25.822+05:00,1.034415271
2021-11-03T22:37:26.325+05:00,1.766087374
2021-11-03T22:37:26.827+05:00,1.613636725
2021-11-03T22:37:27.330+05:00,0.388131585
2021-11-03T22:37:27.833+05:00,12.62586549
2021-11-03T22:37:28.336+05:00,1.253366952
2021-11-03T22:37:28.839+05:00,2.654004329
2021-11-03T22:37:29.341+05:00,3.229993903
2021-11-03T22:37:29.844+05:00,2.171147542
2021-11-03T22:37:30.346+05:00,0.127344154
2021-11-03T22:37:30.847+05:00,16.07300268
2021-11-03T22:37:31.349+05:00,2.783902664
2021-11-03T22:37:31.850+05:00,20.32939796
2021-11-03T22:37:32.351+05:00,20.19742279
2021-11-03T22:37:32.852+05:00,24.83440766
2021-11-03T22:37:33.353+05:00,17.93671539
2021-11-03T22:37:33.855+05:00,14.81194799
2021-11-03T22:37:34.356+05:00,28.07694356
2021-11-03T22:37:34.857+05:00,13.52392541
2021-11-03T22:37:35.365+05:00,30.83035855
2021-11-03T22:37:35.867+05:00,27.40914139
2021-11-03T22:37:36.370+05:00,13.34297722
2021-11-03T22:37:36.872+05:00,10.83888559
2021-11-03T22:37:37.374+05:00,10.84953757
2021-11-03T22:37:37.875+05:00,20.14746111
2021-11-03T22:37:38.376+05:00,35.30131972
2021-11-03T22:37:38.877+05:00,41.56522311
2021-11-03T22:37:39.379+05:00,37.2065365
2021-11-03T22:37:39.880+05:00,31.41716548
2021-11-03T22:37:40.381+05:00,36.18936623
2021-11-03T22:37:40.882+05:00,22.09695369
2021-11-03T22:37:41.383+05:00,11.18692646
2021-11-03T22:37:41.884+05:00,10.5637784
2021-11-03T22:37:42.385+05:00,7.925452756
2021-11-03T22:37:42.887+05:00,10.27265456
2021-11-03T22:37:43.388+05:00,7.83185941
2021-11-03T22:37:43.890+05:00,9.256302805
2021-11-03T22:37:44.393+05:00,10.35886809
2021-11-03T22:37:44.895+05:00,9.123435637
2021-11-03T22:37:45.397+05:00,17.71168288
2021-11-03T22:37:45.898+05:00,8.262427277
2021-11-03T22:37:46.400+05:00,7.982981816
2021-11-03T22:37:46.901+05:00,12.01064583
2021-11-03T22:37:47.402+05:00,10.39701248
2021-11-03T22:37:47.903+05:00,14.95674535
2021-11-03T22:37:48.404+05:00,6.867761813
2021-11-03T22:37:48.906+05:00,15.86490837
2021-11-03T22:37:49.407+05:00,17.26404819
2021-11-03T22:37:49.909+05:00,8.507386603
2021-11-03T22:37:50.410+05:00,8.792591528
2021-11-03T22:37:50.911+05:00,18.54281093
2021-11-03T22:37:51.414+05:00,4.354653078
2021-11-03T22:37:51.917+05:00,2.568977767
2021-11-03T22:37:52.418+05:00,3.563637033
2021-11-03T22:37:52.921+05:00,1.565808399
2021-11-03T22:37:53.423+05:00,1.979573887
2021-11-03T22:37:53.925+05:00,15.74556661
2021-11-03T22:37:54.427+05:00,3.721331249
2021-11-03T22:37:54.929+05:00,3.754813027
2021-11-03T22:37:55.436+05:00,22.15290866
2021-11-03T22:37:55.937+05:00,8.490722166
2021-11-03T22:37:56.438+05:00,9.190700533
2021-11-03T22:37:56.940+05:00,0.148975072
2021-11-03T22:37:57.443+05:00,2.277977162
2021-11-03T22:37:57.946+05:00,1.237186781
2021-11-03T22:37:58.448+05:00,1.056870621
2021-11-03T22:37:58.951+05:00,0.919019547
2021-11-03T22:37:59.454+05:00,1.436519603
2021-11-03T22:37:59.956+05:00,0.191089825
2021-11-03T22:38:00.458+05:00,0.152627699
2021-11-03T22:38:00.960+05:00,6.620672608
2021-11-03T22:38:01.462+05:00,5.030523016
2021-11-03T22:38:01.963+05:00,4.07828598
2021-11-03T22:38:02.465+05:00,1.058616306
2021-11-03T22:38:02.967+05:00,2.178317106
2021-11-03T22:38:03.468+05:00,0.637341627
2021-11-03T22:38:03.969+05:00,5.153265815
2021-11-03T22:38:04.471+05:00,2.40713357
2021-11-03T22:38:04.974+05:00,4.419090742
2021-11-03T22:38:05.477+05:00,1.419695924
2021-11-03T22:38:05.979+05:00,3.263916507
2021-11-03T22:38:06.480+05:00,2.254921623
2021-11-03T22:38:06.982+05:00,0.019578655
2021-11-03T22:38:07.485+05:00,0.763175963
2021-11-03T22:38:07.988+05:00,1.883740442
2021-11-03T22:38:08.490+05:00,1.095606097
2021-11-03T22:38:08.993+05:00,3.156000326
2021-11-03T22:38:09.496+05:00,1.147814926
2021-11-03T22:38:09.998+05:00,0.320721107
2021-11-03T22:38:10.501+05:00,2.876301054
2021-11-03T22:38:11.003+05:00,1.444531219
2021-11-03T22:38:11.505+05:00,1.248686294
2021-11-03T22:38:12.007+05:00,0.433226593
2021-11-03T22:38:12.510+05:00,0.762508637
2021-11-03T22:38:13.011+05:00,2.623355076
2021-11-03T22:38:13.512+05:00,1.538028119
2021-11-03T22:38:14.014+05:00,18.90318565
2021-11-03T22:38:14.516+05:00,3.539454142
2021-11-03T22:38:15.018+05:00,2.836928565
2021-11-03T22:38:15.521+05:00,0.630281949
2021-11-03T22:38:16.022+05:00,3.474312457
2021-11-03T22:38:16.531+05:00,1.246601623
2021-11-03T22:38:17.032+05:00,16.6304613
2021-11-03T22:38:17.534+05:00,4.879907309
2021-11-03T22:38:18.036+05:00,20.7408625
2021-11-03T22:38:18.537+05:00,14.03875237
2021-11-03T22:38:19.038+05:00,10.87983031
2021-11-03T22:38:19.539+05:00,17.43258448
2021-11-03T22:38:20.040+05:00,21.96679012
2021-11-03T22:38:20.541+05:00,10.912719
2021-11-03T22:38:21.042+05:00,6.410423907
2021-11-03T22:38:21.544+05:00,22.06550659
2021-11-03T22:38:22.045+05:00,6.184869047
2021-11-03T22:38:22.548+05:00,13.19283331
2021-11-03T22:38:23.050+05:00,4.992586878
2021-11-03T22:38:23.551+05:00,4.555238218
2021-11-03T22:38:24.054+05:00,2.825215065
2021-11-03T22:38:24.556+05:00,3.893525719
2021-11-03T22:38:25.058+05:00,3.637909833
2021-11-03T22:38:25.560+05:00,3.23168483
2021-11-03T22:38:26.062+05:00,3.953766189
2021-11-03T22:38:26.564+05:00,3.619868557
2021-11-03T22:38:27.067+05:00,2.525366954
2021-11-03T22:38:27.570+05:00,3.691745826
2021-11-03T22:38:28.071+05:00,1.020044718
2021-11-03T22:38:28.573+05:00,4.121926803
2021-11-03T22:38:29.076+05:00,5.001040804
2021-11-03T22:38:29.578+05:00,3.761288813
2021-11-03T22:38:30.079+05:00,3.387881362
2021-11-03T22:38:30.581+05:00,6.227552427
2021-11-03T22:38:31.083+05:00,6.116559604
2021-11-03T22:38:31.586+05:00,2.617074601
2021-11-03T22:38:32.088+05:00,3.507206297
2021-11-03T22:38:32.590+05:00,3.104698614
2021-11-03T22:38:33.092+05:00,1.159577864
2021-11-03T22:38:33.594+05:00,3.529523174
2021-11-03T22:38:34.097+05:00,3.799256556
2021-11-03T22:38:34.599+05:00,3.145529413
2021-11-03T22:38:35.101+05:00,3.974099165
2021-11-03T22:38:35.603+05:00,3.727679124
2021-11-03T22:38:36.105+05:00,4.423945762
2021-11-03T22:38:36.606+05:00,4.668318164
2021-11-03T22:38:37.108+05:00,11.0208456
2021-11-03T22:38:37.614+05:00,4.815305457
2021-11-03T22:38:38.116+05:00,2.653560263
2021-11-03T22:38:38.619+05:00,3.494736201
2021-11-03T22:38:39.120+05:00,1.518981424
2021-11-03T22:38:39.622+05:00,1.752643766
2021-11-03T22:38:40.124+05:00,17.49999749
2021-11-03T22:38:40.626+05:00,4.412734798
2021-11-03T22:38:41.128+05:00,4.151031186
2021-11-03T22:38:41.629+05:00,16.01978694
2021-11-03T22:38:42.130+05:00,9.696123614
2021-11-03T22:38:42.632+05:00,5.175101455
2021-11-03T22:38:43.134+05:00,4.008762391
2021-11-03T22:38:43.636+05:00,5.17030333
2021-11-03T22:38:44.138+05:00,7.229611686
2021-11-03T22:38:44.640+05:00,3.969684645
2021-11-03T22:38:45.142+05:00,4.998553618
2021-11-03T22:38:45.644+05:00,5.834100742
2021-11-03T22:38:46.146+05:00,5.812377976
2021-11-03T22:38:46.647+05:00,4.68882925
2021-11-03T22:38:47.148+05:00,4.9302443
2021-11-03T22:38:47.650+05:00,5.064186155
2021-11-03T22:38:48.152+05:00,5.275876993
2021-11-03T22:38:48.653+05:00,4.683691481
2021-11-03T22:38:49.155+05:00,4.663432111
2021-11-03T22:38:49.657+05:00,8.753723571
2021-11-03T22:38:50.159+05:00,15.11704363
2021-11-03T22:38:50.661+05:00,9.088448175
2021-11-03T22:38:51.163+05:00,6.579595722
2021-11-03T22:38:51.665+05:00,8.285789996
2021-11-03T22:38:52.166+05:00,16.54133281
2021-11-03T22:38:52.668+05:00,13.35992875
2021-11-03T22:38:53.171+05:00,5.953369404
2021-11-03T22:38:53.673+05:00,14.06132336
2021-11-03T22:38:54.175+05:00,5.554544621
2021-11-03T22:38:54.677+05:00,2.816909361
2021-11-03T22:38:55.179+05:00,23.69984401
2021-11-03T22:38:55.680+05:00,6.919582134
2021-11-03T22:38:56.182+05:00,4.531292413
2021-11-03T22:38:56.684+05:00,21.93615487
2021-11-03T22:38:57.186+05:00,6.390721131
2021-11-03T22:38:57.688+05:00,5.496617617
2021-11-03T22:38:58.197+05:00,4.964436723
2021-11-03T22:38:58.699+05:00,5.175998952
2021-11-03T22:38:59.201+05:00,4.669059221
2021-11-03T22:38:59.702+05:00,4.791760834
2021-11-03T22:39:00.204+05:00,12.94465639
2021-11-03T22:39:00.707+05:00,3.532228395
2021-11-03T22:39:01.211+05:00,5.365880527
2021-11-03T22:39:01.714+05:00,1.361998664
2021-11-03T22:39:02.217+05:00,2.024011356
2021-11-03T22:39:02.719+05:00,1.722018809
2021-11-03T22:39:03.221+05:00,16.79131876
2021-11-03T22:39:03.723+05:00,4.764715467
2021-11-03T22:39:04.225+05:00,12.48019812
2021-11-03T22:39:04.727+05:00,8.778203361
2021-11-03T22:39:05.229+05:00,5.350377081
2021-11-03T22:39:05.731+05:00,13.80254905
2021-11-03T22:39:06.232+05:00,16.90325091
2021-11-03T22:39:06.733+05:00,17.11262067
2021-11-03T22:39:07.234+05:00,9.155805119
2021-11-03T22:39:07.735+05:00,20.14966945
2021-11-03T22:39:08.237+05:00,28.40887908
2021-11-03T22:39:08.737+05:00,17.76372602
2021-11-03T22:39:09.238+05:00,23.54661873
2021-11-03T22:39:09.740+05:00,20.08442577
2021-11-03T22:39:10.241+05:00,10.15993331
2021-11-03T22:39:10.743+05:00,3.218037357
2021-11-03T22:39:11.246+05:00,4.017766882
2021-11-03T22:39:11.748+05:00,3.170140183
2021-11-03T22:39:12.251+05:00,5.612138493
2021-11-03T22:39:12.752+05:00,3.927878934
2021-11-03T22:39:13.254+05:00,4.002818931
2021-11-03T22:39:13.756+05:00,5.036460526
2021-11-03T22:39:14.257+05:00,9.066250327
2021-11-03T22:39:14.758+05:00,2.411377667
2021-11-03T22:39:15.260+05:00,3.281565032
2021-11-03T22:39:15.762+05:00,3.595929334
2021-11-03T22:39:16.263+05:00,3.864945441
2021-11-03T22:39:16.764+05:00,3.686335996
2021-11-03T22:39:17.267+05:00,4.835956194
2021-11-03T22:39:17.769+05:00,4.4698274
2021-11-03T22:39:18.271+05:00,4.247606677
2021-11-03T22:39:18.772+05:00,8.111479137
2021-11-03T22:39:19.285+05:00,4.126626494
2021-11-03T22:39:19.787+05:00,3.578550986
2021-11-03T22:39:20.289+05:00,3.940750531
2021-11-03T22:39:20.791+05:00,3.802957676
2021-11-03T22:39:21.292+05:00,2.917017203
2021-11-03T22:39:21.795+05:00,4.163688108
2021-11-03T22:39:22.296+05:00,3.889345021
2021-11-03T22:39:22.796+05:00,6.053591523
2021-11-03T22:39:23.297+05:00,16.94060262
2021-11-03T22:39:23.798+05:00,1.84073097
2021-11-03T22:39:24.300+05:00,0.890163244
2021-11-03T22:39:24.802+05:00,3.189484
2021-11-03T22:39:25.304+05:00,2.344811755
2021-11-03T22:39:25.805+05:00,0.196066044
2021-11-03T22:39:26.306+05:00,17.88743549
2021-11-03T22:39:26.808+05:00,4.333811091
2021-11-03T22:39:27.310+05:00,8.311798011
2021-11-03T22:39:27.811+05:00,3.15125166
2021-11-03T22:39:28.312+05:00,15.84596283
2021-11-03T22:39:28.814+05:00,10.14705131
2021-11-03T22:39:29.315+05:00,17.7653988
2021-11-03T22:39:29.816+05:00,19.33979575
2021-11-03T22:39:30.318+05:00,31.67149324
2021-11-03T22:39:30.819+05:00,31.54055215
2021-11-03T22:39:31.320+05:00,40.62073627
2021-11-03T22:39:31.821+05:00,21.05201717
2021-11-03T22:39:32.322+05:00,21.62844859
2021-11-03T22:39:32.824+05:00,8.755323058
2021-11-03T22:39:33.325+05:00,7.367436209
2021-11-03T22:39:33.826+05:00,5.693050041
2021-11-03T22:39:34.328+05:00,19.95731903
2021-11-03T22:39:34.829+05:00,18.96079406
2021-11-03T22:39:35.330+05:00,10.04670028
2021-11-03T22:39:35.832+05:00,23.04029643
2021-11-03T22:39:36.333+05:00,24.47880558
2021-11-03T22:39:36.835+05:00,9.66366814
2021-11-03T22:39:37.337+05:00,5.822567598
2021-11-03T22:39:37.838+05:00,5.599485446
2021-11-03T22:39:38.340+05:00,6.189411141
2021-11-03T22:39:38.842+05:00,6.894437305
2021-11-03T22:39:39.343+05:00,8.47371323
2021-11-03T22:39:39.845+05:00,5.516605004
2021-11-03T22:39:40.354+05:00,7.286676482
2021-11-03T22:39:40.856+05:00,5.546023357
2021-11-03T22:39:41.358+05:00,6.300170299
2021-11-03T22:39:41.860+05:00,5.979641725
2021-11-03T22:39:42.361+05:00,5.702900214
2021-11-03T22:39:42.864+05:00,6.468464876
2021-11-03T22:39:43.366+05:00,5.879087482
2021-11-03T22:39:43.868+05:00,5.768449843
2021-11-03T22:39:44.370+05:00,5.762538659
2021-11-03T22:39:44.872+05:00,8.280125418
2021-11-03T22:39:45.373+05:00,10.38503652
2021-11-03T22:39:45.874+05:00,13.73046698
2021-11-03T22:39:46.377+05:00,17.47241327
2021-11-03T22:39:46.878+05:00,6.988247874
2021-11-03T22:39:47.379+05:00,10.89556558
2021-11-03T22:39:47.881+05:00,20.70480629
2021-11-03T22:39:48.381+05:00,14.06154714
2021-11-03T22:39:48.882+05:00,8.154156588
2021-11-03T22:39:49.384+05:00,19.3541862
2021-11-03T22:39:49.885+05:00,8.817562212
2021-11-03T22:39:50.386+05:00,19.65090234
2021-11-03T22:39:50.887+05:00,16.41600572
2021-11-03T22:39:51.388+05:00,19.80388444
2021-11-03T22:39:51.889+05:00,3.733793813
2021-11-03T22:39:52.390+05:00,23.94936924
2021-11-03T22:39:52.893+05:00,16.10448625
2021-11-03T22:39:53.394+05:00,7.5550557
2021-11-03T22:39:53.896+05:00,17.75541256
2021-11-03T22:39:54.398+05:00,4.965763469
2021-11-03T22:39:54.899+05:00,10.23673083
2021-11-03T22:39:55.401+05:00,18.53761677
2021-11-03T22:39:55.903+05:00,9.387793652
2021-11-03T22:39:56.405+05:00,4.592704031
2021-11-03T22:39:56.906+05:00,18.93324205
2021-11-03T22:39:57.408+05:00,17.09786431
2021-11-03T22:39:57.909+05:00,18.92707682
2021-11-03T22:39:58.911+05:00,7.600422423
2021-11-03T22:39:59.413+05:00,22.10266472
2021-11-03T22:39:59.915+05:00,36.91143883
2021-11-03T22:40:00.421+05:00,29.02106619
2021-11-03T22:40:00.922+05:00,23.85144207
2021-11-03T22:40:01.425+05:00,5.003395338
2021-11-03T22:40:01.926+05:00,5.105145204
2021-11-03T22:40:02.428+05:00,3.955191552
2021-11-03T22:40:02.929+05:00,3.402683324
2021-11-03T22:40:03.430+05:00,5.283670764
2021-11-03T22:40:03.931+05:00,5.361321596
2021-11-03T22:40:04.432+05:00,5.723095816
2021-11-03T22:40:04.935+05:00,1.14768975
2021-11-03T22:40:05.437+05:00,4.323242364
2021-11-03T22:40:05.939+05:00,3.942805122
2021-11-03T22:40:06.442+05:00,4.051856053
2021-11-03T22:40:06.944+05:00,2.64471926
2021-11-03T22:40:07.447+05:00,3.518229317
2021-11-03T22:40:07.949+05:00,5.201174446
2021-11-03T22:40:08.450+05:00,6.958516474
2021-11-03T22:40:08.951+05:00,8.390151306
2021-11-03T22:40:09.452+05:00,24.56284769
2021-11-03T22:40:09.953+05:00,12.14988902
2021-11-03T22:40:10.455+05:00,6.079413142
2021-11-03T22:40:10.957+05:00,11.71686221
2021-11-03T22:40:11.458+05:00,8.685932259
2021-11-03T22:40:11.960+05:00,2.78514958
2021-11-03T22:40:12.461+05:00,17.92416635
2021-11-03T22:40:12.961+05:00,7.235320579
2021-11-03T22:40:13.463+05:00,5.043811899
2021-11-03T22:40:13.964+05:00,20.77143891
2021-11-03T22:40:14.465+05:00,24.00894294
2021-11-03T22:40:14.966+05:00,18.64146882
2021-11-03T22:40:15.468+05:00,29.33507179
2021-11-03T22:40:15.969+05:00,33.96396083
2021-11-03T22:40:16.470+05:00,22.9813155
2021-11-03T22:40:16.972+05:00,23.34154569
2021-11-03T22:40:17.473+05:00,20.18611111
2021-11-03T22:40:17.974+05:00,11.4435355
2021-11-03T22:40:18.475+05:00,14.11159825
2021-11-03T22:40:18.976+05:00,24.80814978
2021-11-03T22:40:19.478+05:00,10.0464768
2021-11-03T22:40:19.980+05:00,8.773279899
2021-11-03T22:40:20.490+05:00,7.662003608
2021-11-03T22:40:20.991+05:00,12.91765363
2021-11-03T22:40:21.493+05:00,7.234225586
2021-11-03T22:40:21.995+05:00,7.818327277
2021-11-03T22:40:22.496+05:00,13.94061275
2021-11-03T22:40:22.997+05:00,14.99692021
2021-11-03T22:40:23.498+05:00,7.603485036
2021-11-03T22:40:23.999+05:00,10.7063825
2021-11-03T22:40:24.500+05:00,8.8843493
2021-11-03T22:40:25.002+05:00,7.54836162
2021-11-03T22:40:25.503+05:00,7.028589448
2021-11-03T22:40:26.005+05:00,6.08565215
2021-11-03T22:40:26.506+05:00,7.065445307
2021-11-03T22:40:27.008+05:00,7.083385635
2021-11-03T22:40:27.509+05:00,6.104487798
2021-11-03T22:40:28.011+05:00,6.857357229
2021-11-03T22:40:28.512+05:00,17.11774301
2021-11-03T22:40:29.014+05:00,10.88012676
2021-11-03T22:40:29.515+05:00,7.761664593
2021-11-03T22:40:30.017+05:00,7.175950767
2021-11-03T22:40:30.518+05:00,6.501360109
2021-11-03T22:40:31.019+05:00,6.667276475
2021-11-03T22:40:31.521+05:00,6.129396725
2021-11-03T22:40:32.022+05:00,13.19922251
2021-11-03T22:40:32.524+05:00,19.77068123
2021-11-03T22:40:33.025+05:00,2.195476348
2021-11-03T22:40:33.527+05:00,8.070521418
2021-11-03T22:40:34.028+05:00,9.945335444
2021-11-03T22:40:34.530+05:00,5.239042973
2021-11-03T22:40:35.031+05:00,18.19115401
2021-11-03T22:40:35.532+05:00,20.83209211
2021-11-03T22:40:36.033+05:00,4.923196862
2021-11-03T22:40:36.534+05:00,31.05274502
2021-11-03T22:40:37.035+05:00,22.22826677
2021-11-03T22:40:37.537+05:00,10.24462068
2021-11-03T22:40:38.037+05:00,19.32774027
2021-11-03T22:40:38.539+05:00,17.32334158
2021-11-03T22:40:39.040+05:00,20.54005333
2021-11-03T22:40:39.542+05:00,12.5840017
2021-11-03T22:40:40.043+05:00,7.193786856
2021-11-03T22:40:40.544+05:00,17.58690054
2021-11-03T22:40:41.045+05:00,16.37250623
2021-11-03T22:40:41.557+05:00,8.914178105
2021-11-03T22:40:42.058+05:00,17.66904642
2021-11-03T22:40:42.560+05:00,13.74231151
2021-11-03T22:40:43.062+05:00,2.817627578
2021-11-03T22:40:43.565+05:00,4.382896431
2021-11-03T22:40:44.067+05:00,4.132536355
2021-11-03T22:40:44.570+05:00,2.566153862
2021-11-03T22:40:45.073+05:00,2.288129619
2021-11-03T22:40:45.574+05:00,4.427970536
2021-11-03T22:40:46.077+05:00,3.585373057
2021-11-03T22:40:46.579+05:00,4.439652443
2021-11-03T22:40:47.082+05:00,1.387632066
2021-11-03T22:40:47.584+05:00,2.930331633
2021-11-03T22:40:48.086+05:00,2.525647549
2021-11-03T22:40:48.587+05:00,0.502237128
2021-11-03T22:40:49.090+05:00,2.342230443
2021-11-03T22:40:49.593+05:00,7.015843574
2021-11-03T22:40:50.094+05:00,4.320247281
2021-11-03T22:40:50.596+05:00,2.773074025
2021-11-03T22:40:51.099+05:00,4.815297956
2021-11-03T22:40:51.602+05:00,1.716529777
2021-11-03T22:40:52.104+05:00,4.485241095
2021-11-03T22:40:52.607+05:00,4.24817595
2021-11-03T22:40:53.109+05:00,0.971350671
2021-11-03T22:40:53.612+05:00,2.996685578
2021-11-03T22:40:54.115+05:00,2.644053017
2021-11-03T22:40:54.617+05:00,2.105487855
2021-11-03T22:40:55.118+05:00,8.203548188
2021-11-03T22:40:55.620+05:00,21.16347952
2021-11-03T22:40:56.122+05:00,7.738811862
2021-11-03T22:40:56.624+05:00,6.789048795
2021-11-03T22:40:57.125+05:00,7.145403357
2021-11-03T22:40:57.626+05:00,6.56469945
2021-11-03T22:40:58.128+05:00,6.411052114
2021-11-03T22:40:58.630+05:00,19.55988871
2021-11-03T22:40:59.132+05:00,6.173873387
2021-11-03T22:40:59.633+05:00,23.92905256
2021-11-03T22:41:00.135+05:00,15.45283955
2021-11-03T22:41:00.636+05:00,14.94782148
2021-11-03T22:41:01.137+05:00,35.82915797
2021-11-03T22:41:01.643+05:00,34.1709162
2021-11-03T22:41:02.144+05:00,27.25322099
2021-11-03T22:41:02.645+05:00,6.108055883
2021-11-03T22:41:03.146+05:00,29.44486492
2021-11-03T22:41:03.647+05:00,11.87277258
2021-11-03T22:41:04.148+05:00,12.18713225
2021-11-03T22:41:04.650+05:00,30.33627538
2021-11-03T22:41:05.151+05:00,23.39582713
2021-11-03T22:41:05.652+05:00,27.04187641
2021-11-03T22:41:06.153+05:00,33.95907147
2021-11-03T22:41:06.655+05:00,24.55390202
2021-11-03T22:41:07.156+05:00,24.29141919
2021-11-03T22:41:07.657+05:00,11.21444876
2021-11-03T22:41:08.159+05:00,5.490961826
2021-11-03T22:41:08.661+05:00,5.199227515
2021-11-03T22:41:09.162+05:00,4.473238742
2021-11-03T22:41:09.663+05:00,10.46457756
2021-11-03T22:41:10.164+05:00,8.703103852
2021-11-03T22:41:10.665+05:00,6.673399587
2021-11-03T22:41:11.167+05:00,4.61352719
2021-11-03T22:41:11.670+05:00,5.506060991
2021-11-03T22:41:12.173+05:00,4.260799434
2021-11-03T22:41:12.675+05:00,4.172190641
2021-11-03T22:41:13.178+05:00,5.019855257
2021-11-03T22:41:13.680+05:00,4.478044092
2021-11-03T22:41:14.183+05:00,6.089602033
2021-11-03T22:41:14.685+05:00,6.19846671
2021-11-03T22:41:15.187+05:00,4.094236985
2021-11-03T22:41:15.689+05:00,11.69120771
2021-11-03T22:41:16.191+05:00,7.549792258
2021-11-03T22:41:16.692+05:00,6.457284537
2021-11-03T22:41:17.193+05:00,8.450599904
2021-11-03T22:41:17.694+05:00,2.924275249
2021-11-03T22:41:18.195+05:00,11.47572166
2021-11-03T22:41:18.697+05:00,10.23385437
2021-11-03T22:41:19.199+05:00,4.589511444
2021-11-03T22:41:19.701+05:00,4.13499199
2021-11-03T22:41:20.203+05:00,3.507346883
2021-11-03T22:41:20.704+05:00,1.643381416
2021-11-03T22:41:21.206+05:00,2.787762003
2021-11-03T22:41:21.707+05:00,13.66076977
2021-11-03T22:41:22.209+05:00,4.521855651
2021-11-03T22:41:22.721+05:00,4.048987983
2021-11-03T22:41:23.223+05:00,4.725529082
2021-11-03T22:41:23.726+05:00,4.160412922
2021-11-03T22:41:24.227+05:00,4.308187988
2021-11-03T22:41:24.729+05:00,4.304903323
2021-11-03T22:41:25.231+05:00,3.937985923
2021-11-03T22:41:25.733+05:00,4.12338007
2021-11-03T22:41:26.235+05:00,4.303267034
2021-11-03T22:41:26.737+05:00,18.24540254
2021-11-03T22:41:27.239+05:00,5.067274896
2021-11-03T22:41:27.741+05:00,4.762345634
2021-11-03T22:41:28.242+05:00,5.033847863
2021-11-03T22:41:28.744+05:00,4.11025913
2021-11-03T22:41:29.246+05:00,4.151525312
2021-11-03T22:41:29.748+05:00,4.389508837
2021-11-03T22:41:30.250+05:00,4.165084326
2021-11-03T22:41:30.753+05:00,4.553196023
2021-11-03T22:41:31.255+05:00,4.364752027
2021-11-03T22:41:31.756+05:00,4.339482924
2021-11-03T22:41:32.258+05:00,3.987541618
2021-11-03T22:41:32.759+05:00,4.001205991
2021-11-03T22:41:33.260+05:00,4.659486625
2021-11-03T22:41:33.763+05:00,4.429143115
2021-11-03T22:41:34.265+05:00,4.3949997
2021-11-03T22:41:34.767+05:00,5.175359996
2021-11-03T22:41:35.269+05:00,4.98308371
2021-11-03T22:41:35.772+05:00,4.114451282
2021-11-03T22:41:36.274+05:00,5.051319445
2021-11-03T22:41:36.775+05:00,4.493952188
2021-11-03T22:41:37.277+05:00,4.547448523
2021-11-03T22:41:37.779+05:00,4.234486465
2021-11-03T22:41:38.282+05:00,4.706895438
2021-11-03T22:41:38.784+05:00,4.377857755
2021-11-03T22:41:39.286+05:00,4.439517195
2021-11-03T22:41:39.788+05:00,2.094950315
2021-11-03T22:41:40.290+05:00,4.123173115
2021-11-03T22:41:40.792+05:00,4.485858164
2021-11-03T22:41:41.293+05:00,10.81655696
2021-11-03T22:41:41.795+05:00,8.05933372
2021-11-03T22:41:42.296+05:00,2.595739114
2021-11-03T22:41:42.797+05:00,3.683641832
2021-11-03T22:41:43.299+05:00,3.564351432
2021-11-03T22:41:43.802+05:00,1.142319011
2021-11-03T22:41:44.303+05:00,5.957240423
2021-11-03T22:41:44.805+05:00,14.34795575
2021-11-03T22:41:45.307+05:00,4.655705647
2021-11-03T22:41:45.808+05:00,6.862682341
2021-11-03T22:41:46.310+05:00,24.21679545
2021-11-03T22:41:46.811+05:00,5.374288674
2021-11-03T22:41:47.314+05:00,5.387259165
2021-11-03T22:41:47.815+05:00,4.449079295
2021-11-03T22:41:48.316+05:00,10.76538618
2021-11-03T22:41:48.818+05:00,16.86805004
2021-11-03T22:41:49.319+05:00,23.96527587
2021-11-03T22:41:49.821+05:00,24.71695103
2021-11-03T22:41:50.323+05:00,11.01819293
2021-11-03T22:41:50.825+05:00,14.67622163
2021-11-03T22:41:51.326+05:00,5.735921335
2021-11-03T22:41:51.827+05:00,5.397520377
2021-11-03T22:41:52.330+05:00,6.353951826
2021-11-03T22:41:52.832+05:00,5.252401821
2021-11-03T22:41:53.334+05:00,4.677018392
2021-11-03T22:41:53.836+05:00,5.747111014
2021-11-03T22:41:54.339+05:00,5.979688053
2021-11-03T22:41:54.841+05:00,4.490719013
2021-11-03T22:41:55.343+05:00,5.017935081
2021-11-03T22:41:55.845+05:00,4.919881444
2021-11-03T22:41:56.347+05:00,4.884657883
2021-11-03T22:41:56.849+05:00,5.751581786
2021-11-03T22:41:57.351+05:00,4.876218563
2021-11-03T22:41:57.854+05:00,4.68052324
2021-11-03T22:41:58.356+05:00,4.832399357
2021-11-03T22:41:58.858+05:00,5.164259646
2021-11-03T22:41:59.359+05:00,5.353917281
2021-11-03T22:41:59.861+05:00,19.90619876
2021-11-03T22:42:00.362+05:00,6.526883869
2021-11-03T22:42:00.863+05:00,23.58859126
2021-11-03T22:42:01.365+05:00,7.001292871
2021-11-03T22:42:01.867+05:00,5.228068533
2021-11-03T22:42:02.369+05:00,5.514949073
2021-11-03T22:42:02.871+05:00,7.437767012
2021-11-03T22:42:03.373+05:00,4.493375297
2021-11-03T22:42:03.875+05:00,5.114135621
2021-11-03T22:42:04.376+05:00,14.99161034
2021-11-03T22:42:04.877+05:00,10.82011918
2021-11-03T22:42:05.378+05:00,5.784294224
2021-11-03T22:42:05.881+05:00,5.014578676
2021-11-03T22:42:06.384+05:00,4.077824993
2021-11-03T22:42:06.886+05:00,3.242654243
2021-11-03T22:42:07.388+05:00,4.730717513
2021-11-03T22:42:07.890+05:00,13.55837506
2021-11-03T22:42:08.392+05:00,4.699162927
2021-11-03T22:42:08.894+05:00,4.555101445
2021-11-03T22:42:09.396+05:00,4.272297302
2021-11-03T22:42:09.898+05:00,4.776404819
2021-11-03T22:42:10.400+05:00,4.517850189
2021-11-03T22:42:10.901+05:00,20.08786473
2021-11-03T22:42:11.402+05:00,16.29443833
2021-11-03T22:42:11.904+05:00,25.81678454
2021-11-03T22:42:12.405+05:00,17.62264544
2021-11-03T22:42:12.906+05:00,32.49101337
2021-11-03T22:42:13.408+05:00,30.54539318
2021-11-03T22:42:13.909+05:00,12.7131638
2021-11-03T22:42:14.410+05:00,6.702204577
2021-11-03T22:42:14.911+05:00,10.27407772
2021-11-03T22:42:15.412+05:00,22.21045772
2021-11-03T22:42:15.914+05:00,18.43313189
2021-11-03T22:42:16.415+05:00,19.60792774
2021-11-03T22:42:16.917+05:00,30.04805031
2021-11-03T22:42:17.418+05:00,7.249874783
2021-11-03T22:42:17.920+05:00,4.434806373
2021-11-03T22:42:18.422+05:00,5.8319381
2021-11-03T22:42:18.925+05:00,12.41340749
2021-11-03T22:42:19.427+05:00,3.842560485
2021-11-03T22:42:19.929+05:00,3.679815581
2021-11-03T22:42:20.432+05:00,4.519039182
2021-11-03T22:42:20.934+05:00,4.970265448
2021-11-03T22:42:21.437+05:00,6.461656522
2021-11-03T22:42:21.939+05:00,8.219354838
2021-11-03T22:42:22.441+05:00,4.484839803
2021-11-03T22:42:22.943+05:00,4.40306179
2021-11-03T22:42:23.455+05:00,5.192910021
2021-11-03T22:42:23.956+05:00,14.54838334
2021-11-03T22:42:24.457+05:00,7.493880957
2021-11-03T22:42:24.959+05:00,7.906212459
2021-11-03T22:42:25.461+05:00,13.33396182
2021-11-03T22:42:25.963+05:00,4.592156534
2021-11-03T22:42:26.466+05:00,4.500871268
2021-11-03T22:42:26.968+05:00,5.270930693
2021-11-03T22:42:27.471+05:00,13.1684241
2021-11-03T22:42:27.973+05:00,9.052048126
2021-11-03T22:42:28.474+05:00,5.48613689
2021-11-03T22:42:28.975+05:00,4.983976727
2021-11-03T22:42:29.477+05:00,3.698194965
2021-11-03T22:42:29.978+05:00,2.800459958
2021-11-03T22:42:30.479+05:00,4.51152125
2021-11-03T22:42:30.980+05:00,14.38677913
2021-11-03T22:42:31.481+05:00,6.703883491
2021-11-03T22:42:31.982+05:00,6.541064939
2021-11-03T22:42:32.483+05:00,7.755879597
2021-11-03T22:42:32.984+05:00,18.26998648
2021-11-03T22:42:33.485+05:00,12.48286307
2021-11-03T22:42:33.986+05:00,17.93854725
2021-11-03T22:42:34.487+05:00,12.97745537
2021-11-03T22:42:34.988+05:00,15.60966808
2021-11-03T22:42:35.490+05:00,16.49482899
2021-11-03T22:42:35.992+05:00,37.96842911
2021-11-03T22:42:36.494+05:00,21.08867544
2021-11-03T22:42:36.995+05:00,6.90477132
2021-11-03T22:42:37.496+05:00,17.38181962
2021-11-03T22:42:37.998+05:00,19.99974521
2021-11-03T22:42:38.500+05:00,21.11604199
2021-11-03T22:42:39.002+05:00,4.869411221
2021-11-03T22:42:39.504+05:00,3.374378504
2021-11-03T22:42:40.005+05:00,3.893751119
2021-11-03T22:42:40.508+05:00,3.590351089
2021-11-03T22:42:41.010+05:00,4.133527596
2021-11-03T22:42:41.512+05:00,2.650437328
2021-11-03T22:42:42.014+05:00,2.780280754
2021-11-03T22:42:42.516+05:00,3.149290428
2021-11-03T22:42:43.018+05:00,2.702405539
2021-11-03T22:42:43.519+05:00,3.423677443
2021-11-03T22:42:44.022+05:00,4.423030895
2021-11-03T22:42:44.533+05:00,1.878279755
2021-11-03T22:42:45.035+05:00,3.957290241
2021-11-03T22:42:45.536+05:00,8.253629913
2021-11-03T22:42:46.036+05:00,8.520055046
2021-11-03T22:42:46.538+05:00,10.90553463
2021-11-03T22:42:47.039+05:00,4.114242907
2021-11-03T22:42:47.541+05:00,3.711159905
2021-11-03T22:42:48.044+05:00,2.326290249
2021-11-03T22:42:48.547+05:00,3.420438776
2021-11-03T22:42:49.050+05:00,2.221836038
2021-11-03T22:42:49.553+05:00,2.411794285
2021-11-03T22:42:50.054+05:00,3.968082217
2021-11-03T22:42:50.555+05:00,13.91632331
2021-11-03T22:42:51.058+05:00,6.392855379
2021-11-03T22:42:51.560+05:00,5.014830641
2021-11-03T22:42:52.063+05:00,1.240214065
2021-11-03T22:42:52.565+05:00,3.194075503
2021-11-03T22:42:53.067+05:00,3.56924736
2021-11-03T22:42:53.568+05:00,6.206593571
2021-11-03T22:42:54.069+05:00,16.17224238
2021-11-03T22:42:54.571+05:00,22.33860311
2021-11-03T22:42:55.072+05:00,17.39940268
2021-11-03T22:42:55.573+05:00,20.81436736
2021-11-03T22:42:56.075+05:00,16.70984181
2021-11-03T22:42:56.576+05:00,24.2685955
2021-11-03T22:42:57.078+05:00,26.77949734
2021-11-03T22:42:57.579+05:00,18.1662024
2021-11-03T22:42:58.080+05:00,14.93144485
2021-11-03T22:42:58.582+05:00,22.29050144
2021-11-03T22:42:59.083+05:00,13.5256362
2021-11-03T22:42:59.584+05:00,11.84196482
2021-11-03T22:43:00.086+05:00,9.949361576
2021-11-03T22:43:00.587+05:00,18.01359676
2021-11-03T22:43:01.088+05:00,29.01117971
2021-11-03T22:43:01.590+05:00,9.587839104
2021-11-03T22:43:02.092+05:00,9.344156071
2021-11-03T22:43:02.593+05:00,9.379043564
2021-11-03T22:43:03.094+05:00,10.15310356
2021-11-03T22:43:03.595+05:00,10.38907415
2021-11-03T22:43:04.096+05:00,10.65244826
2021-11-03T22:43:04.598+05:00,9.642702278
2021-11-03T22:43:05.100+05:00,10.07150385
2021-11-03T22:43:05.603+05:00,9.054287211
2021-11-03T22:43:06.105+05:00,9.487578018
2021-11-03T22:43:06.606+05:00,9.007922121
2021-11-03T22:43:07.108+05:00,9.919247352
2021-11-03T22:43:07.610+05:00,9.0590755
2021-11-03T22:43:08.112+05:00,9.276814109
2021-11-03T22:43:08.614+05:00,9.040265665
2021-11-03T22:43:09.116+05:00,9.976081907
2021-11-03T22:43:09.618+05:00,9.942935682
2021-11-03T22:43:10.120+05:00,8.878218673
2021-11-03T22:43:10.621+05:00,8.76938306
2021-11-03T22:43:11.124+05:00,10.86850052
2021-11-03T22:43:11.625+05:00,9.983377646
2021-11-03T22:43:12.127+05:00,8.953248978
2021-11-03T22:43:12.629+05:00,8.845594229
2021-11-03T22:43:13.130+05:00,9.153103268
2021-11-03T22:43:13.632+05:00,17.72578134
2021-11-03T22:43:14.135+05:00,5.175684328
2021-11-03T22:43:14.638+05:00,2.194224047
2021-11-03T22:43:15.139+05:00,3.482706727
2021-11-03T22:43:15.642+05:00,1.391278881
2021-11-03T22:43:16.145+05:00,3.599775186
2021-11-03T22:43:16.646+05:00,6.60922188
2021-11-03T22:43:17.148+05:00,13.64780485
2021-11-03T22:43:17.649+05:00,4.607030708
2021-11-03T22:43:18.151+05:00,9.309185928
2021-11-03T22:43:18.652+05:00,14.42127584
2021-11-03T22:43:19.154+05:00,2.56202462
2021-11-03T22:43:19.655+05:00,5.924338823
2021-11-03T22:43:20.156+05:00,22.34890906
2021-11-03T22:43:20.657+05:00,13.14955353
2021-11-03T22:43:21.158+05:00,8.447922903
2021-11-03T22:43:21.659+05:00,7.163001978
2021-11-03T22:43:22.160+05:00,7.196022132
2021-11-03T22:43:22.662+05:00,6.570185688
2021-11-03T22:43:23.164+05:00,3.57569283
2021-11-03T22:43:23.666+05:00,4.244212552
2021-11-03T22:43:24.168+05:00,1.995030043
2021-11-03T22:43:24.671+05:00,2.962042488
2021-11-03T22:43:25.173+05:00,1.582003141
2021-11-03T22:43:25.685+05:00,0.767048228
2021-11-03T22:43:26.188+05:00,2.767953466
2021-11-03T22:43:26.690+05:00,1.17643169
2021-11-03T22:43:27.193+05:00,2.243308515
2021-11-03T22:43:27.696+05:00,0.786972824
2021-11-03T22:43:28.198+05:00,2.103002709
2021-11-03T22:43:28.701+05:00,1.078710778
2021-11-03T22:43:29.203+05:00,0.277155056
2021-11-03T22:43:29.704+05:00,0.071631248
2021-11-03T22:43:30.207+05:00,2.403349347
2021-11-03T22:43:30.709+05:00,1.108985996
2021-11-03T22:43:31.211+05:00,1.085657429
2021-11-03T22:43:31.713+05:00,0.778387105
2021-11-03T22:43:32.215+05:00,0.86474944
2021-11-03T22:43:32.718+05:00,0.520972782
2021-11-03T22:43:33.220+05:00,2.746306955
2021-11-03T22:43:33.723+05:00,1.478802597
2021-11-03T22:43:34.225+05:00,0.373026303
2021-11-03T22:43:34.728+05:00,0.995461941
2021-11-03T22:43:35.231+05:00,3.137105003
2021-11-03T22:43:35.734+05:00,1.721105295
2021-11-03T22:43:36.236+05:00,4.882075291
2021-11-03T22:43:36.739+05:00,2.783322461
2021-11-03T22:43:37.242+05:00,3.11649943
2021-11-03T22:43:37.744+05:00,4.552961077
2021-11-03T22:43:38.246+05:00,5.802506198
2021-11-03T22:43:38.748+05:00,5.029376443
2021-11-03T22:43:39.250+05:00,1.592950234
2021-11-03T22:43:39.752+05:00,7.698131753
2021-11-03T22:43:40.254+05:00,15.69717897
2021-11-03T22:43:40.756+05:00,5.033636097
2021-11-03T22:43:41.258+05:00,16.69854109
2021-11-03T22:43:41.760+05:00,13.72250191
2021-11-03T22:43:42.261+05:00,21.68860576
2021-11-03T22:43:42.763+05:00,26.01580021
2021-11-03T22:43:43.265+05:00,33.17818484
2021-11-03T22:43:43.767+05:00,22.82419902
2021-11-03T22:43:44.268+05:00,13.76459442
2021-11-03T22:43:44.769+05:00,15.98843847
2021-11-03T22:43:45.271+05:00,9.441333694
2021-11-03T22:43:45.773+05:00,2.646929619
2021-11-03T22:43:46.275+05:00,3.033316424
2021-11-03T22:43:46.781+05:00,1.837753903
2021-11-03T22:43:47.282+05:00,9.116547816
2021-11-03T22:43:47.784+05:00,3.939555983
2021-11-03T22:43:48.286+05:00,1.797953323
2021-11-03T22:43:48.788+05:00,1.974057992
2021-11-03T22:43:49.291+05:00,3.944945339
2021-11-03T22:43:49.793+05:00,2.820166634
2021-11-03T22:43:50.294+05:00,7.078396071
2021-11-03T22:43:50.796+05:00,3.217117506
2021-11-03T22:43:51.298+05:00,3.362209346
2021-11-03T22:43:51.800+05:00,4.714268488
2021-11-03T22:43:52.302+05:00,4.440095618
2021-11-03T22:43:52.805+05:00,3.359454344
2021-11-03T22:43:53.308+05:00,4.554600033
2021-11-03T22:43:53.810+05:00,4.188683917
2021-11-03T22:43:54.313+05:00,1.4136173
2021-11-03T22:43:54.816+05:00,1.463682864
2021-11-03T22:43:55.318+05:00,2.303576814
2021-11-03T22:43:55.821+05:00,1.612631553
2021-11-03T22:43:56.323+05:00,1.026067132
2021-11-03T22:43:56.826+05:00,1.283195291
2021-11-03T22:43:57.329+05:00,1.206962472
2021-11-03T22:43:57.831+05:00,2.722804076
2021-11-03T22:43:58.333+05:00,2.08267885
2021-11-03T22:43:58.836+05:00,1.011054527
2021-11-03T22:43:59.339+05:00,1.167353487
2021-11-03T22:43:59.841+05:00,14.74653685
2021-11-03T22:44:00.343+05:00,10.89337913
2021-11-03T22:44:00.844+05:00,8.162634838
2021-11-03T22:44:01.346+05:00,3.959617542
2021-11-03T22:44:01.849+05:00,2.045967336
2021-11-03T22:44:02.350+05:00,3.344346064
2021-11-03T22:44:02.851+05:00,10.5330212
2021-11-03T22:44:03.352+05:00,13.18825586
2021-11-03T22:44:03.854+05:00,4.589864053
2021-11-03T22:44:04.356+05:00,4.683618635
2021-11-03T22:44:04.858+05:00,4.943514887
2021-11-03T22:44:05.359+05:00,15.87340296
2021-11-03T22:44:05.861+05:00,17.06458294
2021-11-03T22:44:06.362+05:00,10.48643164
2021-11-03T22:44:06.864+05:00,6.140349847
2021-11-03T22:44:07.365+05:00,10.59432906
2021-11-03T22:44:07.875+05:00,20.66760116
2021-11-03T22:44:08.377+05:00,7.491504196
2021-11-03T22:44:08.878+05:00,2.817066096
2021-11-03T22:44:09.381+05:00,1.853972417
2021-11-03T22:44:09.882+05:00,2.875038023
2021-11-03T22:44:10.385+05:00,0.916119481
2021-11-03T22:44:10.887+05:00,7.523363405
2021-11-03T22:44:11.389+05:00,5.474018939
2021-11-03T22:44:11.891+05:00,0.761872808
2021-11-03T22:44:12.394+05:00,1.266206787
2021-11-03T22:44:12.896+05:00,1.92551162
2021-11-03T22:44:13.398+05:00,3.672250441
2021-11-03T22:44:13.900+05:00,6.974510053
2021-11-03T22:44:14.403+05:00,4.806178991
2021-11-03T22:44:14.905+05:00,3.543184913
2021-11-03T22:44:15.408+05:00,1.833714363
2021-11-03T22:44:15.911+05:00,3.21908923
2021-11-03T22:44:16.413+05:00,2.249381264
2021-11-03T22:44:16.916+05:00,7.458641292
2021-11-03T22:44:17.417+05:00,4.538533678
2021-11-03T22:44:17.920+05:00,2.269412074
2021-11-03T22:44:18.422+05:00,1.391828573
2021-11-03T22:44:18.925+05:00,0.586612753
2021-11-03T22:44:19.426+05:00,0.087848563
2021-11-03T22:44:19.928+05:00,6.905193672
2021-11-03T22:44:20.430+05:00,4.477232308
2021-11-03T22:44:20.932+05:00,1.997474195
2021-11-03T22:44:21.434+05:00,3.823679443
2021-11-03T22:44:21.936+05:00,0.046098003
2021-11-03T22:44:22.440+05:00,1.611700547
2021-11-03T22:44:22.942+05:00,14.49630196
2021-11-03T22:44:23.445+05:00,4.974830728
2021-11-03T22:44:23.948+05:00,2.059242453
2021-11-03T22:44:24.450+05:00,1.810399374
2021-11-03T22:44:24.953+05:00,1.444981326
2021-11-03T22:44:25.456+05:00,1.735867911
2021-11-03T22:44:25.958+05:00,12.49149277
2021-11-03T22:44:26.460+05:00,8.875491817
2021-11-03T22:44:26.962+05:00,4.227694772
2021-11-03T22:44:27.465+05:00,4.205018049
2021-11-03T22:44:27.967+05:00,4.285946063
2021-11-03T22:44:28.474+05:00,19.95275518
2021-11-03T22:44:28.976+05:00,20.36398112
2021-11-03T22:44:29.477+05:00,24.10758994
2021-11-03T22:44:29.979+05:00,21.43807209
2021-11-03T22:44:30.481+05:00,12.37354385
2021-11-03T22:44:30.983+05:00,13.87534146
2021-11-03T22:44:31.485+05:00,10.03751986
2021-11-03T22:44:31.986+05:00,19.88980369
2021-11-03T22:44:32.488+05:00,3.658037735
2021-11-03T22:44:32.989+05:00,3.851073034
2021-11-03T22:44:33.490+05:00,0.37135558
2021-11-03T22:44:33.992+05:00,6.582820966
2021-11-03T22:44:34.493+05:00,5.164479088
2021-11-03T22:44:34.996+05:00,15.1630853
2021-11-03T22:44:35.498+05:00,4.213365409
2021-11-03T22:44:36.001+05:00,4.082519903
2021-11-03T22:44:36.503+05:00,3.96162714
2021-11-03T22:44:37.004+05:00,1.992914609
2021-11-03T22:44:37.506+05:00,1.858209342
2021-11-03T22:44:38.008+05:00,2.951468447
2021-11-03T22:44:38.510+05:00,3.795563048
2021-11-03T22:44:39.012+05:00,1.866819471
2021-11-03T22:44:39.514+05:00,3.923642566
2021-11-03T22:44:40.015+05:00,4.693483293
2021-11-03T22:44:40.517+05:00,4.422634606
2021-11-03T22:44:41.018+05:00,1.439015573
2021-11-03T22:44:41.520+05:00,1.727063033
2021-11-03T22:44:42.022+05:00,1.534975256
2021-11-03T22:44:42.524+05:00,0.892671503
2021-11-03T22:44:43.026+05:00,4.632131886
2021-11-03T22:44:43.528+05:00,4.438539198
2021-11-03T22:44:44.031+05:00,4.024162001
2021-11-03T22:44:44.533+05:00,0.9795063
2021-11-03T22:44:45.035+05:00,2.848935941
2021-11-03T22:44:45.538+05:00,1.530839474
2021-11-03T22:44:46.039+05:00,12.82737134
2021-11-03T22:44:46.542+05:00,4.511704406
2021-11-03T22:44:47.044+05:00,2.945025349
2021-11-03T22:44:47.547+05:00,2.676657203
2021-11-03T22:44:48.049+05:00,1.629984018
2021-11-03T22:44:48.559+05:00,1.123868212
2021-11-03T22:44:49.060+05:00,14.3152974
2021-11-03T22:44:49.561+05:00,7.167726057
2021-11-03T22:44:50.062+05:00,22.93542648
2021-11-03T22:44:50.563+05:00,12.51928261
2021-11-03T22:44:51.064+05:00,21.36522581
2021-11-03T22:44:51.565+05:00,25.81907267
2021-11-03T22:44:52.067+05:00,10.85409173
2021-11-03T22:44:52.569+05:00,6.522118774
2021-11-03T22:44:53.070+05:00,2.222717114
2021-11-03T22:44:53.571+05:00,5.591189313
2021-11-03T22:44:54.073+05:00,4.76126906
2021-11-03T22:44:54.575+05:00,4.077696101
2021-11-03T22:44:55.077+05:00,3.895809964
2021-11-03T22:44:55.579+05:00,4.236565344
2021-11-03T22:44:56.082+05:00,5.122564772
2021-11-03T22:44:56.585+05:00,4.329298538
2021-11-03T22:44:57.086+05:00,4.42198095
2021-11-03T22:44:57.589+05:00,4.341715505
2021-11-03T22:44:58.091+05:00,4.289331872
2021-11-03T22:44:58.593+05:00,4.72441924
2021-11-03T22:44:59.095+05:00,13.57907138
2021-11-03T22:44:59.596+05:00,4.744829217
2021-11-03T22:45:00.097+05:00,8.127268868
2021-11-03T22:45:00.600+05:00,3.390819234
2021-11-03T22:45:01.102+05:00,12.56444659
2021-11-03T22:45:01.605+05:00,1.373432288
2021-11-03T22:45:02.108+05:00,1.243718315
2021-11-03T22:45:02.610+05:00,1.988719757
2021-11-03T22:45:03.113+05:00,2.385072301
2021-11-03T22:45:03.616+05:00,2.647793808
2021-11-03T22:45:04.117+05:00,3.800578071
2021-11-03T22:45:04.619+05:00,3.717804983
2021-11-03T22:45:05.122+05:00,3.319514226
2021-11-03T22:45:05.624+05:00,2.167086807
2021-11-03T22:45:06.127+05:00,4.878312438
2021-11-03T22:45:06.629+05:00,3.688951062
2021-11-03T22:45:07.130+05:00,3.585602411
2021-11-03T22:45:07.631+05:00,3.143116703
2021-11-03T22:45:08.134+05:00,1.514029477
2021-11-03T22:45:08.637+05:00,1.398461393
2021-11-03T22:45:09.139+05:00,12.55360237
2021-11-03T22:45:09.651+05:00,3.049690758
2021-11-03T22:45:10.154+05:00,3.235662193
2021-11-03T22:45:10.657+05:00,2.136180954
2021-11-03T22:45:11.160+05:00,1.611258305
2021-11-03T22:45:11.663+05:00,1.410278425
2021-11-03T22:45:12.164+05:00,14.05178998
2021-11-03T22:45:12.665+05:00,6.035927087
2021-11-03T22:45:13.167+05:00,4.304353032
2021-11-03T22:45:13.669+05:00,4.378251234
2021-11-03T22:45:14.171+05:00,19.54542836
2021-11-03T22:45:14.673+05:00,14.25446428
2021-11-03T22:45:15.175+05:00,7.524094113
2021-11-03T22:45:15.677+05:00,9.746392085
2021-11-03T22:45:16.178+05:00,13.28282822
2021-11-03T22:45:16.679+05:00,24.27589396
2021-11-03T22:45:17.181+05:00,13.95183968
2021-11-03T22:45:17.684+05:00,5.802093805
2021-11-03T22:45:18.185+05:00,4.864145643
2021-11-03T22:45:18.687+05:00,18.42650297
2021-11-03T22:45:19.188+05:00,11.40698233
2021-11-03T22:45:19.689+05:00,6.818415669
2021-11-03T22:45:20.191+05:00,10.34620569
2021-11-03T22:45:20.692+05:00,5.619742305
2021-11-03T22:45:21.194+05:00,8.417714513
2021-11-03T22:45:21.696+05:00,5.213634508
2021-11-03T22:45:22.198+05:00,5.611802187
2021-11-03T22:45:22.700+05:00,5.159106607
2021-11-03T22:45:23.202+05:00,5.194609799
2021-11-03T22:45:23.705+05:00,5.361307584
2021-11-03T22:45:24.207+05:00,6.296163225
2021-11-03T22:45:24.709+05:00,6.821478272
2021-11-03T22:45:25.210+05:00,7.999709336
2021-11-03T22:45:25.712+05:00,6.790470492
2021-11-03T22:45:26.215+05:00,5.148616203
2021-11-03T22:45:26.717+05:00,6.511785265
2021-11-03T22:45:27.220+05:00,5.120324696
2021-11-03T22:45:27.722+05:00,5.173835727
2021-11-03T22:45:28.224+05:00,5.20463702
2021-11-03T22:45:28.727+05:00,5.732431078
2021-11-03T22:45:29.230+05:00,6.246520343
2021-11-03T22:45:29.743+05:00,3.816837348
2021-11-03T22:45:30.245+05:00,8.841063458
2021-11-03T22:45:30.746+05:00,7.527484207
2021-11-03T22:45:31.248+05:00,5.516226227
2021-11-03T22:45:31.750+05:00,5.505134603
2021-11-03T22:45:32.251+05:00,12.37289864
2021-11-03T22:45:32.754+05:00,4.981902446
2021-11-03T22:45:33.255+05:00,3.270877005
2021-11-03T22:45:33.757+05:00,3.575726881
2021-11-03T22:45:34.261+05:00,1.339527812
2021-11-03T22:45:34.764+05:00,2.724880411
2021-11-03T22:45:35.265+05:00,16.52228657
2021-11-03T22:45:35.766+05:00,7.63816863
2021-11-03T22:45:36.268+05:00,5.660069816
2021-11-03T22:45:36.770+05:00,4.372569295
2021-11-03T22:45:37.272+05:00,4.261872451
2021-11-03T22:45:37.773+05:00,7.50468658
2021-11-03T22:45:38.275+05:00,15.8527595
2021-11-03T22:45:38.776+05:00,17.36451629
2021-11-03T22:45:39.278+05:00,21.72317803
2021-11-03T22:45:39.779+05:00,13.0250202
2021-11-03T22:45:40.281+05:00,14.1158558
2021-11-03T22:45:40.783+05:00,9.853131098
2021-11-03T22:45:41.284+05:00,21.74680827
2021-11-03T22:45:41.785+05:00,37.10881687
2021-11-03T22:45:42.287+05:00,34.0035602
2021-11-03T22:45:42.788+05:00,21.85149532
2021-11-03T22:45:43.289+05:00,14.38411058
2021-11-03T22:45:43.791+05:00,8.583891067
2021-11-03T22:45:44.292+05:00,15.52211386
2021-11-03T22:45:44.793+05:00,30.53583453
2021-11-03T22:45:45.294+05:00,31.38066941
2021-11-03T22:45:45.796+05:00,25.66269804
2021-11-03T22:45:46.298+05:00,10.86053401
2021-11-03T22:45:46.801+05:00,4.344472898
2021-11-03T22:45:47.303+05:00,4.877697985
2021-11-03T22:45:47.806+05:00,3.318851787
2021-11-03T22:45:48.309+05:00,4.887265195
2021-11-03T22:45:48.812+05:00,2.078459123
2021-11-03T22:45:49.314+05:00,4.236475989
2021-11-03T22:45:49.818+05:00,4.818817322
2021-11-03T22:45:50.319+05:00,4.711075139
2021-11-03T22:45:50.825+05:00,11.31798807
2021-11-03T22:45:51.327+05:00,12.39589024
2021-11-03T22:45:51.830+05:00,1.603169619
2021-11-03T22:45:52.333+05:00,4.866199747
2021-11-03T22:45:52.834+05:00,7.455798049
2021-11-03T22:45:53.336+05:00,5.352942553
2021-11-03T22:45:53.837+05:00,5.040379113
2021-11-03T22:45:54.340+05:00,4.47007373
2021-11-03T22:45:54.842+05:00,3.377425917
2021-11-03T22:45:55.345+05:00,21.19816736
2021-11-03T22:45:55.846+05:00,5.646772616
2021-11-03T22:45:56.349+05:00,2.63635815
2021-11-03T22:45:56.850+05:00,2.311772065
2021-11-03T22:45:57.353+05:00,3.344499946
2021-11-03T22:45:57.856+05:00,2.331058829
2021-11-03T22:45:58.358+05:00,15.81607959
2021-11-03T22:45:58.859+05:00,3.087688654
2021-11-03T22:45:59.362+05:00,4.863435082
2021-11-03T22:45:59.863+05:00,21.19202837
2021-11-03T22:46:00.366+05:00,11.25901994
2021-11-03T22:46:00.867+05:00,7.267576611
2021-11-03T22:46:01.369+05:00,7.558953015
2021-11-03T22:46:01.871+05:00,21.31168343
2021-11-03T22:46:02.372+05:00,10.9521049
2021-11-03T22:46:02.873+05:00,5.491317358
2021-11-03T22:46:03.374+05:00,16.64008106
2021-11-03T22:46:03.876+05:00,6.497879872
2021-11-03T22:46:04.379+05:00,5.248123385
2021-11-03T22:46:04.880+05:00,4.222682431
2021-11-03T22:46:05.383+05:00,5.451028926
2021-11-03T22:46:05.885+05:00,4.24631725
2021-11-03T22:46:06.388+05:00,1.09066247
2021-11-03T22:46:06.891+05:00,2.196374022
2021-11-03T22:46:07.394+05:00,3.649048761
2021-11-03T22:46:07.897+05:00,3.946149195
2021-11-03T22:46:08.399+05:00,3.333094644
2021-11-03T22:46:08.901+05:00,2.393610362
2021-11-03T22:46:09.404+05:00,2.124219016
2021-11-03T22:46:09.906+05:00,2.202821821
2021-11-03T22:46:10.409+05:00,3.651255151
2021-11-03T22:46:10.912+05:00,2.841836211
2021-11-03T22:46:11.415+05:00,3.133954416
2021-11-03T22:46:11.928+05:00,8.954253499
2021-11-03T22:46:12.430+05:00,3.314506599
2021-11-03T22:46:12.933+05:00,7.855421951
2021-11-03T22:46:13.436+05:00,4.122524717
2021-11-03T22:46:13.939+05:00,3.267838514
2021-11-03T22:46:14.441+05:00,2.431622655
2021-11-03T22:46:14.944+05:00,3.724420935
2021-11-03T22:46:15.446+05:00,3.038206
2021-11-03T22:46:15.949+05:00,5.921405463
2021-11-03T22:46:16.451+05:00,7.07502965
2021-11-03T22:46:16.954+05:00,3.659984879
2021-11-03T22:46:17.456+05:00,6.360385978
2021-11-03T22:46:17.958+05:00,3.166915844
2021-11-03T22:46:18.460+05:00,18.82994653
2021-11-03T22:46:18.963+05:00,3.816059592
2021-11-03T22:46:19.464+05:00,4.686893866
2021-11-03T22:46:19.966+05:00,1.719367898
2021-11-03T22:46:20.468+05:00,3.06186665
2021-11-03T22:46:20.970+05:00,2.532223697
2021-11-03T22:46:21.471+05:00,18.0033151
2021-11-03T22:46:21.973+05:00,5.065188004
2021-11-03T22:46:22.475+05:00,5.646450406
2021-11-03T22:46:22.976+05:00,20.2964862
2021-11-03T22:46:23.477+05:00,9.834330995
2021-11-03T22:46:23.979+05:00,26.9711635
2021-11-03T22:46:24.480+05:00,5.048475013
2021-11-03T22:46:24.981+05:00,4.386765697
2021-11-03T22:46:25.484+05:00,3.612965607
2021-11-03T22:46:25.987+05:00,1.597446658
2021-11-03T22:46:26.490+05:00,1.527415782
2021-11-03T22:46:26.992+05:00,1.141181586
2021-11-03T22:46:27.494+05:00,0.623067905
2021-11-03T22:46:27.997+05:00,0.558542237
2021-11-03T22:46:28.499+05:00,2.079650618
2021-11-03T22:46:29.000+05:00,2.4333359
2021-11-03T22:46:29.503+05:00,2.544757045
2021-11-03T22:46:30.004+05:00,0.465289273
2021-11-03T22:46:30.507+05:00,2.664110966
2021-11-03T22:46:31.009+05:00,0.62864996
2021-11-03T22:46:31.512+05:00,3.630679268
2021-11-03T22:46:32.023+05:00,0.225334934
2021-11-03T22:46:32.524+05:00,2.033431846
2021-11-03T22:46:33.025+05:00,4.590502208
2021-11-03T22:46:33.527+05:00,6.316302791
2021-11-03T22:46:34.029+05:00,3.798616676
2021-11-03T22:46:34.532+05:00,0.299369699
2021-11-03T22:46:35.034+05:00,1.359749207
2021-11-03T22:46:35.537+05:00,1.685060668
2021-11-03T22:46:36.039+05:00,3.980319612
2021-11-03T22:46:36.541+05:00,0.898249664
2021-11-03T22:46:37.043+05:00,0.667038162
2021-11-03T22:46:37.546+05:00,0.262665331
2021-11-03T22:46:38.048+05:00,0.688832488
2021-11-03T22:46:38.550+05:00,0.481495094
2021-11-03T22:46:39.053+05:00,2.543660478
2021-11-03T22:46:39.556+05:00,0.169467018
2021-11-03T22:46:40.057+05:00,1.830157317
2021-11-03T22:46:40.560+05:00,0.494845125
2021-11-03T22:46:41.063+05:00,0.661970904
2021-11-03T22:46:41.565+05:00,12.23390785
2021-11-03T22:46:42.068+05:00,1.355749796
2021-11-03T22:46:42.571+05:00,2.538642192
2021-11-03T22:46:43.073+05:00,1.647816398
2021-11-03T22:46:43.576+05:00,2.723710865
2021-11-03T22:46:44.077+05:00,3.108849928
2021-11-03T22:46:44.578+05:00,16.33748829
2021-11-03T22:46:45.080+05:00,4.797898988
2021-11-03T22:46:45.582+05:00,6.520765354
2021-11-03T22:46:46.083+05:00,20.36334509
2021-11-03T22:46:46.584+05:00,19.26441249
2021-11-03T22:46:47.086+05:00,25.14315609
2021-11-03T22:46:47.586+05:00,25.86078497
2021-11-03T22:46:48.088+05:00,19.80094892
2021-11-03T22:46:48.590+05:00,14.51245116
2021-11-03T22:46:49.092+05:00,6.404083788
2021-11-03T22:46:49.595+05:00,8.705497252
2021-11-03T22:46:50.096+05:00,7.184923626
2021-11-03T22:46:50.597+05:00,5.100934024
2021-11-03T22:46:51.099+05:00,5.189868698
2021-11-03T22:46:51.600+05:00,6.127323401
2021-11-03T22:46:52.101+05:00,6.139424897
2021-11-03T22:46:52.602+05:00,5.872586079
2021-11-03T22:46:53.113+05:00,4.629888526
2021-11-03T22:46:53.614+05:00,4.85511962
2021-11-03T22:46:54.116+05:00,5.221143887
2021-11-03T22:46:54.618+05:00,4.841926794
2021-11-03T22:46:55.119+05:00,5.673078136
2021-11-03T22:46:55.621+05:00,6.323085993
2021-11-03T22:46:56.124+05:00,4.934895865
2021-11-03T22:46:56.625+05:00,9.27695726
2021-11-03T22:46:57.126+05:00,17.4053967
2021-11-03T22:46:57.628+05:00,23.3461832
2021-11-03T22:46:58.130+05:00,6.677309905
2021-11-03T22:46:58.632+05:00,4.791536156
2021-11-03T22:46:59.133+05:00,5.673717285
2021-11-03T22:46:59.636+05:00,7.712125179
2021-11-03T22:47:00.138+05:00,3.088739959
2021-11-03T22:47:00.639+05:00,3.169525574
2021-11-03T22:47:01.140+05:00,9.224139837
2021-11-03T22:47:01.642+05:00,3.826398643
2021-11-03T22:47:02.145+05:00,1.567521934
2021-11-03T22:47:02.648+05:00,1.712457148
2021-11-03T22:47:03.150+05:00,2.26734482
2021-11-03T22:47:03.652+05:00,2.414258172
2021-11-03T22:47:04.155+05:00,0.560198484
2021-11-03T22:47:04.658+05:00,11.52070379
2021-11-03T22:47:05.161+05:00,4.297027911
2021-11-03T22:47:05.663+05:00,3.758843804
2021-11-03T22:47:06.167+05:00,4.612362364
2021-11-03T22:47:06.669+05:00,2.254566882
2021-11-03T22:47:07.172+05:00,1.897000758
2021-11-03T22:47:07.673+05:00,16.71110273
2021-11-03T22:47:08.175+05:00,5.26553087
2021-11-03T22:47:08.677+05:00,19.43489017
2021-11-03T22:47:09.178+05:00,18.63333724
2021-11-03T22:47:09.679+05:00,22.53377233
2021-11-03T22:47:10.181+05:00,23.49210935
2021-11-03T22:47:10.682+05:00,29.76743899
2021-11-03T22:47:11.183+05:00,30.00805594
2021-11-03T22:47:11.685+05:00,6.274764473
2021-11-03T22:47:12.187+05:00,5.111569627
2021-11-03T22:47:12.688+05:00,24.65070228
2021-11-03T22:47:13.190+05:00,28.2383871
2021-11-03T22:47:13.692+05:00,14.19201652
2021-11-03T22:47:14.204+05:00,4.822572835
2021-11-03T22:47:14.707+05:00,3.760670504
2021-11-03T22:47:15.209+05:00,5.018818556
2021-11-03T22:47:15.712+05:00,4.424750561
2021-11-03T22:47:16.213+05:00,5.023650829
2021-11-03T22:47:16.716+05:00,5.112602676
2021-11-03T22:47:17.217+05:00,5.15684582
2021-11-03T22:47:17.718+05:00,7.941548788
2021-11-03T22:47:18.221+05:00,6.514154325
2021-11-03T22:47:18.724+05:00,2.868155987
2021-11-03T22:47:19.227+05:00,9.14470173
2021-11-03T22:47:19.730+05:00,4.606734625
2021-11-03T22:47:20.232+05:00,5.752542963
2021-11-03T22:47:20.733+05:00,5.313653298
2021-11-03T22:47:21.236+05:00,9.673981393
2021-11-03T22:47:21.738+05:00,10.87282246
2021-11-03T22:47:22.240+05:00,5.066082428
2021-11-03T22:47:22.742+05:00,4.972415943
2021-11-03T22:47:23.244+05:00,5.101247758
2021-11-03T22:47:23.747+05:00,4.590613492
2021-11-03T22:47:24.249+05:00,4.375416647
2021-11-03T22:47:24.752+05:00,4.154873756
2021-11-03T22:47:25.255+05:00,5.611797997
2021-11-03T22:47:25.757+05:00,4.33060674
2021-11-03T22:47:26.258+05:00,5.986103628
2021-11-03T22:47:26.761+05:00,2.940536195
2021-11-03T22:47:27.263+05:00,5.874305623
2021-11-03T22:47:27.764+05:00,11.3825897
2021-11-03T22:47:28.267+05:00,4.387521998
2021-11-03T22:47:28.769+05:00,2.582547397
2021-11-03T22:47:29.271+05:00,3.79299433
2021-11-03T22:47:29.771+05:00,3.172058459
2021-11-03T22:47:30.273+05:00,2.786916368
2021-11-03T22:47:30.775+05:00,16.21342234
2021-11-03T22:47:31.277+05:00,1.620902042
2021-11-03T22:47:31.779+05:00,4.669660529
2021-11-03T22:47:32.280+05:00,22.48241068
2021-11-03T22:47:32.782+05:00,6.181231462
2021-11-03T22:47:33.283+05:00,5.082325239
2021-11-03T22:47:33.784+05:00,11.68406729
2021-11-03T22:47:34.286+05:00,18.28387356
2021-11-03T22:47:34.792+05:00,15.4046607
2021-11-03T22:47:35.293+05:00,11.6757958
2021-11-03T22:47:35.795+05:00,5.841229755
2021-11-03T22:47:36.296+05:00,21.15328565
2021-11-03T22:47:36.797+05:00,13.53636859
2021-11-03T22:47:38.803+05:00,13.41961066
2021-11-03T22:47:39.306+05:00,1.154340118
2021-11-03T22:47:39.808+05:00,1.503738938
2021-11-03T22:47:40.311+05:00,4.259473557
2021-11-03T22:47:40.814+05:00,1.813064933
2021-11-03T22:47:41.317+05:00,1.300105479
2021-11-03T22:47:41.820+05:00,1.033937907
2021-11-03T22:47:42.323+05:00,0.704338397
2021-11-03T22:47:42.826+05:00,2.757991808
2021-11-03T22:47:43.328+05:00,2.538228853
2021-11-03T22:47:43.831+05:00,0.504764752
2021-11-03T22:47:44.333+05:00,1.242819496
2021-11-03T22:47:44.836+05:00,5.099535487
2021-11-03T22:47:45.338+05:00,4.363334847
2021-11-03T22:47:45.841+05:00,1.192342325
2021-11-03T22:47:46.343+05:00,0.500430118
2021-11-03T22:47:46.846+05:00,6.70056752
2021-11-03T22:47:47.348+05:00,6.42640037
2021-11-03T22:47:47.851+05:00,0.25501115
2021-11-03T22:47:48.354+05:00,0.350215171
2021-11-03T22:47:48.856+05:00,3.097970146
2021-11-03T22:47:49.358+05:00,0.969227831
2021-11-03T22:47:49.859+05:00,1.18267484
2021-11-03T22:47:50.361+05:00,7.254627522
2021-11-03T22:47:50.863+05:00,10.51977187
2021-11-03T22:47:51.364+05:00,2.245100032
2021-11-03T22:47:51.867+05:00,1.582969193
2021-11-03T22:47:52.369+05:00,3.49914842
2021-11-03T22:47:52.871+05:00,3.275798324
2021-11-03T22:47:53.372+05:00,4.020119749
2021-11-03T22:47:53.874+05:00,16.46275109
2021-11-03T22:47:54.376+05:00,16.93970353
2021-11-03T22:47:54.878+05:00,6.339999367
2021-11-03T22:47:55.379+05:00,19.4353337
2021-11-03T22:47:55.886+05:00,14.62510075
2021-11-03T22:47:56.387+05:00,9.363223687
2021-11-03T22:47:56.889+05:00,10.05357007
2021-11-03T22:47:57.390+05:00,6.262379816
2021-11-03T22:47:57.893+05:00,5.476977407
2021-11-03T22:47:58.395+05:00,4.439443183
2021-11-03T22:47:58.897+05:00,5.761206827
2021-11-03T22:47:59.399+05:00,4.58481282
2021-11-03T22:47:59.901+05:00,16.28918757
2021-11-03T22:48:00.402+05:00,11.02991809
2021-11-03T22:48:00.904+05:00,21.70994792
2021-11-03T22:48:01.406+05:00,4.264569153
2021-11-03T22:48:01.909+05:00,3.536049322
2021-11-03T22:48:02.412+05:00,4.058692763
2021-11-03T22:48:02.915+05:00,1.606375503
2021-11-03T22:48:03.418+05:00,2.664440959
2021-11-03T22:48:03.921+05:00,7.473745639
2021-11-03T22:48:04.424+05:00,5.628418808
2021-11-03T22:48:04.926+05:00,3.259992813
2021-11-03T22:48:05.427+05:00,2.445070099
2021-11-03T22:48:05.928+05:00,4.002377061
2021-11-03T22:48:06.431+05:00,4.011179741
2021-11-03T22:48:06.934+05:00,0.471154977
2021-11-03T22:48:07.437+05:00,1.102427164
2021-11-03T22:48:07.940+05:00,1.963542553
2021-11-03T22:48:08.443+05:00,1.343687019
2021-11-03T22:48:08.946+05:00,4.830288489
2021-11-03T22:48:09.447+05:00,5.174045084
2021-11-03T22:48:09.950+05:00,1.152743134
2021-11-03T22:48:10.453+05:00,1.851095818
2021-11-03T22:48:10.956+05:00,2.306446849
2021-11-03T22:48:11.458+05:00,1.493277162
2021-11-03T22:48:11.961+05:00,2.984681192
2021-11-03T22:48:12.464+05:00,0.744035057
2021-11-03T22:48:12.966+05:00,0.636739984
2021-11-03T22:48:13.468+05:00,10.93908567
2021-11-03T22:48:13.970+05:00,5.071737856
2021-11-03T22:48:14.473+05:00,2.893289782
2021-11-03T22:48:14.976+05:00,3.070531682
2021-11-03T22:48:15.479+05:00,1.483140842
2021-11-03T22:48:15.982+05:00,2.887021794
2021-11-03T22:48:16.483+05:00,5.470957383
2021-11-03T22:48:16.996+05:00,15.18099077
2021-11-03T22:48:17.497+05:00,4.425963508
2021-11-03T22:48:18.000+05:00,4.052328853
2021-11-03T22:48:18.501+05:00,18.97263818
2021-11-03T22:48:19.002+05:00,21.65682411
2021-11-03T22:48:19.504+05:00,17.33800661
2021-11-03T22:48:20.006+05:00,18.72344226
2021-11-03T22:48:20.507+05:00,23.83627552
2021-11-03T22:48:21.008+05:00,25.11480561
2021-11-03T22:48:21.510+05:00,27.43664183
2021-11-03T22:48:22.011+05:00,18.27712897
2021-11-03T22:48:22.513+05:00,10.71516185
2021-11-03T22:48:23.015+05:00,19.99794648
2021-11-03T22:48:23.516+05:00,25.76923755
2021-11-03T22:48:24.018+05:00,4.378847038
2021-11-03T22:48:24.521+05:00,5.611257195
2021-11-03T22:48:25.023+05:00,4.278869289
2021-11-03T22:48:25.525+05:00,4.206096227
2021-11-03T22:48:26.027+05:00,3.932167058
2021-11-03T22:48:26.529+05:00,7.502786965
2021-11-03T22:48:27.032+05:00,5.593689559
2021-11-03T22:48:27.534+05:00,5.152169854
2021-11-03T22:48:28.037+05:00,4.130477045
2021-11-03T22:48:28.538+05:00,5.645457788
2021-11-03T22:48:29.040+05:00,5.856304662
2021-11-03T22:48:29.543+05:00,7.02623163
2021-11-03T22:48:30.044+05:00,5.348011108
2021-11-03T22:48:30.546+05:00,3.968183372
2021-11-03T22:48:31.049+05:00,4.629884512
2021-11-03T22:48:31.552+05:00,7.317165431
2021-11-03T22:48:32.054+05:00,3.062988295
2021-11-03T22:48:32.556+05:00,7.194127534
2021-11-03T22:48:33.057+05:00,6.924560029
2021-11-03T22:48:33.560+05:00,5.683010794
2021-11-03T22:48:34.062+05:00,5.390257732
2021-11-03T22:48:34.564+05:00,4.39390983
2021-11-03T22:48:35.066+05:00,4.824839946
2021-11-03T22:48:35.569+05:00,3.322105286
2021-11-03T22:48:36.070+05:00,4.394461711
2021-11-03T22:48:36.572+05:00,11.6527021
2021-11-03T22:48:37.082+05:00,5.743725061
2021-11-03T22:48:37.583+05:00,3.032085083
2021-11-03T22:48:38.086+05:00,2.668826279
2021-11-03T22:48:38.589+05:00,1.375819721
2021-11-03T22:48:39.092+05:00,1.464549489
2021-11-03T22:48:39.593+05:00,6.950277998
2021-11-03T22:48:40.095+05:00,14.98736163
2021-11-03T22:48:40.598+05:00,4.366126532
2021-11-03T22:48:41.100+05:00,4.466899025
2021-11-03T22:48:41.602+05:00,3.876122445
2021-11-03T22:48:42.105+05:00,3.8002972
2021-11-03T22:48:42.606+05:00,21.44643076
2021-11-03T22:48:43.108+05:00,9.040095781
2021-11-03T22:48:43.610+05:00,5.941628996
2021-11-03T22:48:44.112+05:00,4.586726444
2021-11-03T22:48:44.614+05:00,6.175856519
2021-11-03T22:48:45.116+05:00,6.926971846
2021-11-03T22:48:45.617+05:00,22.0747441
2021-11-03T22:48:46.119+05:00,10.54246354
2021-11-03T22:48:46.620+05:00,7.098568795
2021-11-03T22:48:47.121+05:00,19.36620018
2021-11-03T22:48:47.622+05:00,17.77583441
2021-11-03T22:48:48.123+05:00,6.303404767
2021-11-03T22:48:48.626+05:00,4.724751654
2021-11-03T22:48:49.128+05:00,3.291169588
2021-11-03T22:48:49.631+05:00,3.573949127
2021-11-03T22:48:50.133+05:00,3.260024314
2021-11-03T22:48:50.636+05:00,4.843456203
2021-11-03T22:48:51.137+05:00,3.16888107
2021-11-03T22:48:51.640+05:00,2.417671286
2021-11-03T22:48:52.141+05:00,2.748546718
2021-11-03T22:48:52.644+05:00,4.450159137
2021-11-03T22:48:53.147+05:00,2.511174864
2021-11-03T22:48:53.650+05:00,3.57452012
2021-11-03T22:48:54.153+05:00,2.702201668
2021-11-03T22:48:54.656+05:00,5.726276883
2021-11-03T22:48:55.158+05:00,4.824136021
2021-11-03T22:48:55.660+05:00,4.936676298
2021-11-03T22:48:56.162+05:00,3.124616176
2021-11-03T22:48:56.665+05:00,2.166401829
2021-11-03T22:48:57.167+05:00,2.17409925
2021-11-03T22:48:57.668+05:00,3.956174959
2021-11-03T22:48:58.180+05:00,2.871933642
2021-11-03T22:48:58.682+05:00,2.416090214
2021-11-03T22:48:59.185+05:00,4.167108651
2021-11-03T22:48:59.687+05:00,15.04680356
2021-11-03T22:49:00.189+05:00,12.57028962
2021-11-03T22:49:00.692+05:00,2.276780904
2021-11-03T22:49:01.194+05:00,6.547492116
2021-11-03T22:49:01.697+05:00,1.63941439
2021-11-03T22:49:02.200+05:00,2.805452137
2021-11-03T22:49:02.701+05:00,8.5335814
2021-11-03T22:49:03.202+05:00,14.12670104
2021-11-03T22:49:03.705+05:00,4.410715386
2021-11-03T22:49:04.207+05:00,4.505123752
2021-11-03T22:49:04.709+05:00,4.303776638
2021-11-03T22:49:05.210+05:00,21.6258773
2021-11-03T22:49:05.711+05:00,19.59160975
2021-11-03T22:49:06.213+05:00,14.67170763
2021-11-03T22:49:06.714+05:00,10.48029386
2021-11-03T22:49:07.215+05:00,15.71711715
2021-11-03T22:49:07.716+05:00,21.16031006
2021-11-03T22:49:08.217+05:00,16.36626506
2021-11-03T22:49:08.718+05:00,20.38002572
2021-11-03T22:49:09.219+05:00,17.14268849
2021-11-03T22:49:09.720+05:00,24.85806108
2021-11-03T22:49:10.221+05:00,15.55703928
2021-11-03T22:49:10.724+05:00,5.125823524
2021-11-03T22:49:11.226+05:00,4.594726344
2021-11-03T22:49:11.729+05:00,5.955068813
2021-11-03T22:49:12.232+05:00,4.662197928
2021-11-03T22:49:12.735+05:00,4.432917269
2021-11-03T22:49:13.237+05:00,4.403614423
2021-11-03T22:49:13.740+05:00,8.466569762
2021-11-03T22:49:14.242+05:00,3.407315923
2021-11-03T22:49:14.745+05:00,3.34478648
2021-11-03T22:49:15.247+05:00,3.258883347
2021-11-03T22:49:15.750+05:00,5.108347883
2021-11-03T22:49:16.252+05:00,4.62408321
2021-11-03T22:49:16.754+05:00,4.589095312
2021-11-03T22:49:17.256+05:00,7.841363694
2021-11-03T22:49:17.757+05:00,6.509938672
2021-11-03T22:49:18.262+05:00,4.106939544
2021-11-03T22:49:18.765+05:00,5.934137868
2021-11-03T22:49:19.267+05:00,2.974508118
2021-11-03T22:49:19.770+05:00,4.627573186
2021-11-03T22:49:20.272+05:00,4.166147703
2021-11-03T22:49:20.775+05:00,3.422742799
2021-11-03T22:49:21.277+05:00,4.795944932
2021-11-03T22:49:21.780+05:00,4.047009464
2021-11-03T22:49:22.281+05:00,4.273174291
2021-11-03T22:49:22.782+05:00,17.90707878
2021-11-03T22:49:23.285+05:00,6.024132731
2021-11-03T22:49:23.787+05:00,2.410306435
2021-11-03T22:49:24.290+05:00,2.781767888
2021-11-03T22:49:24.793+05:00,1.578943483
2021-11-03T22:49:25.296+05:00,1.620152032
2021-11-03T22:49:25.798+05:00,9.451054896
2021-11-03T22:49:26.300+05:00,12.02145467
2021-11-03T22:49:26.801+05:00,21.83384361
2021-11-03T22:49:27.304+05:00,8.457897348
2021-11-03T22:49:27.807+05:00,5.592093937
2021-11-03T22:49:28.309+05:00,0.921355
2021-11-03T22:49:28.811+05:00,2.894535985
2021-11-03T22:49:29.314+05:00,1.318709345
2021-11-03T22:49:29.817+05:00,0.945550004
2021-11-03T22:49:30.319+05:00,1.362130362
2021-11-03T22:49:30.822+05:00,1.422155951
2021-11-03T22:49:31.324+05:00,0.530399893
2021-11-03T22:49:31.826+05:00,0.860988002
2021-11-03T22:49:32.327+05:00,1.048920184
2021-11-03T22:49:32.828+05:00,3.772711857
2021-11-03T22:49:33.329+05:00,3.224029203
2021-11-03T22:49:33.831+05:00,2.615391395
2021-11-03T22:49:34.334+05:00,0.97779554
2021-11-03T22:49:34.837+05:00,0.407733586
2021-11-03T22:49:35.340+05:00,3.771825373
2021-11-03T22:49:35.841+05:00,4.614630239
2021-11-03T22:49:36.343+05:00,4.955360373
2021-11-03T22:49:36.844+05:00,6.131275124
2021-11-03T22:49:37.346+05:00,1.227644582
2021-11-03T22:49:37.849+05:00,0.754425687
2021-11-03T22:49:38.360+05:00,0.252906217
2021-11-03T22:49:38.863+05:00,1.357027757
2021-11-03T22:49:39.365+05:00,0.960278691
2021-11-03T22:49:39.868+05:00,1.619258069
2021-11-03T22:49:40.371+05:00,0.876034755
2021-11-03T22:49:40.874+05:00,0.820617715
2021-11-03T22:49:41.377+05:00,0.337949373
2021-11-03T22:49:41.880+05:00,0.462951104
2021-11-03T22:49:42.381+05:00,1.33863016
2021-11-03T22:49:42.884+05:00,3.239884095
2021-11-03T22:49:43.387+05:00,1.69503563
2021-11-03T22:49:43.890+05:00,1.748036745
2021-11-03T22:49:44.393+05:00,2.442455598
2021-11-03T22:49:45.399+05:00,1.025535216
2021-11-03T22:49:45.900+05:00,15.82866144
2021-11-03T22:49:46.403+05:00,7.519780093
2021-11-03T22:49:46.905+05:00,2.339311565
2021-11-03T22:49:47.408+05:00,2.525199109
2021-11-03T22:49:47.911+05:00,1.528413346
2021-11-03T22:49:48.413+05:00,1.671163107
2021-11-03T22:49:48.915+05:00,15.13271132
2021-11-03T22:49:49.417+05:00,9.487420803
2021-11-03T22:49:49.918+05:00,4.391618808
2021-11-03T22:49:50.420+05:00,4.701260241
2021-11-03T22:49:50.922+05:00,3.993165583
2021-11-03T22:49:51.423+05:00,3.983680533
2021-11-03T22:49:51.925+05:00,3.954434708
2021-11-03T22:49:52.428+05:00,5.662239064
2021-11-03T22:49:52.929+05:00,3.909217079
2021-11-03T22:49:53.431+05:00,19.85824218
2021-11-03T22:49:53.933+05:00,4.715600655
2021-11-03T22:49:54.435+05:00,4.950234193
2021-11-03T22:49:54.938+05:00,4.714220927
2021-11-03T22:49:55.441+05:00,4.630576015
2021-11-03T22:49:55.943+05:00,5.561556437
2021-11-03T22:49:56.446+05:00,12.96082228
2021-11-03T22:49:56.948+05:00,5.491316064
2021-11-03T22:49:57.450+05:00,5.089698823
2021-11-03T22:49:57.952+05:00,6.640437521
2021-11-03T22:49:58.453+05:00,13.97042233
2021-11-03T22:49:58.954+05:00,6.382128965
2021-11-03T22:49:59.468+05:00,5.003081254
2021-11-03T22:49:59.970+05:00,5.443335103
2021-11-03T22:50:00.472+05:00,6.062623347
2021-11-03T22:50:00.974+05:00,6.9065065
2021-11-03T22:50:01.476+05:00,5.296722807
2021-11-03T22:50:01.979+05:00,4.543133264
2021-11-03T22:50:02.482+05:00,5.249687862
2021-11-03T22:50:02.984+05:00,5.206773274
2021-11-03T22:50:03.486+05:00,5.570228603
2021-11-03T22:50:03.988+05:00,6.528186298
2021-11-03T22:50:04.490+05:00,6.082870506
2021-11-03T22:50:04.992+05:00,6.772393978
2021-11-03T22:50:05.494+05:00,4.634595649
2021-11-03T22:50:05.996+05:00,5.328370248
2021-11-03T22:50:06.499+05:00,5.182273999
2021-11-03T22:50:07.001+05:00,4.819154912
2021-11-03T22:50:07.503+05:00,4.29247017
2021-11-03T22:50:08.006+05:00,5.01527892
2021-11-03T22:50:08.508+05:00,5.288468049
2021-11-03T22:50:09.010+05:00,12.58511283
2021-11-03T22:50:09.513+05:00,5.794482422
2021-11-03T22:50:10.015+05:00,3.215136987
2021-11-03T22:50:10.517+05:00,5.808054553
2021-11-03T22:50:11.020+05:00,3.095440532
2021-11-03T22:50:11.523+05:00,1.849146232
2021-11-03T22:50:12.024+05:00,14.20022102
2021-11-03T22:50:12.526+05:00,6.181167872
2021-11-03T22:50:13.028+05:00,20.56667169
2021-11-03T22:50:13.529+05:00,14.61741111
2021-11-03T22:50:14.031+05:00,17.36505505
2021-11-03T22:50:14.532+05:00,14.43218943
2021-11-03T22:50:15.033+05:00,15.92621216
2021-11-03T22:50:15.535+05:00,6.987836596
2021-11-03T22:50:16.036+05:00,8.166562193
2021-11-03T22:50:16.538+05:00,8.419539847
2021-11-03T22:50:17.040+05:00,8.204903302
2021-11-03T22:50:17.542+05:00,9.168112449
2021-11-03T22:50:18.044+05:00,7.64053692
2021-11-03T22:50:18.545+05:00,15.1359562
2021-11-03T22:50:19.046+05:00,6.917067997
2021-11-03T22:50:19.548+05:00,5.886523683
2021-11-03T22:50:20.049+05:00,5.134468274
2021-11-03T22:50:20.558+05:00,5.081459169
2021-11-03T22:50:21.060+05:00,5.343954813
2021-11-03T22:50:21.562+05:00,7.639658203
2021-11-03T22:50:22.064+05:00,5.030579203
2021-11-03T22:50:22.565+05:00,4.962921911
2021-11-03T22:50:23.066+05:00,6.062646021
2021-11-03T22:50:23.568+05:00,6.20719632
2021-11-03T22:50:24.070+05:00,5.040100952
2021-11-03T22:50:24.572+05:00,5.03983433
2021-11-03T22:50:25.075+05:00,3.909302384
2021-11-03T22:50:25.578+05:00,5.0103812
2021-11-03T22:50:26.081+05:00,4.934170409
2021-11-03T22:50:26.583+05:00,3.92036216
2021-11-03T22:50:27.085+05:00,5.073780033
2021-11-03T22:50:27.588+05:00,5.015670141
2021-11-03T22:50:28.090+05:00,5.010176014
2021-11-03T22:50:28.592+05:00,5.241444486
2021-11-03T22:50:29.094+05:00,5.06652713
2021-11-03T22:50:29.595+05:00,7.525700888
2021-11-03T22:50:30.098+05:00,5.340981126
2021-11-03T22:50:30.600+05:00,7.142648891
2021-11-03T22:50:31.102+05:00,5.601760189
2021-11-03T22:50:31.604+05:00,5.004106792
2021-11-03T22:50:32.106+05:00,11.70006204
2021-11-03T22:50:32.608+05:00,4.030359334
2021-11-03T22:50:33.109+05:00,3.268426264
2021-11-03T22:50:33.610+05:00,3.118949944
2021-11-03T22:50:34.112+05:00,3.627805199
2021-11-03T22:50:34.614+05:00,2.378302355
2021-11-03T22:50:35.115+05:00,14.84373508
2021-11-03T22:50:35.617+05:00,5.318615902
2021-11-03T22:50:36.120+05:00,4.86993069
2021-11-03T22:50:36.621+05:00,12.46503239
2021-11-03T22:50:37.123+05:00,13.4682269
2021-11-03T22:50:37.625+05:00,6.322865593
2021-11-03T22:50:38.127+05:00,4.739305379
2021-11-03T22:50:38.629+05:00,5.503319356
2021-11-03T22:50:39.130+05:00,19.55784254
2021-11-03T22:50:39.632+05:00,20.96502799
2021-11-03T22:50:40.133+05:00,8.597779344
2021-11-03T22:50:40.634+05:00,10.23057819
2021-11-03T22:50:41.140+05:00,9.902083468
2021-11-03T22:50:41.641+05:00,13.303327
2021-11-03T22:50:42.142+05:00,10.67921482
2021-11-03T22:50:42.644+05:00,7.964692806
2021-11-03T22:50:43.146+05:00,8.996652754
2021-11-03T22:50:43.648+05:00,10.43167321
2021-11-03T22:50:44.149+05:00,13.41355026
2021-11-03T22:50:44.650+05:00,22.68850701
2021-11-03T22:50:45.151+05:00,14.84682502
2021-11-03T22:50:45.652+05:00,9.183594626
2021-11-03T22:50:46.154+05:00,4.577718919
2021-11-03T22:50:46.655+05:00,4.913280255
2021-11-03T22:50:47.157+05:00,7.282708856
2021-11-03T22:50:47.658+05:00,11.61012231
2021-11-03T22:50:48.160+05:00,7.73397954
2021-11-03T22:50:48.661+05:00,6.21288848
2021-11-03T22:50:49.164+05:00,4.724317456
2021-11-03T22:50:49.665+05:00,6.27154371
2021-11-03T22:50:50.167+05:00,5.656962877
2021-11-03T22:50:50.669+05:00,5.055230646
2021-11-03T22:50:51.170+05:00,5.887609947
2021-11-03T22:50:51.672+05:00,8.966826243
2021-11-03T22:50:52.173+05:00,5.326020453
2021-11-03T22:50:52.674+05:00,6.317158405
2021-11-03T22:50:53.176+05:00,8.360586893
2021-11-03T22:50:53.678+05:00,7.09349536
2021-11-03T22:50:54.179+05:00,4.841465452
2021-11-03T22:50:54.681+05:00,5.183595066
2021-11-03T22:50:55.184+05:00,11.93816896
2021-11-03T22:50:55.686+05:00,3.35625682
2021-11-03T22:50:56.189+05:00,2.735025483
2021-11-03T22:50:56.692+05:00,1.433520247
2021-11-03T22:50:57.196+05:00,1.472484752
2021-11-03T22:50:57.698+05:00,1.554692557
2021-11-03T22:50:58.199+05:00,14.61523197
2021-11-03T22:50:58.702+05:00,6.112216146
2021-11-03T22:50:59.204+05:00,4.417808489
2021-11-03T22:50:59.705+05:00,5.813813974
2021-11-03T22:51:00.207+05:00,21.37348232
2021-11-03T22:51:00.709+05:00,5.024483571
2021-11-03T22:51:01.212+05:00,16.35786184
2021-11-03T22:51:01.713+05:00,12.70097538
2021-11-03T22:51:02.221+05:00,12.27763531
2021-11-03T22:51:02.724+05:00,7.867848027
2021-11-03T22:51:03.225+05:00,21.03485162
2021-11-03T22:51:03.727+05:00,15.61587105
2021-11-03T22:51:04.230+05:00,4.670711425
2021-11-03T22:51:04.733+05:00,3.22199281
2021-11-03T22:51:05.236+05:00,4.365839778
2021-11-03T22:51:05.737+05:00,2.983392082
2021-11-03T22:51:06.239+05:00,4.665218691
2021-11-03T22:51:06.742+05:00,3.331338377
2021-11-03T22:51:07.245+05:00,2.366916887
2021-11-03T22:51:07.748+05:00,1.53354214
2021-11-03T22:51:08.251+05:00,3.288269954
2021-11-03T22:51:08.754+05:00,1.648971011
2021-11-03T22:51:09.257+05:00,1.914805802
2021-11-03T22:51:09.760+05:00,1.269623747
2021-11-03T22:51:10.263+05:00,2.239652532
2021-11-03T22:51:10.766+05:00,0.665020834
2021-11-03T22:51:11.268+05:00,4.487449525
2021-11-03T22:51:11.771+05:00,6.894980647
2021-11-03T22:51:12.272+05:00,4.409538047
2021-11-03T22:51:12.774+05:00,0.862786276
2021-11-03T22:51:13.277+05:00,1.305562493
2021-11-03T22:51:13.780+05:00,1.841251172
2021-11-03T22:51:14.283+05:00,1.048021204
2021-11-03T22:51:14.785+05:00,0.412803962
2021-11-03T22:51:15.288+05:00,0.836229287
2021-11-03T22:51:15.791+05:00,0.596018769
2021-11-03T22:51:16.293+05:00,14.10386675
2021-11-03T22:51:16.795+05:00,1.299290184
2021-11-03T22:51:17.297+05:00,1.967417851
2021-11-03T22:51:17.798+05:00,1.672629888
2021-11-03T22:51:18.299+05:00,12.19690942
2021-11-03T22:51:18.802+05:00,3.790595637
2021-11-03T22:51:19.304+05:00,2.440183452
2021-11-03T22:51:19.807+05:00,3.424771507
2021-11-03T22:51:20.310+05:00,1.614153253
2021-11-03T22:51:20.813+05:00,1.683126771
2021-11-03T22:51:21.320+05:00,15.68051469
2021-11-03T22:51:21.822+05:00,5.041974752
2021-11-03T22:51:22.323+05:00,14.82260825
2021-11-03T22:51:22.824+05:00,21.75804137
2021-11-03T22:51:23.326+05:00,14.96505346
2021-11-03T22:51:23.828+05:00,18.90445708
2021-11-03T22:51:24.330+05:00,9.069794833
2021-11-03T22:51:24.831+05:00,17.41412809
2021-11-03T22:51:25.334+05:00,6.377776135
2021-11-03T22:51:25.837+05:00,6.124184782
2021-11-03T22:51:26.339+05:00,5.357458244
2021-11-03T22:51:26.842+05:00,4.816898116
2021-11-03T22:51:27.344+05:00,2.928661911
2021-11-03T22:51:27.847+05:00,2.542746246
2021-11-03T22:51:28.349+05:00,4.13097825
2021-11-03T22:51:28.851+05:00,2.698165467
2021-11-03T22:51:29.353+05:00,3.076041792
2021-11-03T22:51:29.856+05:00,5.39914844
2021-11-03T22:51:30.359+05:00,3.265910055
2021-11-03T22:51:30.862+05:00,2.767363408
2021-11-03T22:51:31.364+05:00,4.416585592
2021-11-03T22:51:31.866+05:00,2.129577144
2021-11-03T22:51:32.368+05:00,3.223046652
2021-11-03T22:51:32.870+05:00,2.89238186
2021-11-03T22:51:33.371+05:00,4.065663042
2021-11-03T22:51:33.873+05:00,4.534055455
2021-11-03T22:51:34.376+05:00,3.749419223
2021-11-03T22:51:34.879+05:00,2.609123009
2021-11-03T22:51:35.381+05:00,2.871428358
2021-11-03T22:51:35.884+05:00,3.087925987
2021-11-03T22:51:36.387+05:00,4.654115631
2021-11-03T22:51:36.889+05:00,2.783705859
2021-11-03T22:51:37.392+05:00,3.410205365
2021-11-03T22:51:37.895+05:00,5.365362266
2021-11-03T22:51:38.398+05:00,5.251681646
2021-11-03T22:51:38.900+05:00,2.692615383
2021-11-03T22:51:39.403+05:00,2.765005532
2021-11-03T22:51:39.906+05:00,3.168695671
2021-11-03T22:51:40.409+05:00,3.242062965
2021-11-03T22:51:40.912+05:00,2.428069615
2021-11-03T22:51:41.414+05:00,12.8098673
2021-11-03T22:51:41.917+05:00,1.655150931
2021-11-03T22:51:42.420+05:00,1.626361762
2021-11-03T22:51:42.923+05:00,1.48301241
2021-11-03T22:51:43.425+05:00,3.12747475
2021-11-03T22:51:43.929+05:00,1.003609904
2021-11-03T22:51:44.430+05:00,15.0095337
2021-11-03T22:51:44.931+05:00,10.3806293
2021-11-03T22:51:45.434+05:00,13.06374616
2021-11-03T22:51:45.936+05:00,11.73719853
2021-11-03T22:51:46.437+05:00,9.383385896
2021-11-03T22:51:46.939+05:00,6.740373419
2021-11-03T22:51:47.440+05:00,5.351054401
2021-11-03T22:51:47.942+05:00,10.78236861
2021-11-03T22:51:48.443+05:00,11.84315292
2021-11-03T22:51:48.946+05:00,4.962603506
2021-11-03T22:51:49.447+05:00,6.014135531
2021-11-03T22:51:49.950+05:00,3.827792099
2021-11-03T22:51:50.453+05:00,3.02690151
2021-11-03T22:51:50.954+05:00,3.878262671
2021-11-03T22:51:51.456+05:00,3.603740363
2021-11-03T22:51:51.958+05:00,2.097435833
2021-11-03T22:51:52.460+05:00,5.496047926
2021-11-03T22:51:52.962+05:00,2.664147391
2021-11-03T22:51:53.465+05:00,1.822196928
2021-11-03T22:51:53.968+05:00,1.197528604
2021-11-03T22:51:54.471+05:00,2.51312218
2021-11-03T22:51:54.972+05:00,2.760763369
2021-11-03T22:51:55.475+05:00,2.618790241
2021-11-03T22:51:55.978+05:00,0.901504519
2021-11-03T22:51:56.481+05:00,1.337734077
2021-11-03T22:51:56.984+05:00,1.44654712
2021-11-03T22:51:57.487+05:00,4.911164174
2021-11-03T22:51:57.990+05:00,4.689392165
2021-11-03T22:51:58.493+05:00,1.527002177
2021-11-03T22:51:58.996+05:00,0.960840928
2021-11-03T22:51:59.498+05:00,0.928928994
2021-11-03T22:52:00.004+05:00,0.561328972
2021-11-03T22:52:00.506+05:00,1.998710956
2021-11-03T22:52:01.007+05:00,11.16663381
2021-11-03T22:52:01.509+05:00,4.155335648
2021-11-03T22:52:02.011+05:00,1.791311636
2021-11-03T22:52:02.524+05:00,2.081344418
2021-11-03T22:52:03.026+05:00,1.617704109
2021-11-03T22:52:03.528+05:00,3.475741252
2021-11-03T22:52:04.031+05:00,0.918812565
2021-11-03T22:52:04.534+05:00,13.41774006
2021-11-03T22:52:05.035+05:00,3.837945216
2021-11-03T22:52:05.538+05:00,3.461288008
2021-11-03T22:52:06.041+05:00,3.958880802
2021-11-03T22:52:06.544+05:00,1.993686441
2021-11-03T22:52:07.046+05:00,1.40467746
2021-11-03T22:52:07.548+05:00,15.91001631
2021-11-03T22:52:08.050+05:00,4.138209944
2021-11-03T22:52:08.552+05:00,4.755957529
2021-11-03T22:52:09.054+05:00,3.604453352
2021-11-03T22:52:09.555+05:00,3.64923448
2021-11-03T22:52:10.057+05:00,4.176750314
2021-11-03T22:52:10.559+05:00,20.89182226
2021-11-03T22:52:11.061+05:00,5.70952536
2021-11-03T22:52:11.562+05:00,19.59230917
2021-11-03T22:52:12.063+05:00,19.2830415
2021-11-03T22:52:12.564+05:00,29.56352104
2021-11-03T22:52:13.066+05:00,6.970803109
2021-11-03T22:52:13.568+05:00,15.40712522
2021-11-03T22:52:14.070+05:00,9.838040735
2021-11-03T22:52:14.571+05:00,10.30380541
2021-11-03T22:52:15.073+05:00,3.794252308
2021-11-03T22:52:15.575+05:00,3.376623838
2021-11-03T22:52:16.078+05:00,3.715085667
2021-11-03T22:52:16.580+05:00,4.277356259
2021-11-03T22:52:17.082+05:00,2.707443186
2021-11-03T22:52:17.585+05:00,3.834481177
2021-11-03T22:52:18.087+05:00,2.274091074
2021-11-03T22:52:18.590+05:00,2.872208301
2021-11-03T22:52:19.092+05:00,2.383048405
2021-11-03T22:52:19.595+05:00,4.67000211
2021-11-03T22:52:20.097+05:00,4.914238619
2021-11-03T22:52:20.598+05:00,5.995573302
2021-11-03T22:52:21.099+05:00,5.936999829
2021-11-03T22:52:21.601+05:00,4.726741958
2021-11-03T22:52:22.104+05:00,2.382418829
2021-11-03T22:52:22.606+05:00,2.853366522
2021-11-03T22:52:23.109+05:00,2.345689245
2021-11-03T22:52:23.623+05:00,1.968397598
2021-11-03T22:52:24.126+05:00,2.398584444
2021-11-03T22:52:24.627+05:00,4.475138472
2021-11-03T22:52:25.130+05:00,2.476479803
2021-11-03T22:52:25.632+05:00,3.791027187
2021-11-03T22:52:26.135+05:00,2.835378571
2021-11-03T22:52:26.637+05:00,8.071126336
2021-11-03T22:52:27.139+05:00,5.672687151
2021-11-03T22:52:27.641+05:00,11.05939049
2021-11-03T22:52:28.144+05:00,3.244577676
2021-11-03T22:52:28.646+05:00,2.702231123
2021-11-03T22:52:29.149+05:00,1.217325668
2021-11-03T22:52:29.652+05:00,1.479113637
2021-11-03T22:52:30.155+05:00,1.837519849
2021-11-03T22:52:30.656+05:00,16.31592715
2021-11-03T22:52:31.158+05:00,4.291894718
2021-11-03T22:52:31.660+05:00,4.92029716
2021-11-03T22:52:32.163+05:00,3.945595296
2021-11-03T22:52:32.664+05:00,13.55019881
2021-11-03T22:52:33.165+05:00,13.41692776
2021-11-03T22:52:33.666+05:00,7.294222486
2021-11-03T22:52:34.167+05:00,16.07176078
2021-11-03T22:52:34.668+05:00,16.22457216
2021-11-03T22:52:35.169+05:00,22.2013123
2021-11-03T22:52:35.671+05:00,17.53043501
2021-11-03T22:52:36.172+05:00,22.38970494
2021-11-03T22:52:36.674+05:00,18.292659
2021-11-03T22:52:37.176+05:00,5.508828399
2021-11-03T22:52:37.678+05:00,7.136384143
2021-11-03T22:52:38.180+05:00,9.771463442
2021-11-03T22:52:38.683+05:00,11.7538194
2021-11-03T22:52:39.185+05:00,7.611431105
2021-11-03T22:52:39.687+05:00,8.103885563
2021-11-03T22:52:40.188+05:00,5.836616424
2021-11-03T22:52:40.689+05:00,20.66915988
2021-11-03T22:52:41.190+05:00,17.16297805
2021-11-03T22:52:41.691+05:00,12.59714349
2021-11-03T22:52:42.192+05:00,7.269371418
2021-11-03T22:52:42.694+05:00,9.035455591
2021-11-03T22:52:43.196+05:00,9.243168181
2021-11-03T22:52:43.699+05:00,4.555753709
2021-11-03T22:52:44.202+05:00,7.620506592
2021-11-03T22:52:44.703+05:00,6.727767463
2021-11-03T22:52:45.205+05:00,4.508905538
2021-11-03T22:52:45.707+05:00,5.173439917
2021-11-03T22:52:46.208+05:00,4.958315751
2021-11-03T22:52:46.711+05:00,7.192314955
2021-11-03T22:52:47.213+05:00,4.394801382
2021-11-03T22:52:47.714+05:00,4.724493786
2021-11-03T22:52:48.216+05:00,4.808749325
2021-11-03T22:52:48.719+05:00,5.081741846
2021-11-03T22:52:49.220+05:00,4.606823976
2021-11-03T22:52:49.722+05:00,6.727854526
2021-11-03T22:52:50.224+05:00,5.024758928
2021-11-03T22:52:50.725+05:00,13.53112968
2021-11-03T22:52:51.226+05:00,4.992543223
2021-11-03T22:52:51.728+05:00,4.700631005
2021-11-03T22:52:52.230+05:00,4.62558298
2021-11-03T22:52:52.731+05:00,5.173135211
2021-11-03T22:52:53.232+05:00,10.37899585
2021-11-03T22:52:53.733+05:00,16.89991683
2021-11-03T22:52:54.235+05:00,5.702899159
2021-11-03T22:52:54.738+05:00,5.786332718
2021-11-03T22:52:55.239+05:00,5.825666777
2021-11-03T22:52:55.742+05:00,5.714885033
2021-11-03T22:52:56.243+05:00,20.04026513
2021-11-03T22:52:56.745+05:00,6.516468953
2021-11-03T22:52:57.246+05:00,11.30726649
2021-11-03T22:52:57.748+05:00,7.878168368
2021-11-03T22:52:58.251+05:00,7.153681078
2021-11-03T22:52:58.752+05:00,7.308033774
2021-11-03T22:52:59.255+05:00,14.59311043
2021-11-03T22:52:59.756+05:00,17.44555032
2021-11-03T22:53:00.257+05:00,9.238682674
2021-11-03T22:53:00.758+05:00,8.522824579
2021-11-03T22:53:01.260+05:00,22.40128506
2021-11-03T22:53:01.763+05:00,8.12032169
2021-11-03T22:53:02.264+05:00,7.688709561
2021-11-03T22:53:02.766+05:00,7.602070543
2021-11-03T22:53:03.268+05:00,8.462952513
2021-11-03T22:53:03.770+05:00,6.956387856
2021-11-03T22:53:04.271+05:00,6.626590621
2021-11-03T22:53:04.774+05:00,6.631983906
2021-11-03T22:53:05.282+05:00,7.078313711
2021-11-03T22:53:05.784+05:00,6.399577828
2021-11-03T22:53:06.286+05:00,5.892911155
2021-11-03T22:53:06.788+05:00,5.88338544
2021-11-03T22:53:07.289+05:00,15.28745475
2021-11-03T22:53:07.791+05:00,7.785523312
2021-11-03T22:53:08.293+05:00,8.041967979
2021-11-03T22:53:08.794+05:00,5.525383291
2021-11-03T22:53:09.296+05:00,6.102638337
2021-11-03T22:53:09.797+05:00,7.454904276
2021-11-03T22:53:10.300+05:00,7.146508857
2021-11-03T22:53:10.801+05:00,6.565666342
2021-11-03T22:53:11.303+05:00,11.38634478
2021-11-03T22:53:11.804+05:00,11.38790875
2021-11-03T22:53:12.306+05:00,6.757054708
2021-11-03T22:53:12.809+05:00,6.02542416
2021-11-03T22:53:13.310+05:00,7.230250305
2021-11-03T22:53:13.811+05:00,18.96920532
2021-11-03T22:53:14.313+05:00,5.688824146
2021-11-03T22:53:14.814+05:00,4.817284906
2021-11-03T22:53:15.316+05:00,4.901497535
2021-11-03T22:53:15.818+05:00,4.655246698
2021-11-03T22:53:16.319+05:00,5.138479209
2021-11-03T22:53:16.821+05:00,16.77767832
2021-11-03T22:53:17.323+05:00,5.578746747
2021-11-03T22:53:17.825+05:00,5.585006536
2021-11-03T22:53:18.327+05:00,5.6749499
2021-11-03T22:53:18.829+05:00,5.584824373
2021-11-03T22:53:19.331+05:00,5.537238228
2021-11-03T22:53:19.833+05:00,5.503902156
2021-11-03T22:53:20.334+05:00,5.572077882
2021-11-03T22:53:20.836+05:00,5.606197227
2021-11-03T22:53:21.338+05:00,5.116763994
2021-11-03T22:53:21.840+05:00,5.610198871
2021-11-03T22:53:22.342+05:00,14.76653234
2021-11-03T22:53:22.843+05:00,19.15972701
2021-11-03T22:53:23.344+05:00,19.67434171
2021-11-03T22:53:23.845+05:00,19.49255746
2021-11-03T22:53:24.347+05:00,19.69237105
2021-11-03T22:53:24.849+05:00,19.94209356
2021-11-03T22:53:25.351+05:00,27.07160162
2021-11-03T22:53:28.098+05:00,22.03439093
2021-11-03T22:53:28.599+05:00,6.619708243
2021-11-03T22:53:29.100+05:00,6.761001661
2021-11-03T22:53:29.601+05:00,5.756759591
2021-11-03T22:53:30.102+05:00,5.524638389
2021-11-03T22:53:30.603+05:00,6.438389477
2021-11-03T22:53:31.104+05:00,6.479313364
2021-11-03T22:53:31.605+05:00,6.598389449
2021-11-03T22:53:32.107+05:00,6.117179617
2021-11-03T22:53:32.609+05:00,3.980993399
2021-11-03T22:53:33.112+05:00,4.390026873
2021-11-03T22:53:33.614+05:00,3.605032834
2021-11-03T22:53:34.116+05:00,3.911021183
2021-11-03T22:53:34.619+05:00,4.305368154
2021-11-03T22:53:35.122+05:00,0.192978932
2021-11-03T22:53:35.625+05:00,3.310576363
2021-11-03T22:53:36.127+05:00,3.508785089
2021-11-03T22:53:36.628+05:00,8.641630176
2021-11-03T22:53:37.130+05:00,3.500097731
2021-11-03T22:53:37.632+05:00,4.080397626
2021-11-03T22:53:38.133+05:00,3.204428231
2021-11-03T22:53:38.634+05:00,4.059821932
2021-11-03T22:53:39.135+05:00,2.687576772
2021-11-03T22:53:39.636+05:00,3.545448527
2021-11-03T22:53:40.137+05:00,7.438059664
2021-11-03T22:53:40.638+05:00,15.49762316
2021-11-03T22:53:41.141+05:00,4.120751769
2021-11-03T22:53:41.643+05:00,4.602673107
2021-11-03T22:53:42.145+05:00,18.65474504
2021-11-03T22:53:42.647+05:00,5.360832544
2021-11-03T22:53:43.149+05:00,19.83661818
2021-11-03T22:53:43.650+05:00,20.5665691
2021-11-03T22:53:44.152+05:00,27.51427238
2021-11-03T22:53:44.653+05:00,32.52357089
2021-11-03T22:53:45.155+05:00,16.19954604
2021-11-03T22:53:45.656+05:00,12.76298518
2021-11-03T22:53:46.158+05:00,5.760451365
2021-11-03T22:53:46.659+05:00,17.28035096
2021-11-03T22:53:47.160+05:00,25.83758269
2021-11-03T22:53:47.662+05:00,20.9145041
2021-11-03T22:53:48.164+05:00,6.831142652
2021-11-03T22:53:48.666+05:00,9.692638788
2021-11-03T22:53:49.168+05:00,9.449174477
2021-11-03T22:53:49.671+05:00,4.731281263
2021-11-03T22:53:50.173+05:00,9.574747296
2021-11-03T22:53:50.674+05:00,19.7360041
2021-11-03T22:53:51.177+05:00,10.94236487
2021-11-03T22:53:51.679+05:00,4.170354293
2021-11-03T22:53:52.180+05:00,4.692013984
2021-11-03T22:53:52.681+05:00,7.282063252
2021-11-03T22:53:53.183+05:00,4.120252903
2021-11-03T22:53:53.685+05:00,4.205231526
2021-11-03T22:53:54.188+05:00,5.477614758
2021-11-03T22:53:54.689+05:00,9.99348524
2021-11-03T22:53:55.190+05:00,4.78501578
2021-11-03T22:53:55.693+05:00,11.11072834
2021-11-03T22:53:56.196+05:00,4.149942519
2021-11-03T22:53:56.699+05:00,2.104502596
2021-11-03T22:53:57.202+05:00,1.452107113
2021-11-03T22:53:57.704+05:00,3.80865019
2021-11-03T22:53:58.206+05:00,4.137091703
2021-11-03T22:53:58.709+05:00,4.212166028
2021-11-03T22:53:59.210+05:00,6.488331872
2021-11-03T22:53:59.713+05:00,5.026302009
2021-11-03T22:54:00.214+05:00,8.976918672
2021-11-03T22:54:00.716+05:00,7.113350506
2021-11-03T22:54:01.219+05:00,6.530926309
2021-11-03T22:54:01.721+05:00,2.777912776
2021-11-03T22:54:02.223+05:00,2.085569408
2021-11-03T22:54:02.725+05:00,2.510207078
2021-11-03T22:54:03.226+05:00,5.528208999
2021-11-03T22:54:03.728+05:00,14.99623271
2021-11-03T22:54:04.230+05:00,3.518998027
2021-11-03T22:54:04.731+05:00,21.25374921
2021-11-03T22:54:05.233+05:00,13.97090465
2021-11-03T22:54:05.734+05:00,8.556467758
2021-11-03T22:54:06.235+05:00,16.75502888
2021-11-03T22:54:06.737+05:00,27.89739631
2021-11-03T22:54:07.238+05:00,32.27388868
2021-11-03T22:54:07.751+05:00,32.34618024
2021-11-03T22:54:08.254+05:00,26.48479639
2021-11-03T22:54:08.755+05:00,35.85176077
2021-11-03T22:54:09.257+05:00,33.37961237
2021-11-03T22:54:09.758+05:00,16.72744511
2021-11-03T22:54:10.259+05:00,19.00073672
2021-11-03T22:54:10.760+05:00,8.773677087
2021-11-03T22:54:11.263+05:00,3.470337424
2021-11-03T22:54:11.765+05:00,3.753565662
2021-11-03T22:54:12.267+05:00,2.156816139
2021-11-03T22:54:12.770+05:00,14.14168266
2021-11-03T22:54:13.272+05:00,5.609713553
2021-11-03T22:54:13.774+05:00,4.581603818
2021-11-03T22:54:14.277+05:00,3.469987226
2021-11-03T22:54:14.778+05:00,5.342783036
2021-11-03T22:54:15.279+05:00,5.015363504
2021-11-03T22:54:15.782+05:00,4.697219246
2021-11-03T22:54:16.284+05:00,3.042184394
2021-11-03T22:54:16.787+05:00,10.62730696
2021-11-03T22:54:17.288+05:00,3.68095648
2021-11-03T22:54:17.791+05:00,6.167917994
2021-11-03T22:54:18.294+05:00,4.603819653
2021-11-03T22:54:18.796+05:00,5.207786504
2021-11-03T22:54:19.298+05:00,2.559832688
2021-11-03T22:54:19.801+05:00,2.625601704
2021-11-03T22:54:20.304+05:00,1.637378103
2021-11-03T22:54:20.807+05:00,3.068508678
2021-11-03T22:54:21.310+05:00,1.528619729
2021-11-03T22:54:21.812+05:00,3.192821841
2021-11-03T22:54:22.315+05:00,1.349155323
2021-11-03T22:54:22.818+05:00,3.98296523
2021-11-03T22:54:23.320+05:00,12.42269862
2021-11-03T22:54:23.823+05:00,5.743510039
2021-11-03T22:54:24.325+05:00,4.558908692
2021-11-03T22:54:24.826+05:00,3.602441256
2021-11-03T22:54:25.329+05:00,1.270379459
2021-11-03T22:54:25.832+05:00,1.327479134
2021-11-03T22:54:26.334+05:00,7.280451096
2021-11-03T22:54:26.836+05:00,13.99446026
2021-11-03T22:54:27.337+05:00,3.672950059
2021-11-03T22:54:27.848+05:00,3.72178874
2021-11-03T22:54:28.350+05:00,4.016492706
2021-11-03T22:54:28.853+05:00,3.483628187
2021-11-03T22:54:29.355+05:00,4.133582859
2021-11-03T22:54:29.858+05:00,3.491589357
2021-11-03T22:54:30.359+05:00,12.76916091
2021-11-03T22:54:30.860+05:00,22.24858391
2021-11-03T22:54:31.362+05:00,12.01739446
2021-11-03T22:54:31.863+05:00,16.03611395
2021-11-03T22:54:32.365+05:00,23.35281504
2021-11-03T22:54:32.866+05:00,4.768874463
2021-11-03T22:54:33.367+05:00,4.217498842
2021-11-03T22:54:33.868+05:00,4.606542107
2021-11-03T22:54:34.370+05:00,6.722983187
2021-11-03T22:54:34.872+05:00,13.5210617
2021-11-03T22:54:35.374+05:00,6.060824092
2021-11-03T22:54:35.875+05:00,14.6707904
2021-11-03T22:54:36.376+05:00,27.65072413
2021-11-03T22:54:36.877+05:00,23.54623307
2021-11-03T22:54:37.380+05:00,3.67363166
2021-11-03T22:54:37.883+05:00,2.973079265
2021-11-03T22:54:38.385+05:00,4.835617198
2021-11-03T22:54:38.887+05:00,2.459408007
2021-11-03T22:54:39.388+05:00,2.305243748
2021-11-03T22:54:39.890+05:00,3.72185788
2021-11-03T22:54:40.391+05:00,5.272696986
2021-11-03T22:54:40.893+05:00,2.912228449
2021-11-03T22:54:41.396+05:00,2.686617488
2021-11-03T22:54:41.899+05:00,3.774056847
2021-11-03T22:54:42.401+05:00,2.056117488
2021-11-03T22:54:42.902+05:00,3.368001514
2021-11-03T22:54:43.405+05:00,2.691964787
2021-11-03T22:54:43.908+05:00,2.317904501
2021-11-03T22:54:44.410+05:00,1.884836774
2021-11-03T22:54:44.912+05:00,6.125545133
2021-11-03T22:54:45.414+05:00,3.649255334
2021-11-03T22:54:45.917+05:00,6.4010134
2021-11-03T22:54:46.418+05:00,10.42953618
2021-11-03T22:54:46.921+05:00,8.462786825
2021-11-03T22:54:47.424+05:00,2.995012962
2021-11-03T22:54:47.926+05:00,1.739678908
2021-11-03T22:54:48.430+05:00,1.399833983
2021-11-03T22:54:48.942+05:00,0.874479744
2021-11-03T22:54:49.443+05:00,7.475977056
2021-11-03T22:54:49.945+05:00,13.81488481
2021-11-03T22:54:50.446+05:00,4.979026732
2021-11-03T22:54:50.947+05:00,5.07694993
2021-11-03T22:54:51.449+05:00,3.904378385
2021-11-03T22:54:51.950+05:00,21.41639608
2021-11-03T22:54:52.453+05:00,5.898045011
2021-11-03T22:54:52.954+05:00,4.871374578
2021-11-03T22:54:53.455+05:00,14.89312858
2021-11-03T22:54:53.958+05:00,23.87614298
2021-11-03T22:54:54.460+05:00,18.98448944
2021-11-03T22:54:54.962+05:00,6.275457773
2021-11-03T22:54:55.464+05:00,7.616100257
2021-11-03T22:54:55.965+05:00,14.11148753
2021-11-03T22:54:56.466+05:00,6.494014874
2021-11-03T22:54:56.968+05:00,14.50862467
2021-11-03T22:54:57.469+05:00,18.37028179
2021-11-03T22:54:57.969+05:00,27.8677517
2021-11-03T22:54:58.470+05:00,26.74300165
2021-11-03T22:54:58.971+05:00,26.8223994
2021-11-03T22:54:59.472+05:00,32.48705759
2021-11-03T22:54:59.974+05:00,33.24892457
2021-11-03T22:55:00.476+05:00,33.64479163
2021-11-03T22:55:00.978+05:00,12.94196621
2021-11-03T22:55:01.480+05:00,9.911303946
2021-11-03T22:55:01.981+05:00,17.34318747
2021-11-03T22:55:02.482+05:00,23.09677877
2021-11-03T22:55:02.984+05:00,70.43302289
2021-11-03T22:55:04.491+05:00,22.58934166
2021-11-03T22:55:05.626+05:00,24.16989117
2021-11-03T22:55:06.128+05:00,22.1331077
2021-11-03T22:55:06.630+05:00,15.84944858
2021-11-03T22:55:07.137+05:00,5.958037415
2021-11-03T22:55:07.640+05:00,4.993398062
2021-11-03T22:55:08.143+05:00,5.280129061
2021-11-03T22:55:08.645+05:00,7.875493066
2021-11-03T22:55:09.148+05:00,6.278045307
2021-11-03T22:55:09.650+05:00,15.58452973
2021-11-03T22:55:10.151+05:00,7.741877108
2021-11-03T22:55:10.665+05:00,2.318550141
2021-11-03T22:55:11.168+05:00,2.930678493
2021-11-03T22:55:11.669+05:00,4.417448193
2021-11-03T22:55:12.172+05:00,3.239000283
2021-11-03T22:55:12.673+05:00,16.53598107
2021-11-03T22:55:13.176+05:00,5.718479415
2021-11-03T22:55:13.677+05:00,4.345917379
2021-11-03T22:55:14.179+05:00,24.25396057
2021-11-03T22:55:14.681+05:00,22.4049415
2021-11-03T22:55:15.184+05:00,3.5058837
2021-11-03T22:55:15.685+05:00,5.088711609
2021-11-03T22:55:16.188+05:00,2.969372352
2021-11-03T22:55:16.691+05:00,2.236163104
2021-11-03T22:55:17.194+05:00,0.747251183
2021-11-03T22:55:17.695+05:00,2.250340203
2021-11-03T22:55:18.198+05:00,1.746097943
2021-11-03T22:55:18.701+05:00,1.073798105
2021-11-03T22:55:19.204+05:00,0.656876436
2021-11-03T22:55:19.706+05:00,3.708265437
2021-11-03T22:55:20.207+05:00,1.335835335
2021-11-03T22:55:20.709+05:00,0.815084997
2021-11-03T22:55:21.212+05:00,0.106229708
2021-11-03T22:55:21.716+05:00,2.712211739
2021-11-03T22:55:22.218+05:00,1.340144991
2021-11-03T22:55:22.721+05:00,2.671047804
2021-11-03T22:55:23.224+05:00,0.503185916
2021-11-03T22:55:23.725+05:00,4.715128137
2021-11-03T22:55:24.228+05:00,4.31797195
2021-11-03T22:55:24.730+05:00,1.388720713
2021-11-03T22:55:25.233+05:00,0.119199994
2021-11-03T22:55:25.736+05:00,0.937745598
2021-11-03T22:55:26.239+05:00,0
2021-11-03T22:55:26.741+05:00,1.154869239
2021-11-03T22:55:27.244+05:00,0
2021-11-03T22:55:27.747+05:00,0.953685025
2021-11-03T22:55:28.250+05:00,0.197922521
2021-11-03T22:55:28.753+05:00,0.630187148
2021-11-03T22:55:29.256+05:00,0.288623593
2021-11-03T22:55:29.758+05:00,2.406979399
2021-11-03T22:55:30.260+05:00,0.437493321
2021-11-03T22:55:30.763+05:00,0.712590457
2021-11-03T22:55:31.266+05:00,0.213858797
2021-11-03T22:55:31.778+05:00,0.189025712
2021-11-03T22:55:32.279+05:00,1.327961667
2021-11-03T22:55:32.780+05:00,11.66217603
2021-11-03T22:55:33.282+05:00,3.771020679
2021-11-03T22:55:33.784+05:00,2.667838579
2021-11-03T22:55:34.285+05:00,1.500462338
2021-11-03T22:55:34.788+05:00,2.124052106
2021-11-03T22:55:35.291+05:00,1.127234453
2021-11-03T22:55:35.792+05:00,14.16127049
2021-11-03T22:55:36.293+05:00,8.130873035
2021-11-03T22:55:36.796+05:00,5.042724582
2021-11-03T22:55:37.297+05:00,4.236170446
2021-11-03T22:55:37.798+05:00,5.089414647
2021-11-03T22:55:38.299+05:00,19.7733619
2021-11-03T22:55:38.801+05:00,11.90239456
2021-11-03T22:55:39.302+05:00,10.87163554
2021-11-03T22:55:39.804+05:00,9.69684322
2021-11-03T22:55:40.305+05:00,9.652900897
2021-11-03T22:55:40.807+05:00,11.64892886
2021-11-03T22:55:41.308+05:00,9.571779922
2021-11-03T22:55:41.809+05:00,17.98313131
2021-11-03T22:55:42.311+05:00,6.274130081
2021-11-03T22:55:42.813+05:00,7.808708316
2021-11-03T22:55:43.316+05:00,3.314320758
2021-11-03T22:55:43.819+05:00,2.685727758
2021-11-03T22:55:44.320+05:00,4.034276132
2021-11-03T22:55:44.823+05:00,1.473760685
2021-11-03T22:55:45.326+05:00,1.168692323
2021-11-03T22:55:45.829+05:00,1.278821593
2021-11-03T22:55:46.332+05:00,1.500673527
2021-11-03T22:55:46.834+05:00,1.632028972
2021-11-03T22:55:47.337+05:00,1.361809024
2021-11-03T22:55:47.840+05:00,1.395540784
2021-11-03T22:55:48.343+05:00,1.452717456
2021-11-03T22:55:48.846+05:00,1.146446557
2021-11-03T22:55:49.349+05:00,1.624909102
2021-11-03T22:55:49.851+05:00,4.541084256
2021-11-03T22:55:50.353+05:00,4.706181178
2021-11-03T22:55:50.855+05:00,1.664753198
2021-11-03T22:55:51.358+05:00,1.45474121
2021-11-03T22:55:51.860+05:00,0.973125565
2021-11-03T22:55:52.362+05:00,2.823272703
2021-11-03T22:55:52.871+05:00,0.777900789
2021-11-03T22:55:53.374+05:00,2.117885738
2021-11-03T22:55:53.875+05:00,3.442712209
2021-11-03T22:55:54.378+05:00,5.195202523
2021-11-03T22:55:54.881+05:00,1.065994486
2021-11-03T22:55:55.384+05:00,4.358638719
2021-11-03T22:55:55.887+05:00,10.00953158
2021-11-03T22:55:56.390+05:00,3.364423388
2021-11-03T22:55:56.893+05:00,2.887341116
2021-11-03T22:55:57.396+05:00,1.218422964
2021-11-03T22:55:57.899+05:00,0.868927007
2021-11-03T22:55:58.403+05:00,1.16782415
2021-11-03T22:55:58.904+05:00,15.42088382
2021-11-03T22:55:59.406+05:00,4.764283615
2021-11-03T22:55:59.908+05:00,4.389328728
2021-11-03T22:56:00.410+05:00,4.270008183
2021-11-03T22:56:00.912+05:00,6.466030799
2021-11-03T22:56:01.414+05:00,4.212648983
2021-11-03T22:56:01.915+05:00,4.469032674
2021-11-03T22:56:02.417+05:00,19.18220724
2021-11-03T22:56:02.919+05:00,8.412565213
2021-11-03T22:56:03.420+05:00,11.05559146
2021-11-03T22:56:03.922+05:00,21.78092373
2021-11-03T22:56:04.422+05:00,20.56301561
2021-11-03T22:56:04.924+05:00,9.622582645
2021-11-03T22:56:05.426+05:00,8.510015283
2021-11-03T22:56:05.928+05:00,3.87161621
2021-11-03T22:56:06.431+05:00,5.264630319
2021-11-03T22:56:06.934+05:00,1.462189456
2021-11-03T22:56:07.437+05:00,1.39998764
2021-11-03T22:56:07.939+05:00,1.008474976
2021-11-03T22:56:08.441+05:00,8.443575681
2021-11-03T22:56:08.943+05:00,2.117550168
2021-11-03T22:56:09.444+05:00,2.121947053
2021-11-03T22:56:09.946+05:00,1.294152727
2021-11-03T22:56:10.449+05:00,1.34310364
2021-11-03T22:56:10.952+05:00,1.159924436
2021-11-03T22:56:11.454+05:00,1.311921898
2021-11-03T22:56:11.956+05:00,0.212218318
2021-11-03T22:56:12.459+05:00,1.310137269
2021-11-03T22:56:12.962+05:00,0.361649695
2021-11-03T22:56:13.476+05:00,1.001739534
2021-11-03T22:56:13.979+05:00,0.887505893
2021-11-03T22:56:14.482+05:00,0.894671569
2021-11-03T22:56:14.985+05:00,2.217394118
2021-11-03T22:56:15.488+05:00,0.758480113
2021-11-03T22:56:15.991+05:00,2.577042402
2021-11-03T22:56:16.493+05:00,1.383231882
2021-11-03T22:56:16.996+05:00,2.791729866
2021-11-03T22:56:17.498+05:00,0.474146402
2021-11-03T22:56:18.001+05:00,0.11676508
2021-11-03T22:56:18.504+05:00,6.119964273
2021-11-03T22:56:19.007+05:00,10.55890608
2021-11-03T22:56:19.510+05:00,1.212246729
2021-11-03T22:56:20.011+05:00,2.392204131
2021-11-03T22:56:20.514+05:00,1.578060597
2021-11-03T22:56:21.015+05:00,1.621432121
2021-11-03T22:56:21.517+05:00,1.760670896
2021-11-03T22:56:22.018+05:00,15.35208994
2021-11-03T22:56:22.520+05:00,5.24674901
2021-11-03T22:56:23.021+05:00,16.55614593
2021-11-03T22:56:23.522+05:00,21.71740526
2021-11-03T22:56:24.023+05:00,25.65189417
2021-11-03T22:56:24.525+05:00,13.55766289
2021-11-03T22:56:25.026+05:00,9.493839276
2021-11-03T22:56:25.528+05:00,3.367858978
2021-11-03T22:56:26.031+05:00,3.557049749
2021-11-03T22:56:26.533+05:00,4.56708905
2021-11-03T22:56:27.034+05:00,8.349423312
2021-11-03T22:56:27.537+05:00,5.898791107
2021-11-03T22:56:28.039+05:00,4.689437127
2021-11-03T22:56:28.540+05:00,8.696267307
2021-11-03T22:56:29.042+05:00,3.542789887
2021-11-03T22:56:29.545+05:00,2.516699273
2021-11-03T22:56:30.047+05:00,3.223931116
2021-11-03T22:56:30.549+05:00,2.314103565
2021-11-03T22:56:31.052+05:00,4.206932373
2021-11-03T22:56:31.555+05:00,3.738929807
2021-11-03T22:56:32.058+05:00,2.156623015
2021-11-03T22:56:32.561+05:00,1.881747096
2021-11-03T22:56:33.062+05:00,2.596656141
2021-11-03T22:56:33.563+05:00,7.329043581
2021-11-03T22:56:34.065+05:00,4.281666529
2021-11-03T22:56:34.579+05:00,1.371806278
2021-11-03T22:56:35.080+05:00,3.213247586
2021-11-03T22:56:35.583+05:00,2.674247538
2021-11-03T22:56:36.084+05:00,4.247527056
2021-11-03T22:56:36.587+05:00,2.853145275
2021-11-03T22:56:37.090+05:00,2.247040322
2021-11-03T22:56:37.593+05:00,2.165477224
2021-11-03T22:56:38.096+05:00,2.079409822
2021-11-03T22:56:38.598+05:00,1.960958423
2021-11-03T22:56:39.101+05:00,3.045538588
2021-11-03T22:56:39.604+05:00,2.16151559
2021-11-03T22:56:40.107+05:00,3.566756644
2021-11-03T22:56:40.609+05:00,2.179972922
2021-11-03T22:56:41.112+05:00,2.290899687
2021-11-03T22:56:41.614+05:00,5.589926693
2021-11-03T22:56:42.118+05:00,16.97568713
2021-11-03T22:56:42.621+05:00,1.112249643
2021-11-03T22:56:43.122+05:00,3.044798281
2021-11-03T22:56:43.625+05:00,1.729570176
2021-11-03T22:56:44.128+05:00,1.067294227
2021-11-03T22:56:44.631+05:00,1.601775827
2021-11-03T22:56:45.133+05:00,16.13564968
2021-11-03T22:56:45.635+05:00,4.451904499
2021-11-03T22:56:46.136+05:00,4.338490287
2021-11-03T22:56:46.639+05:00,3.601409996
2021-11-03T22:56:47.141+05:00,3.472341278
2021-11-03T22:56:47.643+05:00,17.85695092
2021-11-03T22:56:48.145+05:00,14.48389936
2021-11-03T22:56:48.647+05:00,5.381045289
2021-11-03T22:56:49.148+05:00,10.8219484
2021-11-03T22:56:49.650+05:00,7.514113817
2021-11-03T22:56:50.152+05:00,8.225145339
2021-11-03T22:56:50.653+05:00,10.3249782
2021-11-03T22:56:51.154+05:00,10.29927827
2021-11-03T22:56:51.655+05:00,6.927532472
2021-11-03T22:56:52.156+05:00,8.864264088
2021-11-03T22:56:52.659+05:00,9.362219272
2021-11-03T22:56:53.162+05:00,3.527417566
2021-11-03T22:56:53.665+05:00,2.610691622
2021-11-03T22:56:54.168+05:00,1.249017694
2021-11-03T22:56:54.671+05:00,7.4661857
2021-11-03T22:56:55.174+05:00,1.008381199
2021-11-03T22:56:55.685+05:00,0.680037739
2021-11-03T22:56:56.187+05:00,1.667779476
2021-11-03T22:56:56.690+05:00,0.941317854
2021-11-03T22:56:57.193+05:00,0.55414072
2021-11-03T22:56:57.696+05:00,1.666533785
2021-11-03T22:56:58.199+05:00,0.48553639
2021-11-03T22:56:58.702+05:00,0.666127225
2021-11-03T22:56:59.205+05:00,1.061835959
2021-11-03T22:56:59.708+05:00,0.782708935
2021-11-03T22:57:00.210+05:00,0.654467968
2021-11-03T22:57:00.713+05:00,0.566838056
2021-11-03T22:57:01.216+05:00,6.51339075
2021-11-03T22:57:01.719+05:00,0.846198677
2021-11-03T22:57:02.222+05:00,1.219659168
2021-11-03T22:57:02.725+05:00,0.43434243
2021-11-03T22:57:03.226+05:00,3.295882252
2021-11-03T22:57:03.728+05:00,5.947261244
2021-11-03T22:57:04.231+05:00,2.493857701
2021-11-03T22:57:04.734+05:00,5.241785195
2021-11-03T22:57:05.236+05:00,10.08845117
2021-11-03T22:57:05.739+05:00,3.378495437
2021-11-03T22:57:06.242+05:00,3.875181732
2021-11-03T22:57:06.745+05:00,1.359472354
2021-11-03T22:57:07.248+05:00,1.588264344
2021-11-03T22:57:07.751+05:00,1.290685206
2021-11-03T22:57:08.253+05:00,16.72218587
2021-11-03T22:57:08.755+05:00,17.60441306
2021-11-03T22:57:09.256+05:00,20.44326993
2021-11-03T22:57:09.757+05:00,20.77521925
2021-11-03T22:57:10.258+05:00,15.19555416
2021-11-03T22:57:10.760+05:00,17.55440198
2021-11-03T22:57:11.262+05:00,6.825693668
2021-11-03T22:57:11.764+05:00,6.078910328
2021-11-03T22:57:12.265+05:00,4.745492724
2021-11-03T22:57:12.767+05:00,7.533908832
2021-11-03T22:57:13.269+05:00,4.328428665
2021-11-03T22:57:13.771+05:00,4.512563492
2021-11-03T22:57:14.273+05:00,4.597784643
2021-11-03T22:57:14.775+05:00,5.156512808
2021-11-03T22:57:15.277+05:00,5.214593373
2021-11-03T22:57:15.785+05:00,4.99470052
2021-11-03T22:57:16.286+05:00,5.213410745
2021-11-03T22:57:16.789+05:00,4.92745075
2021-11-03T22:57:17.291+05:00,10.73813943
2021-11-03T22:57:17.793+05:00,3.39773546
2021-11-03T22:57:18.296+05:00,1.38275118
2021-11-03T22:57:18.799+05:00,2.729252861
2021-11-03T22:57:19.302+05:00,0.96689283
2021-11-03T22:57:19.805+05:00,1.195944333
2021-11-03T22:57:20.308+05:00,1.028711516
2021-11-03T22:57:20.810+05:00,1.313740356
2021-11-03T22:57:21.313+05:00,0.553798401
2021-11-03T22:57:21.816+05:00,0.783952998
2021-11-03T22:57:22.317+05:00,0.558879171
2021-11-03T22:57:22.820+05:00,1.024565844
2021-11-03T22:57:23.322+05:00,1.069434201
2021-11-03T22:57:23.825+05:00,1.119322549
2021-11-03T22:57:24.328+05:00,0.210336327
2021-11-03T22:57:24.831+05:00,1.064582113
2021-11-03T22:57:25.334+05:00,0.394456732
2021-11-03T22:57:25.837+05:00,0.696096312
2021-11-03T22:57:26.339+05:00,3.119133653
2021-11-03T22:57:26.842+05:00,0.493610327
2021-11-03T22:57:27.344+05:00,1.332340675
2021-11-03T22:57:27.845+05:00,4.421844233
2021-11-03T22:57:28.346+05:00,9.382739537
2021-11-03T22:57:28.848+05:00,3.415259642
2021-11-03T22:57:29.350+05:00,2.625248795
2021-11-03T22:57:29.851+05:00,1.577893001
2021-11-03T22:57:30.353+05:00,1.727251116
2021-11-03T22:57:30.854+05:00,2.769499998
2021-11-03T22:57:31.356+05:00,16.18389474
2021-11-03T22:57:31.858+05:00,3.915254144
2021-11-03T22:57:32.360+05:00,3.946329556
2021-11-03T22:57:32.861+05:00,10.08526715
2021-11-03T22:57:33.362+05:00,14.48858031
2021-11-03T22:57:33.864+05:00,6.045860015
2021-11-03T22:57:34.365+05:00,11.53996702
2021-11-03T22:57:34.867+05:00,5.883676678
2021-11-03T22:57:35.369+05:00,4.903221122
2021-11-03T22:57:35.871+05:00,4.585311463
2021-11-03T22:57:36.373+05:00,5.127783289
2021-11-03T22:57:36.885+05:00,4.040244428
2021-11-03T22:57:37.387+05:00,4.298855472
2021-11-03T22:57:37.888+05:00,4.645047872
2021-11-03T22:57:38.390+05:00,4.272376087
2021-11-03T22:57:38.892+05:00,4.472908188
2021-11-03T22:57:39.394+05:00,3.883938576
2021-11-03T22:57:39.895+05:00,5.733582225
2021-11-03T22:57:40.397+05:00,13.12803273
2021-11-03T22:57:40.898+05:00,4.443526596
2021-11-03T22:57:41.400+05:00,10.36309973
2021-11-03T22:57:41.901+05:00,8.575300453
2021-11-03T22:57:42.403+05:00,8.235386214
2021-11-03T22:57:42.905+05:00,9.049310423
2021-11-03T22:57:43.406+05:00,27.3141319
2021-11-03T22:57:43.907+05:00,12.7041291
2021-11-03T22:57:44.409+05:00,14.65667329
2021-11-03T22:57:44.910+05:00,21.26904461
2021-11-03T22:57:45.411+05:00,19.89493118
2021-11-03T22:57:45.913+05:00,5.517728355
2021-11-03T22:57:46.414+05:00,19.32979881
2021-11-03T22:57:46.916+05:00,17.89572995
2021-11-03T22:57:47.419+05:00,19.38112412
2021-11-03T22:57:47.920+05:00,11.55597215
2021-11-03T22:57:48.422+05:00,8.228942858
2021-11-03T22:57:48.924+05:00,6.511998979
2021-11-03T22:57:49.426+05:00,6.574398359
2021-11-03T22:57:49.928+05:00,6.615791099
2021-11-03T22:57:50.430+05:00,5.665974801
2021-11-03T22:57:50.932+05:00,17.98592805
2021-11-03T22:57:51.434+05:00,7.890189616
2021-11-03T22:57:51.937+05:00,1.542547649
2021-11-03T22:57:52.438+05:00,5.117024172
2021-11-03T22:57:52.939+05:00,4.22909167
2021-11-03T22:57:53.440+05:00,7.113830367
2021-11-03T22:57:53.941+05:00,3.213629069
2021-11-03T22:57:54.442+05:00,15.89634088
2021-11-03T22:57:54.944+05:00,4.267524334
2021-11-03T22:57:55.447+05:00,4.003423928
2021-11-03T22:57:55.949+05:00,3.906649076
2021-11-03T22:57:56.451+05:00,11.02116462
2021-11-03T22:57:56.954+05:00,12.2829941
2021-11-03T22:57:57.456+05:00,6.206782632
2021-11-03T22:57:57.966+05:00,4.647013748
2021-11-03T22:57:58.468+05:00,4.412477489
2021-11-03T22:57:58.970+05:00,4.919007819
2021-11-03T22:57:59.472+05:00,12.30391865
2021-11-03T22:57:59.973+05:00,11.34937862
2021-11-03T22:58:00.474+05:00,19.28045664
2021-11-03T22:58:00.975+05:00,14.78446111
2021-11-03T22:58:01.477+05:00,20.80761376
2021-11-03T22:58:01.978+05:00,12.13658013
2021-11-03T22:58:02.479+05:00,35.00162735
2021-11-03T22:58:02.980+05:00,9.096587114
2021-11-03T22:58:03.481+05:00,7.17237196
2021-11-03T22:58:03.983+05:00,13.93467081
2021-11-03T22:58:04.484+05:00,20.36236343
2021-11-03T22:58:04.985+05:00,30.13194848
2021-11-03T22:58:05.487+05:00,15.54567977
2021-11-03T22:58:05.990+05:00,5.115280766
2021-11-03T22:58:06.491+05:00,5.977542257
2021-11-03T22:58:06.994+05:00,3.39154341
2021-11-03T22:58:07.496+05:00,4.283590606
2021-11-03T22:58:07.999+05:00,2.90329791
2021-11-03T22:58:08.501+05:00,2.324492109
2021-11-03T22:58:09.004+05:00,2.285382502
2021-11-03T22:58:09.507+05:00,4.494700243
2021-11-03T22:58:10.009+05:00,2.007847756
2021-11-03T22:58:10.511+05:00,6.135286533
2021-11-03T22:58:11.011+05:00,5.198014584
2021-11-03T22:58:11.514+05:00,3.504081597
2021-11-03T22:58:12.015+05:00,1.337903801
2021-11-03T22:58:12.517+05:00,4.926790878
2021-11-03T22:58:13.019+05:00,7.034586877
2021-11-03T22:58:13.521+05:00,6.787743518
2021-11-03T22:58:14.022+05:00,10.04920291
2021-11-03T22:58:14.525+05:00,9.287656683
2021-11-03T22:58:15.027+05:00,2.798660824
2021-11-03T22:58:15.530+05:00,2.201374655
2021-11-03T22:58:16.031+05:00,3.534418566
2021-11-03T22:58:16.532+05:00,3.590113259
2021-11-03T22:58:17.042+05:00,5.725102456
2021-11-03T22:58:17.543+05:00,14.86719021
2021-11-03T22:58:18.045+05:00,4.998263673
2021-11-03T22:58:18.547+05:00,5.134883143
2021-11-03T22:58:19.050+05:00,3.828717182
2021-11-03T22:58:19.551+05:00,4.234163774
2021-11-03T22:58:20.053+05:00,4.02873969
2021-11-03T22:58:20.554+05:00,6.950376303
2021-11-03T22:58:21.055+05:00,25.26415087
2021-11-03T22:58:21.556+05:00,12.48436755
2021-11-03T22:58:22.058+05:00,13.0207309
2021-11-03T22:58:22.560+05:00,10.33987391
2021-11-03T22:58:23.061+05:00,8.295680373
2021-11-03T22:58:23.563+05:00,6.315128819
2021-11-03T22:58:24.064+05:00,6.539444519
2021-11-03T22:58:24.565+05:00,13.88328979
2021-11-03T22:58:25.067+05:00,5.876910399
2021-11-03T22:58:25.570+05:00,9.684421397
2021-11-03T22:58:26.073+05:00,4.897630485
2021-11-03T22:58:26.575+05:00,4.986584688
2021-11-03T22:58:27.077+05:00,3.509156804
2021-11-03T22:58:27.580+05:00,4.379580322
2021-11-03T22:58:28.082+05:00,3.775373849
2021-11-03T22:58:28.583+05:00,3.436816376
2021-11-03T22:58:29.085+05:00,3.332014777
2021-11-03T22:58:29.588+05:00,2.454567015
2021-11-03T22:58:30.090+05:00,3.235866765
2021-11-03T22:58:30.591+05:00,3.404635442
2021-11-03T22:58:31.092+05:00,4.860190603
2021-11-03T22:58:31.594+05:00,2.631992826
2021-11-03T22:58:32.097+05:00,2.186368799
2021-11-03T22:58:32.600+05:00,2.040012376
2021-11-03T22:58:33.101+05:00,2.955948779
2021-11-03T22:58:33.603+05:00,3.390103706
2021-11-03T22:58:34.104+05:00,9.78210902
2021-11-03T22:58:34.607+05:00,4.159344116
2021-11-03T22:58:35.110+05:00,3.270783096
2021-11-03T22:58:35.612+05:00,4.060496655
2021-11-03T22:58:36.113+05:00,4.487624037
2021-11-03T22:58:36.616+05:00,2.508383061
2021-11-03T22:58:37.117+05:00,11.05539262
2021-11-03T22:58:37.618+05:00,8.404801015
2021-11-03T22:58:38.128+05:00,1.811667039
2021-11-03T22:58:38.630+05:00,2.876374322
2021-11-03T22:58:39.134+05:00,1.454543845
2021-11-03T22:58:39.636+05:00,2.587534743
2021-11-03T22:58:40.137+05:00,5.940049473
2021-11-03T22:58:40.638+05:00,20.0706349
2021-11-03T22:58:41.141+05:00,4.396694043
2021-11-03T22:58:41.643+05:00,6.014983244
2021-11-03T22:58:42.145+05:00,3.215481259
2021-11-03T22:58:42.648+05:00,1.081681648
2021-11-03T22:58:43.151+05:00,1.384499825
2021-11-03T22:58:43.654+05:00,1.780120621
2021-11-03T22:58:44.157+05:00,2.886620259
2021-11-03T22:58:44.660+05:00,1.967307421
2021-11-03T22:58:45.163+05:00,0.109163719
2021-11-03T22:58:45.666+05:00,1.139392387
2021-11-03T22:58:46.168+05:00,0.187334711
2021-11-03T22:58:46.671+05:00,5.799155514
2021-11-03T22:58:47.174+05:00,3.545292201
2021-11-03T22:58:47.676+05:00,1.646479676
2021-11-03T22:58:48.178+05:00,0.292298292
2021-11-03T22:58:48.681+05:00,0.630004211
2021-11-03T22:58:49.183+05:00,0.073952176
2021-11-03T22:58:49.685+05:00,1.396631389
2021-11-03T22:58:50.186+05:00,0.171928741
2021-11-03T22:58:50.689+05:00,3.260322544
2021-11-03T22:58:51.192+05:00,1.246151421
2021-11-03T22:58:51.695+05:00,1.627322784
2021-11-03T22:58:52.197+05:00,0.650813798
2021-11-03T22:58:52.700+05:00,2.558237401
2021-11-03T22:58:53.201+05:00,0.6154868
2021-11-03T22:58:53.703+05:00,0.837752841
2021-11-03T22:58:54.205+05:00,0.101121903
2021-11-03T22:58:54.708+05:00,0.751428883
2021-11-03T22:58:55.210+05:00,0.024470666
2021-11-03T22:58:55.714+05:00,2.382781769
2021-11-03T22:58:56.217+05:00,0
2021-11-03T22:58:57.223+05:00,0.025362243
2021-11-03T22:58:57.726+05:00,0.576510205
2021-11-03T22:58:58.230+05:00,0.039155891
2021-11-03T22:58:58.733+05:00,0.451225244
2021-11-03T22:58:59.245+05:00,0.016252949
2021-11-03T22:58:59.747+05:00,0.357837147
2021-11-03T22:59:00.249+05:00,13.86215741
2021-11-03T22:59:00.751+05:00,8.273282636
2021-11-03T22:59:01.254+05:00,6.376321772
2021-11-03T22:59:01.757+05:00,3.213231127
2021-11-03T22:59:02.261+05:00,1.537200203
2021-11-03T22:59:02.763+05:00,1.425334489
2021-11-03T22:59:03.264+05:00,6.148248008
2021-11-03T22:59:03.766+05:00,13.67367823
2021-11-03T22:59:04.268+05:00,4.133168161
2021-11-03T22:59:04.769+05:00,21.14967326
2021-11-03T22:59:05.271+05:00,15.81669771
2021-11-03T22:59:05.772+05:00,23.60458608
2021-11-03T22:59:06.273+05:00,18.45368282
2021-11-03T22:59:06.775+05:00,10.89810165
2021-11-03T22:59:07.278+05:00,11.49779689
2021-11-03T22:59:07.781+05:00,3.770265211
2021-11-03T22:59:08.284+05:00,1.888528502
2021-11-03T22:59:08.787+05:00,3.729514826
2021-11-03T22:59:09.288+05:00,1.126075305
2021-11-03T22:59:09.791+05:00,1.696048022
2021-11-03T22:59:10.292+05:00,2.397601746
2021-11-03T22:59:10.794+05:00,3.566399417
2021-11-03T22:59:11.296+05:00,1.999193789
2021-11-03T22:59:11.798+05:00,1.822288997
2021-11-03T22:59:12.301+05:00,0.581399913
2021-11-03T22:59:12.803+05:00,1.148279061
2021-11-03T22:59:13.306+05:00,1.343990918
2021-11-03T22:59:13.808+05:00,3.277584758
2021-11-03T22:59:14.311+05:00,0.286203246
2021-11-03T22:59:14.814+05:00,2.714272599
2021-11-03T22:59:15.317+05:00,0.422305176
2021-11-03T22:59:15.820+05:00,1.078538261
2021-11-03T22:59:16.323+05:00,3.359194482
2021-11-03T22:59:16.825+05:00,0.857280026
2021-11-03T22:59:17.327+05:00,0.709203977
2021-11-03T22:59:17.830+05:00,0.665149498
2021-11-03T22:59:18.332+05:00,0.310419197
2021-11-03T22:59:18.835+05:00,0.918380312
2021-11-03T22:59:19.338+05:00,0.977431513
2021-11-03T22:59:19.851+05:00,0.327521931
2021-11-03T22:59:20.353+05:00,0.577731179
2021-11-03T22:59:20.855+05:00,7.02572183
2021-11-03T22:59:21.357+05:00,1.300542058
2021-11-03T22:59:21.860+05:00,4.554848831
2021-11-03T22:59:22.362+05:00,2.954432111
2021-11-03T22:59:22.865+05:00,0.662993578
2021-11-03T22:59:23.367+05:00,11.97464069
2021-11-03T22:59:23.869+05:00,4.998418916
2021-11-03T22:59:24.372+05:00,2.516514426
2021-11-03T22:59:24.875+05:00,1.509738053
2021-11-03T22:59:25.378+05:00,1.502662636
2021-11-03T22:59:25.881+05:00,1.656339778
2021-11-03T22:59:26.382+05:00,8.21645938
2021-11-03T22:59:26.884+05:00,12.25969958
2021-11-03T22:59:27.385+05:00,18.59804079
2021-11-03T22:59:27.887+05:00,5.211184381
2021-11-03T22:59:28.388+05:00,21.13073792
2021-11-03T22:59:28.889+05:00,31.64165262
2021-11-03T22:59:29.390+05:00,28.64088752
2021-11-03T22:59:29.892+05:00,20.95980389
2021-11-03T22:59:30.394+05:00,13.95708941
2021-11-03T22:59:30.896+05:00,8.037324227
2021-11-03T22:59:31.398+05:00,6.080014603
2021-11-03T22:59:31.900+05:00,8.009627082
2021-11-03T22:59:32.402+05:00,5.838683906
2021-11-03T22:59:32.904+05:00,5.623376624
2021-11-03T22:59:33.405+05:00,6.610933279
2021-11-03T22:59:33.907+05:00,6.338801786
2021-11-03T22:59:34.408+05:00,5.256645509
2021-11-03T22:59:34.909+05:00,5.386035426
2021-11-03T22:59:35.410+05:00,5.194598111
2021-11-03T22:59:35.913+05:00,5.378793237
2021-11-03T22:59:36.414+05:00,5.761236785
2021-11-03T22:59:36.917+05:00,10.84251438
2021-11-03T22:59:37.420+05:00,5.750712558
2021-11-03T22:59:37.922+05:00,5.175101592
2021-11-03T22:59:38.424+05:00,5.152546557
2021-11-03T22:59:38.926+05:00,5.723586236
2021-11-03T22:59:39.429+05:00,5.18686898
2021-11-03T22:59:39.931+05:00,4.909609403
2021-11-03T22:59:40.434+05:00,5.356040769
2021-11-03T22:59:40.945+05:00,4.888184431
2021-11-03T22:59:41.446+05:00,4.826442299
2021-11-03T22:59:41.948+05:00,5.051919531
2021-11-03T22:59:42.451+05:00,5.484722721
2021-11-03T22:59:42.954+05:00,5.276550428
2021-11-03T22:59:43.456+05:00,7.611185508
2021-11-03T22:59:43.958+05:00,9.085074188
2021-11-03T22:59:44.461+05:00,5.832361568
2021-11-03T22:59:44.963+05:00,12.23849167
2021-11-03T22:59:45.465+05:00,5.819811867
2021-11-03T22:59:45.968+05:00,10.07815821
2021-11-03T22:59:46.470+05:00,15.23895624
2021-11-03T22:59:46.972+05:00,5.205647881
2021-11-03T22:59:47.475+05:00,2.508004659
2021-11-03T22:59:47.978+05:00,1.644045651
2021-11-03T22:59:48.481+05:00,1.55962839
2021-11-03T22:59:48.984+05:00,1.465415462
2021-11-03T22:59:49.485+05:00,7.569714459
2021-11-03T22:59:49.988+05:00,12.04391672
2021-11-03T22:59:50.490+05:00,20.44863668
2021-11-03T22:59:50.991+05:00,17.06827598
2021-11-03T22:59:51.492+05:00,25.80896344
2021-11-03T22:59:51.993+05:00,23.97717287
2021-11-03T22:59:52.495+05:00,32.41723226
2021-11-03T22:59:52.997+05:00,23.66288284
2021-11-03T22:59:53.499+05:00,23.04546943
2021-11-03T22:59:53.999+05:00,16.30137449
2021-11-03T22:59:54.501+05:00,19.09574354
2021-11-03T22:59:55.003+05:00,17.34516284
2021-11-03T22:59:55.505+05:00,11.93276395
2021-11-03T22:59:56.007+05:00,19.69714971
2021-11-03T22:59:56.510+05:00,8.495303718
2021-11-03T22:59:57.011+05:00,10.79065818
2021-11-03T22:59:57.514+05:00,9.445478293
2021-11-03T22:59:58.017+05:00,6.940112203
2021-11-03T22:59:58.519+05:00,6.124144218
2021-11-03T22:59:59.021+05:00,6.667967172
2021-11-03T22:59:59.524+05:00,6.777242428
2021-11-03T23:00:00.025+05:00,6.643873461
2021-11-03T23:00:00.526+05:00,6.626763699
2021-11-03T23:00:01.028+05:00,13.59080443
2021-11-03T23:00:01.530+05:00,7.409997236
2021-11-03T23:00:02.039+05:00,7.327394042
2021-11-03T23:00:02.541+05:00,7.059821286
2021-11-03T23:00:03.042+05:00,6.371275922
2021-11-03T23:00:03.544+05:00,6.066141878
2021-11-03T23:00:04.046+05:00,6.623719826
2021-11-03T23:00:04.548+05:00,7.725476407
2021-11-03T23:00:05.049+05:00,6.6440822
2021-11-03T23:00:05.551+05:00,6.08049395
2021-11-03T23:00:06.052+05:00,6.713832497
2021-11-03T23:00:06.554+05:00,7.915995978
2021-11-03T23:00:07.056+05:00,6.098591183
2021-11-03T23:00:07.557+05:00,7.269432352
2021-11-03T23:00:08.058+05:00,6.642622155
2021-11-03T23:00:08.559+05:00,10.8594019
2021-11-03T23:00:09.061+05:00,9.00110383
2021-11-03T23:00:09.563+05:00,14.95500789
2021-11-03T23:00:10.064+05:00,4.187899273
2021-11-03T23:00:10.567+05:00,4.028311377
2021-11-03T23:00:11.070+05:00,2.073252282
2021-11-03T23:00:11.573+05:00,1.50302359
2021-11-03T23:00:12.076+05:00,0.843309663
2021-11-03T23:00:12.577+05:00,11.44337
2021-11-03T23:00:13.080+05:00,9.583920987
2021-11-03T23:00:13.582+05:00,4.305835835
2021-11-03T23:00:14.083+05:00,18.30090482
2021-11-03T23:00:14.584+05:00,25.31736312
2021-11-03T23:00:15.085+05:00,21.56909222
2021-11-03T23:00:15.587+05:00,17.41036316
2021-11-03T23:00:16.089+05:00,8.507984285
2021-11-03T23:00:16.590+05:00,8.986259861
2021-11-03T23:00:17.092+05:00,30.28300691
2021-11-03T23:00:17.593+05:00,16.86351741
2021-11-03T23:00:18.096+05:00,13.89177468
2021-11-03T23:00:18.598+05:00,4.419161581
2021-11-03T23:00:19.101+05:00,2.269471831
2021-11-03T23:00:19.604+05:00,3.361767481
2021-11-03T23:00:20.105+05:00,3.372177858
2021-11-03T23:00:20.607+05:00,3.572476026
2021-11-03T23:00:21.109+05:00,2.092344975
2021-11-03T23:00:21.613+05:00,1.449694547
2021-11-03T23:00:22.124+05:00,1.494273449
2021-11-03T23:00:22.627+05:00,2.926433503
2021-11-03T23:00:23.130+05:00,1.835801485
2021-11-03T23:00:23.633+05:00,2.170895946
2021-11-03T23:00:24.136+05:00,1.800361907
2021-11-03T23:00:24.639+05:00,1.600317484
2021-11-03T23:00:25.140+05:00,1.749486716
2021-11-03T23:00:25.642+05:00,6.394449082
2021-11-03T23:00:26.143+05:00,6.945520855
2021-11-03T23:00:26.644+05:00,2.944015221
2021-11-03T23:00:27.146+05:00,2.187133115
2021-11-03T23:00:27.649+05:00,1.628019922
2021-11-03T23:00:28.152+05:00,1.226561647
2021-11-03T23:00:28.655+05:00,1.342087044
2021-11-03T23:00:29.156+05:00,2.056457132
2021-11-03T23:00:29.659+05:00,1.850494934
2021-11-03T23:00:30.162+05:00,1.130057448
2021-11-03T23:00:30.663+05:00,2.871346603
2021-11-03T23:00:31.166+05:00,1.539092779
2021-11-03T23:00:31.668+05:00,1.536790028
2021-11-03T23:00:32.171+05:00,1.286253261
2021-11-03T23:00:32.673+05:00,11.39103836
2021-11-03T23:00:33.175+05:00,3.407533629
2021-11-03T23:00:33.677+05:00,2.510864787
2021-11-03T23:00:34.180+05:00,3.442916328
2021-11-03T23:00:34.684+05:00,1.335045092
2021-11-03T23:00:35.186+05:00,1.575105682
2021-11-03T23:00:35.687+05:00,14.68672715
2021-11-03T23:00:36.189+05:00,6.792155444
2021-11-03T23:00:36.690+05:00,13.54346422
2021-11-03T23:00:37.192+05:00,3.093980344
2021-11-03T23:00:37.694+05:00,6.400724138
2021-11-03T23:00:38.196+05:00,3.129359359
2021-11-03T23:00:38.699+05:00,1.968266053
2021-11-03T23:00:39.202+05:00,0.801608216
2021-11-03T23:00:39.703+05:00,3.866104823
2021-11-03T23:00:40.204+05:00,0.025821904
2021-11-03T23:00:40.706+05:00,1.545001069
2021-11-03T23:00:41.209+05:00,0.093852091
2021-11-03T23:00:41.712+05:00,0.98441821
2021-11-03T23:00:42.215+05:00,0.055884829
2021-11-03T23:00:42.717+05:00,6.333704152
2021-11-03T23:00:43.233+05:00,1.526744905
2021-11-03T23:00:43.736+05:00,1.966626786
2021-11-03T23:00:44.239+05:00,0.612948353
2021-11-03T23:00:44.742+05:00,0.826075688
2021-11-03T23:00:45.245+05:00,0
2021-11-03T23:00:45.749+05:00,2.609136732
2021-11-03T23:00:46.252+05:00,0.201916149
2021-11-03T23:00:46.755+05:00,1.269620607
2021-11-03T23:00:47.257+05:00,0.454731419
2021-11-03T23:00:47.758+05:00,0.894775624
2021-11-03T23:00:48.260+05:00,0.500523083
2021-11-03T23:00:48.763+05:00,0.70931648
2021-11-03T23:00:49.266+05:00,0.132324248
2021-11-03T23:00:49.769+05:00,0.8691513
2021-11-03T23:00:50.271+05:00,0.132188438
2021-11-03T23:00:50.774+05:00,0.438380604
2021-11-03T23:00:51.276+05:00,0.073170926
2021-11-03T23:00:51.779+05:00,2.451239501
2021-11-03T23:00:52.281+05:00,0.058638205
2021-11-03T23:00:52.784+05:00,3.091878532
2021-11-03T23:00:53.286+05:00,0.870412674
2021-11-03T23:00:53.787+05:00,3.263544693
2021-11-03T23:00:54.290+05:00,0.267621259
2021-11-03T23:00:54.793+05:00,0.464305125
2021-11-03T23:00:55.296+05:00,0.462538761
2021-11-03T23:00:55.798+05:00,10.90303356
2021-11-03T23:00:56.301+05:00,1.216723529
2021-11-03T23:00:56.804+05:00,2.26972524
2021-11-03T23:00:57.306+05:00,1.320553753
2021-11-03T23:00:57.808+05:00,2.380186859
2021-11-03T23:00:58.311+05:00,2.129820044
2021-11-03T23:00:58.812+05:00,14.56009269
2021-11-03T23:00:59.313+05:00,8.779524327
2021-11-03T23:00:59.815+05:00,5.209275337
2021-11-03T23:01:00.317+05:00,10.13074537
2021-11-03T23:01:00.819+05:00,18.72838486
2021-11-03T23:01:01.321+05:00,26.26769044
2021-11-03T23:01:01.823+05:00,18.97132071
2021-11-03T23:01:02.328+05:00,10.55334023
2021-11-03T23:01:02.829+05:00,8.804533318
2021-11-03T23:01:03.330+05:00,9.542358454
2021-11-03T23:01:03.831+05:00,11.78512895
2021-11-03T23:01:04.332+05:00,15.40707777
2021-11-03T23:01:04.834+05:00,17.42658689
2021-11-03T23:01:05.335+05:00,29.83951205
2021-11-03T23:01:05.837+05:00,31.68692975
2021-11-03T23:01:06.338+05:00,23.93688624
2021-11-03T23:01:06.840+05:00,24.44911193
2021-11-03T23:01:07.342+05:00,18.0010135
2021-11-03T23:01:07.843+05:00,23.97206916
2021-11-03T23:01:08.345+05:00,6.441026213
2021-11-03T23:01:08.845+05:00,7.175823401
2021-11-03T23:01:09.348+05:00,4.502529248
2021-11-03T23:01:09.850+05:00,3.646554145
2021-11-03T23:01:10.351+05:00,5.078832235
2021-11-03T23:01:10.853+05:00,4.614663745
2021-11-03T23:01:11.355+05:00,5.638874879
2021-11-03T23:01:11.858+05:00,2.263595884
2021-11-03T23:01:12.360+05:00,3.150442922
2021-11-03T23:01:12.863+05:00,1.85294735
2021-11-03T23:01:13.366+05:00,2.525689361
2021-11-03T23:01:13.869+05:00,1.837540364
2021-11-03T23:01:14.371+05:00,2.290941154
2021-11-03T23:01:14.875+05:00,1.711637324
2021-11-03T23:01:15.378+05:00,2.176037891
2021-11-03T23:01:15.880+05:00,1.731969707
2021-11-03T23:01:16.383+05:00,1.9029367
2021-11-03T23:01:16.886+05:00,3.151443966
2021-11-03T23:01:17.388+05:00,2.611903935
2021-11-03T23:01:17.891+05:00,1.602242848
2021-11-03T23:01:18.394+05:00,1.753472013
2021-11-03T23:01:18.896+05:00,12.44518123
2021-11-03T23:01:19.399+05:00,1.767552217
2021-11-03T23:01:19.902+05:00,2.540025419
2021-11-03T23:01:20.405+05:00,2.05963361
2021-11-03T23:01:20.908+05:00,1.627279778
2021-11-03T23:01:21.410+05:00,3.150375741
2021-11-03T23:01:21.911+05:00,14.81925985
2021-11-03T23:01:22.414+05:00,6.06892175
2021-11-03T23:01:22.916+05:00,4.201170135
2021-11-03T23:01:23.417+05:00,7.611714975
2021-11-03T23:01:23.918+05:00,21.61669005
2021-11-03T23:01:24.420+05:00,13.97992886
2021-11-03T23:01:24.922+05:00,34.90550404
2021-11-03T23:01:25.424+05:00,33.63572324
2021-11-03T23:01:25.926+05:00,20.53648026
2021-11-03T23:01:26.428+05:00,15.30229396
2021-11-03T23:01:26.930+05:00,7.547013761
2021-11-03T23:01:27.431+05:00,12.66414613
2021-11-03T23:01:27.932+05:00,35.47507207
2021-11-03T23:01:28.433+05:00,8.971832606
2021-11-03T23:01:28.934+05:00,9.483758025
2021-11-03T23:01:29.435+05:00,5.760871126
2021-11-03T23:01:29.936+05:00,8.773776968
2021-11-03T23:01:30.437+05:00,8.228564554
2021-11-03T23:01:30.939+05:00,10.55921474
2021-11-03T23:01:31.441+05:00,9.846959045
2021-11-03T23:01:31.943+05:00,7.70320787
2021-11-03T23:01:32.444+05:00,7.192694134
2021-11-03T23:01:32.946+05:00,7.921445743
2021-11-03T23:01:33.448+05:00,6.870364208
2021-11-03T23:01:33.951+05:00,3.399577615
2021-11-03T23:01:34.454+05:00,1.669898165
2021-11-03T23:01:34.956+05:00,3.798922945
2021-11-03T23:01:35.459+05:00,1.475379037
2021-11-03T23:01:35.960+05:00,5.251898715
2021-11-03T23:01:36.463+05:00,4.870188195
2021-11-03T23:01:36.966+05:00,3.168226428
2021-11-03T23:01:37.468+05:00,3.160068251
2021-11-03T23:01:37.971+05:00,2.865728077
2021-11-03T23:01:38.473+05:00,1.425447316
2021-11-03T23:01:38.976+05:00,2.740088409
2021-11-03T23:01:39.478+05:00,1.519924267
2021-11-03T23:01:39.980+05:00,3.470088511
2021-11-03T23:01:40.482+05:00,2.342176197
2021-11-03T23:01:40.985+05:00,3.140363259
2021-11-03T23:01:41.487+05:00,1.438603462
2021-11-03T23:01:41.989+05:00,12.69721617
2021-11-03T23:01:42.491+05:00,3.453717297
2021-11-03T23:01:42.994+05:00,2.840349561
2021-11-03T23:01:43.497+05:00,2.20486283
2021-11-03T23:01:44.007+05:00,0.634992211
2021-11-03T23:01:44.510+05:00,1.999823866
2021-11-03T23:01:45.011+05:00,14.88266452
2021-11-03T23:01:45.513+05:00,5.577676564
2021-11-03T23:01:46.015+05:00,4.45835504
2021-11-03T23:01:46.518+05:00,3.892786828
2021-11-03T23:01:47.020+05:00,3.756548929
2021-11-03T23:01:47.522+05:00,3.837058814
2021-11-03T23:01:48.023+05:00,14.51329295
2021-11-03T23:01:48.525+05:00,21.04696317
2021-11-03T23:01:49.027+05:00,15.04957786
2021-11-03T23:01:49.529+05:00,5.56495843
2021-11-03T23:01:50.030+05:00,22.45537306
2021-11-03T23:01:50.532+05:00,17.02849265
2021-11-03T23:01:51.034+05:00,3.315126164
2021-11-03T23:01:51.536+05:00,3.113125892
2021-11-03T23:01:52.037+05:00,2.467544338
2021-11-03T23:01:52.538+05:00,5.141754849
2021-11-03T23:01:53.040+05:00,4.100325599
2021-11-03T23:01:53.543+05:00,1.078770683
2021-11-03T23:01:54.045+05:00,1.806595275
2021-11-03T23:01:54.547+05:00,0.741840122
2021-11-03T23:01:55.049+05:00,2.204576643
2021-11-03T23:01:55.552+05:00,2.027528301
2021-11-03T23:01:56.054+05:00,1.079851414
2021-11-03T23:01:56.557+05:00,0.934953749
2021-11-03T23:01:57.059+05:00,0.327652433
2021-11-03T23:01:57.562+05:00,0.761694443
2021-11-03T23:01:58.064+05:00,1.811469097
2021-11-03T23:01:58.567+05:00,0.719353011
2021-11-03T23:01:59.069+05:00,0.565997783
2021-11-03T23:01:59.571+05:00,0.981365687
2021-11-03T23:02:00.074+05:00,1.878035468
2021-11-03T23:02:00.577+05:00,0.883070631
2021-11-03T23:02:01.080+05:00,5.526785578
2021-11-03T23:02:01.582+05:00,0.432880703
2021-11-03T23:02:02.085+05:00,0.972590005
2021-11-03T23:02:02.588+05:00,0.539043252
2021-11-03T23:02:03.090+05:00,4.331680952
2021-11-03T23:02:03.591+05:00,2.295250631
2021-11-03T23:02:04.093+05:00,2.306972784
2021-11-03T23:02:04.596+05:00,0.317698556
2021-11-03T23:02:05.109+05:00,13.78541032
2021-11-03T23:02:05.611+05:00,2.54838336
2021-11-03T23:02:06.113+05:00,4.322986354
2021-11-03T23:02:06.616+05:00,1.067954765
2021-11-03T23:02:07.119+05:00,1.590681604
2021-11-03T23:02:07.622+05:00,1.58080209
2021-11-03T23:02:08.124+05:00,15.46222091
2021-11-03T23:02:08.626+05:00,5.215659265
2021-11-03T23:02:09.128+05:00,4.372614207
2021-11-03T23:02:09.630+05:00,19.06027152
2021-11-03T23:02:10.131+05:00,5.686224882
2021-11-03T23:02:10.633+05:00,5.426503812
2021-11-03T23:02:11.135+05:00,5.11834364
2021-11-03T23:02:11.638+05:00,5.985991913
2021-11-03T23:02:12.139+05:00,4.979296681
2021-11-03T23:02:12.640+05:00,5.18332576
2021-11-03T23:02:13.142+05:00,8.225584083
2021-11-03T23:02:13.643+05:00,27.33476486
2021-11-03T23:02:14.145+05:00,32.52910239
2021-11-03T23:02:14.646+05:00,36.95412214
2021-11-03T23:02:15.147+05:00,35.64972367
2021-11-03T23:02:15.649+05:00,33.67770155
2021-11-03T23:02:16.151+05:00,31.27703867
2021-11-03T23:02:16.653+05:00,15.29120136
2021-11-03T23:02:17.155+05:00,27.92026221
2021-11-03T23:02:17.656+05:00,25.88584341
2021-11-03T23:02:18.158+05:00,10.43440393
2021-11-03T23:02:18.660+05:00,23.45049592
2021-11-03T23:02:19.161+05:00,18.74567245
2021-11-03T23:02:19.663+05:00,20.15512476
2021-11-03T23:02:20.164+05:00,18.99402122
2021-11-03T23:02:20.665+05:00,23.71526687
2021-11-03T23:02:21.166+05:00,27.20068581
2021-11-03T23:02:21.668+05:00,24.53735771
2021-11-03T23:02:22.169+05:00,37.27245354
2021-11-03T23:02:22.670+05:00,21.84075448
2021-11-03T23:02:23.171+05:00,9.485177009
2021-11-03T23:02:23.672+05:00,26.80687366
2021-11-03T23:02:24.173+05:00,7.420162849
2021-11-03T23:02:24.674+05:00,4.795222136
2021-11-03T23:02:25.175+05:00,5.311936071
2021-11-03T23:02:25.676+05:00,8.546926735
2021-11-03T23:02:26.178+05:00,5.971306562
2021-11-03T23:02:26.680+05:00,7.364203423
2021-11-03T23:02:27.181+05:00,11.75628514
2021-11-03T23:02:27.682+05:00,4.895531997
2021-11-03T23:02:28.184+05:00,23.84704416
2021-11-03T23:02:28.685+05:00,10.51297041
2021-11-03T23:02:29.187+05:00,6.083289243
2021-11-03T23:02:29.689+05:00,5.369506305
2021-11-03T23:02:30.190+05:00,1.583452166
2021-11-03T23:02:30.691+05:00,2.295884067
2021-11-03T23:02:31.192+05:00,17.2713857
2021-11-03T23:02:31.693+05:00,14.20173255
2021-11-03T23:02:32.194+05:00,19.23142411
2021-11-03T23:02:32.695+05:00,18.13072196
2021-11-03T23:02:33.196+05:00,38.16199455
2021-11-03T23:02:33.698+05:00,36.68680982
2021-11-03T23:02:34.199+05:00,9.018233135
2021-11-03T23:02:34.700+05:00,8.563972909
2021-11-03T23:02:35.201+05:00,17.47029613
2021-11-03T23:02:35.702+05:00,12.83360352
2021-11-03T23:02:36.203+05:00,10.70069407
2021-11-03T23:02:36.704+05:00,11.02713178
2021-11-03T23:02:37.206+05:00,10.47178482
2021-11-03T23:02:37.707+05:00,6.082373379
2021-11-03T23:02:38.208+05:00,9.587853717
2021-11-03T23:02:38.710+05:00,8.310143691
2021-11-03T23:02:39.211+05:00,9.74076881
2021-11-03T23:02:39.714+05:00,5.116226073
2021-11-03T23:02:40.216+05:00,7.816841848
2021-11-03T23:02:40.719+05:00,4.079791031
2021-11-03T23:02:41.220+05:00,8.709485162
2021-11-03T23:02:41.723+05:00,5.050746889
2021-11-03T23:02:42.224+05:00,10.08866672
2021-11-03T23:02:42.727+05:00,4.950367731
2021-11-03T23:02:43.230+05:00,9.585881498
2021-11-03T23:02:43.731+05:00,5.528643779
2021-11-03T23:02:44.232+05:00,10.80148571
2021-11-03T23:02:44.735+05:00,4.132713027
2021-11-03T23:02:45.237+05:00,10.05745288
2021-11-03T23:02:45.739+05:00,4.490464247
2021-11-03T23:02:46.247+05:00,9.144181926
2021-11-03T23:02:46.750+05:00,5.237519928
2021-11-03T23:02:47.253+05:00,8.929872897
2021-11-03T23:02:47.754+05:00,4.254252049
2021-11-03T23:02:48.255+05:00,8.414007847
2021-11-03T23:02:48.756+05:00,5.535951262
2021-11-03T23:02:49.257+05:00,10.32934972
2021-11-03T23:02:49.758+05:00,6.710471981
2021-11-03T23:02:50.260+05:00,7.971957536
2021-11-03T23:02:50.762+05:00,5.31011722
2021-11-03T23:02:51.264+05:00,11.98153371
2021-11-03T23:02:51.767+05:00,3.975252001
2021-11-03T23:02:52.269+05:00,1.829957875
2021-11-03T23:02:52.771+05:00,3.374117969
2021-11-03T23:02:53.272+05:00,2.32466533
2021-11-03T23:02:53.775+05:00,1.732055245
2021-11-03T23:02:54.276+05:00,15.87958711
2021-11-03T23:02:54.778+05:00,4.387588785
2021-11-03T23:02:55.281+05:00,4.346495741
2021-11-03T23:02:55.783+05:00,3.681459309
2021-11-03T23:02:56.285+05:00,4.310682972
2021-11-03T23:02:56.787+05:00,4.228166834
2021-11-03T23:02:57.289+05:00,4.163356094
2021-11-03T23:02:57.792+05:00,4.073639279
2021-11-03T23:02:58.294+05:00,3.861022544
2021-11-03T23:02:58.796+05:00,3.910186769
2021-11-03T23:02:59.298+05:00,4.004224913
2021-11-03T23:02:59.800+05:00,3.756426251
2021-11-03T23:03:00.302+05:00,4.571729595
2021-11-03T23:03:00.803+05:00,6.040842603
2021-11-03T23:03:01.305+05:00,6.635951064
2021-11-03T23:03:01.807+05:00,4.13444734
2021-11-03T23:03:02.309+05:00,3.881369247
2021-11-03T23:03:02.811+05:00,3.792942962
2021-11-03T23:03:03.312+05:00,4.561188078
2021-11-03T23:03:03.813+05:00,4.700176046
2021-11-03T23:03:04.315+05:00,4.262242063
2021-11-03T23:03:04.817+05:00,4.115946363
2021-11-03T23:03:05.320+05:00,4.705765299
2021-11-03T23:03:05.821+05:00,4.298553156
2021-11-03T23:03:06.323+05:00,5.239471693
2021-11-03T23:03:06.825+05:00,3.862821249
2021-11-03T23:03:07.338+05:00,3.726817287
2021-11-03T23:03:07.840+05:00,4.208188049
2021-11-03T23:03:08.343+05:00,3.701262831
2021-11-03T23:03:08.844+05:00,4.606209637
2021-11-03T23:03:09.346+05:00,5.404357789
2021-11-03T23:03:09.848+05:00,4.709517695
2021-11-03T23:03:10.351+05:00,4.00392945
2021-11-03T23:03:10.852+05:00,4.361802816
2021-11-03T23:03:11.353+05:00,12.27549418
2021-11-03T23:03:11.856+05:00,8.123336326
2021-11-03T23:03:12.358+05:00,5.352934846
2021-11-03T23:03:12.859+05:00,3.831966123
2021-11-03T23:03:13.362+05:00,3.924661512
2021-11-03T23:03:13.864+05:00,4.084564552
2021-11-03T23:03:14.367+05:00,9.628941932
2021-11-03T23:03:14.870+05:00,1.682751757
2021-11-03T23:03:15.373+05:00,2.604099543
2021-11-03T23:03:15.876+05:00,1.427158349
2021-11-03T23:03:16.379+05:00,3.439329879
2021-11-03T23:03:16.882+05:00,1.934994536
2021-11-03T23:03:17.383+05:00,15.65899408
2021-11-03T23:03:17.884+05:00,11.37139117
2021-11-03T23:03:18.386+05:00,16.35698548
2021-11-03T23:03:18.887+05:00,11.08728531
2021-11-03T23:03:19.387+05:00,22.05563418
2021-11-03T23:03:19.888+05:00,16.69577542
2021-11-03T23:03:20.390+05:00,22.78003068
2021-11-03T23:03:20.891+05:00,14.60452317
2021-11-03T23:03:21.393+05:00,8.040435864
2021-11-03T23:03:21.895+05:00,7.580245084
2021-11-03T23:03:22.396+05:00,10.26367548
2021-11-03T23:03:22.897+05:00,33.89845145
2021-11-03T23:03:23.398+05:00,41.96978836
2021-11-03T23:03:23.899+05:00,37.50846939
2021-11-03T23:03:24.401+05:00,29.12055273
2021-11-03T23:03:24.902+05:00,11.12530745
2021-11-03T23:03:25.404+05:00,11.95203628
2021-11-03T23:03:25.905+05:00,16.98232578
2021-11-03T23:03:26.406+05:00,10.41168214
2021-11-03T23:03:26.909+05:00,7.896474903
2021-11-03T23:03:27.411+05:00,6.96629432
2021-11-03T23:03:27.913+05:00,17.45661963
2021-11-03T23:03:28.415+05:00,12.79049323
2021-11-03T23:03:28.916+05:00,11.27378798
2021-11-03T23:03:29.419+05:00,5.466518584
2021-11-03T23:03:29.921+05:00,7.144386232
2021-11-03T23:03:30.422+05:00,5.232482365
2021-11-03T23:03:30.923+05:00,10.27969035
2021-11-03T23:03:31.426+05:00,9.626294125
2021-11-03T23:03:31.929+05:00,12.01832428
2021-11-03T23:03:32.432+05:00,7.130135284
2021-11-03T23:03:32.934+05:00,6.153948696
2021-11-03T23:03:33.435+05:00,4.262482271
2021-11-03T23:03:33.936+05:00,9.020451079
2021-11-03T23:03:34.438+05:00,10.4590282
2021-11-03T23:03:34.941+05:00,11.47573962
2021-11-03T23:03:35.443+05:00,6.888730678
2021-11-03T23:03:35.946+05:00,7.871136635
2021-11-03T23:03:36.448+05:00,6.982837818
2021-11-03T23:03:36.949+05:00,8.761491277
2021-11-03T23:03:37.452+05:00,13.39362602
2021-11-03T23:03:37.953+05:00,4.396894454
2021-11-03T23:03:38.455+05:00,2.339048138
2021-11-03T23:03:38.957+05:00,1.871741516
2021-11-03T23:03:39.460+05:00,1.530376591
2021-11-03T23:03:39.963+05:00,1.437792575
2021-11-03T23:03:40.465+05:00,15.81478867
2021-11-03T23:03:40.966+05:00,5.156645757
2021-11-03T23:03:41.468+05:00,5.843750167
2021-11-03T23:03:41.969+05:00,18.60135301
2021-11-03T23:03:42.470+05:00,23.43578808
2021-11-03T23:03:42.972+05:00,15.38925825
2021-11-03T23:03:43.473+05:00,10.4096971
2021-11-03T23:03:43.974+05:00,23.60937337
2021-11-03T23:03:44.476+05:00,34.0516086
2021-11-03T23:03:44.977+05:00,24.29194774
2021-11-03T23:03:45.478+05:00,9.627541266
2021-11-03T23:03:45.980+05:00,7.656391596
2021-11-03T23:03:46.482+05:00,8.324198863
2021-11-03T23:03:46.983+05:00,7.337220236
2021-11-03T23:03:47.485+05:00,6.182060673
2021-11-03T23:03:47.986+05:00,6.691632228
2021-11-03T23:03:48.497+05:00,8.366962312
2021-11-03T23:03:48.999+05:00,9.709216701
2021-11-03T23:03:49.501+05:00,9.573965289
2021-11-03T23:03:50.003+05:00,7.936543471
2021-11-03T23:03:50.505+05:00,6.551773527
2021-11-03T23:03:51.007+05:00,7.163530381
2021-11-03T23:03:51.508+05:00,7.031437861
2021-11-03T23:03:52.009+05:00,6.295075854
2021-11-03T23:03:52.510+05:00,7.934866257
2021-11-03T23:03:53.012+05:00,7.871823975
2021-11-03T23:03:53.514+05:00,9.535096559
2021-11-03T23:03:54.017+05:00,7.597355609
2021-11-03T23:03:54.519+05:00,8.501888244
2021-11-03T23:03:55.021+05:00,7.347372422
2021-11-03T23:03:55.522+05:00,7.429211359
2021-11-03T23:03:56.024+05:00,7.420110457
2021-11-03T23:03:56.525+05:00,8.131489632
2021-11-03T23:03:57.027+05:00,9.382883584
2021-11-03T23:03:57.529+05:00,8.275742874
2021-11-03T23:03:58.030+05:00,6.784586689
2021-11-03T23:03:58.533+05:00,7.446056579
2021-11-03T23:03:59.034+05:00,8.795257988
2021-11-03T23:03:59.536+05:00,7.746240507
2021-11-03T23:04:00.037+05:00,7.243124635
2021-11-03T23:04:00.538+05:00,13.969009
2021-11-03T23:04:01.040+05:00,7.094602004
2021-11-03T23:04:01.543+05:00,2.489231238
2021-11-03T23:04:02.045+05:00,1.801228421
2021-11-03T23:04:02.547+05:00,1.963259696
2021-11-03T23:04:03.049+05:00,2.836959052
2021-11-03T23:04:03.552+05:00,15.62241013
2021-11-03T23:04:04.054+05:00,5.045247554
2021-11-03T23:04:04.556+05:00,4.412522549
2021-11-03T23:04:05.058+05:00,5.631041856
2021-11-03T23:04:05.560+05:00,4.291036669
2021-11-03T23:04:06.062+05:00,18.22457439
2021-11-03T23:04:06.564+05:00,6.683634332
2021-11-03T23:04:07.065+05:00,9.05686352
2021-11-03T23:04:07.567+05:00,20.81314329
2021-11-03T23:04:08.068+05:00,22.2743661
2021-11-03T23:04:08.582+05:00,38.95457098
2021-11-03T23:04:09.083+05:00,34.22319138
2021-11-03T23:04:09.584+05:00,28.74952121
2021-11-03T23:04:10.085+05:00,19.57791638
2021-11-03T23:04:10.586+05:00,8.020770516
2021-11-03T23:04:11.088+05:00,22.87562003
2021-11-03T23:04:11.590+05:00,20.39440308
2021-11-03T23:04:12.091+05:00,5.138560875
2021-11-03T23:04:12.592+05:00,4.373993517
2021-11-03T23:04:13.093+05:00,3.621144178
2021-11-03T23:04:13.594+05:00,4.699136964
2021-11-03T23:04:14.096+05:00,7.363185409
2021-11-03T23:04:14.597+05:00,3.157163783
2021-11-03T23:04:15.098+05:00,4.588438813
2021-11-03T23:04:15.600+05:00,2.322752372
2021-11-03T23:04:16.102+05:00,3.635901214
2021-11-03T23:04:16.605+05:00,2.376874105
2021-11-03T23:04:17.108+05:00,2.309148595
2021-11-03T23:04:17.609+05:00,10.10495351
2021-11-03T23:04:18.110+05:00,7.604573762
2021-11-03T23:04:18.612+05:00,2.272128459
2021-11-03T23:04:19.114+05:00,4.379075833
2021-11-03T23:04:19.617+05:00,4.277631909
2021-11-03T23:04:20.118+05:00,5.181616875
2021-11-03T23:04:20.619+05:00,1.853869925
2021-11-03T23:04:21.122+05:00,1.269904378
2021-11-03T23:04:21.624+05:00,2.725579614
2021-11-03T23:04:22.127+05:00,1.496815716
2021-11-03T23:04:22.630+05:00,1.051673132
2021-11-03T23:04:23.131+05:00,4.035780982
2021-11-03T23:04:23.633+05:00,18.19119383
2021-11-03T23:04:24.135+05:00,4.136130093
2021-11-03T23:04:24.638+05:00,2.030204465
2021-11-03T23:04:25.141+05:00,1.207344355
2021-11-03T23:04:25.644+05:00,1.399712686
2021-11-03T23:04:26.146+05:00,2.334669341
2021-11-03T23:04:26.648+05:00,14.63516328
2021-11-03T23:04:27.150+05:00,6.915237952
2021-11-03T23:04:27.651+05:00,18.28534858
2021-11-03T23:04:28.153+05:00,19.23946631
2021-11-03T23:04:28.655+05:00,14.05532506
2021-11-03T23:04:29.158+05:00,4.157655046
2021-11-03T23:04:29.672+05:00,3.967696895
2021-11-03T23:04:30.174+05:00,2.524349102
2021-11-03T23:04:30.677+05:00,1.20285481
2021-11-03T23:04:31.180+05:00,0.337286413
2021-11-03T23:04:31.683+05:00,2.907608603
2021-11-03T23:04:32.187+05:00,0.729915984
2021-11-03T23:04:32.690+05:00,1.194757729
2021-11-03T23:04:33.191+05:00,2.750102559
2021-11-03T23:04:33.694+05:00,5.610422805
2021-11-03T23:04:34.197+05:00,3.17821029
2021-11-03T23:04:34.698+05:00,2.444124045
2021-11-03T23:04:35.201+05:00,1.145484293
2021-11-03T23:04:35.705+05:00,1.898586665
2021-11-03T23:04:36.208+05:00,3.426641376
2021-11-03T23:04:36.711+05:00,1.728831224
2021-11-03T23:04:37.213+05:00,0.892075676
2021-11-03T23:04:37.715+05:00,1.575223546
2021-11-03T23:04:38.217+05:00,2.581234606
2021-11-03T23:04:38.720+05:00,0.648923016
2021-11-03T23:04:39.223+05:00,2.146959006
2021-11-03T23:04:39.726+05:00,1.267723955
2021-11-03T23:04:40.230+05:00,1.926458959
2021-11-03T23:04:40.733+05:00,1.096118794
2021-11-03T23:04:41.234+05:00,1.648857858
2021-11-03T23:04:41.737+05:00,0.63111196
2021-11-03T23:04:42.240+05:00,0.888537886
2021-11-03T23:04:42.743+05:00,0.536140431
2021-11-03T23:04:43.246+05:00,1.028670278
2021-11-03T23:04:43.748+05:00,5.127307846
2021-11-03T23:04:44.251+05:00,3.833553645
2021-11-03T23:04:44.754+05:00,4.525166145
2021-11-03T23:04:45.257+05:00,0.697330359
2021-11-03T23:04:45.760+05:00,0.647558895
2021-11-03T23:04:46.262+05:00,11.35363234
2021-11-03T23:04:46.763+05:00,15.23424496
2021-11-03T23:04:47.265+05:00,3.326983934
2021-11-03T23:04:47.767+05:00,2.454358676
2021-11-03T23:04:48.270+05:00,1.766510132
2021-11-03T23:04:48.771+05:00,2.42537107
2021-11-03T23:04:49.272+05:00,4.996864352
2021-11-03T23:04:49.775+05:00,14.21949079
2021-11-03T23:04:50.286+05:00,3.634627047
2021-11-03T23:04:50.787+05:00,13.06898861
2021-11-03T23:04:51.289+05:00,18.8559763
2021-11-03T23:04:51.791+05:00,5.627007107
2021-11-03T23:04:52.293+05:00,4.450356773
2021-11-03T23:04:52.795+05:00,5.078935258
2021-11-03T23:04:53.297+05:00,4.411102567
2021-11-03T23:04:53.799+05:00,4.129939463
2021-11-03T23:04:54.301+05:00,4.752881366
2021-11-03T23:04:54.803+05:00,14.68821919
2021-11-03T23:04:55.305+05:00,5.967080404
2021-11-03T23:04:55.808+05:00,5.272755853
2021-11-03T23:04:56.309+05:00,5.629791989
2021-11-03T23:04:56.811+05:00,4.865243661
2021-11-03T23:04:57.313+05:00,5.269362267
2021-11-03T23:04:57.815+05:00,5.793639864
2021-11-03T23:04:58.317+05:00,18.41990583
2021-11-03T23:04:58.818+05:00,5.16813494
2021-11-03T23:04:59.320+05:00,5.149418479
2021-11-03T23:04:59.822+05:00,6.055270308
2021-11-03T23:05:00.324+05:00,5.290675262
2021-11-03T23:05:00.825+05:00,6.603380523
2021-11-03T23:05:01.327+05:00,6.271185392
2021-11-03T23:05:01.829+05:00,9.158213593
2021-11-03T23:05:02.331+05:00,8.186954234
2021-11-03T23:05:02.832+05:00,26.09834226
2021-11-03T23:05:03.333+05:00,12.60278405
2021-11-03T23:05:03.835+05:00,7.744861059
2021-11-03T23:05:04.337+05:00,9.717842962
2021-11-03T23:05:04.838+05:00,14.35290952
2021-11-03T23:05:05.339+05:00,23.92534102
2021-11-03T23:05:05.841+05:00,24.20407289
2021-11-03T23:05:06.343+05:00,6.222289989
2021-11-03T23:05:06.846+05:00,3.723664638
2021-11-03T23:05:07.348+05:00,1.61121005
2021-11-03T23:05:07.850+05:00,3.203795719
2021-11-03T23:05:08.352+05:00,14.63408082
2021-11-03T23:05:08.854+05:00,3.373879029
2021-11-03T23:05:09.356+05:00,9.619845197
2021-11-03T23:05:09.859+05:00,5.936173352
2021-11-03T23:05:10.361+05:00,3.241963533
2021-11-03T23:05:10.863+05:00,2.39130512
2021-11-03T23:05:11.377+05:00,0.900177693
2021-11-03T23:05:11.880+05:00,1.819843718
2021-11-03T23:05:12.382+05:00,6.350446306
2021-11-03T23:05:12.884+05:00,13.80231136
2021-11-03T23:05:13.385+05:00,6.32762673
2021-11-03T23:05:13.887+05:00,21.95624137
2021-11-03T23:05:14.388+05:00,22.62445845
2021-11-03T23:05:14.889+05:00,15.24292767
2021-11-03T23:05:15.392+05:00,7.802477406
2021-11-03T23:05:15.893+05:00,10.14868188
2021-11-03T23:05:16.394+05:00,11.92749027
2021-11-03T23:05:16.896+05:00,14.2007247
2021-11-03T23:05:17.397+05:00,9.47330849
2021-11-03T23:05:17.898+05:00,17.18779043
2021-11-03T23:05:18.399+05:00,13.51096346
2021-11-03T23:05:18.901+05:00,4.727966941
2021-11-03T23:05:19.403+05:00,5.635201802
2021-11-03T23:05:19.905+05:00,5.432081982
2021-11-03T23:05:20.407+05:00,5.402132719
2021-11-03T23:05:20.910+05:00,3.192855839
2021-11-03T23:05:21.411+05:00,5.038578405
2021-11-03T23:05:21.913+05:00,5.911026182
2021-11-03T23:05:22.416+05:00,5.44483997
2021-11-03T23:05:22.918+05:00,4.189910899
2021-11-03T23:05:23.421+05:00,2.984896348
2021-11-03T23:05:23.923+05:00,3.177248768
2021-11-03T23:05:24.426+05:00,3.234391539
2021-11-03T23:05:24.928+05:00,3.232376328
2021-11-03T23:05:25.431+05:00,3.237512116
2021-11-03T23:05:25.933+05:00,4.764971205
2021-11-03T23:05:26.435+05:00,3.649193177
2021-11-03T23:05:26.938+05:00,6.314606968
2021-11-03T23:05:27.441+05:00,3.88089567
2021-11-03T23:05:27.944+05:00,4.023241707
2021-11-03T23:05:28.446+05:00,3.237153458
2021-11-03T23:05:28.948+05:00,4.39887367
2021-11-03T23:05:29.450+05:00,5.411136727
2021-11-03T23:05:29.952+05:00,4.0256434
2021-11-03T23:05:30.454+05:00,5.223862546
2021-11-03T23:05:30.956+05:00,3.949000977
2021-11-03T23:05:31.459+05:00,2.859780248
2021-11-03T23:05:31.961+05:00,4.058237525
2021-11-03T23:05:32.468+05:00,15.68697659
2021-11-03T23:05:32.969+05:00,5.887898449
2021-11-03T23:05:33.470+05:00,3.07193202
2021-11-03T23:05:33.973+05:00,2.106921747
2021-11-03T23:05:34.476+05:00,1.389592896
2021-11-03T23:05:34.977+05:00,3.952492672
2021-11-03T23:05:35.478+05:00,7.35964081
2021-11-03T23:05:35.980+05:00,13.52439024
2021-11-03T23:05:36.482+05:00,4.233384297
2021-11-03T23:05:36.983+05:00,21.68049843
2021-11-03T23:05:37.486+05:00,16.607377
2021-11-03T23:05:37.988+05:00,10.74525783
2021-11-03T23:05:38.491+05:00,4.144631696
2021-11-03T23:05:38.993+05:00,4.964729105
2021-11-03T23:05:39.496+05:00,2.841021835
2021-11-03T23:05:39.999+05:00,2.310309445
2021-11-03T23:05:40.502+05:00,1.552957886
2021-11-03T23:05:41.004+05:00,3.018879591
2021-11-03T23:05:41.507+05:00,1.179361024
2021-11-03T23:05:42.010+05:00,1.778617149
2021-11-03T23:05:42.511+05:00,2.603956496
2021-11-03T23:05:43.013+05:00,2.685816781
2021-11-03T23:05:43.516+05:00,2.27239909
2021-11-03T23:05:44.018+05:00,2.141341053
2021-11-03T23:05:44.520+05:00,1.565965306
2021-11-03T23:05:45.022+05:00,1.993529666
2021-11-03T23:05:45.525+05:00,1.737437981
2021-11-03T23:05:46.028+05:00,3.443063605
2021-11-03T23:05:46.531+05:00,0.794802149
2021-11-03T23:05:47.033+05:00,2.577688835
2021-11-03T23:05:47.536+05:00,1.860645878
2021-11-03T23:05:48.038+05:00,1.686931994
2021-11-03T23:05:48.541+05:00,1.469778275
2021-11-03T23:05:49.044+05:00,1.545655176
2021-11-03T23:05:49.547+05:00,0.691459327
2021-11-03T23:05:50.048+05:00,2.530697128
2021-11-03T23:05:50.549+05:00,3.304250018
2021-11-03T23:05:51.052+05:00,1.751997177
2021-11-03T23:05:51.555+05:00,1.605614319
2021-11-03T23:05:52.057+05:00,1.65517748
2021-11-03T23:05:52.569+05:00,2.588287999
2021-11-03T23:05:53.072+05:00,4.296272744
2021-11-03T23:05:53.575+05:00,4.410581877
2021-11-03T23:05:54.079+05:00,1.521688217
2021-11-03T23:05:54.582+05:00,1.659505762
2021-11-03T23:05:55.085+05:00,1.785238277
2021-11-03T23:05:55.586+05:00,11.78718506
2021-11-03T23:05:56.089+05:00,5.623472081
2021-11-03T23:05:56.591+05:00,2.007320204
2021-11-03T23:05:57.094+05:00,1.784462217
2021-11-03T23:05:57.596+05:00,1.80443273
2021-11-03T23:05:58.098+05:00,1.79903019
2021-11-03T23:05:58.599+05:00,8.781470778
2021-11-03T23:05:59.102+05:00,11.86180728
2021-11-03T23:05:59.604+05:00,3.88689449
2021-11-03T23:06:00.107+05:00,4.762959822
2021-11-03T23:06:00.609+05:00,4.272355481
2021-11-03T23:06:01.111+05:00,21.83839587
2021-11-03T23:06:01.613+05:00,5.487515051
2021-11-03T23:06:02.115+05:00,18.27028009
2021-11-03T23:06:02.617+05:00,14.88086965
2021-11-03T23:06:03.118+05:00,6.463007074
2021-11-03T23:06:03.620+05:00,10.25204711
2021-11-03T23:06:04.124+05:00,2.978840067
2021-11-03T23:06:04.627+05:00,2.835716558
2021-11-03T23:06:05.130+05:00,3.482489063
2021-11-03T23:06:05.633+05:00,3.317934447
2021-11-03T23:06:06.136+05:00,3.650362456
2021-11-03T23:06:06.637+05:00,3.264176136
2021-11-03T23:06:07.140+05:00,3.261793788
2021-11-03T23:06:07.641+05:00,1.151597897
2021-11-03T23:06:08.144+05:00,2.296586319
2021-11-03T23:06:08.646+05:00,1.258407432
2021-11-03T23:06:09.149+05:00,2.00165498
2021-11-03T23:06:09.652+05:00,0.65355411
2021-11-03T23:06:10.154+05:00,1.712369466
2021-11-03T23:06:10.657+05:00,0.748907022
2021-11-03T23:06:11.160+05:00,2.08103527
2021-11-03T23:06:11.663+05:00,0.259424277
2021-11-03T23:06:12.165+05:00,1.573612581
2021-11-03T23:06:12.668+05:00,0.58617879
2021-11-03T23:06:13.171+05:00,1.002706394
2021-11-03T23:06:13.681+05:00,0.576965308
2021-11-03T23:06:14.184+05:00,0.307566239
2021-11-03T23:06:14.686+05:00,1.471688266
2021-11-03T23:06:15.189+05:00,0.68262358
2021-11-03T23:06:15.692+05:00,0.590270477
2021-11-03T23:06:16.194+05:00,2.706134545
2021-11-03T23:06:16.695+05:00,2.748279711
2021-11-03T23:06:17.197+05:00,4.528801518
2021-11-03T23:06:17.698+05:00,3.985753227
2021-11-03T23:06:18.201+05:00,2.424064662
2021-11-03T23:06:18.702+05:00,11.87764527
2021-11-03T23:06:19.205+05:00,3.808786777
2021-11-03T23:06:19.708+05:00,2.181026032
2021-11-03T23:06:20.211+05:00,1.662407456
2021-11-03T23:06:20.714+05:00,1.767064333
2021-11-03T23:06:21.217+05:00,1.790711808
2021-11-03T23:06:21.718+05:00,15.45751253
2021-11-03T23:06:22.219+05:00,17.60881523
2021-11-03T23:06:22.721+05:00,17.51188094
2021-11-03T23:06:23.222+05:00,14.49137216
2021-11-03T23:06:23.723+05:00,14.92535501
2021-11-03T23:06:24.224+05:00,27.62146669
2021-11-03T23:06:24.725+05:00,25.4590401
2021-11-03T23:06:25.226+05:00,25.49596376
2021-11-03T23:06:25.728+05:00,24.82776659
2021-11-03T23:06:26.230+05:00,18.28800527
2021-11-03T23:06:26.732+05:00,7.810522896
2021-11-03T23:06:27.233+05:00,9.583131851
2021-11-03T23:06:27.735+05:00,11.01841605
2021-11-03T23:06:28.237+05:00,7.548126115
2021-11-03T23:06:28.739+05:00,10.56196131
2021-11-03T23:06:29.240+05:00,22.20783438
2021-11-03T23:06:29.741+05:00,18.33057602
2021-11-03T23:06:30.243+05:00,8.941983132
2021-11-03T23:06:30.745+05:00,6.285018349
2021-11-03T23:06:31.247+05:00,11.20567405
2021-11-03T23:06:31.749+05:00,9.567251643
2021-11-03T23:06:32.250+05:00,6.46451804
2021-11-03T23:06:32.752+05:00,6.064990929
2021-11-03T23:06:33.253+05:00,9.100955379
2021-11-03T23:06:33.755+05:00,8.307988529
2021-11-03T23:06:34.256+05:00,14.81619261
2021-11-03T23:06:34.768+05:00,14.68829833
2021-11-03T23:06:35.270+05:00,8.508905238
2021-11-03T23:06:35.771+05:00,7.700458225
2021-11-03T23:06:36.273+05:00,7.876193817
2021-11-03T23:06:36.775+05:00,5.672494797
2021-11-03T23:06:37.277+05:00,6.724330943
2021-11-03T23:06:37.779+05:00,7.2781841
2021-11-03T23:06:38.281+05:00,6.176594628
2021-11-03T23:06:38.784+05:00,5.801715949
2021-11-03T23:06:39.286+05:00,13.47504048
2021-11-03T23:06:39.787+05:00,11.49228904
2021-11-03T23:06:40.289+05:00,5.952416215
2021-11-03T23:06:40.792+05:00,9.095133525
2021-11-03T23:06:41.294+05:00,8.429502385
2021-11-03T23:06:41.796+05:00,15.0252279
2021-11-03T23:06:42.299+05:00,5.171019988
2021-11-03T23:06:42.802+05:00,3.447209652
2021-11-03T23:06:43.305+05:00,2.295670051
2021-11-03T23:06:43.808+05:00,1.678241179
2021-11-03T23:06:44.311+05:00,1.442510918
2021-11-03T23:06:44.813+05:00,13.2461222
2021-11-03T23:06:45.315+05:00,6.125989213
2021-11-03T23:06:45.816+05:00,20.35930778
2021-11-03T23:06:46.317+05:00,13.77895715
2021-11-03T23:06:46.819+05:00,23.19524829
2021-11-03T23:06:47.320+05:00,24.15101784
2021-11-03T23:06:47.823+05:00,6.852605727
2021-11-03T23:06:48.326+05:00,3.9576224
2021-11-03T23:06:48.827+05:00,2.647571308
2021-11-03T23:06:49.329+05:00,7.801556272
2021-11-03T23:06:49.831+05:00,3.37691169
2021-11-03T23:06:50.333+05:00,2.11934094
2021-11-03T23:06:50.835+05:00,0.958544314
2021-11-03T23:06:51.337+05:00,1.976602292
2021-11-03T23:06:51.839+05:00,3.443708664
2021-11-03T23:06:52.341+05:00,2.823500558
2021-11-03T23:06:52.842+05:00,3.447337818
2021-11-03T23:06:53.343+05:00,6.427853525
2021-11-03T23:06:53.844+05:00,8.180028402
2021-11-03T23:06:54.347+05:00,8.279418001
2021-11-03T23:06:54.861+05:00,1.994929466
2021-11-03T23:06:55.363+05:00,4.315665751
2021-11-03T23:06:55.866+05:00,4.222933534
2021-11-03T23:06:56.368+05:00,4.652059911
2021-11-03T23:06:56.870+05:00,7.776865947
2021-11-03T23:06:57.372+05:00,7.661179998
2021-11-03T23:06:57.874+05:00,4.593187675
2021-11-03T23:06:58.376+05:00,4.566901472
2021-11-03T23:06:58.879+05:00,4.503215888
2021-11-03T23:06:59.381+05:00,4.680608633
2021-11-03T23:06:59.883+05:00,4.167923012
2021-11-03T23:07:00.386+05:00,4.657112631
2021-11-03T23:07:00.887+05:00,7.454473668
2021-11-03T23:07:01.389+05:00,10.82583565
2021-11-03T23:07:01.891+05:00,7.67346829
2021-11-03T23:07:02.393+05:00,3.451216909
2021-11-03T23:07:02.894+05:00,3.064537406
2021-11-03T23:07:03.396+05:00,3.049254621
2021-11-03T23:07:03.899+05:00,1.889559547
2021-11-03T23:07:04.401+05:00,1.171108703
2021-11-03T23:07:04.903+05:00,12.97054455
2021-11-03T23:07:05.406+05:00,4.236484212
2021-11-03T23:07:05.908+05:00,2.582615621
2021-11-03T23:07:06.410+05:00,3.547020962
2021-11-03T23:07:06.913+05:00,1.577913571
2021-11-03T23:07:07.415+05:00,1.885046475
2021-11-03T23:07:07.916+05:00,14.17175263
2021-11-03T23:07:08.417+05:00,6.173662684
2021-11-03T23:07:08.919+05:00,20.33000243
2021-11-03T23:07:09.420+05:00,6.008176016
2021-11-03T23:07:09.922+05:00,20.97482665
2021-11-03T23:07:10.423+05:00,22.50903011
2021-11-03T23:07:10.924+05:00,23.18020184
2021-11-03T23:07:11.425+05:00,20.91105538
2021-11-03T23:07:11.926+05:00,25.68132089
2021-11-03T23:07:12.428+05:00,21.9088024
2021-11-03T23:07:12.929+05:00,22.70899995
2021-11-03T23:07:13.430+05:00,24.9229086
2021-11-03T23:07:13.931+05:00,24.91989003
2021-11-03T23:07:14.433+05:00,19.04592597
2021-11-03T23:07:14.940+05:00,13.52411894
2021-11-03T23:07:15.442+05:00,22.02975558
2021-11-03T23:07:15.943+05:00,12.5011391
2021-11-03T23:07:16.445+05:00,7.029475662
2021-11-03T23:07:16.948+05:00,10.20923551
2021-11-03T23:07:17.449+05:00,7.43997999
2021-11-03T23:07:17.951+05:00,12.46313488
2021-11-03T23:07:18.453+05:00,5.059845964
2021-11-03T23:07:18.955+05:00,8.210686058
2021-11-03T23:07:19.458+05:00,5.219125047
2021-11-03T23:07:19.961+05:00,3.307219481
2021-11-03T23:07:20.462+05:00,2.890817513
2021-11-03T23:07:20.965+05:00,2.203670467
2021-11-03T23:07:21.468+05:00,0.956461829
2021-11-03T23:07:21.971+05:00,1.736261008
2021-11-03T23:07:22.474+05:00,1.060964775
2021-11-03T23:07:22.977+05:00,1.087415414
2021-11-03T23:07:23.479+05:00,1.361538563
2021-11-03T23:07:23.982+05:00,1.403719988
2021-11-03T23:07:24.484+05:00,1.472943391
2021-11-03T23:07:24.987+05:00,0.821821414
2021-11-03T23:07:25.489+05:00,2.061731768
2021-11-03T23:07:25.990+05:00,2.954302619
2021-11-03T23:07:26.492+05:00,1.485795731
2021-11-03T23:07:26.994+05:00,0.712366726
2021-11-03T23:07:27.497+05:00,6.983167683
2021-11-03T23:07:27.999+05:00,13.98983309
2021-11-03T23:07:28.501+05:00,4.379154823
2021-11-03T23:07:29.003+05:00,3.208875236
2021-11-03T23:07:29.507+05:00,1.454487068
2021-11-03T23:07:30.009+05:00,1.783744089
2021-11-03T23:07:30.511+05:00,2.869642321
2021-11-03T23:07:31.012+05:00,14.49187251
2021-11-03T23:07:31.513+05:00,5.998964699
2021-11-03T23:07:32.015+05:00,4.552297238
2021-11-03T23:07:32.515+05:00,10.84061387
2021-11-03T23:07:33.017+05:00,11.29154362
2021-11-03T23:07:33.518+05:00,6.639432655
2021-11-03T23:07:34.019+05:00,13.03703319
2021-11-03T23:07:34.521+05:00,18.04456372
2021-11-03T23:07:35.022+05:00,7.321909433
2021-11-03T23:07:35.525+05:00,5.699582813
2021-11-03T23:07:36.031+05:00,12.78348997
2021-11-03T23:07:36.532+05:00,16.61945831
2021-11-03T23:07:37.034+05:00,5.49201851
2021-11-03T23:07:37.535+05:00,5.545721474
2021-11-03T23:07:38.037+05:00,27.90814445
2021-11-03T23:07:38.539+05:00,22.34394382
2021-11-03T23:07:39.040+05:00,25.2318081
2021-11-03T23:07:39.541+05:00,29.67574419
2021-11-03T23:07:40.042+05:00,5.373974101
2021-11-03T23:07:40.544+05:00,3.81289929
2021-11-03T23:07:41.047+05:00,3.901572187
2021-11-03T23:07:41.549+05:00,4.342133538
2021-11-03T23:07:42.052+05:00,4.568562637
2021-11-03T23:07:42.555+05:00,2.493530742
2021-11-03T23:07:43.058+05:00,1.953369867
2021-11-03T23:07:43.561+05:00,2.145154226
2021-11-03T23:07:44.063+05:00,2.569839317
2021-11-03T23:07:44.565+05:00,2.312010107
2021-11-03T23:07:45.066+05:00,4.128637706
2021-11-03T23:07:45.569+05:00,4.274446677
2021-11-03T23:07:46.071+05:00,1.41759962
2021-11-03T23:07:46.573+05:00,1.473587323
2021-11-03T23:07:47.075+05:00,1.011555222
2021-11-03T23:07:47.578+05:00,2.632108218
2021-11-03T23:07:48.080+05:00,2.514436796
2021-11-03T23:07:48.582+05:00,4.165474627
2021-11-03T23:07:49.083+05:00,5.492517536
2021-11-03T23:07:49.585+05:00,2.584121525
2021-11-03T23:07:50.088+05:00,1.985294518
2021-11-03T23:07:50.591+05:00,1.291926405
2021-11-03T23:07:51.094+05:00,11.63389026
2021-11-03T23:07:51.596+05:00,2.582706323
2021-11-03T23:07:52.099+05:00,4.408742823
2021-11-03T23:07:52.602+05:00,3.266118533
2021-11-03T23:07:53.104+05:00,2.464570036
2021-11-03T23:07:53.607+05:00,1.392831252
2021-11-03T23:07:54.109+05:00,15.10062731
2021-11-03T23:07:54.611+05:00,5.104215987
2021-11-03T23:07:55.113+05:00,3.971041843
2021-11-03T23:07:55.615+05:00,3.847498447
2021-11-03T23:07:56.117+05:00,4.275088365
2021-11-03T23:07:56.629+05:00,3.79047255
2021-11-03T23:07:57.131+05:00,4.448628757
2021-11-03T23:07:57.633+05:00,4.057590163
2021-11-03T23:07:58.135+05:00,4.412045431
2021-11-03T23:07:58.638+05:00,4.272439521
2021-11-03T23:07:59.140+05:00,3.857147162
2021-11-03T23:07:59.642+05:00,4.283243892
2021-11-03T23:08:00.144+05:00,4.172577005
2021-11-03T23:08:00.647+05:00,3.790790327
2021-11-03T23:08:01.149+05:00,7.526196483
2021-11-03T23:08:01.651+05:00,4.29308134
2021-11-03T23:08:02.153+05:00,4.116287435
2021-11-03T23:08:02.655+05:00,4.070594204
2021-11-03T23:08:03.156+05:00,4.368274109
2021-11-03T23:08:03.658+05:00,4.321605535
2021-11-03T23:08:04.160+05:00,4.347155197
2021-11-03T23:08:04.662+05:00,4.221181145
2021-11-03T23:08:05.165+05:00,5.449553679
2021-11-03T23:08:05.667+05:00,4.438445532
2021-11-03T23:08:06.169+05:00,4.968742245
2021-11-03T23:08:06.671+05:00,3.836552209
2021-11-03T23:08:07.173+05:00,3.777996412
2021-11-03T23:08:07.676+05:00,4.236847767
2021-11-03T23:08:08.177+05:00,4.34008311
2021-11-03T23:08:08.679+05:00,4.086272652
2021-11-03T23:08:09.180+05:00,7.384222224
2021-11-03T23:08:09.682+05:00,23.02075485
2021-11-03T23:08:10.184+05:00,5.429134786
2021-11-03T23:08:10.685+05:00,6.365342431
2021-11-03T23:08:11.187+05:00,5.297123871
2021-11-03T23:08:11.690+05:00,4.821724901
2021-11-03T23:08:12.192+05:00,4.867332396
2021-11-03T23:08:12.695+05:00,4.341657328
2021-11-03T23:08:13.197+05:00,3.963856597
2021-11-03T23:08:13.700+05:00,5.477436
2021-11-03T23:08:14.202+05:00,12.25199037
2021-11-03T23:08:14.705+05:00,4.034754717
2021-11-03T23:08:15.208+05:00,2.356598596
2021-11-03T23:08:15.710+05:00,2.380204291
2021-11-03T23:08:16.213+05:00,2.791388999
2021-11-03T23:08:16.716+05:00,1.817225647
2021-11-03T23:08:17.218+05:00,14.46168996
2021-11-03T23:08:17.725+05:00,12.20627259
2021-11-03T23:08:18.227+05:00,19.5714916
2021-11-03T23:08:18.730+05:00,4.461099538
2021-11-03T23:08:19.233+05:00,2.308813672
2021-11-03T23:08:19.735+05:00,3.178676661
2021-11-03T23:08:20.237+05:00,2.705708388
2021-11-03T23:08:20.740+05:00,1.41585802
2021-11-03T23:08:21.243+05:00,1.063575571
2021-11-03T23:08:21.746+05:00,1.550402794
2021-11-03T23:08:22.249+05:00,0.834939435
2021-11-03T23:08:22.752+05:00,0.508752696
2021-11-03T23:08:23.254+05:00,1.648535324
2021-11-03T23:08:23.756+05:00,1.571758066
2021-11-03T23:08:24.258+05:00,2.914991393
2021-11-03T23:08:24.761+05:00,0.549686624
2021-11-03T23:08:25.262+05:00,0.493379243
2021-11-03T23:08:25.765+05:00,0.649067919
2021-11-03T23:08:26.268+05:00,0.650111706
2021-11-03T23:08:26.771+05:00,0.282499622
2021-11-03T23:08:27.274+05:00,4.368867576
2021-11-03T23:08:27.776+05:00,4.058969615
2021-11-03T23:08:28.277+05:00,1.717436944
2021-11-03T23:08:28.779+05:00,0.199546989
2021-11-03T23:08:29.281+05:00,1.4656284
2021-11-03T23:08:29.784+05:00,0.62967725
2021-11-03T23:08:30.287+05:00,0.82744884
2021-11-03T23:08:30.789+05:00,0.616226403
2021-11-03T23:08:31.293+05:00,0.432253441
2021-11-03T23:08:31.796+05:00,0.156994708
2021-11-03T23:08:32.299+05:00,0.527548436
2021-11-03T23:08:32.802+05:00,0.208519225
2021-11-03T23:08:33.304+05:00,3.481185571
2021-11-03T23:08:33.806+05:00,0.706995474
2021-11-03T23:08:34.308+05:00,1.903646564
2021-11-03T23:08:34.811+05:00,0.498831162
2021-11-03T23:08:35.314+05:00,0.514763086
2021-11-03T23:08:35.816+05:00,1.428425744
2021-11-03T23:08:36.319+05:00,3.657079407
2021-11-03T23:08:36.821+05:00,0.864629972
2021-11-03T23:08:37.324+05:00,12.39173825
2021-11-03T23:08:37.827+05:00,2.457712419
2021-11-03T23:08:38.330+05:00,2.331332793
2021-11-03T23:08:38.843+05:00,0.641963625
2021-11-03T23:08:39.346+05:00,1.833130211
2021-11-03T23:08:39.849+05:00,3.184858937
2021-11-03T23:08:40.351+05:00,17.76015022
2021-11-03T23:08:40.853+05:00,4.049776788
2021-11-03T23:08:41.355+05:00,4.50811242
2021-11-03T23:08:41.858+05:00,4.235633946
2021-11-03T23:08:42.359+05:00,16.55326024
2021-11-03T23:08:42.860+05:00,15.14826521
2021-11-03T23:08:43.361+05:00,29.84085557
2021-11-03T23:08:43.863+05:00,33.41675616
2021-11-03T23:08:44.364+05:00,25.76644655
2021-11-03T23:08:44.866+05:00,14.49341209
2021-11-03T23:08:45.367+05:00,11.28830477
2021-11-03T23:08:45.869+05:00,13.28959307
2021-11-03T23:08:46.371+05:00,3.994768681
2021-11-03T23:08:46.873+05:00,3.243458966
2021-11-03T23:08:47.375+05:00,3.57844389
2021-11-03T23:08:47.877+05:00,3.177879609
2021-11-03T23:08:48.379+05:00,11.99585417
2021-11-03T23:08:48.880+05:00,4.598218663
2021-11-03T23:08:49.382+05:00,3.541278693
2021-11-03T23:08:49.884+05:00,1.856762362
2021-11-03T23:08:50.386+05:00,3.178072964
2021-11-03T23:08:50.888+05:00,1.544044534
2021-11-03T23:08:51.391+05:00,3.092804382
2021-11-03T23:08:51.894+05:00,5.602894421
2021-11-03T23:08:52.395+05:00,9.134031367
2021-11-03T23:08:52.897+05:00,5.225185122
2021-11-03T23:08:53.399+05:00,5.950974924
2021-11-03T23:08:53.901+05:00,7.61653342
2021-11-03T23:08:54.403+05:00,4.695536408
2021-11-03T23:08:54.906+05:00,2.989528953
2021-11-03T23:08:55.409+05:00,2.012938795
2021-11-03T23:08:55.911+05:00,1.415748941
2021-11-03T23:08:56.413+05:00,2.577726451
2021-11-03T23:08:56.915+05:00,2.175695411
2021-11-03T23:08:57.416+05:00,3.010966706
2021-11-03T23:08:57.919+05:00,1.832250012
2021-11-03T23:08:58.422+05:00,3.453161196
2021-11-03T23:08:58.932+05:00,7.095867071
2021-11-03T23:08:59.434+05:00,4.093082428
2021-11-03T23:08:59.937+05:00,2.553831931
2021-11-03T23:09:00.439+05:00,16.57143885
2021-11-03T23:09:00.940+05:00,7.943605973
2021-11-03T23:09:01.443+05:00,3.255139508
2021-11-03T23:09:01.946+05:00,1.720378622
2021-11-03T23:09:02.450+05:00,1.621575052
2021-11-03T23:09:02.953+05:00,1.041756821
2021-11-03T23:09:03.455+05:00,16.34200576
2021-11-03T23:09:03.957+05:00,4.437197664
2021-11-03T23:09:04.459+05:00,6.038313131
2021-11-03T23:09:04.962+05:00,4.600696488
2021-11-03T23:09:05.464+05:00,4.329096184
2021-11-03T23:09:05.965+05:00,4.805825764
2021-11-03T23:09:06.465+05:00,17.87511861
2021-11-03T23:09:06.966+05:00,6.890635524
2021-11-03T23:09:07.468+05:00,7.01554889
2021-11-03T23:09:07.969+05:00,11.10684963
2021-11-03T23:09:08.470+05:00,14.04518233
2021-11-03T23:09:08.971+05:00,21.75273252
2021-11-03T23:09:09.472+05:00,18.09152785
2021-11-03T23:09:09.973+05:00,29.78469571
2021-11-03T23:09:10.474+05:00,29.7021497
2021-11-03T23:09:10.976+05:00,15.09552537
2021-11-03T23:09:11.477+05:00,26.05321753
2021-11-03T23:09:11.978+05:00,15.92831756
2021-11-03T23:09:12.479+05:00,18.83936829
2021-11-03T23:09:12.982+05:00,6.747006717
2021-11-03T23:09:13.485+05:00,27.89570678
2021-11-03T23:09:13.987+05:00,18.58627381
2021-11-03T23:09:14.490+05:00,5.137882083
2021-11-03T23:09:14.992+05:00,3.374655745
2021-11-03T23:09:15.494+05:00,18.47486299
2021-11-03T23:09:15.996+05:00,6.007402126
2021-11-03T23:09:16.497+05:00,4.917692149
2021-11-03T23:09:17.000+05:00,3.124993868
2021-11-03T23:09:17.503+05:00,1.863238915
2021-11-03T23:09:18.006+05:00,1.191702639
2021-11-03T23:09:18.508+05:00,2.682008416
2021-11-03T23:09:19.011+05:00,1.385708321
2021-11-03T23:09:19.513+05:00,2.110910668
2021-11-03T23:09:20.019+05:00,1.149222731
2021-11-03T23:09:20.522+05:00,2.289089769
2021-11-03T23:09:21.023+05:00,1.084530188
2021-11-03T23:09:21.524+05:00,6.497299026
2021-11-03T23:09:22.025+05:00,15.4380355
2021-11-03T23:09:22.528+05:00,2.503645599
2021-11-03T23:09:23.030+05:00,7.393436911
2021-11-03T23:09:23.532+05:00,14.80476369
2021-11-03T23:09:24.034+05:00,3.769362158
2021-11-03T23:09:24.536+05:00,2.812991676
2021-11-03T23:09:25.039+05:00,1.242523485
2021-11-03T23:09:25.542+05:00,1.769157049
2021-11-03T23:09:26.044+05:00,1.496635569
2021-11-03T23:09:26.546+05:00,15.2497982
2021-11-03T23:09:27.048+05:00,3.944925322
2021-11-03T23:09:27.549+05:00,20.54768141
2021-11-03T23:09:28.050+05:00,9.861331942
2021-11-03T23:09:28.552+05:00,11.81948876
2021-11-03T23:09:29.053+05:00,17.26666661
2021-11-03T23:09:29.554+05:00,18.97567853
2021-11-03T23:09:30.055+05:00,23.43889137
2021-11-03T23:09:30.557+05:00,30.53319788
2021-11-03T23:09:31.058+05:00,12.97728519
2021-11-03T23:09:31.560+05:00,8.954538983
2021-11-03T23:09:32.061+05:00,28.31035488
2021-11-03T23:09:32.562+05:00,16.51062727
2021-11-03T23:09:33.063+05:00,9.068266283
2021-11-03T23:09:33.564+05:00,9.121925672
2021-11-03T23:09:34.065+05:00,6.790998675
2021-11-03T23:09:34.567+05:00,5.330361246
2021-11-03T23:09:35.070+05:00,5.707620198
2021-11-03T23:09:35.572+05:00,5.945050723
2021-11-03T23:09:36.074+05:00,8.262840939
2021-11-03T23:09:36.576+05:00,21.96998912
2021-11-03T23:09:37.077+05:00,17.60908562
2021-11-03T23:09:37.578+05:00,10.1809921
2021-11-03T23:09:38.079+05:00,21.08094043
2021-11-03T23:09:38.580+05:00,20.34763092
2021-11-03T23:09:39.082+05:00,20.85574775
2021-11-03T23:09:39.583+05:00,29.30204469
2021-11-03T23:09:40.085+05:00,31.85426413
2021-11-03T23:09:40.587+05:00,34.63996975
2021-11-03T23:09:41.101+05:00,9.163620517
2021-11-03T23:09:41.602+05:00,8.649304285
2021-11-03T23:09:42.104+05:00,10.72165989
2021-11-03T23:09:42.606+05:00,11.5074431
2021-11-03T23:09:43.107+05:00,11.67241721
2021-11-03T23:09:43.609+05:00,10.08966093
2021-11-03T23:09:44.111+05:00,9.533532507
2021-11-03T23:09:44.613+05:00,12.48640399
2021-11-03T23:09:45.115+05:00,10.85914474
2021-11-03T23:09:45.618+05:00,10.23641015
2021-11-03T23:09:46.119+05:00,10.30418123
2021-11-03T23:09:46.621+05:00,12.21689844
2021-11-03T23:09:47.124+05:00,4.49076446
2021-11-03T23:09:47.626+05:00,3.643174451
2021-11-03T23:09:48.127+05:00,2.181842161
2021-11-03T23:09:48.629+05:00,2.128150919
2021-11-03T23:09:49.130+05:00,2.909588425
2021-11-03T23:09:49.633+05:00,16.06122245
2021-11-03T23:09:50.135+05:00,4.178540731
2021-11-03T23:09:50.638+05:00,4.509617151
2021-11-03T23:09:51.139+05:00,14.64661864
2021-11-03T23:09:51.641+05:00,9.632143062
2021-11-03T23:09:52.144+05:00,5.302948303
2021-11-03T23:09:52.646+05:00,5.756514765
2021-11-03T23:09:53.147+05:00,4.884360096
2021-11-03T23:09:53.648+05:00,16.03722296
2021-11-03T23:09:54.150+05:00,7.648178301
2021-11-03T23:09:54.651+05:00,14.4889346
2021-11-03T23:09:55.152+05:00,10.76491171
2021-11-03T23:09:55.653+05:00,9.869724787
2021-11-03T23:09:56.155+05:00,13.63440472
2021-11-03T23:09:56.656+05:00,15.7428873
2021-11-03T23:09:57.158+05:00,17.76752862
2021-11-03T23:09:57.659+05:00,17.41138448
2021-11-03T23:09:58.160+05:00,13.2478385
2021-11-03T23:09:58.661+05:00,21.81562035
2021-11-03T23:09:59.163+05:00,11.91287784
2021-11-03T23:09:59.665+05:00,8.648417135
2021-11-03T23:10:00.166+05:00,8.537210215
2021-11-03T23:10:00.667+05:00,8.147214972
2021-11-03T23:10:01.181+05:00,11.86638463
2021-11-03T23:10:01.683+05:00,7.601605837
2021-11-03T23:10:02.184+05:00,12.80656622
2021-11-03T23:10:02.685+05:00,23.61137142
2021-11-03T23:10:03.187+05:00,22.80776034
2021-11-03T23:10:03.689+05:00,11.10009788
2021-11-03T23:10:04.190+05:00,8.562110153
2021-11-03T23:10:04.691+05:00,7.977623237
2021-11-03T23:10:05.193+05:00,17.02829033
2021-11-03T23:10:05.694+05:00,16.8564966
2021-11-03T23:10:06.195+05:00,10.15329454
2021-11-03T23:10:06.697+05:00,8.636140211
2021-11-03T23:10:07.199+05:00,7.547631157
2021-11-03T23:10:07.700+05:00,7.039126841
2021-11-03T23:10:08.201+05:00,8.035095496
2021-11-03T23:10:08.703+05:00,7.461681443
2021-11-03T23:10:09.204+05:00,10.21853762
2021-11-03T23:10:09.707+05:00,8.575109111
2021-11-03T23:10:10.210+05:00,2.595251505
2021-11-03T23:10:10.713+05:00,2.702652407
2021-11-03T23:10:11.215+05:00,2.378049695
2021-11-03T23:10:11.716+05:00,2.477167142
2021-11-03T23:10:12.218+05:00,4.081127037
2021-11-03T23:10:12.719+05:00,16.44137586
2021-11-03T23:10:13.221+05:00,4.463523342
2021-11-03T23:10:13.723+05:00,4.798544169
2021-11-03T23:10:14.224+05:00,20.17980659
2021-11-03T23:10:14.725+05:00,20.26481464
2021-11-03T23:10:15.227+05:00,23.53178494
2021-11-03T23:10:15.729+05:00,14.80378617
2021-11-03T23:10:16.230+05:00,7.995515314
2021-11-03T23:10:16.732+05:00,18.87671011
2021-11-03T23:10:17.233+05:00,6.278004537
2021-11-03T23:10:17.734+05:00,19.87079664
2021-11-03T23:10:18.236+05:00,15.84073071
2021-11-03T23:10:18.738+05:00,6.732932766
2021-11-03T23:10:19.239+05:00,8.457823876
2021-11-03T23:10:19.741+05:00,5.51058361
2021-11-03T23:10:20.243+05:00,5.961846004
2021-11-03T23:10:20.746+05:00,4.830047069
2021-11-03T23:10:21.248+05:00,5.366641974
2021-11-03T23:10:21.751+05:00,3.862353325
2021-11-03T23:10:22.262+05:00,6.615715548
2021-11-03T23:10:22.764+05:00,4.947634607
2021-11-03T23:10:23.267+05:00,3.311356661
2021-11-03T23:10:23.769+05:00,4.210231146
2021-11-03T23:10:24.271+05:00,5.044551243
2021-11-03T23:10:24.774+05:00,3.010513457
2021-11-03T23:10:25.277+05:00,4.481342413
2021-11-03T23:10:25.779+05:00,3.247171918
2021-11-03T23:10:26.282+05:00,5.842111906
2021-11-03T23:10:26.785+05:00,5.79616022
2021-11-03T23:10:27.287+05:00,3.231836756
2021-11-03T23:10:27.790+05:00,4.572802264
2021-11-03T23:10:28.292+05:00,4.393602853
2021-11-03T23:10:28.795+05:00,4.03432971
2021-11-03T23:10:29.297+05:00,3.693285103
2021-11-03T23:10:29.800+05:00,2.932744549
2021-11-03T23:10:30.302+05:00,4.53295757
2021-11-03T23:10:30.805+05:00,2.911336572
2021-11-03T23:10:31.307+05:00,3.620174176
2021-11-03T23:10:31.810+05:00,3.240063561
2021-11-03T23:10:32.311+05:00,12.34119304
2021-11-03T23:10:32.814+05:00,11.8336532
2021-11-03T23:10:33.315+05:00,4.391889898
2021-11-03T23:10:33.817+05:00,2.664822639
2021-11-03T23:10:34.320+05:00,3.370554955
2021-11-03T23:10:34.822+05:00,1.974525644
2021-11-03T23:10:35.323+05:00,8.810620462
2021-11-03T23:10:35.826+05:00,13.36041825
2021-11-03T23:10:36.328+05:00,5.490039065
2021-11-03T23:10:36.831+05:00,4.364028564
2021-11-03T23:10:37.332+05:00,19.03777716
2021-11-03T23:10:37.833+05:00,6.422945869
2021-11-03T23:10:38.335+05:00,5.070709918
2021-11-03T23:10:38.836+05:00,15.27389592
2021-11-03T23:10:39.339+05:00,23.57636207
2021-11-03T23:10:39.840+05:00,34.91447421
2021-11-03T23:10:40.342+05:00,38.32647894
2021-11-03T23:10:40.843+05:00,36.72301656
2021-11-03T23:10:41.344+05:00,29.56561502
2021-11-03T23:10:41.854+05:00,44.51953017
2021-11-03T23:10:42.355+05:00,39.90050936
2021-11-03T23:10:42.856+05:00,32.63241981
2021-11-03T23:10:43.357+05:00,27.78048531
2021-11-03T23:10:43.859+05:00,24.09003838
2021-11-03T23:10:44.360+05:00,25.79932181
2021-11-03T23:10:44.861+05:00,22.74406287
2021-11-03T23:10:45.362+05:00,22.0197271
2021-11-03T23:10:45.864+05:00,26.56715994
2021-11-03T23:10:46.365+05:00,18.30541263
2021-11-03T23:10:46.866+05:00,19.85005815
2021-11-03T23:10:47.368+05:00,20.74310069
2021-11-03T23:10:47.869+05:00,18.97559963
2021-11-03T23:10:48.370+05:00,17.36477978
2021-11-03T23:10:48.871+05:00,16.98626852
2021-11-03T23:10:49.372+05:00,19.60535779
2021-11-03T23:10:49.873+05:00,22.68933296
2021-11-03T23:10:50.375+05:00,22.75685261
2021-11-03T23:10:50.876+05:00,20.32109099
2021-11-03T23:10:51.377+05:00,18.89527076
2021-11-03T23:10:51.879+05:00,16.95023523
2021-11-03T23:10:52.380+05:00,19.20569198
2021-11-03T23:10:52.881+05:00,18.20101178
2021-11-03T23:10:53.382+05:00,15.71128129
2021-11-03T23:10:53.883+05:00,16.1769891
2021-11-03T23:10:54.384+05:00,15.51652141
2021-11-03T23:10:54.886+05:00,17.94043592
2021-11-03T23:10:55.387+05:00,23.95041062
2021-11-03T23:10:55.890+05:00,12.24770373
2021-11-03T23:10:56.393+05:00,2.119123633
2021-11-03T23:10:56.896+05:00,1.423216882
2021-11-03T23:10:57.398+05:00,1.382579008
2021-11-03T23:10:57.901+05:00,0.791531138
2021-11-03T23:10:58.403+05:00,6.240528024
2021-11-03T23:10:58.904+05:00,14.98566955
2021-11-03T23:10:59.405+05:00,4.450059789
2021-11-03T23:10:59.907+05:00,10.87963904
2021-11-03T23:11:00.409+05:00,13.13248402
2021-11-03T23:11:00.911+05:00,7.550111611
2021-11-03T23:11:01.414+05:00,4.83931606
2021-11-03T23:11:01.915+05:00,13.76572927
2021-11-03T23:11:02.417+05:00,18.44341986
2021-11-03T23:11:02.918+05:00,22.76551014
2021-11-03T23:11:03.419+05:00,24.21723137
2021-11-03T23:11:03.920+05:00,26.8923485
2021-11-03T23:11:04.422+05:00,23.98229908
2021-11-03T23:11:04.923+05:00,9.679849229
2021-11-03T23:11:05.424+05:00,7.962599643
2021-11-03T23:11:05.926+05:00,6.119796897
2021-11-03T23:11:06.427+05:00,7.624495431
2021-11-03T23:11:06.930+05:00,4.801360342
2021-11-03T23:11:07.431+05:00,17.18709697
2021-11-03T23:11:07.933+05:00,11.96312035
2021-11-03T23:11:08.435+05:00,5.539596685
2021-11-03T23:11:08.937+05:00,1.850877122
2021-11-03T23:11:09.440+05:00,2.299204176
2021-11-03T23:11:09.943+05:00,0.694053759
2021-11-03T23:11:10.445+05:00,2.298788607
2021-11-03T23:11:10.947+05:00,1.15891872
2021-11-03T23:11:11.448+05:00,8.749798883
2021-11-03T23:11:11.950+05:00,6.375160616
2021-11-03T23:11:12.451+05:00,8.711318778
2021-11-03T23:11:12.952+05:00,1.231273863
2021-11-03T23:11:13.454+05:00,1.240848085
2021-11-03T23:11:13.957+05:00,1.651929435
2021-11-03T23:11:14.459+05:00,0.715302588
2021-11-03T23:11:14.962+05:00,0.63664501
2021-11-03T23:11:15.465+05:00,1.15872176
2021-11-03T23:11:15.968+05:00,1.977362003
2021-11-03T23:11:16.471+05:00,7.811662255
2021-11-03T23:11:16.974+05:00,6.708192684
2021-11-03T23:11:17.477+05:00,1.625837073
2021-11-03T23:11:17.979+05:00,2.576278739
2021-11-03T23:11:18.480+05:00,10.76066039
2021-11-03T23:11:18.982+05:00,4.053999187
2021-11-03T23:11:19.485+05:00,2.797776904
2021-11-03T23:11:19.988+05:00,3.591079024
2021-11-03T23:11:20.491+05:00,1.204918961
2021-11-03T23:11:20.993+05:00,0.98114404
2021-11-03T23:11:21.495+05:00,7.565962456
2021-11-03T23:11:21.997+05:00,12.57965397
2021-11-03T23:11:22.499+05:00,4.707770929
2021-11-03T23:11:23.006+05:00,17.20653177
2021-11-03T23:11:23.507+05:00,21.62434827
2021-11-03T23:11:24.008+05:00,25.65056889
2021-11-03T23:11:24.509+05:00,24.81156811
2021-11-03T23:11:25.010+05:00,30.79675235
2021-11-03T23:11:25.511+05:00,29.1210948
2021-11-03T23:11:26.013+05:00,24.95874475
2021-11-03T23:11:26.514+05:00,23.77034832
2021-11-03T23:11:27.015+05:00,32.41317238
2021-11-03T23:11:27.517+05:00,36.93000055
2021-11-03T23:11:28.018+05:00,29.89281562
2021-11-03T23:11:28.519+05:00,30.24887696
2021-11-03T23:11:29.020+05:00,27.37187107
2021-11-03T23:11:29.522+05:00,33.48572033
2021-11-03T23:11:30.023+05:00,33.07568208
2021-11-03T23:11:30.524+05:00,15.90673221
2021-11-03T23:11:31.025+05:00,9.592837577
2021-11-03T23:11:31.527+05:00,9.888404753
2021-11-03T23:11:32.028+05:00,12.42687972
2021-11-03T23:11:32.529+05:00,11.88279025
2021-11-03T23:11:33.030+05:00,11.28228671
2021-11-03T23:11:33.531+05:00,14.00439996
2021-11-03T23:11:34.032+05:00,10.8110481
2021-11-03T23:11:34.533+05:00,12.47734199
2021-11-03T23:11:35.034+05:00,11.0438405
2021-11-03T23:11:35.535+05:00,13.37560677
2021-11-03T23:11:36.036+05:00,13.53324347
2021-11-03T23:11:36.537+05:00,11.03900452
2021-11-03T23:11:37.038+05:00,9.50682137
2021-11-03T23:11:37.539+05:00,10.74265403
2021-11-03T23:11:38.040+05:00,12.54711983
2021-11-03T23:11:38.541+05:00,12.09539182
2021-11-03T23:11:39.042+05:00,10.35545769
2021-11-03T23:11:39.543+05:00,9.352862051
2021-11-03T23:11:40.045+05:00,10.52450906
2021-11-03T23:11:40.546+05:00,9.049589504
2021-11-03T23:11:41.047+05:00,8.994399184
2021-11-03T23:11:41.548+05:00,16.24881486
2021-11-03T23:11:42.049+05:00,8.734540123
2021-11-03T23:11:42.550+05:00,4.295924615
2021-11-03T23:11:43.051+05:00,2.471621877
2021-11-03T23:11:43.552+05:00,2.105899758
2021-11-03T23:11:44.058+05:00,0.71609864
2021-11-03T23:11:44.559+05:00,6.402981698
2021-11-03T23:11:45.060+05:00,14.26524286
2021-11-03T23:11:45.561+05:00,5.179397222
2021-11-03T23:11:46.062+05:00,11.29708057
2021-11-03T23:11:46.563+05:00,21.3252394
2021-11-03T23:11:47.065+05:00,13.29856038
2021-11-03T23:11:47.565+05:00,14.33379186
2021-11-03T23:11:48.066+05:00,17.87676603
2021-11-03T23:11:48.568+05:00,24.1408534
2021-11-03T23:11:49.069+05:00,12.51639509
2021-11-03T23:11:49.570+05:00,17.35419388
2021-11-03T23:11:50.071+05:00,20.43743479
2021-11-03T23:11:50.572+05:00,21.62806984
2021-11-03T23:11:51.073+05:00,10.00496842
2021-11-03T23:11:51.574+05:00,13.80873941
2021-11-03T23:11:52.076+05:00,19.22999864
2021-11-03T23:11:52.577+05:00,24.89234806
2021-11-03T23:11:53.078+05:00,19.09423939
2021-11-03T23:11:53.579+05:00,6.723275073
2021-11-03T23:11:54.080+05:00,4.605048565
2021-11-03T23:11:54.581+05:00,11.32026368
2021-11-03T23:11:55.083+05:00,4.399059179
2021-11-03T23:11:55.584+05:00,4.600156174
2021-11-03T23:11:56.085+05:00,3.88359886
2021-11-03T23:11:56.586+05:00,6.711042492
2021-11-03T23:11:57.087+05:00,4.319026421
2021-11-03T23:11:57.588+05:00,4.529504456
2021-11-03T23:11:58.089+05:00,4.940958143
2021-11-03T23:11:58.590+05:00,6.763809019
2021-11-03T23:11:59.091+05:00,6.583923521
2021-11-03T23:11:59.592+05:00,4.418280605
2021-11-03T23:12:00.093+05:00,6.693136285
2021-11-03T23:12:00.594+05:00,5.940457869
2021-11-03T23:12:01.095+05:00,10.79085918
2021-11-03T23:12:01.596+05:00,3.846850547
2021-11-03T23:12:02.097+05:00,5.505177314
2021-11-03T23:12:02.598+05:00,4.731950743
2021-11-03T23:12:03.099+05:00,4.963427338
2021-11-03T23:12:03.600+05:00,4.551440159
2021-11-03T23:12:04.102+05:00,5.963688898
2021-11-03T23:12:04.603+05:00,11.35096316
2021-11-03T23:12:05.104+05:00,7.483689695
2021-11-03T23:12:05.605+05:00,3.013443702
2021-11-03T23:12:06.106+05:00,3.988340929
2021-11-03T23:12:06.607+05:00,2.113985032
2021-11-03T23:12:07.108+05:00,1.324609221
2021-11-03T23:12:07.609+05:00,9.051685358
2021-11-03T23:12:08.110+05:00,13.49277036
2021-11-03T23:12:08.611+05:00,12.17991894
2021-11-03T23:12:09.112+05:00,13.59728919
2021-11-03T23:12:09.613+05:00,6.856748969
2021-11-03T23:12:10.114+05:00,14.50520516
2021-11-03T23:12:10.615+05:00,7.484481304
2021-11-03T23:12:11.116+05:00,24.71931406
2021-11-03T23:12:11.618+05:00,34.09613925
2021-11-03T23:12:12.120+05:00,15.77370678
2021-11-03T23:12:12.621+05:00,19.17998743
2021-11-03T23:12:13.122+05:00,15.20644795
2021-11-03T23:12:13.623+05:00,22.53246324
2021-11-03T23:12:14.123+05:00,19.0659896
2021-11-03T23:12:14.625+05:00,12.05930274
2021-11-03T23:12:15.126+05:00,19.70646057
2021-11-03T23:12:15.627+05:00,7.601290892
2021-11-03T23:12:16.128+05:00,4.594830639
2021-11-03T23:12:16.629+05:00,4.726332408
2021-11-03T23:12:17.131+05:00,5.119237536
2021-11-03T23:12:17.632+05:00,2.1492764
2021-11-03T23:12:18.133+05:00,4.220602198
2021-11-03T23:12:18.634+05:00,1.799187641
2021-11-03T23:12:19.135+05:00,6.49234955
2021-11-03T23:12:19.636+05:00,5.60494803
2021-11-03T23:12:20.137+05:00,8.307619878
2021-11-03T23:12:20.639+05:00,7.242057416
2021-11-03T23:12:21.140+05:00,2.672233671
2021-11-03T23:12:21.641+05:00,7.504235377
2021-11-03T23:12:22.142+05:00,7.076522149
2021-11-03T23:12:22.643+05:00,2.768043396
2021-11-03T23:12:23.144+05:00,6.566264441
2021-11-03T23:12:23.645+05:00,6.810837977
2021-11-03T23:12:24.146+05:00,0.86288218
2021-11-03T23:12:24.649+05:00,1.266179095
2021-11-03T23:12:25.161+05:00,0.541475814
2021-11-03T23:12:25.662+05:00,1.985407904
2021-11-03T23:12:26.163+05:00,3.916030554
2021-11-03T23:12:26.664+05:00,4.893054778
2021-11-03T23:12:27.165+05:00,3.037148036
2021-11-03T23:12:27.666+05:00,11.68641084
2021-11-03T23:12:28.168+05:00,6.942798906
2021-11-03T23:12:28.669+05:00,3.431342942
2021-11-03T23:12:29.170+05:00,1.701949313
2021-11-03T23:12:29.671+05:00,1.93367967
2021-11-03T23:12:30.172+05:00,1.39228576
2021-11-03T23:12:30.673+05:00,8.001452346
2021-11-03T23:12:31.175+05:00,12.98759362
2021-11-03T23:12:31.678+05:00,4.267938728
2021-11-03T23:12:32.180+05:00,20.11186332
2021-11-03T23:12:32.682+05:00,22.91170135
2021-11-03T23:12:33.183+05:00,26.64609898
2021-11-03T23:12:33.685+05:00,33.44805483
2021-11-03T23:12:34.187+05:00,19.90541493
2021-11-03T23:12:34.690+05:00,34.05646522
2021-11-03T23:12:35.193+05:00,18.2603443
2021-11-03T23:12:35.694+05:00,17.39753728
2021-11-03T23:12:36.196+05:00,20.67050428
2021-11-03T23:12:36.698+05:00,16.49406157
2021-11-03T23:12:37.199+05:00,37.17206746
2021-11-03T23:12:37.701+05:00,18.57851618
2021-11-03T23:12:38.202+05:00,18.47021088
2021-11-03T23:12:38.704+05:00,24.35028015
2021-11-03T23:12:39.205+05:00,15.90077464
2021-11-03T23:12:39.708+05:00,14.28783383
2021-11-03T23:12:40.208+05:00,20.13106338
2021-11-03T23:12:40.710+05:00,12.33790657
2021-11-03T23:12:41.211+05:00,13.42440505
2021-11-03T23:12:41.712+05:00,12.62577718
2021-11-03T23:12:42.214+05:00,12.17526
2021-11-03T23:12:42.715+05:00,14.4670723
2021-11-03T23:12:43.216+05:00,17.56709232
2021-11-03T23:12:43.718+05:00,14.01953797
2021-11-03T23:12:44.221+05:00,12.06215121
2021-11-03T23:12:44.724+05:00,16.39784397
2021-11-03T23:12:45.227+05:00,13.48289355
2021-11-03T23:12:45.729+05:00,17.90033248
2021-11-03T23:12:46.238+05:00,12.10979509
2021-11-03T23:12:46.740+05:00,14.74325563
2021-11-03T23:12:47.241+05:00,13.34056561
2021-11-03T23:12:47.742+05:00,16.23263068
2021-11-03T23:12:48.244+05:00,13.87471093
2021-11-03T23:12:48.746+05:00,13.41000026
2021-11-03T23:12:49.248+05:00,12.89581593
2021-11-03T23:12:49.750+05:00,13.16342437
2021-11-03T23:12:50.252+05:00,12.0132259
2021-11-03T23:12:50.753+05:00,20.51903935
2021-11-03T23:12:51.256+05:00,12.00846753
2021-11-03T23:12:51.759+05:00,2.547236649
2021-11-03T23:12:52.261+05:00,1.683983271
2021-11-03T23:12:52.765+05:00,3.720351346
2021-11-03T23:12:53.266+05:00,2.27450896
2021-11-03T23:12:53.767+05:00,7.654144303
2021-11-03T23:12:54.269+05:00,11.80405338
2021-11-03T23:12:54.770+05:00,4.332986474
2021-11-03T23:12:55.272+05:00,16.96463197
2021-11-03T23:12:55.773+05:00,9.245974489
2021-11-03T23:12:56.274+05:00,16.20682443
2021-11-03T23:12:56.777+05:00,7.297608053
2021-11-03T23:12:57.278+05:00,8.034391066
2021-11-03T23:12:57.779+05:00,6.506687354
2021-11-03T23:12:58.281+05:00,2.738585907
2021-11-03T23:12:58.785+05:00,1.06228966
2021-11-03T23:12:59.287+05:00,2.344880453
2021-11-03T23:12:59.790+05:00,0.312850718
2021-11-03T23:13:00.293+05:00,1.336063208
2021-11-03T23:13:00.794+05:00,2.906139352
2021-11-03T23:13:01.297+05:00,7.411608759
2021-11-03T23:13:01.799+05:00,1.088879396
2021-11-03T23:13:02.300+05:00,3.687478705
2021-11-03T23:13:02.803+05:00,0.46861447
2021-11-03T23:13:03.305+05:00,1.51858274
2021-11-03T23:13:03.808+05:00,2.598858868
2021-11-03T23:13:04.309+05:00,2.487906668
2021-11-03T23:13:04.810+05:00,1.809157128
2021-11-03T23:13:05.313+05:00,2.994928864
2021-11-03T23:13:05.815+05:00,4.677311048
2021-11-03T23:13:06.317+05:00,3.575926782
2021-11-03T23:13:06.821+05:00,4.627418925
2021-11-03T23:13:07.323+05:00,1.205045436
2021-11-03T23:13:07.825+05:00,0.708915446
2021-11-03T23:13:08.327+05:00,1.385041906
2021-11-03T23:13:08.830+05:00,0.319906439
2021-11-03T23:13:09.333+05:00,1.400540652
2021-11-03T23:13:09.836+05:00,0.113788529
2021-11-03T23:13:10.339+05:00,1.722163826
2021-11-03T23:13:10.840+05:00,1.707483752
2021-11-03T23:13:11.343+05:00,1.130684759
2021-11-03T23:13:11.846+05:00,0.190124896
2021-11-03T23:13:12.349+05:00,3.690930001
2021-11-03T23:13:12.852+05:00,1.398708405
2021-11-03T23:13:13.355+05:00,1.830659181
2021-11-03T23:13:13.857+05:00,11.40754342
2021-11-03T23:13:14.360+05:00,4.040659679
2021-11-03T23:13:14.862+05:00,1.963179999
2021-11-03T23:13:15.365+05:00,1.221431985
2021-11-03T23:13:15.867+05:00,1.162556032
2021-11-03T23:13:16.370+05:00,3.29058201
2021-11-03T23:13:16.871+05:00,8.211852207
2021-11-03T23:13:17.373+05:00,11.6446681
2021-11-03T23:13:17.875+05:00,4.338495471
2021-11-03T23:13:18.378+05:00,19.95456341
2021-11-03T23:13:18.880+05:00,4.761435305
2021-11-03T23:13:19.381+05:00,12.76359356
2021-11-03T23:13:19.882+05:00,10.94537241
2021-11-03T23:13:20.385+05:00,11.01038127
2021-11-03T23:13:20.887+05:00,5.387454118
2021-11-03T23:13:21.389+05:00,12.16388974
2021-11-03T23:13:21.891+05:00,9.819160702
2021-11-03T23:13:22.394+05:00,6.763919099
2021-11-03T23:13:22.896+05:00,5.182162086
2021-11-03T23:13:23.399+05:00,7.574600842
2021-11-03T23:13:23.900+05:00,5.745557877
2021-11-03T23:13:24.403+05:00,4.551877585
2021-11-03T23:13:24.904+05:00,9.618996095
2021-11-03T23:13:25.406+05:00,8.535078045
2021-11-03T23:13:25.907+05:00,5.484634532
2021-11-03T23:13:26.409+05:00,3.529610065
2021-11-03T23:13:26.920+05:00,6.392820972
2021-11-03T23:13:27.423+05:00,2.29049674
2021-11-03T23:13:27.926+05:00,0.711602432
2021-11-03T23:13:28.428+05:00,1.500376813
2021-11-03T23:13:28.931+05:00,0.340212503
2021-11-03T23:13:29.434+05:00,1.21359925
2021-11-03T23:13:29.937+05:00,0.722093135
2021-11-03T23:13:30.440+05:00,3.745845617
2021-11-03T23:13:30.943+05:00,0.499581406
2021-11-03T23:13:31.446+05:00,0.70848435
2021-11-03T23:13:31.949+05:00,0.814596872
2021-11-03T23:13:32.451+05:00,1.247549963
2021-11-03T23:13:32.954+05:00,0.228946938
2021-11-03T23:13:33.457+05:00,1.850835961
2021-11-03T23:13:33.960+05:00,0.126008783
2021-11-03T23:13:34.463+05:00,1.070971896
2021-11-03T23:13:34.965+05:00,7.288380314
2021-11-03T23:13:35.468+05:00,1.257370798
2021-11-03T23:13:35.970+05:00,6.571971554
2021-11-03T23:13:36.473+05:00,1.447472717
2021-11-03T23:13:36.975+05:00,10.42104902
2021-11-03T23:13:37.478+05:00,3.900202149
2021-11-03T23:13:37.980+05:00,2.951012049
2021-11-03T23:13:38.483+05:00,1.472293068
2021-11-03T23:13:38.986+05:00,1.354566337
2021-11-03T23:13:39.487+05:00,1.875225912
2021-11-03T23:13:39.989+05:00,12.18286538
2021-11-03T23:13:40.491+05:00,7.858856077
2021-11-03T23:13:40.993+05:00,4.057556083
2021-11-03T23:13:41.495+05:00,4.143346615
2021-11-03T23:13:41.997+05:00,4.0022774
2021-11-03T23:13:42.498+05:00,4.178516711
2021-11-03T23:13:43.001+05:00,4.214626961
2021-11-03T23:13:43.503+05:00,3.935988431
2021-11-03T23:13:44.005+05:00,3.742257813
2021-11-03T23:13:44.506+05:00,3.808292126
2021-11-03T23:13:45.008+05:00,3.808864921
2021-11-03T23:13:45.510+05:00,3.243475646
2021-11-03T23:13:46.013+05:00,3.684122201
2021-11-03T23:13:46.515+05:00,4.344436755
2021-11-03T23:13:47.016+05:00,4.136964501
2021-11-03T23:13:47.519+05:00,3.950608685
2021-11-03T23:13:48.031+05:00,3.669488676
2021-11-03T23:13:48.534+05:00,4.92161837
2021-11-03T23:13:49.036+05:00,3.709986484
2021-11-03T23:13:49.538+05:00,3.746464758
2021-11-03T23:13:50.039+05:00,4.218083888
2021-11-03T23:13:50.541+05:00,3.847524292
2021-11-03T23:13:51.044+05:00,4.248150008
2021-11-03T23:13:51.546+05:00,3.670608388
2021-11-03T23:13:52.048+05:00,3.668183049
2021-11-03T23:13:52.551+05:00,4.636993206
2021-11-03T23:13:53.053+05:00,4.120536322
2021-11-03T23:13:53.555+05:00,4.311811721
2021-11-03T23:13:54.057+05:00,3.710674618
2021-11-03T23:13:54.559+05:00,3.84416565
2021-11-03T23:13:55.061+05:00,4.652317552
2021-11-03T23:13:55.562+05:00,3.890162538
2021-11-03T23:13:56.064+05:00,3.756521986
2021-11-03T23:13:56.566+05:00,3.742026757
2021-11-03T23:13:57.068+05:00,4.243515452
2021-11-03T23:13:57.570+05:00,20.58404346
2021-11-03T23:13:58.072+05:00,3.624075495
2021-11-03T23:13:58.574+05:00,6.097471823
2021-11-03T23:13:59.076+05:00,3.66038585
2021-11-03T23:13:59.578+05:00,3.811903867
2021-11-03T23:14:00.080+05:00,9.198053671
2021-11-03T23:14:00.583+05:00,2.386324421
2021-11-03T23:14:01.086+05:00,6.909917597
2021-11-03T23:14:01.589+05:00,1.577016529
2021-11-03T23:14:02.092+05:00,1.63953693
2021-11-03T23:14:02.595+05:00,1.975153369
2021-11-03T23:14:03.097+05:00,13.87816353
2021-11-03T23:14:03.599+05:00,6.276483795
2021-11-03T23:14:04.101+05:00,19.62996272
2021-11-03T23:14:04.603+05:00,8.201117798
2021-11-03T23:14:05.104+05:00,19.82617138
2021-11-03T23:14:05.606+05:00,23.24644774
2021-11-03T23:14:06.108+05:00,6.907185517
2021-11-03T23:14:06.611+05:00,4.472213184
2021-11-03T23:14:07.114+05:00,1.071909979
2021-11-03T23:14:07.617+05:00,2.399941544
2021-11-03T23:14:08.119+05:00,1.223896924
2021-11-03T23:14:08.621+05:00,2.751787703
2021-11-03T23:14:09.123+05:00,0.874483193
2021-11-03T23:14:09.626+05:00,1.325393469
2021-11-03T23:14:10.128+05:00,12.29265469
2021-11-03T23:14:10.630+05:00,2.262793847
2021-11-03T23:14:11.133+05:00,1.266781267
2021-11-03T23:14:11.636+05:00,0.885204615
2021-11-03T23:14:12.139+05:00,0.18491864
2021-11-03T23:14:12.642+05:00,0.937320223
2021-11-03T23:14:13.145+05:00,0.890034872
2021-11-03T23:14:13.648+05:00,1.129306582
2021-11-03T23:14:14.151+05:00,1.353869613
2021-11-03T23:14:14.654+05:00,1.567518915
2021-11-03T23:14:15.158+05:00,0.749407934
2021-11-03T23:14:15.660+05:00,1.091036927
2021-11-03T23:14:16.163+05:00,2.643759576
2021-11-03T23:14:16.666+05:00,0.789717882
2021-11-03T23:14:17.169+05:00,0.247609065
2021-11-03T23:14:17.672+05:00,0.669858616
2021-11-03T23:14:18.175+05:00,0.883619186
2021-11-03T23:14:18.678+05:00,0.864738769
2021-11-03T23:14:19.180+05:00,0.389521937
2021-11-03T23:14:19.682+05:00,0.912581983
2021-11-03T23:14:20.184+05:00,0.742482005
2021-11-03T23:14:20.686+05:00,2.324828734
2021-11-03T23:14:21.189+05:00,1.528493361
2021-11-03T23:14:21.692+05:00,0.660267053
2021-11-03T23:14:22.195+05:00,6.001777741
2021-11-03T23:14:22.698+05:00,0.782464139
2021-11-03T23:14:23.200+05:00,12.17779097
2021-11-03T23:14:23.703+05:00,2.370407064
2021-11-03T23:14:24.205+05:00,2.112676055
2021-11-03T23:14:24.708+05:00,1.452158098
2021-11-03T23:14:25.210+05:00,1.939660666
2021-11-03T23:14:25.713+05:00,1.722013047
2021-11-03T23:14:26.215+05:00,15.04797127
2021-11-03T23:14:26.716+05:00,5.719351066
2021-11-03T23:14:27.218+05:00,14.77762363
2021-11-03T23:14:27.719+05:00,14.04625808
2021-11-03T23:14:28.220+05:00,20.93613072
2021-11-03T23:14:28.722+05:00,19.56024017
2021-11-03T23:14:29.229+05:00,9.507772754
2021-11-03T23:14:29.731+05:00,13.00703875
2021-11-03T23:14:30.232+05:00,6.590133431
2021-11-03T23:14:30.734+05:00,12.66637063
2021-11-03T23:14:31.237+05:00,4.26101693
2021-11-03T23:14:31.739+05:00,3.259005294
2021-11-03T23:14:32.242+05:00,2.713591215
2021-11-03T23:14:32.744+05:00,3.615804075
2021-11-03T23:14:33.245+05:00,6.745950051
2021-11-03T23:14:33.746+05:00,4.648245948
2021-11-03T23:14:34.249+05:00,4.384290977
2021-11-03T23:14:34.751+05:00,3.496714646
2021-11-03T23:14:35.253+05:00,2.435323049
2021-11-03T23:14:35.756+05:00,3.449903791
2021-11-03T23:14:36.259+05:00,3.905480763
2021-11-03T23:14:36.761+05:00,2.527929114
2021-11-03T23:14:37.263+05:00,3.872885875
2021-11-03T23:14:37.764+05:00,3.295151592
2021-11-03T23:14:38.267+05:00,2.520857012
2021-11-03T23:14:38.769+05:00,8.108135032
2021-11-03T23:14:39.270+05:00,5.553054538
2021-11-03T23:14:39.771+05:00,5.726935777
2021-11-03T23:14:40.274+05:00,3.307897764
2021-11-03T23:14:40.777+05:00,3.126261186
2021-11-03T23:14:41.279+05:00,3.108989604
2021-11-03T23:14:41.781+05:00,3.371796932
2021-11-03T23:14:42.284+05:00,2.207763017
2021-11-03T23:14:42.787+05:00,2.496811911
2021-11-03T23:14:43.289+05:00,2.472326019
2021-11-03T23:14:43.791+05:00,2.408786395
2021-11-03T23:14:44.294+05:00,4.174759283
2021-11-03T23:14:44.797+05:00,2.435070365
2021-11-03T23:14:45.300+05:00,2.877337506
2021-11-03T23:14:45.803+05:00,2.950049657
2021-11-03T23:14:46.305+05:00,12.1937205
2021-11-03T23:14:46.808+05:00,4.028660744
2021-11-03T23:14:47.311+05:00,2.060095071
2021-11-03T23:14:47.814+05:00,1.600367352
2021-11-03T23:14:48.317+05:00,1.494081037
2021-11-03T23:14:48.820+05:00,1.474301962
2021-11-03T23:14:49.321+05:00,15.48787564
2021-11-03T23:14:49.823+05:00,6.554942713
2021-11-03T23:14:50.333+05:00,4.082413362
2021-11-03T23:14:50.835+05:00,4.466850646
2021-11-03T23:14:51.336+05:00,17.79591723
2021-11-03T23:14:51.838+05:00,5.360511402
2021-11-03T23:14:52.340+05:00,5.021360379
2021-11-03T23:14:52.841+05:00,15.63238432
2021-11-03T23:14:53.343+05:00,17.2419087
2021-11-03T23:14:53.845+05:00,16.6506927
2021-11-03T23:14:54.346+05:00,9.830816815
2021-11-03T23:14:54.847+05:00,18.33320361
2021-11-03T23:14:55.348+05:00,32.54870267
2021-11-03T23:14:55.850+05:00,24.38621572
2021-11-03T23:14:56.351+05:00,16.79856596
2021-11-03T23:14:56.852+05:00,11.1666796
2021-11-03T23:14:57.354+05:00,25.48428402
2021-11-03T23:14:57.856+05:00,14.53544192
2021-11-03T23:14:58.359+05:00,5.353153426
2021-11-03T23:14:58.860+05:00,14.1919633
2021-11-03T23:14:59.362+05:00,10.65274779
2021-11-03T23:14:59.863+05:00,13.22476307
2021-11-03T23:15:00.364+05:00,11.87075658
2021-11-03T23:15:00.865+05:00,8.582232898
2021-11-03T23:15:01.366+05:00,17.47911618
2021-11-03T23:15:01.868+05:00,19.80132553
2021-11-03T23:15:02.370+05:00,4.991544639
2021-11-03T23:15:02.873+05:00,3.577821478
2021-11-03T23:15:03.375+05:00,5.274106206
2021-11-03T23:15:03.876+05:00,6.71857535
2021-11-03T23:15:04.377+05:00,2.708425349
2021-11-03T23:15:04.880+05:00,5.342260709
2021-11-03T23:15:05.382+05:00,3.739141039
2021-11-03T23:15:05.885+05:00,2.604347101
2021-11-03T23:15:06.387+05:00,3.731758743
2021-11-03T23:15:06.890+05:00,6.396290452
2021-11-03T23:15:07.392+05:00,8.463646471
2021-11-03T23:15:07.895+05:00,6.130479504
2021-11-03T23:15:08.398+05:00,1.923245992
2021-11-03T23:15:08.901+05:00,1.399447421
2021-11-03T23:15:09.402+05:00,16.25839002
2021-11-03T23:15:09.905+05:00,4.220032265
2021-11-03T23:15:10.406+05:00,3.194531512
2021-11-03T23:15:10.910+05:00,1.53815409
2021-11-03T23:15:11.421+05:00,0.797138048
2021-11-03T23:15:11.923+05:00,1.972199032
2021-11-03T23:15:12.426+05:00,14.902531
2021-11-03T23:15:12.928+05:00,5.297511838
2021-11-03T23:15:13.429+05:00,18.39495086
2021-11-03T23:15:13.930+05:00,6.77511487
2021-11-03T23:15:14.432+05:00,23.53223322
2021-11-03T23:15:14.934+05:00,12.91743966
2021-11-03T23:15:15.435+05:00,8.755179681
2021-11-03T23:15:15.937+05:00,2.762390206
2021-11-03T23:15:16.440+05:00,5.908729271
2021-11-03T23:15:16.943+05:00,3.658799229
2021-11-03T23:15:17.446+05:00,2.523122817
2021-11-03T23:15:17.949+05:00,0.617078777
2021-11-03T23:15:18.450+05:00,3.24185248
2021-11-03T23:15:18.953+05:00,0.522862375
2021-11-03T23:15:19.456+05:00,1.96013763
2021-11-03T23:15:19.958+05:00,1.326338269
2021-11-03T23:15:20.461+05:00,2.391186958
2021-11-03T23:15:20.964+05:00,0.405029531
2021-11-03T23:15:21.467+05:00,0.892049094
2021-11-03T23:15:21.970+05:00,0
2021-11-03T23:15:22.471+05:00,5.332508254
2021-11-03T23:15:22.974+05:00,0.041030894
2021-11-03T23:15:23.477+05:00,5.169445224
2021-11-03T23:15:23.980+05:00,0.446236117
2021-11-03T23:15:24.483+05:00,1.460329343
2021-11-03T23:15:24.986+05:00,0.408996611
2021-11-03T23:15:25.489+05:00,0.81923178
2021-11-03T23:15:25.991+05:00,0.222814629
2021-11-03T23:15:26.494+05:00,1.574060782
2021-11-03T23:15:26.997+05:00,0.023258623
2021-11-03T23:15:27.500+05:00,0.702138185
2021-11-03T23:15:28.003+05:00,0
2021-11-03T23:15:28.504+05:00,0.58440991
2021-11-03T23:15:29.007+05:00,0
2021-11-03T23:15:29.510+05:00,0.940613029
2021-11-03T23:15:30.012+05:00,3.471737958
2021-11-03T23:15:30.514+05:00,3.201040972
2021-11-03T23:15:31.015+05:00,0.116831688
2021-11-03T23:15:31.527+05:00,0.231902608
2021-11-03T23:15:32.029+05:00,0
2021-11-03T23:15:32.530+05:00,11.88371459
2021-11-03T23:15:33.032+05:00,3.279972418
2021-11-03T23:15:33.533+05:00,3.851816248
2021-11-03T23:15:34.034+05:00,2.425961456
2021-11-03T23:15:34.537+05:00,2.812398358
2021-11-03T23:15:35.040+05:00,1.1331018
2021-11-03T23:15:35.541+05:00,15.20224117
2021-11-03T23:15:36.042+05:00,14.44530351
2021-11-03T23:15:36.545+05:00,17.70736711
2021-11-03T23:15:37.047+05:00,5.386203403
2021-11-03T23:15:37.550+05:00,2.099005748
2021-11-03T23:15:38.051+05:00,1.06836917
2021-11-03T23:15:38.554+05:00,2.086953358
2021-11-03T23:15:39.056+05:00,0.118994686
2021-11-03T23:15:39.558+05:00,3.664349342
2021-11-03T23:15:40.060+05:00,1.620681071
2021-11-03T23:15:40.562+05:00,1.401982858
2021-11-03T23:15:41.065+05:00,0.395921102
2021-11-03T23:15:41.568+05:00,1.482919552
2021-11-03T23:15:42.071+05:00,0.333210215
2021-11-03T23:15:42.574+05:00,3.703419978
2021-11-03T23:15:43.077+05:00,0.604140649
2021-11-03T23:15:43.580+05:00,3.270621444
2021-11-03T23:15:44.083+05:00,0.068396876
2021-11-03T23:15:44.586+05:00,0.985559355
2021-11-03T23:15:45.088+05:00,4.591310899
2021-11-03T23:15:45.590+05:00,2.271678388
2021-11-03T23:15:46.093+05:00,4.438781906
2021-11-03T23:15:46.597+05:00,1.439489197
2021-11-03T23:15:47.100+05:00,0.501112251
2021-11-03T23:15:47.603+05:00,0.573052693
2021-11-03T23:15:48.106+05:00,0.104759885
2021-11-03T23:15:48.609+05:00,0.810509245
2021-11-03T23:15:49.112+05:00,0
2021-11-03T23:15:49.615+05:00,0.648786784
2021-11-03T23:15:50.118+05:00,0.137653139
2021-11-03T23:15:50.621+05:00,0.517526073
2021-11-03T23:15:51.124+05:00,0.232113233
2021-11-03T23:15:51.625+05:00,2.375260371
2021-11-03T23:15:52.128+05:00,0.115122328
2021-11-03T23:15:52.640+05:00,2.236346762
2021-11-03T23:15:53.143+05:00,0.572644745
2021-11-03T23:15:53.646+05:00,3.050324648
2021-11-03T23:15:54.149+05:00,0
2021-11-03T23:15:54.652+05:00,0.773991291
2021-11-03T23:15:55.155+05:00,0.035999519
2021-11-03T23:15:55.658+05:00,12.64969891
2021-11-03T23:15:56.159+05:00,2.286152371
2021-11-03T23:15:56.661+05:00,2.272433386
2021-11-03T23:15:57.164+05:00,1.067000254
2021-11-03T23:15:57.667+05:00,1.594300097
2021-11-03T23:15:58.169+05:00,1.30597306
2021-11-03T23:15:58.671+05:00,15.50905978
2021-11-03T23:15:59.173+05:00,4.697711926
2021-11-03T23:15:59.674+05:00,14.91811994
2021-11-03T23:16:00.177+05:00,9.582750154
2021-11-03T23:16:00.679+05:00,5.038443243
2021-11-03T23:16:01.182+05:00,7.893785976
2021-11-03T23:16:01.683+05:00,17.74856646
2021-11-03T23:16:02.185+05:00,5.545213555
2021-11-03T23:16:02.687+05:00,4.811148609
2021-11-03T23:16:03.188+05:00,6.527832565
2021-11-03T23:16:03.689+05:00,6.833429191
2021-11-03T23:16:04.190+05:00,26.04708296
2021-11-03T23:16:04.691+05:00,15.3988143
2021-11-03T23:16:05.193+05:00,10.93408802
2021-11-03T23:16:05.695+05:00,5.705447157
2021-11-03T23:16:06.197+05:00,9.854902859
2021-11-03T23:16:06.698+05:00,5.280660379
2021-11-03T23:16:07.201+05:00,5.871137449
2021-11-03T23:16:07.703+05:00,5.606684126
2021-11-03T23:16:08.205+05:00,7.178969476
2021-11-03T23:16:08.707+05:00,5.313376735
2021-11-03T23:16:09.209+05:00,10.59751503
2021-11-03T23:16:09.710+05:00,6.167315166
2021-11-03T23:16:10.212+05:00,6.218905978
2021-11-03T23:16:10.713+05:00,5.611280878
2021-11-03T23:16:11.215+05:00,6.636933296
2021-11-03T23:16:11.717+05:00,4.969212267
2021-11-03T23:16:12.219+05:00,5.184637424
2021-11-03T23:16:12.728+05:00,5.423482142
2021-11-03T23:16:13.230+05:00,5.289700918
2021-11-03T23:16:13.731+05:00,6.083473002
2021-11-03T23:16:14.233+05:00,11.69206352
2021-11-03T23:16:14.734+05:00,6.544620844
2021-11-03T23:16:15.236+05:00,8.21631892
2021-11-03T23:16:15.738+05:00,6.851679324
2021-11-03T23:16:16.240+05:00,5.843579685
2021-11-03T23:16:16.742+05:00,6.463703551
2021-11-03T23:16:17.243+05:00,6.807453843
2021-11-03T23:16:17.744+05:00,5.278310413
2021-11-03T23:16:18.246+05:00,5.119244338
2021-11-03T23:16:18.749+05:00,19.05076789
2021-11-03T23:16:19.251+05:00,3.623137928
2021-11-03T23:16:19.754+05:00,3.17653443
2021-11-03T23:16:20.256+05:00,2.261835154
2021-11-03T23:16:20.759+05:00,2.240227834
2021-11-03T23:16:21.262+05:00,1.702654746
2021-11-03T23:16:21.763+05:00,16.70176374
2021-11-03T23:16:22.265+05:00,4.788960122
2021-11-03T23:16:22.768+05:00,4.617599516
2021-11-03T23:16:23.270+05:00,3.769061949
2021-11-03T23:16:23.772+05:00,3.983619385
2021-11-03T23:16:24.274+05:00,23.6411633
2021-11-03T23:16:24.775+05:00,16.82790243
2021-11-03T23:16:25.277+05:00,26.05486485
2021-11-03T23:16:25.777+05:00,22.20701521
2021-11-03T23:16:26.278+05:00,36.80943469
2021-11-03T23:16:26.780+05:00,44.40153635
2021-11-03T23:16:27.282+05:00,28.62460509
2021-11-03T23:16:27.783+05:00,13.77665386
2021-11-03T23:16:28.286+05:00,22.36512808
2021-11-03T23:16:28.788+05:00,4.807750826
2021-11-03T23:16:29.290+05:00,3.826390299
2021-11-03T23:16:29.792+05:00,4.901825451
2021-11-03T23:16:30.295+05:00,6.198445605
2021-11-03T23:16:30.797+05:00,2.13174916
2021-11-03T23:16:31.300+05:00,2.886656885
2021-11-03T23:16:31.803+05:00,2.420470223
2021-11-03T23:16:32.304+05:00,5.887223011
2021-11-03T23:16:32.806+05:00,3.377142844
2021-11-03T23:16:33.312+05:00,2.5725371
2021-11-03T23:16:33.814+05:00,2.784700785
2021-11-03T23:16:34.315+05:00,5.261860847
2021-11-03T23:16:34.817+05:00,5.071594084
2021-11-03T23:16:35.318+05:00,9.030315303
2021-11-03T23:16:35.820+05:00,5.976436054
2021-11-03T23:16:36.321+05:00,6.206633981
2021-11-03T23:16:36.822+05:00,8.054247128
2021-11-03T23:16:37.325+05:00,2.964043779
2021-11-03T23:16:37.828+05:00,1.966844503
2021-11-03T23:16:38.329+05:00,3.525311095
2021-11-03T23:16:38.831+05:00,3.553790614
2021-11-03T23:16:39.333+05:00,3.014817783
2021-11-03T23:16:39.836+05:00,3.452763827
2021-11-03T23:16:40.339+05:00,2.66213711
2021-11-03T23:16:40.841+05:00,2.193959194
2021-11-03T23:16:41.344+05:00,3.536081043
2021-11-03T23:16:41.847+05:00,10.99103734
2021-11-03T23:16:42.350+05:00,4.563769341
2021-11-03T23:16:42.852+05:00,2.565587184
2021-11-03T23:16:43.354+05:00,1.879562728
2021-11-03T23:16:43.857+05:00,1.519650056
2021-11-03T23:16:44.359+05:00,1.482736961
2021-11-03T23:16:44.861+05:00,15.59107434
2021-11-03T23:16:45.364+05:00,4.520735958
2021-11-03T23:16:45.867+05:00,4.121941029
2021-11-03T23:16:46.369+05:00,20.41569145
2021-11-03T23:16:46.871+05:00,5.421051089
2021-11-03T23:16:47.372+05:00,5.42337274
2021-11-03T23:16:47.874+05:00,10.02725682
2021-11-03T23:16:48.375+05:00,29.61672376
2021-11-03T23:16:48.876+05:00,31.0739933
2021-11-03T23:16:49.378+05:00,21.07215014
2021-11-03T23:16:49.879+05:00,8.972854602
2021-11-03T23:16:50.381+05:00,10.38429677
2021-11-03T23:16:50.883+05:00,7.081528412
2021-11-03T23:16:51.386+05:00,5.985976241
2021-11-03T23:16:51.889+05:00,3.479611836
2021-11-03T23:16:52.390+05:00,5.448248737
2021-11-03T23:16:52.893+05:00,2.493087877
2021-11-03T23:16:53.396+05:00,1.538917503
2021-11-03T23:16:53.898+05:00,4.248060025
2021-11-03T23:16:54.407+05:00,7.639123435
2021-11-03T23:16:54.909+05:00,13.87420247
2021-11-03T23:16:55.411+05:00,11.81371937
2021-11-03T23:16:55.912+05:00,4.160457225
2021-11-03T23:16:56.415+05:00,5.623967181
2021-11-03T23:16:56.917+05:00,4.26267602
2021-11-03T23:16:57.418+05:00,4.703469553
2021-11-03T23:16:57.919+05:00,4.630635568
2021-11-03T23:16:58.421+05:00,3.995591106
2021-11-03T23:16:58.924+05:00,1.135318262
2021-11-03T23:16:59.427+05:00,0.95548976
2021-11-03T23:16:59.930+05:00,0.328567338
2021-11-03T23:17:00.433+05:00,8.379447022
2021-11-03T23:17:00.935+05:00,18.26105383
2021-11-03T23:17:01.437+05:00,10.94152665
2021-11-03T23:17:01.940+05:00,3.239202084
2021-11-03T23:17:02.443+05:00,2.070334329
2021-11-03T23:17:02.946+05:00,3.037259243
2021-11-03T23:17:03.448+05:00,1.94891007
2021-11-03T23:17:03.950+05:00,2.753222819
2021-11-03T23:17:04.453+05:00,1.666894074
2021-11-03T23:17:04.956+05:00,14.84553309
2021-11-03T23:17:05.459+05:00,1.416657396
2021-11-03T23:17:05.960+05:00,4.115554689
2021-11-03T23:17:06.463+05:00,1.893000624
2021-11-03T23:17:06.966+05:00,1.686309264
2021-11-03T23:17:07.468+05:00,1.517241385
2021-11-03T23:17:07.970+05:00,15.64876781
2021-11-03T23:17:08.472+05:00,19.06058978
2021-11-03T23:17:08.974+05:00,12.06442532
2021-11-03T23:17:09.475+05:00,17.95872997
2021-11-03T23:17:09.977+05:00,7.827461838
2021-11-03T23:17:10.480+05:00,2.686231898
2021-11-03T23:17:10.983+05:00,2.716864529
2021-11-03T23:17:11.484+05:00,3.275379244
2021-11-03T23:17:11.987+05:00,1.750585595
2021-11-03T23:17:12.490+05:00,1.602208539
2021-11-03T23:17:12.992+05:00,1.267610598
2021-11-03T23:17:13.495+05:00,1.752607111
2021-11-03T23:17:13.998+05:00,2.408260342
2021-11-03T23:17:14.500+05:00,1.591155843
2021-11-03T23:17:15.002+05:00,3.364844476
2021-11-03T23:17:15.510+05:00,0.64413142
2021-11-03T23:17:16.012+05:00,2.624837473
2021-11-03T23:17:16.515+05:00,3.266734004
2021-11-03T23:17:17.017+05:00,1.982786716
2021-11-03T23:17:17.518+05:00,4.415694676
2021-11-03T23:17:18.019+05:00,4.716044087
2021-11-03T23:17:18.522+05:00,1.880445296
2021-11-03T23:17:19.024+05:00,0.648410072
2021-11-03T23:17:19.526+05:00,1.618063487
2021-11-03T23:17:20.028+05:00,1.043325733
2021-11-03T23:17:20.530+05:00,0.75317947
2021-11-03T23:17:21.034+05:00,0.720343285
2021-11-03T23:17:21.537+05:00,0.500930872
2021-11-03T23:17:22.039+05:00,0.42115482
2021-11-03T23:17:22.541+05:00,0.903990405
2021-11-03T23:17:23.044+05:00,0.919780551
2021-11-03T23:17:23.546+05:00,0.635738054
2021-11-03T23:17:24.048+05:00,0.671793877
2021-11-03T23:17:24.551+05:00,4.7316613
2021-11-03T23:17:25.052+05:00,4.204518127
2021-11-03T23:17:25.555+05:00,0.819805294
2021-11-03T23:17:26.058+05:00,2.919844123
2021-11-03T23:17:26.561+05:00,0.907166497
2021-11-03T23:17:27.062+05:00,5.826135308
2021-11-03T23:17:27.564+05:00,6.095741286
2021-11-03T23:17:28.065+05:00,18.1523966
2021-11-03T23:17:28.568+05:00,2.918051436
2021-11-03T23:17:29.070+05:00,2.280604872
2021-11-03T23:17:29.571+05:00,2.053954395
2021-11-03T23:17:30.072+05:00,2.079968913
2021-11-03T23:17:30.574+05:00,1.755672046
2021-11-03T23:17:31.077+05:00,15.52227207
2021-11-03T23:17:31.578+05:00,20.56149428
2021-11-03T23:17:32.080+05:00,13.71876613
2021-11-03T23:17:32.583+05:00,5.035370846
2021-11-03T23:17:33.086+05:00,1.875571079
2021-11-03T23:17:33.587+05:00,2.835632753
2021-11-03T23:17:34.090+05:00,2.057993185
2021-11-03T23:17:34.593+05:00,0.300667786
2021-11-03T23:17:35.096+05:00,1.118747396
2021-11-03T23:17:35.605+05:00,1.135545315
2021-11-03T23:17:36.108+05:00,2.707931738
2021-11-03T23:17:36.611+05:00,3.319227019
2021-11-03T23:17:37.114+05:00,1.166014329
2021-11-03T23:17:37.616+05:00,3.684564871
2021-11-03T23:17:38.118+05:00,1.34425643
2021-11-03T23:17:38.621+05:00,1.453633121
2021-11-03T23:17:39.124+05:00,1.133104514
2021-11-03T23:17:39.627+05:00,0.664363536
2021-11-03T23:17:40.130+05:00,1.283229209
2021-11-03T23:17:40.632+05:00,5.345164106
2021-11-03T23:17:41.135+05:00,4.739760677
2021-11-03T23:17:41.637+05:00,1.313646298
2021-11-03T23:17:42.140+05:00,0.745943005
2021-11-03T23:17:42.643+05:00,0.96269461
2021-11-03T23:17:43.146+05:00,0.638705762
2021-11-03T23:17:43.649+05:00,1.466230437
2021-11-03T23:17:44.152+05:00,0.297794927
2021-11-03T23:17:44.655+05:00,0.397514152
2021-11-03T23:17:45.158+05:00,0.396781079
2021-11-03T23:17:45.661+05:00,0.722268527
2021-11-03T23:17:46.164+05:00,0.476417126
2021-11-03T23:17:46.667+05:00,0.389513534
2021-11-03T23:17:47.170+05:00,3.057280209
2021-11-03T23:17:47.673+05:00,0.474981454
2021-11-03T23:17:48.177+05:00,0.18356358
2021-11-03T23:17:48.680+05:00,1.057998597
2021-11-03T23:17:49.182+05:00,2.934660637
2021-11-03T23:17:49.685+05:00,0.434971421
2021-11-03T23:17:50.188+05:00,0.352254862
2021-11-03T23:17:50.689+05:00,9.197606615
2021-11-03T23:17:51.191+05:00,6.643616278
2021-11-03T23:17:51.693+05:00,1.929083264
2021-11-03T23:17:52.195+05:00,1.679264594
2021-11-03T23:17:52.698+05:00,3.776998992
2021-11-03T23:17:53.199+05:00,1.35985249
2021-11-03T23:17:53.700+05:00,4.59751967
2021-11-03T23:17:54.203+05:00,14.90684332
2021-11-03T23:17:54.704+05:00,10.74118778
2021-11-03T23:17:55.206+05:00,14.12421164
2021-11-03T23:17:55.708+05:00,5.23014562
2021-11-03T23:17:56.210+05:00,6.957611453
2021-11-03T23:17:56.720+05:00,6.820153648
2021-11-03T23:17:57.221+05:00,14.26854784
2021-11-03T23:17:57.722+05:00,12.34782321
2021-11-03T23:17:58.223+05:00,11.72675173
2021-11-03T23:17:58.724+05:00,7.077741196
2021-11-03T23:17:59.225+05:00,21.19649359
2021-11-03T23:17:59.726+05:00,34.42917276
2021-11-03T23:18:00.228+05:00,34.90076334
2021-11-03T23:18:00.729+05:00,16.25453705
2021-11-03T23:18:01.230+05:00,22.75579416
2021-11-03T23:18:01.732+05:00,25.6770719
2021-11-03T23:18:02.234+05:00,9.666803672
2021-11-03T23:18:02.737+05:00,2.587395815
2021-11-03T23:18:03.239+05:00,6.578890387
2021-11-03T23:18:03.741+05:00,2.74761669
2021-11-03T23:18:04.243+05:00,3.10587898
2021-11-03T23:18:04.745+05:00,2.639426803
2021-11-03T23:18:05.247+05:00,4.391355485
2021-11-03T23:18:05.750+05:00,2.397393719
2021-11-03T23:18:06.251+05:00,3.885133825
2021-11-03T23:18:06.754+05:00,1.941021444
2021-11-03T23:18:07.257+05:00,2.261557763
2021-11-03T23:18:07.758+05:00,4.695355983
2021-11-03T23:18:08.261+05:00,4.87011499
2021-11-03T23:18:08.764+05:00,6.134343718
2021-11-03T23:18:09.267+05:00,1.943799631
2021-11-03T23:18:09.769+05:00,7.823846864
2021-11-03T23:18:10.271+05:00,6.144680007
2021-11-03T23:18:10.772+05:00,3.839435385
2021-11-03T23:18:11.273+05:00,3.722528163
2021-11-03T23:18:11.775+05:00,2.686956785
2021-11-03T23:18:12.276+05:00,5.237274977
2021-11-03T23:18:12.778+05:00,1.700055242
2021-11-03T23:18:13.281+05:00,2.20770345
2021-11-03T23:18:13.783+05:00,9.568565526
2021-11-03T23:18:14.284+05:00,6.891436775
2021-11-03T23:18:14.787+05:00,4.199001275
2021-11-03T23:18:15.290+05:00,1.72361183
2021-11-03T23:18:15.793+05:00,1.275068029
2021-11-03T23:18:16.296+05:00,2.995256323
2021-11-03T23:18:16.797+05:00,6.100877842
2021-11-03T23:18:17.299+05:00,14.28636029
2021-11-03T23:18:17.808+05:00,13.43605879
2021-11-03T23:18:18.309+05:00,20.2361356
2021-11-03T23:18:18.811+05:00,19.80533701
2021-11-03T23:18:19.313+05:00,17.6241303
2021-11-03T23:18:19.815+05:00,27.10465921
2021-11-03T23:18:20.317+05:00,11.51334733
2021-11-03T23:18:20.820+05:00,8.8206292
2021-11-03T23:18:21.322+05:00,4.652708666
2021-11-03T23:18:21.824+05:00,5.648555827
2021-11-03T23:18:22.326+05:00,4.775947123
2021-11-03T23:18:22.828+05:00,4.941979728
2021-11-03T23:18:23.330+05:00,4.905828912
2021-11-03T23:18:23.832+05:00,5.147543429
2021-11-03T23:18:24.333+05:00,4.897389077
2021-11-03T23:18:24.835+05:00,4.95302501
2021-11-03T23:18:25.338+05:00,4.654596377
2021-11-03T23:18:25.840+05:00,4.406500529
2021-11-03T23:18:26.342+05:00,4.243619947
2021-11-03T23:18:26.844+05:00,4.255152182
2021-11-03T23:18:27.347+05:00,4.7925811
2021-11-03T23:18:27.849+05:00,6.937046057
2021-11-03T23:18:28.351+05:00,5.993177574
2021-11-03T23:18:28.853+05:00,4.844004436
2021-11-03T23:18:29.354+05:00,4.327626608
2021-11-03T23:18:29.856+05:00,4.761060151
2021-11-03T23:18:30.358+05:00,4.794992541
2021-11-03T23:18:30.860+05:00,4.309073408
2021-11-03T23:18:31.362+05:00,5.384342625
2021-11-03T23:18:31.864+05:00,5.315246845
2021-11-03T23:18:32.365+05:00,4.413744259
2021-11-03T23:18:32.868+05:00,4.636523905
2021-11-03T23:18:33.370+05:00,5.216610757
2021-11-03T23:18:33.871+05:00,5.623156269
2021-11-03T23:18:34.373+05:00,6.821252762
2021-11-03T23:18:34.875+05:00,7.315068172
2021-11-03T23:18:35.377+05:00,5.229856854
2021-11-03T23:18:35.880+05:00,4.900940971
2021-11-03T23:18:36.382+05:00,5.89473134
2021-11-03T23:18:36.884+05:00,12.34916524
2021-11-03T23:18:37.387+05:00,12.09664578
2021-11-03T23:18:37.892+05:00,1.895222034
2021-11-03T23:18:38.395+05:00,2.783108899
2021-11-03T23:18:38.898+05:00,1.724485143
2021-11-03T23:18:39.401+05:00,1.746217224
2021-11-03T23:18:39.902+05:00,7.247011357
2021-11-03T23:18:40.403+05:00,14.67400609
2021-11-03T23:18:40.903+05:00,4.341440662
2021-11-03T23:18:41.404+05:00,9.068812247
2021-11-03T23:18:41.906+05:00,21.08849168
2021-11-03T23:18:42.407+05:00,24.70235902
2021-11-03T23:18:42.908+05:00,22.33118798
2021-11-03T23:18:43.409+05:00,19.34116176
2021-11-03T23:18:43.911+05:00,16.49292552
2021-11-03T23:18:44.412+05:00,15.47694631
2021-11-03T23:18:44.914+05:00,14.1301989
2021-11-03T23:18:45.415+05:00,23.04028931
2021-11-03T23:18:45.916+05:00,23.59214908
2021-11-03T23:18:46.418+05:00,27.32894751
2021-11-03T23:18:46.919+05:00,36.20283662
2021-11-03T23:18:47.421+05:00,45.50885109
2021-11-03T23:18:47.922+05:00,40.51878558
2021-11-03T23:18:48.424+05:00,40.55882194
2021-11-03T23:18:48.925+05:00,41.35654487
2021-11-03T23:18:49.427+05:00,36.19651373
2021-11-03T23:18:49.929+05:00,41.65089451
2021-11-03T23:18:50.430+05:00,42.155909
2021-11-03T23:18:50.932+05:00,41.78068394
2021-11-03T23:18:51.434+05:00,41.76196967
2021-11-03T23:18:51.936+05:00,36.77427796
2021-11-03T23:18:52.438+05:00,25.85284679
2021-11-03T23:18:52.939+05:00,8.554152317
2021-11-03T23:18:53.440+05:00,5.387367133
2021-11-03T23:18:53.943+05:00,10.33899211
2021-11-03T23:18:54.445+05:00,7.890040894
2021-11-03T23:18:54.947+05:00,9.44035145
2021-11-03T23:18:55.450+05:00,8.745307905
2021-11-03T23:18:55.952+05:00,9.037737227
2021-11-03T23:18:56.454+05:00,8.763798619
2021-11-03T23:18:56.956+05:00,8.977273651
2021-11-03T23:18:57.458+05:00,10.29308196
2021-11-03T23:18:57.960+05:00,10.51571765
2021-11-03T23:18:58.461+05:00,12.12404933
2021-11-03T23:18:58.970+05:00,10.39895205
2021-11-03T23:18:59.471+05:00,12.2022253
2021-11-03T23:18:59.972+05:00,28.83269309
2021-11-03T23:19:00.475+05:00,16.71989289
2021-11-03T23:19:00.977+05:00,11.11938731
2021-11-03T23:19:01.481+05:00,5.495890965
2021-11-03T23:19:01.984+05:00,1.502641159
2021-11-03T23:19:02.487+05:00,2.132734948
2021-11-03T23:19:02.988+05:00,7.329553088
2021-11-03T23:19:03.490+05:00,12.76968981
2021-11-03T23:19:03.992+05:00,4.587053683
2021-11-03T23:19:04.494+05:00,4.070445978
2021-11-03T23:19:04.995+05:00,13.82873301
2021-11-03T23:19:05.497+05:00,11.06007007
2021-11-03T23:19:05.998+05:00,16.35433697
2021-11-03T23:19:06.500+05:00,12.2423706
2021-11-03T23:19:07.002+05:00,13.31997559
2021-11-03T23:19:07.503+05:00,10.25767181
2021-11-03T23:19:08.004+05:00,8.21559255
2021-11-03T23:19:08.505+05:00,22.76813008
2021-11-03T23:19:09.007+05:00,23.09616449
2021-11-03T23:19:09.509+05:00,20.04594389
2021-11-03T23:19:10.010+05:00,20.39745872
2021-11-03T23:19:10.511+05:00,24.72209059
2021-11-03T23:19:11.012+05:00,19.73476485
2021-11-03T23:19:11.513+05:00,30.99559645
2021-11-03T23:19:12.014+05:00,32.02246461
2021-11-03T23:19:12.515+05:00,20.73037166
2021-11-03T23:19:13.017+05:00,23.8711693
2021-11-03T23:19:13.518+05:00,9.686435767
2021-11-03T23:19:14.020+05:00,11.52832192
2021-11-03T23:19:14.521+05:00,10.6175507
2021-11-03T23:19:15.023+05:00,18.44157355
2021-11-03T23:19:15.525+05:00,13.34972272
2021-11-03T23:19:16.026+05:00,8.861840007
2021-11-03T23:19:16.527+05:00,12.75164009
2021-11-03T23:19:17.028+05:00,13.46592836
2021-11-03T23:19:17.529+05:00,8.812976419
2021-11-03T23:19:18.031+05:00,9.4322652
2021-11-03T23:19:18.532+05:00,9.436712293
2021-11-03T23:19:19.034+05:00,12.26148443
2021-11-03T23:19:19.536+05:00,11.42738566
2021-11-03T23:19:20.044+05:00,8.464162243
2021-11-03T23:19:20.545+05:00,12.20863266
2021-11-03T23:19:21.046+05:00,11.42717574
2021-11-03T23:19:21.547+05:00,8.762518983
2021-11-03T23:19:22.049+05:00,8.747918522
2021-11-03T23:19:22.551+05:00,9.942658155
2021-11-03T23:19:23.053+05:00,14.53988401
2021-11-03T23:19:23.555+05:00,8.457196259
2021-11-03T23:19:24.058+05:00,4.632070372
2021-11-03T23:19:24.560+05:00,2.502174406
2021-11-03T23:19:25.063+05:00,1.644597742
2021-11-03T23:19:25.564+05:00,2.363838338
2021-11-03T23:19:26.065+05:00,7.576622876
2021-11-03T23:19:26.567+05:00,12.22333182
2021-11-03T23:19:27.069+05:00,3.865384203
2021-11-03T23:19:27.571+05:00,4.587963297
2021-11-03T23:19:28.072+05:00,4.103819307
2021-11-03T23:19:28.574+05:00,6.037577777
2021-11-03T23:19:29.075+05:00,12.25645612
2021-11-03T23:19:29.577+05:00,11.18949211
2021-11-03T23:19:30.078+05:00,5.861233828
2021-11-03T23:19:30.579+05:00,11.33499373
2021-11-03T23:19:31.080+05:00,13.24853994
2021-11-03T23:19:31.581+05:00,10.51011791
2021-11-03T23:19:32.082+05:00,29.92062107
2021-11-03T23:19:32.584+05:00,15.49894764
2021-11-03T23:19:33.085+05:00,9.758608254
2021-11-03T23:19:33.586+05:00,14.08662128
2021-11-03T23:19:34.088+05:00,20.60892348
2021-11-03T23:19:34.589+05:00,19.84350786
2021-11-03T23:19:35.090+05:00,6.979082161
2021-11-03T23:19:35.591+05:00,13.58241334
2021-11-03T23:19:36.092+05:00,20.98563216
2021-11-03T23:19:36.593+05:00,19.40040522
2021-11-03T23:19:37.095+05:00,18.71627063
2021-11-03T23:19:37.597+05:00,12.33207741
2021-11-03T23:19:38.099+05:00,5.497733272
2021-11-03T23:19:38.602+05:00,16.19407348
2021-11-03T23:19:39.103+05:00,25.82176511
2021-11-03T23:19:39.604+05:00,26.09389208
2021-11-03T23:19:40.112+05:00,6.552226101
2021-11-03T23:19:40.613+05:00,15.11013134
2021-11-03T23:19:41.115+05:00,17.17397351
2021-11-03T23:19:41.616+05:00,12.60104042
2021-11-03T23:19:42.118+05:00,5.330791415
2021-11-03T23:19:42.620+05:00,4.893736897
2021-11-03T23:19:43.122+05:00,4.242323109
2021-11-03T23:19:43.624+05:00,4.98843161
2021-11-03T23:19:44.126+05:00,4.725689892
2021-11-03T23:19:44.629+05:00,5.259571129
2021-11-03T23:19:45.131+05:00,12.02419212
2021-11-03T23:19:45.632+05:00,17.98357661
2021-11-03T23:19:46.133+05:00,11.59796751
2021-11-03T23:19:46.636+05:00,5.195274831
2021-11-03T23:19:47.139+05:00,2.371490322
2021-11-03T23:19:47.642+05:00,5.33742462
2021-11-03T23:19:48.145+05:00,3.937617674
2021-11-03T23:19:48.647+05:00,3.527111253
2021-11-03T23:19:49.148+05:00,7.450216136
2021-11-03T23:19:49.649+05:00,13.72066709
2021-11-03T23:19:50.150+05:00,13.19874881
2021-11-03T23:19:50.651+05:00,2.728368399
2021-11-03T23:19:51.153+05:00,7.290096347
2021-11-03T23:19:51.656+05:00,0.891862281
2021-11-03T23:19:52.160+05:00,1.382241346
2021-11-03T23:19:52.663+05:00,4.013043312
2021-11-03T23:19:53.166+05:00,1.411244961
2021-11-03T23:19:53.669+05:00,0.847897619
2021-11-03T23:19:54.172+05:00,6.302975388
2021-11-03T23:19:54.675+05:00,2.541055867
2021-11-03T23:19:55.177+05:00,0.944960975
2021-11-03T23:19:55.678+05:00,3.6532063
2021-11-03T23:19:56.181+05:00,6.871397694
2021-11-03T23:19:56.684+05:00,1.002189219
2021-11-03T23:19:57.187+05:00,2.115115492
2021-11-03T23:19:57.689+05:00,1.061972605
2021-11-03T23:19:58.192+05:00,0.306465053
2021-11-03T23:19:58.695+05:00,1.279811529
2021-11-03T23:19:59.198+05:00,2.603226596
2021-11-03T23:19:59.713+05:00,1.7778123
2021-11-03T23:20:00.215+05:00,1.28130284
2021-11-03T23:20:00.718+05:00,0.420965867
2021-11-03T23:20:01.221+05:00,12.53387806
2021-11-03T23:20:01.724+05:00,0.672192108
2021-11-03T23:20:02.227+05:00,0.739866771
2021-11-03T23:20:02.730+05:00,0.771508297
2021-11-03T23:20:03.232+05:00,1.841488463
2021-11-03T23:20:03.734+05:00,2.880484947
2021-11-03T23:20:04.236+05:00,1.857498914
2021-11-03T23:20:04.738+05:00,1.07003507
2021-11-03T23:20:05.241+05:00,4.20478155
2021-11-03T23:20:05.744+05:00,2.593057526
2021-11-03T23:20:06.246+05:00,3.624793617
2021-11-03T23:20:06.747+05:00,0.807721811
2021-11-03T23:20:07.248+05:00,2.846304568
2021-11-03T23:20:07.749+05:00,0.736174338
2021-11-03T23:20:08.252+05:00,0.759506138
2021-11-03T23:20:08.753+05:00,3.006792238
2021-11-03T23:20:09.255+05:00,11.29973567
2021-11-03T23:20:09.757+05:00,3.239665506
2021-11-03T23:20:10.259+05:00,2.457058672
2021-11-03T23:20:10.762+05:00,1.771659927
2021-11-03T23:20:11.265+05:00,1.723693862
2021-11-03T23:20:11.767+05:00,1.458962138
2021-11-03T23:20:12.269+05:00,12.01353874
2021-11-03T23:20:12.772+05:00,8.218101157
2021-11-03T23:20:13.274+05:00,13.133468
2021-11-03T23:20:13.774+05:00,16.93083252
2021-11-03T23:20:14.275+05:00,12.92528756
2021-11-03T23:20:14.778+05:00,2.565031088
2021-11-03T23:20:15.281+05:00,2.022624396
2021-11-03T23:20:15.782+05:00,2.054176937
2021-11-03T23:20:16.284+05:00,4.282844788
2021-11-03T23:20:16.787+05:00,1.209102776
2021-11-03T23:20:17.289+05:00,1.43696485
2021-11-03T23:20:17.791+05:00,0.621749405
2021-11-03T23:20:18.293+05:00,0.842776094
2021-11-03T23:20:18.796+05:00,1.202764649
2021-11-03T23:20:19.298+05:00,3.374437368
2021-11-03T23:20:19.801+05:00,0.915974799
2021-11-03T23:20:20.304+05:00,1.619483484
2021-11-03T23:20:20.817+05:00,0.31133055
2021-11-03T23:20:21.319+05:00,0.63147273
2021-11-03T23:20:21.822+05:00,0.750609483
2021-11-03T23:20:22.323+05:00,2.348707788
2021-11-03T23:20:22.824+05:00,7.657771882
2021-11-03T23:20:23.325+05:00,5.040656077
2021-11-03T23:20:23.827+05:00,1.85291914
2021-11-03T23:20:24.330+05:00,1.897350666
2021-11-03T23:20:24.833+05:00,0.461575559
2021-11-03T23:20:25.335+05:00,0.477382506
2021-11-03T23:20:25.838+05:00,0.667586592
2021-11-03T23:20:26.342+05:00,0.359096014
2021-11-03T23:20:26.845+05:00,0.403717343
2021-11-03T23:20:27.348+05:00,0.440691409
2021-11-03T23:20:27.851+05:00,0.435890277
2021-11-03T23:20:28.354+05:00,0.443200102
2021-11-03T23:20:28.856+05:00,2.633250197
2021-11-03T23:20:29.358+05:00,1.876168321
2021-11-03T23:20:29.861+05:00,0.375387433
2021-11-03T23:20:30.362+05:00,3.291180417
2021-11-03T23:20:30.864+05:00,1.274043684
2021-11-03T23:20:31.366+05:00,0.700261415
2021-11-03T23:20:31.869+05:00,0.45059451
2021-11-03T23:20:32.371+05:00,12.48105624
2021-11-03T23:20:32.874+05:00,3.61581567
2021-11-03T23:20:33.377+05:00,2.983343725
2021-11-03T23:20:33.878+05:00,3.710221678
2021-11-03T23:20:34.379+05:00,2.54507163
2021-11-03T23:20:34.881+05:00,1.57742866
2021-11-03T23:20:35.383+05:00,13.91969789
2021-11-03T23:20:35.885+05:00,6.17322745
2021-11-03T23:20:36.387+05:00,4.953020138
2021-11-03T23:20:36.889+05:00,3.619603689
2021-11-03T23:20:37.392+05:00,3.921322077
2021-11-03T23:20:37.894+05:00,3.867017916
2021-11-03T23:20:38.397+05:00,4.265191121
2021-11-03T23:20:38.899+05:00,4.080527369
2021-11-03T23:20:39.402+05:00,3.78772283
2021-11-03T23:20:39.904+05:00,3.764640221
2021-11-03T23:20:40.407+05:00,4.080628468
2021-11-03T23:20:40.909+05:00,4.139668844
2021-11-03T23:20:41.411+05:00,3.488892747
2021-11-03T23:20:41.913+05:00,3.69367328
2021-11-03T23:20:42.415+05:00,4.954169211
2021-11-03T23:20:42.917+05:00,4.13631815
2021-11-03T23:20:43.419+05:00,4.99405089
2021-11-03T23:20:43.920+05:00,4.095111498
2021-11-03T23:20:44.422+05:00,4.174622971
2021-11-03T23:20:44.925+05:00,3.725775427
2021-11-03T23:20:45.426+05:00,4.352895993
2021-11-03T23:20:45.929+05:00,3.744863453
2021-11-03T23:20:46.431+05:00,4.149483048
2021-11-03T23:20:46.933+05:00,3.724966675
2021-11-03T23:20:47.435+05:00,3.743450722
2021-11-03T23:20:47.937+05:00,4.174418139
2021-11-03T23:20:48.440+05:00,3.742872347
2021-11-03T23:20:48.942+05:00,3.632278485
2021-11-03T23:20:49.445+05:00,3.969472546
2021-11-03T23:20:49.947+05:00,3.689604539
2021-11-03T23:20:50.449+05:00,4.8062995
2021-11-03T23:20:50.951+05:00,3.777782223
2021-11-03T23:20:51.453+05:00,4.13908883
2021-11-03T23:20:51.955+05:00,3.684246823
2021-11-03T23:20:52.458+05:00,4.992663359
2021-11-03T23:20:52.960+05:00,3.614938425
2021-11-03T23:20:53.462+05:00,4.326174407
2021-11-03T23:20:53.965+05:00,3.839462286
2021-11-03T23:20:54.467+05:00,4.348797728
2021-11-03T23:20:54.969+05:00,4.230550088
2021-11-03T23:20:55.472+05:00,10.97682612
2021-11-03T23:20:55.975+05:00,2.016208429
2021-11-03T23:20:56.478+05:00,3.208051097
2021-11-03T23:20:56.981+05:00,1.680110204
2021-11-03T23:20:57.483+05:00,1.718197583
2021-11-03T23:20:57.986+05:00,2.139349734
2021-11-03T23:20:58.488+05:00,15.09212297
2021-11-03T23:20:58.989+05:00,5.768170674
2021-11-03T23:20:59.491+05:00,4.467892137
2021-11-03T23:20:59.993+05:00,4.079892095
2021-11-03T23:21:00.496+05:00,3.813681011
2021-11-03T23:21:00.997+05:00,21.71311679
2021-11-03T23:21:01.498+05:00,5.97179693
2021-11-03T23:21:02.007+05:00,13.00943234
2021-11-03T23:21:02.508+05:00,17.54886455
2021-11-03T23:21:03.009+05:00,14.36885625
2021-11-03T23:21:03.511+05:00,11.58084739
2021-11-03T23:21:04.013+05:00,9.347302845
2021-11-03T23:21:04.515+05:00,6.796999846
2021-11-03T23:21:05.017+05:00,7.540361238
2021-11-03T23:21:05.519+05:00,7.044334461
2021-11-03T23:21:06.020+05:00,5.657479182
2021-11-03T23:21:06.522+05:00,4.979487641
2021-11-03T23:21:07.024+05:00,4.522477613
2021-11-03T23:21:07.525+05:00,14.25651936
2021-11-03T23:21:08.027+05:00,7.346706482
2021-11-03T23:21:08.529+05:00,7.109460266
2021-11-03T23:21:09.032+05:00,7.068949229
2021-11-03T23:21:09.534+05:00,5.638905003
2021-11-03T23:21:10.035+05:00,16.49230207
2021-11-03T23:21:10.538+05:00,4.152845066
2021-11-03T23:21:11.041+05:00,2.760679103
2021-11-03T23:21:11.544+05:00,1.771251411
2021-11-03T23:21:12.045+05:00,6.905930643
2021-11-03T23:21:12.547+05:00,4.565732724
2021-11-03T23:21:13.049+05:00,4.19827777
2021-11-03T23:21:13.552+05:00,3.894940884
2021-11-03T23:21:14.055+05:00,3.628681422
2021-11-03T23:21:14.558+05:00,4.168361664
2021-11-03T23:21:15.059+05:00,4.632542435
2021-11-03T23:21:15.562+05:00,7.032255609
2021-11-03T23:21:16.065+05:00,5.669773361
2021-11-03T23:21:16.568+05:00,5.267732541
2021-11-03T23:21:17.071+05:00,4.234456104
2021-11-03T23:21:17.574+05:00,4.904653716
2021-11-03T23:21:18.077+05:00,0.680370006
2021-11-03T23:21:18.579+05:00,10.10764129
2021-11-03T23:21:19.081+05:00,4.48439049
2021-11-03T23:21:19.584+05:00,3.176364943
2021-11-03T23:21:20.086+05:00,1.744045169
2021-11-03T23:21:20.588+05:00,1.885495442
2021-11-03T23:21:21.091+05:00,1.154965599
2021-11-03T23:21:21.593+05:00,14.51654903
2021-11-03T23:21:22.095+05:00,5.921200352
2021-11-03T23:21:22.596+05:00,5.772434876
2021-11-03T23:21:23.106+05:00,5.122219913
2021-11-03T23:21:23.608+05:00,3.997412077
2021-11-03T23:21:24.109+05:00,8.015232553
2021-11-03T23:21:24.610+05:00,20.25459391
2021-11-03T23:21:25.111+05:00,15.14220437
2021-11-03T23:21:25.612+05:00,15.59066234
2021-11-03T23:21:26.113+05:00,25.86025382
2021-11-03T23:21:26.614+05:00,17.11707929
2021-11-03T23:21:27.116+05:00,19.10506354
2021-11-03T23:21:27.617+05:00,16.3513731
2021-11-03T23:21:28.118+05:00,19.4514732
2021-11-03T23:21:28.620+05:00,21.80892535
2021-11-03T23:21:29.122+05:00,24.44595947
2021-11-03T23:21:29.623+05:00,25.34629729
2021-11-03T23:21:30.124+05:00,24.35117016
2021-11-03T23:21:30.625+05:00,18.23407069
2021-11-03T23:21:31.127+05:00,22.16140665
2021-11-03T23:21:31.629+05:00,10.0082054
2021-11-03T23:21:32.130+05:00,15.21627201
2021-11-03T23:21:32.633+05:00,11.49452318
2021-11-03T23:21:33.134+05:00,11.31567339
2021-11-03T23:21:33.635+05:00,10.74740673
2021-11-03T23:21:34.136+05:00,20.24626497
2021-11-03T23:21:34.637+05:00,13.32126874
2021-11-03T23:21:35.140+05:00,10.91520979
2021-11-03T23:21:35.641+05:00,9.635692848
2021-11-03T23:21:36.143+05:00,9.729125457
2021-11-03T23:21:36.645+05:00,10.28202322
2021-11-03T23:21:37.146+05:00,12.92800499
2021-11-03T23:21:37.646+05:00,6.006954095
2021-11-03T23:21:38.148+05:00,10.35821592
2021-11-03T23:21:38.650+05:00,10.5441637
2021-11-03T23:21:39.153+05:00,11.39952441
2021-11-03T23:21:39.655+05:00,10.2539893
2021-11-03T23:21:40.157+05:00,10.31711742
2021-11-03T23:21:40.658+05:00,10.06541677
2021-11-03T23:21:41.160+05:00,9.947645026
2021-11-03T23:21:41.662+05:00,13.91684693
2021-11-03T23:21:42.165+05:00,2.306327352
2021-11-03T23:21:42.667+05:00,2.585201209
2021-11-03T23:21:43.170+05:00,1.63839577
2021-11-03T23:21:43.673+05:00,1.230516075
2021-11-03T23:21:44.176+05:00,1.69099923
2021-11-03T23:21:44.678+05:00,14.96763465
2021-11-03T23:21:45.180+05:00,5.487083641
2021-11-03T23:21:45.681+05:00,16.47312684
2021-11-03T23:21:46.183+05:00,8.808933894
2021-11-03T23:21:46.684+05:00,10.12364371
2021-11-03T23:21:47.185+05:00,26.32303186
2021-11-03T23:21:47.687+05:00,28.88616887
2021-11-03T23:21:48.189+05:00,15.17902941
2021-11-03T23:21:48.691+05:00,23.85859514
2021-11-03T23:21:49.193+05:00,15.68047909
2021-11-03T23:21:49.695+05:00,11.09037145
2021-11-03T23:21:50.197+05:00,8.128352713
2021-11-03T23:21:50.698+05:00,8.048742505
2021-11-03T23:21:51.201+05:00,6.529572518
2021-11-03T23:21:51.703+05:00,7.511722147
2021-11-03T23:21:52.204+05:00,7.356607505
2021-11-03T23:21:52.706+05:00,8.029015802
2021-11-03T23:21:53.208+05:00,8.315397821
2021-11-03T23:21:53.711+05:00,7.939914565
2021-11-03T23:21:54.212+05:00,7.342537556
2021-11-03T23:21:54.715+05:00,7.473091197
2021-11-03T23:21:55.216+05:00,5.756367672
2021-11-03T23:21:55.718+05:00,8.437753962
2021-11-03T23:21:56.220+05:00,7.57397481
2021-11-03T23:21:56.721+05:00,6.370059015
2021-11-03T23:21:57.221+05:00,5.494238733
2021-11-03T23:21:57.722+05:00,6.687042148
2021-11-03T23:21:58.224+05:00,5.175528153
2021-11-03T23:21:58.727+05:00,5.337977653
2021-11-03T23:21:59.228+05:00,6.472136558
2021-11-03T23:21:59.731+05:00,5.365841362
2021-11-03T23:22:00.233+05:00,5.486112847
2021-11-03T23:22:00.734+05:00,7.506531814
2021-11-03T23:22:01.236+05:00,8.404213041
2021-11-03T23:22:01.737+05:00,6.566471318
2021-11-03T23:22:02.240+05:00,8.044595972
2021-11-03T23:22:02.742+05:00,5.849659919
2021-11-03T23:22:03.243+05:00,5.590509169
2021-11-03T23:22:03.744+05:00,6.365859516
2021-11-03T23:22:04.256+05:00,6.098877689
2021-11-03T23:22:04.758+05:00,16.62682799
2021-11-03T23:22:05.261+05:00,4.697363659
2021-11-03T23:22:05.763+05:00,3.9010229
2021-11-03T23:22:06.266+05:00,3.946239412
2021-11-03T23:22:06.769+05:00,1.231924914
2021-11-03T23:22:07.272+05:00,1.469469504
2021-11-03T23:22:07.773+05:00,14.25229928
2021-11-03T23:22:08.276+05:00,5.442874751
2021-11-03T23:22:08.777+05:00,12.40995538
2021-11-03T23:22:09.278+05:00,17.39418544
2021-11-03T23:22:09.780+05:00,19.72360149
2021-11-03T23:22:10.282+05:00,4.892840141
2021-11-03T23:22:10.785+05:00,2.26854461
2021-11-03T23:22:11.288+05:00,2.123656253
2021-11-03T23:22:11.790+05:00,2.514280562
2021-11-03T23:22:12.293+05:00,1.416475005
2021-11-03T23:22:12.796+05:00,3.488241447
2021-11-03T23:22:13.298+05:00,1.919387304
2021-11-03T23:22:13.801+05:00,2.564171968
2021-11-03T23:22:14.302+05:00,2.142788811
2021-11-03T23:22:14.805+05:00,4.240081642
2021-11-03T23:22:15.308+05:00,1.443439954
2021-11-03T23:22:15.811+05:00,3.14580299
2021-11-03T23:22:16.314+05:00,2.979423479
2021-11-03T23:22:16.816+05:00,1.775501456
2021-11-03T23:22:17.319+05:00,0.64977215
2021-11-03T23:22:17.820+05:00,6.355452547
2021-11-03T23:22:18.323+05:00,5.334574821
2021-11-03T23:22:18.824+05:00,1.713494763
2021-11-03T23:22:19.325+05:00,3.463278814
2021-11-03T23:22:19.827+05:00,2.645812139
2021-11-03T23:22:20.330+05:00,1.746432009
2021-11-03T23:22:20.833+05:00,2.19532906
2021-11-03T23:22:21.336+05:00,1.213243521
2021-11-03T23:22:21.839+05:00,1.533700197
2021-11-03T23:22:22.340+05:00,1.525106545
2021-11-03T23:22:22.843+05:00,1.959162696
2021-11-03T23:22:23.346+05:00,1.064259636
2021-11-03T23:22:23.848+05:00,1.458088145
2021-11-03T23:22:24.350+05:00,2.148917815
2021-11-03T23:22:24.853+05:00,2.948218043
2021-11-03T23:22:25.367+05:00,1.221159055
2021-11-03T23:22:25.869+05:00,1.979275232
2021-11-03T23:22:26.371+05:00,1.424414881
2021-11-03T23:22:26.874+05:00,0.658843584
2021-11-03T23:22:27.376+05:00,1.458116688
2021-11-03T23:22:27.878+05:00,12.7632358
2021-11-03T23:22:28.381+05:00,2.038153783
2021-11-03T23:22:28.884+05:00,2.650137081
2021-11-03T23:22:29.386+05:00,2.12698296
2021-11-03T23:22:29.888+05:00,3.258206538
2021-11-03T23:22:30.390+05:00,2.726303419
2021-11-03T23:22:30.891+05:00,15.32143571
2021-11-03T23:22:31.393+05:00,5.108187783
2021-11-03T23:22:31.895+05:00,17.64065754
2021-11-03T23:22:32.397+05:00,14.35888292
2021-11-03T23:22:32.898+05:00,27.1774137
2021-11-03T23:22:33.399+05:00,35.42349857
2021-11-03T23:22:33.900+05:00,16.16006041
2021-11-03T23:22:34.401+05:00,18.68071788
2021-11-03T23:22:34.902+05:00,16.89238182
2021-11-03T23:22:35.404+05:00,6.24118918
2021-11-03T23:22:35.906+05:00,14.9516636
2021-11-03T23:22:36.407+05:00,9.008231284
2021-11-03T23:22:36.910+05:00,5.674497963
2021-11-03T23:22:37.413+05:00,3.4741371
2021-11-03T23:22:37.914+05:00,3.930176127
2021-11-03T23:22:38.416+05:00,3.405447894
2021-11-03T23:22:38.918+05:00,2.760660144
2021-11-03T23:22:39.421+05:00,3.936580643
2021-11-03T23:22:39.924+05:00,3.757046951
2021-11-03T23:22:40.426+05:00,2.265660665
2021-11-03T23:22:40.929+05:00,6.337620102
2021-11-03T23:22:41.431+05:00,5.855924561
2021-11-03T23:22:41.933+05:00,1.833575367
2021-11-03T23:22:42.435+05:00,1.691827095
2021-11-03T23:22:42.937+05:00,2.357669405
2021-11-03T23:22:43.440+05:00,6.694885291
2021-11-03T23:22:43.943+05:00,1.43335963
2021-11-03T23:22:44.445+05:00,7.343200655
2021-11-03T23:22:44.948+05:00,6.32131628
2021-11-03T23:22:45.451+05:00,1.247146071
2021-11-03T23:22:45.964+05:00,0.71738395
2021-11-03T23:22:46.467+05:00,1.516339709
2021-11-03T23:22:46.969+05:00,3.960864006
2021-11-03T23:22:47.473+05:00,1.059949187
2021-11-03T23:22:47.976+05:00,1.31177727
2021-11-03T23:22:48.478+05:00,1.297991297
2021-11-03T23:22:48.982+05:00,3.183988253
2021-11-03T23:22:49.485+05:00,6.178227136
2021-11-03T23:22:49.987+05:00,5.785873281
2021-11-03T23:22:50.490+05:00,1.362191148
2021-11-03T23:22:50.993+05:00,13.0238047
2021-11-03T23:22:51.496+05:00,3.6812696
2021-11-03T23:22:51.999+05:00,2.230721221
2021-11-03T23:22:52.502+05:00,3.614826339
2021-11-03T23:22:53.004+05:00,1.480135287
2021-11-03T23:22:53.507+05:00,1.517264506
2021-11-03T23:22:54.008+05:00,16.07649467
2021-11-03T23:22:54.509+05:00,4.651589562
2021-11-03T23:22:55.011+05:00,4.549548136
2021-11-03T23:22:55.512+05:00,9.79375263
2021-11-03T23:22:56.013+05:00,15.16289236
2021-11-03T23:22:56.514+05:00,4.205078457
2021-11-03T23:22:57.016+05:00,4.653479935
2021-11-03T23:22:57.518+05:00,4.392779267
2021-11-03T23:22:58.019+05:00,13.74738999
2021-11-03T23:22:58.521+05:00,8.004257834
2021-11-03T23:22:59.022+05:00,14.76710306
2021-11-03T23:22:59.524+05:00,11.66843651
2021-11-03T23:23:00.025+05:00,18.29698192
2021-11-03T23:23:00.526+05:00,11.30602629
2021-11-03T23:23:01.027+05:00,11.9900383
2021-11-03T23:23:01.528+05:00,7.237601532
2021-11-03T23:23:02.029+05:00,7.71142838
2021-11-03T23:23:02.531+05:00,6.593718999
2021-11-03T23:23:03.033+05:00,5.948088547
2021-11-03T23:23:03.535+05:00,5.213218873
2021-11-03T23:23:04.037+05:00,4.660288931
2021-11-03T23:23:04.540+05:00,4.974022162
2021-11-03T23:23:05.042+05:00,7.141944728
2021-11-03T23:23:05.544+05:00,6.050085503
2021-11-03T23:23:06.055+05:00,6.367335801
2021-11-03T23:23:06.558+05:00,4.258759216
2021-11-03T23:23:07.060+05:00,6.330679956
2021-11-03T23:23:07.562+05:00,4.882521337
2021-11-03T23:23:08.064+05:00,5.587608688
2021-11-03T23:23:08.566+05:00,6.173124971
2021-11-03T23:23:09.068+05:00,7.357428625
2021-11-03T23:23:09.570+05:00,4.516325492
2021-11-03T23:23:10.072+05:00,4.821042997
2021-11-03T23:23:10.574+05:00,7.691814583
2021-11-03T23:23:11.077+05:00,7.941048994
2021-11-03T23:23:11.580+05:00,7.074873095
2021-11-03T23:23:12.082+05:00,5.243576772
2021-11-03T23:23:12.584+05:00,5.981777425
2021-11-03T23:23:13.086+05:00,6.234011056
2021-11-03T23:23:13.588+05:00,5.016902131
2021-11-03T23:23:14.091+05:00,14.0189097
2021-11-03T23:23:14.594+05:00,3.899357944
2021-11-03T23:23:15.097+05:00,2.230897517
2021-11-03T23:23:15.600+05:00,1.394850314
2021-11-03T23:23:16.102+05:00,2.578758104
2021-11-03T23:23:16.605+05:00,2.192679437
2021-11-03T23:23:17.107+05:00,14.64254781
2021-11-03T23:23:17.609+05:00,5.060124239
2021-11-03T23:23:18.110+05:00,19.50659111
2021-11-03T23:23:18.612+05:00,5.387661748
2021-11-03T23:23:19.113+05:00,24.52286007
2021-11-03T23:23:19.615+05:00,36.15086218
2021-11-03T23:23:20.116+05:00,38.18339957
2021-11-03T23:23:20.616+05:00,38.89409971
2021-11-03T23:23:21.118+05:00,36.44508294
2021-11-03T23:23:21.619+05:00,40.39112659
2021-11-03T23:23:22.121+05:00,37.92444575
2021-11-03T23:23:22.622+05:00,32.00233233
2021-11-03T23:23:23.124+05:00,31.25295596
2021-11-03T23:23:23.625+05:00,37.7849335
2021-11-03T23:23:24.127+05:00,42.21467555
2021-11-03T23:23:24.628+05:00,40.92707018
2021-11-03T23:23:25.130+05:00,30.42634677
2021-11-03T23:23:25.631+05:00,14.8799947
2021-11-03T23:23:26.132+05:00,15.90752982
2021-11-03T23:23:26.634+05:00,19.37853649
2021-11-03T23:23:27.144+05:00,30.53342418
2021-11-03T23:23:27.651+05:00,41.32148095
2021-11-03T23:23:28.153+05:00,28.31006503
2021-11-03T23:23:28.654+05:00,17.94966982
2021-11-03T23:23:29.155+05:00,23.26740603
2021-11-03T23:23:29.656+05:00,29.47623383
2021-11-03T23:23:30.157+05:00,12.08256412
2021-11-03T23:23:30.658+05:00,28.19909548
2021-11-03T23:23:31.159+05:00,32.59109836
2021-11-03T23:23:31.661+05:00,31.08709915
2021-11-03T23:23:32.162+05:00,16.50465192
2021-11-03T23:23:32.664+05:00,24.87964985
2021-11-03T23:23:33.165+05:00,26.82375205
2021-11-03T23:23:33.667+05:00,41.01795498
2021-11-03T23:23:34.169+05:00,41.22041419
2021-11-03T23:23:34.670+05:00,26.71023889
2021-11-03T23:23:35.171+05:00,33.44469448
2021-11-03T23:23:35.673+05:00,13.23961752
2021-11-03T23:23:36.174+05:00,37.12683173
2021-11-03T23:23:36.675+05:00,25.58532752
2021-11-03T23:23:37.177+05:00,40.99044708
2021-11-03T23:23:37.678+05:00,24.57244408
2021-11-03T23:23:38.179+05:00,30.6006261
2021-11-03T23:23:38.680+05:00,27.6968091
2021-11-03T23:23:39.181+05:00,14.2391114
2021-11-03T23:23:39.682+05:00,15.56943311
2021-11-03T23:23:40.183+05:00,13.03561737
2021-11-03T23:23:40.685+05:00,13.91905094
2021-11-03T23:23:41.186+05:00,9.037854488
2021-11-03T23:23:41.687+05:00,12.59873874
2021-11-03T23:23:42.188+05:00,15.44881571
2021-11-03T23:23:42.689+05:00,9.337732371
2021-11-03T23:23:43.190+05:00,9.415957615
2021-11-03T23:23:43.691+05:00,13.35369354
2021-11-03T23:23:44.192+05:00,8.484243376
2021-11-03T23:23:44.694+05:00,17.54551823
2021-11-03T23:23:45.195+05:00,17.04906138
2021-11-03T23:23:45.696+05:00,13.48218672
2021-11-03T23:23:46.197+05:00,14.38070487
2021-11-03T23:23:46.698+05:00,15.39457309
2021-11-03T23:23:47.200+05:00,14.44544435
2021-11-03T23:23:47.701+05:00,16.14642923
2021-11-03T23:23:48.202+05:00,21.72078844
2021-11-03T23:23:48.704+05:00,10.68936491
2021-11-03T23:23:49.205+05:00,4.293517846
2021-11-03T23:23:49.706+05:00,3.181638686
2021-11-03T23:23:50.207+05:00,5.47506939
2021-11-03T23:23:50.708+05:00,4.153317158
2021-11-03T23:23:51.209+05:00,4.251796976
2021-11-03T23:23:51.711+05:00,3.09768655
2021-11-03T23:23:52.212+05:00,4.114589879
2021-11-03T23:23:52.713+05:00,6.833013718
2021-11-03T23:23:53.214+05:00,4.246132443
2021-11-03T23:23:53.715+05:00,3.016011608
2021-11-03T23:23:54.216+05:00,2.681026736
2021-11-03T23:23:54.717+05:00,4.563763199
2021-11-03T23:23:55.218+05:00,2.703139614
2021-11-03T23:23:55.719+05:00,3.233578022
2021-11-03T23:23:56.220+05:00,3.009663496
2021-11-03T23:23:56.721+05:00,3.012272646
2021-11-03T23:23:57.222+05:00,5.528887065
2021-11-03T23:23:57.724+05:00,3.951198913
2021-11-03T23:23:58.225+05:00,6.533551322
2021-11-03T23:23:58.726+05:00,4.551359344
2021-11-03T23:23:59.227+05:00,5.075246021
2021-11-03T23:23:59.728+05:00,3.379567521
2021-11-03T23:24:00.229+05:00,4.630925347
2021-11-03T23:24:00.730+05:00,3.273002512
2021-11-03T23:24:01.231+05:00,7.890403146
2021-11-03T23:24:01.732+05:00,6.86366139
2021-11-03T23:24:02.233+05:00,5.261721233
2021-11-03T23:24:02.734+05:00,4.400855285
2021-11-03T23:24:03.235+05:00,5.532614588
2021-11-03T23:24:03.736+05:00,3.470277582
2021-11-03T23:24:04.237+05:00,4.076878138
2021-11-03T23:24:04.738+05:00,3.683836267
2021-11-03T23:24:05.239+05:00,4.005885777
2021-11-03T23:24:05.740+05:00,5.023782724
2021-11-03T23:24:06.241+05:00,3.467041736
2021-11-03T23:24:06.743+05:00,3.20582964
2021-11-03T23:24:07.244+05:00,4.275538214
2021-11-03T23:24:07.745+05:00,5.615070874
2021-11-03T23:24:08.252+05:00,2.126484878
2021-11-03T23:24:08.753+05:00,4.004760245
2021-11-03T23:24:09.254+05:00,5.537116462
2021-11-03T23:24:09.755+05:00,3.705022659
2021-11-03T23:24:10.256+05:00,4.333007399
2021-11-03T23:24:10.757+05:00,4.276451474
2021-11-03T23:24:11.258+05:00,5.433729003
2021-11-03T23:24:11.759+05:00,4.946582964
2021-11-03T23:24:12.260+05:00,6.509218182
2021-11-03T23:24:12.761+05:00,3.020294585
2021-11-03T23:24:13.262+05:00,10.11259289
2021-11-03T23:24:13.763+05:00,7.011738928
2021-11-03T23:24:14.265+05:00,4.393034503
2021-11-03T23:24:14.766+05:00,6.0399416
2021-11-03T23:24:15.267+05:00,4.545493246
2021-11-03T23:24:15.769+05:00,9.174290498
2021-11-03T23:24:16.272+05:00,8.031127098
2021-11-03T23:24:16.773+05:00,2.754431445
2021-11-03T23:24:17.276+05:00,3.043616347
2021-11-03T23:24:17.777+05:00,2.968881228
2021-11-03T23:24:18.278+05:00,3.210288754
2021-11-03T23:24:18.780+05:00,5.543528791
2021-11-03T23:24:19.282+05:00,15.31614682
2021-11-03T23:24:19.784+05:00,4.48705581
2021-11-03T23:24:20.287+05:00,4.430537699
2021-11-03T23:24:20.788+05:00,16.57881937
2021-11-03T23:24:21.289+05:00,13.8171511
2021-11-03T23:24:21.791+05:00,7.324102742
2021-11-03T23:24:22.292+05:00,21.48037078
2021-11-03T23:24:22.793+05:00,23.30158485
2021-11-03T23:24:23.295+05:00,12.04712514
2021-11-03T23:24:23.797+05:00,8.009792721
2021-11-03T23:24:24.299+05:00,9.505390548
2021-11-03T23:24:24.801+05:00,8.709846557
2021-11-03T23:24:25.304+05:00,12.97648806
2021-11-03T23:24:25.806+05:00,2.691991213
2021-11-03T23:24:26.309+05:00,2.267201942
2021-11-03T23:24:26.812+05:00,5.524323416
2021-11-03T23:24:27.315+05:00,1.892209407
2021-11-03T23:24:27.816+05:00,3.434312498
2021-11-03T23:24:28.318+05:00,2.225508769
2021-11-03T23:24:28.819+05:00,2.787961051
2021-11-03T23:24:29.326+05:00,1.14266677
2021-11-03T23:24:29.828+05:00,3.079689789
2021-11-03T23:24:30.331+05:00,1.113925817
2021-11-03T23:24:30.833+05:00,5.422685127
2021-11-03T23:24:31.335+05:00,4.910677986
2021-11-03T23:24:31.838+05:00,0.566598652
2021-11-03T23:24:32.341+05:00,1.737043322
2021-11-03T23:24:32.843+05:00,7.164002882
2021-11-03T23:24:33.344+05:00,6.907450599
2021-11-03T23:24:33.847+05:00,1.290698963
2021-11-03T23:24:34.348+05:00,3.514779249
2021-11-03T23:24:34.851+05:00,4.565047652
2021-11-03T23:24:35.353+05:00,1.436001715
2021-11-03T23:24:35.855+05:00,2.424162347
2021-11-03T23:24:36.357+05:00,3.863444822
2021-11-03T23:24:36.858+05:00,2.918081598
2021-11-03T23:24:37.360+05:00,1.359361611
2021-11-03T23:24:37.862+05:00,0.472360476
2021-11-03T23:24:38.363+05:00,1.730997613
2021-11-03T23:24:38.864+05:00,7.35194479
2021-11-03T23:24:39.365+05:00,7.85311372
2021-11-03T23:24:39.867+05:00,4.368230181
2021-11-03T23:24:40.368+05:00,2.539392116
2021-11-03T23:24:40.869+05:00,2.325717559
2021-11-03T23:24:41.371+05:00,2.166140714
2021-11-03T23:24:41.872+05:00,3.981409297
2021-11-03T23:24:42.373+05:00,13.36562081
2021-11-03T23:24:42.876+05:00,4.273018303
2021-11-03T23:24:43.378+05:00,4.280450169
2021-11-03T23:24:43.880+05:00,12.89960157
2021-11-03T23:24:44.381+05:00,11.85291388
2021-11-03T23:24:44.883+05:00,10.40235653
2021-11-03T23:24:45.384+05:00,13.63247144
2021-11-03T23:24:45.886+05:00,12.82851066
2021-11-03T23:24:46.387+05:00,13.61837727
2021-11-03T23:24:46.889+05:00,13.27289596
2021-11-03T23:24:47.389+05:00,21.53264369
2021-11-03T23:24:47.891+05:00,9.99827547
2021-11-03T23:24:48.392+05:00,15.01511235
2021-11-03T23:24:48.893+05:00,21.49712488
2021-11-03T23:24:49.394+05:00,18.63067758
2021-11-03T23:24:49.896+05:00,15.16824013
2021-11-03T23:24:50.405+05:00,27.37108612
2021-11-03T23:24:50.909+05:00,16.32496485
2021-11-03T23:24:51.410+05:00,16.77646802
2021-11-03T23:24:51.912+05:00,14.43384399
2021-11-03T23:24:52.413+05:00,17.51034683
2021-11-03T23:24:52.914+05:00,14.78820581
2021-11-03T23:24:53.415+05:00,17.53894053
2021-11-03T23:24:53.916+05:00,25.47319598
2021-11-03T23:24:54.417+05:00,20.20177427
2021-11-03T23:24:54.919+05:00,14.51810531
2021-11-03T23:24:55.422+05:00,13.45210004
2021-11-03T23:24:55.924+05:00,13.91767624
2021-11-03T23:24:56.425+05:00,13.43973496
2021-11-03T23:24:56.927+05:00,12.48705395
2021-11-03T23:24:57.429+05:00,12.66164564
2021-11-03T23:24:57.931+05:00,14.27029738
2021-11-03T23:24:58.433+05:00,12.20222471
2021-11-03T23:24:58.935+05:00,11.93363232
2021-11-03T23:24:59.437+05:00,11.22506512
2021-11-03T23:24:59.938+05:00,12.11243811
2021-11-03T23:25:00.440+05:00,17.77170577
2021-11-03T23:25:00.942+05:00,15.39286603
2021-11-03T23:25:01.444+05:00,16.16910431
2021-11-03T23:25:01.945+05:00,15.84003036
2021-11-03T23:25:02.447+05:00,11.77282574
2021-11-03T23:25:02.949+05:00,2.730415622
2021-11-03T23:25:03.451+05:00,2.616157397
2021-11-03T23:25:03.954+05:00,2.78543472
2021-11-03T23:25:04.456+05:00,3.293522766
2021-11-03T23:25:04.957+05:00,4.670198535
2021-11-03T23:25:05.458+05:00,14.48669266
2021-11-03T23:25:05.959+05:00,6.044167948
2021-11-03T23:25:06.460+05:00,9.916576152
2021-11-03T23:25:06.961+05:00,7.364768663
2021-11-03T23:25:07.462+05:00,6.446093574
2021-11-03T23:25:07.964+05:00,15.01994829
2021-11-03T23:25:08.465+05:00,10.32696598
2021-11-03T23:25:08.966+05:00,6.276179734
2021-11-03T23:25:09.467+05:00,4.338753109
2021-11-03T23:25:09.973+05:00,3.644356321
2021-11-03T23:25:10.474+05:00,5.741888043
2021-11-03T23:25:10.975+05:00,4.817276125
2021-11-03T23:25:11.476+05:00,5.034796851
2021-11-03T23:25:11.977+05:00,6.204622313
2021-11-03T23:25:12.479+05:00,4.595749172
2021-11-03T23:25:12.980+05:00,5.813299112
2021-11-03T23:25:13.481+05:00,6.226411995
2021-11-03T23:25:13.982+05:00,5.672320368
2021-11-03T23:25:14.483+05:00,6.101048075
2021-11-03T23:25:14.984+05:00,6.216183385
2021-11-03T23:25:15.485+05:00,4.730381621
2021-11-03T23:25:15.986+05:00,5.706987851
2021-11-03T23:25:16.487+05:00,6.363401756
2021-11-03T23:25:16.988+05:00,5.971386878
2021-11-03T23:25:17.489+05:00,4.977161093
2021-11-03T23:25:17.990+05:00,4.96900637
2021-11-03T23:25:18.491+05:00,5.294630265
2021-11-03T23:25:18.992+05:00,5.122006066
2021-11-03T23:25:19.493+05:00,5.317333494
2021-11-03T23:25:19.994+05:00,5.339440119
2021-11-03T23:25:20.496+05:00,6.101852494
2021-11-03T23:25:20.997+05:00,5.315512191
2021-11-03T23:25:21.498+05:00,5.330465654
2021-11-03T23:25:21.999+05:00,5.577439556
2021-11-03T23:25:22.500+05:00,10.67359391
2021-11-03T23:25:23.001+05:00,9.259265646
2021-11-03T23:25:23.503+05:00,8.155772372
2021-11-03T23:25:24.004+05:00,7.232968098
2021-11-03T23:25:24.505+05:00,6.657477096
2021-11-03T23:25:25.006+05:00,11.31323255
2021-11-03T23:25:25.507+05:00,6.57602625
2021-11-03T23:25:26.008+05:00,6.395408681
2021-11-03T23:25:26.510+05:00,12.69888859
2021-11-03T23:25:27.011+05:00,7.069673459
2021-11-03T23:25:27.512+05:00,5.644849335
2021-11-03T23:25:28.013+05:00,6.667817857
2021-11-03T23:25:28.514+05:00,13.93078521
2021-11-03T23:25:29.015+05:00,5.170839344
2021-11-03T23:25:29.516+05:00,5.383674663
2021-11-03T23:25:30.017+05:00,6.023663792
2021-11-03T23:25:30.518+05:00,6.657468998
2021-11-03T23:25:31.025+05:00,15.87561943
2021-11-03T23:25:31.526+05:00,9.443334404
2021-11-03T23:25:32.027+05:00,11.3222127
2021-11-03T23:25:32.528+05:00,12.45621888
2021-11-03T23:25:33.029+05:00,20.04012615
2021-11-03T23:25:33.530+05:00,11.28506558
2021-11-03T23:25:34.031+05:00,16.30195029
2021-11-03T23:25:34.532+05:00,6.706241416
2021-11-03T23:25:35.033+05:00,10.44299932
2021-11-03T23:25:35.535+05:00,9.157930602
2021-11-03T23:25:36.036+05:00,14.35272854
2021-11-03T23:25:36.537+05:00,11.14669372
2021-11-03T23:25:37.038+05:00,7.508251824
2021-11-03T23:25:37.539+05:00,9.988415767
2021-11-03T23:25:38.040+05:00,20.27257714
2021-11-03T23:25:38.541+05:00,17.41339121
2021-11-03T23:25:39.042+05:00,15.41483048
2021-11-03T23:25:39.543+05:00,12.02214118
2021-11-03T23:25:40.044+05:00,12.40613667
2021-11-03T23:25:40.545+05:00,17.30517869
2021-11-03T23:25:41.046+05:00,8.286774433
2021-11-03T23:25:41.548+05:00,28.69307908
2021-11-03T23:25:42.049+05:00,36.89281178
2021-11-03T23:25:42.550+05:00,31.85772665
2021-11-03T23:25:43.052+05:00,24.94231576
2021-11-03T23:25:43.554+05:00,28.21218577
2021-11-03T23:25:44.056+05:00,27.04530615
2021-11-03T23:25:44.557+05:00,4.625691742
2021-11-03T23:25:45.059+05:00,4.123302288
2021-11-03T23:25:45.561+05:00,4.245686183
2021-11-03T23:25:46.064+05:00,3.404032456
2021-11-03T23:25:46.567+05:00,2.689763829
2021-11-03T23:25:47.068+05:00,7.956479439
2021-11-03T23:25:47.569+05:00,8.375311736
2021-11-03T23:25:48.070+05:00,13.79945002
2021-11-03T23:25:48.571+05:00,16.66913174
2021-11-03T23:25:49.074+05:00,4.504302948
2021-11-03T23:25:49.576+05:00,3.125943761
2021-11-03T23:25:50.078+05:00,2.426539011
2021-11-03T23:25:50.579+05:00,2.190916752
2021-11-03T23:25:51.080+05:00,5.021954426
2021-11-03T23:25:51.582+05:00,14.3976361
2021-11-03T23:25:52.089+05:00,5.814440034
2021-11-03T23:25:52.591+05:00,19.96450537
2021-11-03T23:25:53.091+05:00,17.41697546
2021-11-03T23:25:53.592+05:00,8.853680762
2021-11-03T23:25:54.094+05:00,12.11004292
2021-11-03T23:25:54.595+05:00,8.769726205
2021-11-03T23:25:55.097+05:00,8.729557808
2021-11-03T23:25:55.598+05:00,21.0484294
2021-11-03T23:25:56.099+05:00,5.218784316
2021-11-03T23:25:56.601+05:00,4.45885937
2021-11-03T23:25:57.102+05:00,4.862944716
2021-11-03T23:25:57.605+05:00,5.371694744
2021-11-03T23:25:58.107+05:00,6.130974999
2021-11-03T23:25:58.610+05:00,2.596794223
2021-11-03T23:25:59.112+05:00,1.698054363
2021-11-03T23:25:59.613+05:00,2.00797357
2021-11-03T23:26:00.114+05:00,0.790359422
2021-11-03T23:26:00.617+05:00,1.461816989
2021-11-03T23:26:01.120+05:00,7.776167424
2021-11-03T23:26:01.623+05:00,3.454433436
2021-11-03T23:26:02.125+05:00,1.438279298
2021-11-03T23:26:02.627+05:00,1.106903299
2021-11-03T23:26:03.130+05:00,1.341593198
2021-11-03T23:26:03.632+05:00,3.233997237
2021-11-03T23:26:04.133+05:00,3.098250719
2021-11-03T23:26:04.634+05:00,1.650069161
2021-11-03T23:26:05.136+05:00,3.773675587
2021-11-03T23:26:05.638+05:00,2.973079432
2021-11-03T23:26:06.139+05:00,1.942702106
2021-11-03T23:26:06.640+05:00,4.054423384
2021-11-03T23:26:07.143+05:00,3.346354481
2021-11-03T23:26:07.645+05:00,2.940741485
2021-11-03T23:26:08.147+05:00,0.749754489
2021-11-03T23:26:08.650+05:00,5.70145928
2021-11-03T23:26:09.152+05:00,5.75845175
2021-11-03T23:26:09.653+05:00,4.952295682
2021-11-03T23:26:10.154+05:00,0.470625604
2021-11-03T23:26:10.657+05:00,2.651821602
2021-11-03T23:26:11.159+05:00,10.16087017
2021-11-03T23:26:11.661+05:00,13.05806182
2021-11-03T23:26:12.172+05:00,1.650529291
2021-11-03T23:26:12.675+05:00,1.810272924
2021-11-03T23:26:13.178+05:00,1.575139659
2021-11-03T23:26:13.679+05:00,3.017476395
2021-11-03T23:26:14.180+05:00,6.432652642
2021-11-03T23:26:14.681+05:00,14.45934007
2021-11-03T23:26:15.183+05:00,12.87408058
2021-11-03T23:26:15.684+05:00,17.45132604
2021-11-03T23:26:16.186+05:00,19.56396245
2021-11-03T23:26:16.688+05:00,7.839874311
2021-11-03T23:26:17.189+05:00,14.12948184
2021-11-03T23:26:17.690+05:00,8.603881916
2021-11-03T23:26:18.191+05:00,26.39571057
2021-11-03T23:26:18.694+05:00,10.8921781
2021-11-03T23:26:19.195+05:00,5.264545343
2021-11-03T23:26:19.696+05:00,7.651961093
2021-11-03T23:26:20.197+05:00,7.901880449
2021-11-03T23:26:20.698+05:00,5.755183544
2021-11-03T23:26:21.200+05:00,5.238538079
2021-11-03T23:26:21.703+05:00,5.622174911
2021-11-03T23:26:22.204+05:00,8.830026001
2021-11-03T23:26:22.706+05:00,7.533343785
2021-11-03T23:26:23.206+05:00,5.247292937
2021-11-03T23:26:23.708+05:00,5.400764084
2021-11-03T23:26:24.210+05:00,5.10027987
2021-11-03T23:26:24.712+05:00,5.520187978
2021-11-03T23:26:25.213+05:00,6.019414141
2021-11-03T23:26:25.715+05:00,6.095564989
2021-11-03T23:26:26.217+05:00,9.031728485
2021-11-03T23:26:26.720+05:00,4.75217668
2021-11-03T23:26:27.222+05:00,7.741588131
2021-11-03T23:26:27.723+05:00,8.050091567
2021-11-03T23:26:28.225+05:00,5.33414462
2021-11-03T23:26:28.727+05:00,5.197488703
2021-11-03T23:26:29.229+05:00,5.559601063
2021-11-03T23:26:29.731+05:00,5.379354755
2021-11-03T23:26:30.234+05:00,5.364324581
2021-11-03T23:26:30.736+05:00,5.56798227
2021-11-03T23:26:31.238+05:00,5.592758711
2021-11-03T23:26:31.741+05:00,4.72128883
2021-11-03T23:26:32.243+05:00,6.576501683
2021-11-03T23:26:32.746+05:00,7.346241366
2021-11-03T23:26:33.252+05:00,5.921347409
2021-11-03T23:26:33.753+05:00,5.590809185
2021-11-03T23:26:34.254+05:00,16.024821
2021-11-03T23:26:34.757+05:00,5.506411411
2021-11-03T23:26:35.260+05:00,2.674168091
2021-11-03T23:26:35.763+05:00,2.181072435
2021-11-03T23:26:36.266+05:00,3.769945108
2021-11-03T23:26:36.767+05:00,1.823420916
2021-11-03T23:26:37.268+05:00,6.861281219
2021-11-03T23:26:37.769+05:00,12.75931248
2021-11-03T23:26:38.271+05:00,4.097971011
2021-11-03T23:26:38.773+05:00,4.150132311
2021-11-03T23:26:39.276+05:00,3.995293936
2021-11-03T23:26:39.778+05:00,4.514263886
2021-11-03T23:26:40.280+05:00,4.001181764
2021-11-03T23:26:40.782+05:00,3.935696371
2021-11-03T23:26:41.283+05:00,19.048623
2021-11-03T23:26:41.784+05:00,27.55736442
2021-11-03T23:26:42.285+05:00,10.15516973
2021-11-03T23:26:42.786+05:00,12.44168994
2021-11-03T23:26:43.288+05:00,15.38062913
2021-11-03T23:26:43.789+05:00,13.09911561
2021-11-03T23:26:44.290+05:00,9.042001351
2021-11-03T23:26:44.792+05:00,3.725726696
2021-11-03T23:26:45.294+05:00,3.117694338
2021-11-03T23:26:45.795+05:00,6.144105517
2021-11-03T23:26:46.297+05:00,6.195414992
2021-11-03T23:26:46.799+05:00,2.856272447
2021-11-03T23:26:47.301+05:00,0.771703432
2021-11-03T23:26:47.803+05:00,3.542225221
2021-11-03T23:26:48.304+05:00,1.650354445
2021-11-03T23:26:48.807+05:00,3.172917271
2021-11-03T23:26:49.310+05:00,0.777396673
2021-11-03T23:26:49.813+05:00,2.320882099
2021-11-03T23:26:50.314+05:00,0.578482023
2021-11-03T23:26:50.816+05:00,1.612275944
2021-11-03T23:26:51.319+05:00,5.959632413
2021-11-03T23:26:51.820+05:00,5.733450297
2021-11-03T23:26:52.322+05:00,0.670494741
2021-11-03T23:26:52.825+05:00,3.848834324
2021-11-03T23:26:53.328+05:00,1.453676496
2021-11-03T23:26:53.831+05:00,1.562082323
2021-11-03T23:26:54.342+05:00,1.009216785
2021-11-03T23:26:54.844+05:00,4.467152781
2021-11-03T23:26:55.347+05:00,0.661161943
2021-11-03T23:26:55.850+05:00,2.944791883
2021-11-03T23:26:56.351+05:00,0.804655704
2021-11-03T23:26:56.854+05:00,0.846576832
2021-11-03T23:26:57.356+05:00,11.70517529
2021-11-03T23:26:57.859+05:00,3.977063947
2021-11-03T23:26:58.362+05:00,2.239336949
2021-11-03T23:26:58.865+05:00,1.619329867
2021-11-03T23:26:59.368+05:00,1.316867611
2021-11-03T23:26:59.871+05:00,2.377685316
2021-11-03T23:27:00.372+05:00,8.302577242
2021-11-03T23:27:00.873+05:00,15.29686967
2021-11-03T23:27:01.375+05:00,4.988906543
2021-11-03T23:27:01.877+05:00,4.173160107
2021-11-03T23:27:02.380+05:00,4.491551768
2021-11-03T23:27:02.881+05:00,19.86508069
2021-11-03T23:27:03.383+05:00,5.238666205
2021-11-03T23:27:03.884+05:00,11.30839946
2021-11-03T23:27:04.385+05:00,20.21283377
2021-11-03T23:27:04.886+05:00,20.7704822
2021-11-03T23:27:05.388+05:00,21.29850211
2021-11-03T23:27:05.889+05:00,9.815153685
2021-11-03T23:27:06.390+05:00,8.935839323
2021-11-03T23:27:06.893+05:00,12.75122277
2021-11-03T23:27:07.394+05:00,5.517219054
2021-11-03T23:27:07.895+05:00,2.748182847
2021-11-03T23:27:08.398+05:00,1.983628159
2021-11-03T23:27:08.901+05:00,5.853281432
2021-11-03T23:27:09.404+05:00,1.339424909
2021-11-03T23:27:09.907+05:00,2.104980721
2021-11-03T23:27:10.410+05:00,2.05169956
2021-11-03T23:27:10.913+05:00,3.704979983
2021-11-03T23:27:11.414+05:00,3.464150026
2021-11-03T23:27:11.917+05:00,1.179372593
2021-11-03T23:27:12.420+05:00,0.98062842
2021-11-03T23:27:12.923+05:00,1.523381365
2021-11-03T23:27:13.426+05:00,1.982314332
2021-11-03T23:27:13.929+05:00,0.647796545
2021-11-03T23:27:14.441+05:00,0.36279232
2021-11-03T23:27:14.943+05:00,2.106457583
2021-11-03T23:27:15.446+05:00,0.83520528
2021-11-03T23:27:15.949+05:00,2.298858274
2021-11-03T23:27:16.453+05:00,1.772054998
2021-11-03T23:27:16.955+05:00,0.604295835
2021-11-03T23:27:17.458+05:00,1.640754539
2021-11-03T23:27:17.959+05:00,0.854120731
2021-11-03T23:27:18.460+05:00,3.328719592
2021-11-03T23:27:18.963+05:00,0.872229583
2021-11-03T23:27:19.466+05:00,1.257900902
2021-11-03T23:27:19.969+05:00,0.959186991
2021-11-03T23:27:20.470+05:00,10.14017132
2021-11-03T23:27:20.973+05:00,3.748261296
2021-11-03T23:27:21.475+05:00,2.111180076
2021-11-03T23:27:21.977+05:00,1.589039418
2021-11-03T23:27:22.480+05:00,1.484195514
2021-11-03T23:27:22.983+05:00,1.23850817
2021-11-03T23:27:23.485+05:00,9.966111057
2021-11-03T23:27:23.987+05:00,9.555618724
2021-11-03T23:27:24.489+05:00,4.339836424
2021-11-03T23:27:24.991+05:00,4.139781497
2021-11-03T23:27:25.493+05:00,3.834420277
2021-11-03T23:27:25.994+05:00,5.70160795
2021-11-03T23:27:26.495+05:00,7.041678073
2021-11-03T23:27:26.996+05:00,22.42656557
2021-11-03T23:27:27.498+05:00,7.249540366
2021-11-03T23:27:27.999+05:00,7.464969347
2021-11-03T23:27:28.500+05:00,6.589664085
2021-11-03T23:27:29.002+05:00,5.009191953
2021-11-03T23:27:29.504+05:00,5.204787949
2021-11-03T23:27:30.005+05:00,12.34757039
2021-11-03T23:27:30.506+05:00,29.96498488
2021-11-03T23:27:31.007+05:00,20.0619417
2021-11-03T23:27:31.509+05:00,15.66793014
2021-11-03T23:27:32.010+05:00,19.47922923
2021-11-03T23:27:32.511+05:00,14.89080812
2021-11-03T23:27:33.012+05:00,11.71139961
2021-11-03T23:27:33.513+05:00,16.47839636
2021-11-03T23:27:34.014+05:00,20.33689949
2021-11-03T23:27:34.515+05:00,20.45055959
2021-11-03T23:27:35.017+05:00,31.91133281
2021-11-03T23:27:35.525+05:00,9.061136562
2021-11-03T23:27:36.026+05:00,9.340844042
2021-11-03T23:27:36.528+05:00,6.651370938
2021-11-03T23:27:37.030+05:00,22.09279323
2021-11-03T23:27:37.531+05:00,19.87578945
2021-11-03T23:27:38.032+05:00,10.46624311
2021-11-03T23:27:38.533+05:00,9.912637719
2021-11-03T23:27:39.034+05:00,8.29453369
2021-11-03T23:27:39.535+05:00,7.349008655
2021-11-03T23:27:40.037+05:00,7.051952383
2021-11-03T23:27:40.538+05:00,13.06274966
2021-11-03T23:27:41.040+05:00,10.32641506
2021-11-03T23:27:41.542+05:00,12.3919233
2021-11-03T23:27:42.043+05:00,14.90625966
2021-11-03T23:27:42.546+05:00,18.80428351
2021-11-03T23:27:43.048+05:00,21.58412126
2021-11-03T23:27:43.550+05:00,20.34245888
2021-11-03T23:27:44.051+05:00,15.92526802
2021-11-03T23:27:44.554+05:00,8.7328595
2021-11-03T23:27:45.057+05:00,2.001181522
2021-11-03T23:27:45.558+05:00,2.48623988
2021-11-03T23:27:46.061+05:00,4.516004054
2021-11-03T23:27:46.563+05:00,10.22896106
2021-11-03T23:27:47.065+05:00,13.81396853
2021-11-03T23:27:47.567+05:00,4.216090779
2021-11-03T23:27:48.068+05:00,12.97548317
2021-11-03T23:27:48.570+05:00,11.20489004
2021-11-03T23:27:49.072+05:00,5.23259714
2021-11-03T23:27:49.573+05:00,19.84907857
2021-11-03T23:27:50.074+05:00,12.17327426
2021-11-03T23:27:50.575+05:00,7.402453757
2021-11-03T23:27:51.076+05:00,5.969764195
2021-11-03T23:27:51.578+05:00,10.78814597
2021-11-03T23:27:52.080+05:00,4.486122311
2021-11-03T23:27:52.583+05:00,4.403107612
2021-11-03T23:27:53.086+05:00,2.347693372
2021-11-03T23:27:53.588+05:00,4.167640944
2021-11-03T23:27:54.090+05:00,3.772580803
2021-11-03T23:27:54.592+05:00,3.1809865
2021-11-03T23:27:55.093+05:00,3.256606922
2021-11-03T23:27:55.596+05:00,2.428035697
2021-11-03T23:27:56.098+05:00,1.618016028
2021-11-03T23:27:56.614+05:00,1.641777183
2021-11-03T23:27:57.116+05:00,3.778388253
2021-11-03T23:27:57.619+05:00,1.876905587
2021-11-03T23:27:58.121+05:00,1.207259684
2021-11-03T23:27:58.623+05:00,1.993909181
2021-11-03T23:27:59.126+05:00,1.859605246
2021-11-03T23:27:59.629+05:00,7.176206003
2021-11-03T23:28:00.131+05:00,4.483000994
2021-11-03T23:28:00.633+05:00,3.733146918
2021-11-03T23:28:01.135+05:00,7.74392031
2021-11-03T23:28:01.637+05:00,1.460293975
2021-11-03T23:28:02.140+05:00,2.445025609
2021-11-03T23:28:02.642+05:00,0.466300673
2021-11-03T23:28:03.143+05:00,1.36707829
2021-11-03T23:28:03.644+05:00,3.122302625
2021-11-03T23:28:04.147+05:00,1.664668838
2021-11-03T23:28:04.650+05:00,0.688664577
2021-11-03T23:28:05.153+05:00,3.418928779
2021-11-03T23:28:05.656+05:00,2.767255007
2021-11-03T23:28:06.159+05:00,3.653456324
2021-11-03T23:28:06.661+05:00,11.78346251
2021-11-03T23:28:07.163+05:00,5.795029271
2021-11-03T23:28:07.665+05:00,2.657742928
2021-11-03T23:28:08.168+05:00,2.801083366
2021-11-03T23:28:08.671+05:00,1.573473862
2021-11-03T23:28:09.173+05:00,1.526573759
2021-11-03T23:28:09.674+05:00,10.95587458
2021-11-03T23:28:10.177+05:00,8.900170768
2021-11-03T23:28:10.679+05:00,3.929244755
2021-11-03T23:28:11.181+05:00,4.797507343
2021-11-03T23:28:11.683+05:00,13.10362457
2021-11-03T23:28:12.184+05:00,4.103914165
2021-11-03T23:28:12.686+05:00,4.005986936
2021-11-03T23:28:13.189+05:00,0.867565295
2021-11-03T23:28:13.692+05:00,1.952372061
2021-11-03T23:28:14.196+05:00,0
2021-11-03T23:28:14.698+05:00,1.933591185
2021-11-03T23:28:15.201+05:00,0.368586128
2021-11-03T23:28:15.705+05:00,1.4237999
2021-11-03T23:28:16.208+05:00,4.346973316
2021-11-03T23:28:16.719+05:00,0.951489559
2021-11-03T23:28:17.222+05:00,0.457482184
2021-11-03T23:28:17.725+05:00,1.806438657
2021-11-03T23:28:18.228+05:00,0.051598915
2021-11-03T23:28:18.731+05:00,1.010659831
2021-11-03T23:28:19.234+05:00,0.432901934
2021-11-03T23:28:19.737+05:00,1.066740052
2021-11-03T23:28:20.240+05:00,0
2021-11-03T23:28:20.743+05:00,0.886916352
2021-11-03T23:28:21.246+05:00,0.348937024
2021-11-03T23:28:21.749+05:00,3.713813188
2021-11-03T23:28:22.250+05:00,0.084840251
2021-11-03T23:28:22.753+05:00,1.463838941
2021-11-03T23:28:23.256+05:00,0.506064173
2021-11-03T23:28:23.758+05:00,1.045113061
2021-11-03T23:28:24.261+05:00,0
2021-11-03T23:28:24.764+05:00,0.714628296
2021-11-03T23:28:25.267+05:00,0
2021-11-03T23:28:25.771+05:00,2.341041733
2021-11-03T23:28:26.274+05:00,0.271743269
2021-11-03T23:28:26.777+05:00,3.082027811
2021-11-03T23:28:27.279+05:00,0.102203923
2021-11-03T23:28:27.780+05:00,0.36999832
2021-11-03T23:28:28.283+05:00,0
2021-11-03T23:28:28.785+05:00,0.776663737
2021-11-03T23:28:29.288+05:00,0.067459527
2021-11-03T23:28:29.789+05:00,16.42006028
2021-11-03T23:28:30.291+05:00,2.13431597
2021-11-03T23:28:30.793+05:00,2.259672356
2021-11-03T23:28:31.296+05:00,1.15548947
2021-11-03T23:28:31.798+05:00,1.78037087
2021-11-03T23:28:32.301+05:00,1.253121356
2021-11-03T23:28:32.802+05:00,13.92459755
2021-11-03T23:28:33.304+05:00,6.886087785
2021-11-03T23:28:33.806+05:00,3.931373498
2021-11-03T23:28:34.307+05:00,4.640896423
2021-11-03T23:28:34.809+05:00,19.05620924
2021-11-03T23:28:35.310+05:00,6.015947222
2021-11-03T23:28:35.812+05:00,6.860305863
2021-11-03T23:28:36.313+05:00,4.709338701
2021-11-03T23:28:36.814+05:00,6.09593751
2021-11-03T23:28:37.315+05:00,5.132932591
2021-11-03T23:28:37.822+05:00,12.40337048
2021-11-03T23:28:38.323+05:00,19.00476683
2021-11-03T23:28:38.825+05:00,9.085677523
2021-11-03T23:28:39.327+05:00,10.7269917
2021-11-03T23:28:39.829+05:00,18.78588924
2021-11-03T23:28:40.330+05:00,6.909205808
2021-11-03T23:28:40.832+05:00,5.651524101
2021-11-03T23:28:41.334+05:00,4.959662441
2021-11-03T23:28:41.836+05:00,4.871262942
2021-11-03T23:28:42.338+05:00,4.39708575
2021-11-03T23:28:42.840+05:00,6.034807323
2021-11-03T23:28:43.342+05:00,4.696982139
2021-11-03T23:28:43.844+05:00,9.141802886
2021-11-03T23:28:44.347+05:00,5.170835326
2021-11-03T23:28:44.849+05:00,5.252357998
2021-11-03T23:28:45.352+05:00,5.004096251
2021-11-03T23:28:45.854+05:00,4.864819357
2021-11-03T23:28:46.356+05:00,4.999214443
2021-11-03T23:28:46.858+05:00,5.114089991
2021-11-03T23:28:47.361+05:00,4.409436902
2021-11-03T23:28:47.862+05:00,4.84029987
2021-11-03T23:28:48.363+05:00,5.365629414
2021-11-03T23:28:48.865+05:00,4.675807112
2021-11-03T23:28:49.366+05:00,4.458318927
2021-11-03T23:28:49.868+05:00,5.165327365
2021-11-03T23:28:50.370+05:00,5.112063168
2021-11-03T23:28:50.872+05:00,4.510053149
2021-11-03T23:28:51.374+05:00,4.907495169
2021-11-03T23:28:51.876+05:00,8.579164145
2021-11-03T23:28:52.377+05:00,5.044739962
2021-11-03T23:28:52.878+05:00,20.03347856
2021-11-03T23:28:53.380+05:00,5.18340446
2021-11-03T23:28:53.882+05:00,2.354147808
2021-11-03T23:28:54.385+05:00,1.608483832
2021-11-03T23:28:54.888+05:00,1.838269752
2021-11-03T23:28:55.391+05:00,1.585564096
2021-11-03T23:28:55.893+05:00,15.04402279
2021-11-03T23:28:56.396+05:00,5.827636065
2021-11-03T23:28:56.898+05:00,3.986782891
2021-11-03T23:28:57.400+05:00,22.17148713
2021-11-03T23:28:57.901+05:00,18.81939976
2021-11-03T23:28:58.403+05:00,11.93200214
2021-11-03T23:28:58.915+05:00,4.272962372
2021-11-03T23:28:59.418+05:00,2.137078638
2021-11-03T23:28:59.921+05:00,2.569434077
2021-11-03T23:29:00.424+05:00,2.172721608
2021-11-03T23:29:00.925+05:00,7.13901453
2021-11-03T23:29:01.428+05:00,3.706064347
2021-11-03T23:29:01.931+05:00,1.762581117
2021-11-03T23:29:02.434+05:00,1.555629964
2021-11-03T23:29:02.936+05:00,4.070520112
2021-11-03T23:29:03.438+05:00,5.116239606
2021-11-03T23:29:03.941+05:00,2.993312149
2021-11-03T23:29:04.444+05:00,2.074397687
2021-11-03T23:29:04.946+05:00,4.102542673
2021-11-03T23:29:05.448+05:00,2.029829094
2021-11-03T23:29:05.950+05:00,6.141246527
2021-11-03T23:29:06.451+05:00,5.340217154
2021-11-03T23:29:06.953+05:00,1.994684167
2021-11-03T23:29:07.455+05:00,1.106614111
2021-11-03T23:29:07.958+05:00,1.614374118
2021-11-03T23:29:08.461+05:00,1.733449773
2021-11-03T23:29:08.964+05:00,2.056105823
2021-11-03T23:29:09.467+05:00,2.034728788
2021-11-03T23:29:09.969+05:00,1.700272167
2021-11-03T23:29:10.472+05:00,1.156067502
2021-11-03T23:29:10.975+05:00,1.870531307
2021-11-03T23:29:11.478+05:00,1.501818567
2021-11-03T23:29:11.981+05:00,1.511470971
2021-11-03T23:29:12.485+05:00,1.50099345
2021-11-03T23:29:12.986+05:00,1.655711026
2021-11-03T23:29:13.489+05:00,2.979000333
2021-11-03T23:29:13.991+05:00,2.791064281
2021-11-03T23:29:14.493+05:00,3.312715183
2021-11-03T23:29:14.995+05:00,1.448881583
2021-11-03T23:29:15.498+05:00,1.542565171
2021-11-03T23:29:16.000+05:00,11.50146984
2021-11-03T23:29:16.502+05:00,1.398216614
2021-11-03T23:29:17.005+05:00,1.898417716
2021-11-03T23:29:17.506+05:00,0.94287053
2021-11-03T23:29:18.008+05:00,1.477331745
2021-11-03T23:29:18.511+05:00,2.553480299
2021-11-03T23:29:19.012+05:00,15.30845128
2021-11-03T23:29:19.519+05:00,4.384767373
2021-11-03T23:29:20.021+05:00,19.80716315
2021-11-03T23:29:20.523+05:00,10.62667794
2021-11-03T23:29:21.024+05:00,21.25247892
2021-11-03T23:29:21.526+05:00,17.45884386
2021-11-03T23:29:22.029+05:00,5.604178816
2021-11-03T23:29:22.531+05:00,4.044277035
2021-11-03T23:29:23.034+05:00,2.752184515
2021-11-03T23:29:23.537+05:00,0.98984031
2021-11-03T23:29:24.040+05:00,4.354392101
2021-11-03T23:29:24.543+05:00,0.586790128
2021-11-03T23:29:25.046+05:00,1.030978256
2021-11-03T23:29:25.548+05:00,0.790466882
2021-11-03T23:29:26.051+05:00,3.988764659
2021-11-03T23:29:26.554+05:00,1.599816312
2021-11-03T23:29:27.058+05:00,1.693955072
2021-11-03T23:29:27.561+05:00,3.065784358
2021-11-03T23:29:28.064+05:00,1.106092732
2021-11-03T23:29:28.567+05:00,0.556960313
2021-11-03T23:29:29.068+05:00,1.301114642
2021-11-03T23:29:29.569+05:00,1.163269631
2021-11-03T23:29:30.070+05:00,2.898183793
2021-11-03T23:29:30.572+05:00,0.915109313
2021-11-03T23:29:31.075+05:00,1.153318271
2021-11-03T23:29:31.576+05:00,3.4131726
2021-11-03T23:29:32.078+05:00,0.713343199
2021-11-03T23:29:32.581+05:00,0.725249827
2021-11-03T23:29:33.083+05:00,0.711303123
2021-11-03T23:29:33.586+05:00,1.363964451
2021-11-03T23:29:34.088+05:00,0.265650396
2021-11-03T23:29:34.591+05:00,0.35067439
2021-11-03T23:29:35.093+05:00,0.309940547
2021-11-03T23:29:35.595+05:00,1.644768357
2021-11-03T23:29:36.097+05:00,7.066448318
2021-11-03T23:29:36.599+05:00,5.723531258
2021-11-03T23:29:37.101+05:00,3.40363281
2021-11-03T23:29:37.604+05:00,0.659916541
2021-11-03T23:29:38.107+05:00,0.58345641
2021-11-03T23:29:38.621+05:00,0.122095026
2021-11-03T23:29:39.122+05:00,17.44107693
2021-11-03T23:29:39.624+05:00,3.457224209
2021-11-03T23:29:40.127+05:00,2.898433827
2021-11-03T23:29:40.630+05:00,0.973447072
2021-11-03T23:29:41.133+05:00,1.680213955
2021-11-03T23:29:41.635+05:00,2.410838023
2021-11-03T23:29:42.136+05:00,16.35991444
2021-11-03T23:29:42.639+05:00,11.56006559
2021-11-03T23:29:43.142+05:00,3.06977296
2021-11-03T23:29:43.645+05:00,6.169316317
2021-11-03T23:29:44.148+05:00,0.605485907
2021-11-03T23:29:44.650+05:00,1.352769941
2021-11-03T23:29:45.153+05:00,1.424975781
2021-11-03T23:29:45.656+05:00,1.244342915
2021-11-03T23:29:46.158+05:00,1.318817289
2021-11-03T23:29:46.661+05:00,0.734024793
2021-11-03T23:29:47.164+05:00,0.562774694
2021-11-03T23:29:47.667+05:00,0.928680132
2021-11-03T23:29:48.169+05:00,1.037166263
2021-11-03T23:29:48.673+05:00,6.085097658
2021-11-03T23:29:49.175+05:00,3.704167901
2021-11-03T23:29:49.678+05:00,1.380664718
2021-11-03T23:29:50.180+05:00,1.959860146
2021-11-03T23:29:50.682+05:00,1.297413444
2021-11-03T23:29:51.186+05:00,0.335551986
2021-11-03T23:29:51.688+05:00,1.000028229
2021-11-03T23:29:52.190+05:00,1.65538458
2021-11-03T23:29:52.692+05:00,4.722065208
2021-11-03T23:29:53.196+05:00,0.561251075
2021-11-03T23:29:53.699+05:00,1.1944199
2021-11-03T23:29:54.202+05:00,0.114925819
2021-11-03T23:29:54.705+05:00,0.799996534
2021-11-03T23:29:55.208+05:00,0
2021-11-03T23:29:55.711+05:00,0.360446916
2021-11-03T23:29:56.214+05:00,0.178289311
2021-11-03T23:29:56.717+05:00,0.23683205
2021-11-03T23:29:57.218+05:00,2.121984812
2021-11-03T23:29:57.721+05:00,1.322288851
2021-11-03T23:29:58.224+05:00,0.12896053
2021-11-03T23:29:58.727+05:00,0.689750257
2021-11-03T23:29:59.230+05:00,0
2021-11-03T23:29:59.746+05:00,0.144414899
2021-11-03T23:30:00.249+05:00,3.228762808
2021-11-03T23:30:00.752+05:00,0.448868701
2021-11-03T23:30:01.255+05:00,7.12187219
2021-11-03T23:30:01.756+05:00,0.746182323
2021-11-03T23:30:02.259+05:00,12.41142479
2021-11-03T23:30:02.762+05:00,1.226804245
2021-11-03T23:30:03.265+05:00,2.585488589
2021-11-03T23:30:03.766+05:00,1.87457757
2021-11-03T23:30:04.269+05:00,1.466784518
2021-11-03T23:30:04.772+05:00,1.099743483
2021-11-03T23:30:05.273+05:00,17.68392522
2021-11-03T23:30:05.775+05:00,4.591531191
2021-11-03T23:30:06.277+05:00,4.775816956
2021-11-03T23:30:06.778+05:00,4.152521703
2021-11-03T23:30:07.279+05:00,17.43752151
2021-11-03T23:30:07.780+05:00,7.771933145
2021-11-03T23:30:08.281+05:00,1.420263387
2021-11-03T23:30:08.784+05:00,4.432000484
2021-11-03T23:30:09.286+05:00,4.653347409
2021-11-03T23:30:09.788+05:00,6.122750971
2021-11-03T23:30:10.289+05:00,8.930970198
2021-11-03T23:30:10.790+05:00,17.54721154
2021-11-03T23:30:11.291+05:00,9.8523204
2021-11-03T23:30:11.792+05:00,29.90440144
2021-11-03T23:30:12.294+05:00,40.09116477
2021-11-03T23:30:12.796+05:00,32.78581077
2021-11-03T23:30:13.297+05:00,36.59731317
2021-11-03T23:30:13.798+05:00,32.1494501
2021-11-03T23:30:14.299+05:00,23.20788299
2021-11-03T23:30:14.801+05:00,25.60152758
2021-11-03T23:30:15.302+05:00,25.73885865
2021-11-03T23:30:15.803+05:00,20.12584863
2021-11-03T23:30:16.304+05:00,28.33939446
2021-11-03T23:30:16.806+05:00,28.87219837
2021-11-03T23:30:17.307+05:00,27.38593817
2021-11-03T23:30:17.808+05:00,32.14090146
2021-11-03T23:30:18.310+05:00,13.38362901
2021-11-03T23:30:18.813+05:00,5.61686265
2021-11-03T23:30:19.315+05:00,2.266037725
2021-11-03T23:30:19.817+05:00,3.695751654
2021-11-03T23:30:20.320+05:00,2.164372338
2021-11-03T23:30:20.822+05:00,2.616490824
2021-11-03T23:30:21.324+05:00,1.669218101
2021-11-03T23:30:21.825+05:00,2.923082366
2021-11-03T23:30:22.327+05:00,2.813487588
2021-11-03T23:30:22.829+05:00,2.490130057
2021-11-03T23:30:23.332+05:00,3.504265787
2021-11-03T23:30:23.834+05:00,3.374050025
2021-11-03T23:30:24.337+05:00,2.229958356
2021-11-03T23:30:24.839+05:00,1.848834635
2021-11-03T23:30:25.342+05:00,15.08191206
2021-11-03T23:30:25.844+05:00,5.133733299
2021-11-03T23:30:26.347+05:00,2.422789273
2021-11-03T23:30:26.849+05:00,1.518099309
2021-11-03T23:30:27.352+05:00,1.932214785
2021-11-03T23:30:27.855+05:00,1.342942208
2021-11-03T23:30:28.357+05:00,13.38019373
2021-11-03T23:30:28.858+05:00,6.926827375
2021-11-03T23:30:29.359+05:00,7.224338484
2021-11-03T23:30:29.860+05:00,5.485860661
2021-11-03T23:30:30.361+05:00,6.390347141
2021-11-03T23:30:30.862+05:00,13.82904721
2021-11-03T23:30:31.364+05:00,12.91339482
2021-11-03T23:30:31.867+05:00,6.346075205
2021-11-03T23:30:32.368+05:00,8.424525107
2021-11-03T23:30:32.870+05:00,17.25140571
2021-11-03T23:30:33.371+05:00,7.952303034
2021-11-03T23:30:33.872+05:00,5.994138277
2021-11-03T23:30:34.374+05:00,13.14897602
2021-11-03T23:30:34.876+05:00,9.327315339
2021-11-03T23:30:35.377+05:00,7.884296693
2021-11-03T23:30:35.879+05:00,7.125319747
2021-11-03T23:30:36.381+05:00,5.987096282
2021-11-03T23:30:36.882+05:00,4.963854154
2021-11-03T23:30:37.384+05:00,4.299398663
2021-11-03T23:30:37.886+05:00,6.385381762
2021-11-03T23:30:38.388+05:00,4.985993631
2021-11-03T23:30:38.890+05:00,7.593282886
2021-11-03T23:30:39.392+05:00,4.467574467
2021-11-03T23:30:39.895+05:00,4.335176108
2021-11-03T23:30:40.397+05:00,4.152542536
2021-11-03T23:30:40.905+05:00,4.331269584
2021-11-03T23:30:41.408+05:00,4.389859439
2021-11-03T23:30:41.910+05:00,4.462471918
2021-11-03T23:30:42.412+05:00,4.64236099
2021-11-03T23:30:42.914+05:00,4.794403164
2021-11-03T23:30:43.416+05:00,4.705887576
2021-11-03T23:30:43.918+05:00,4.30790843
2021-11-03T23:30:44.421+05:00,4.476162649
2021-11-03T23:30:44.923+05:00,4.0404845
2021-11-03T23:30:45.425+05:00,4.561348281
2021-11-03T23:30:45.927+05:00,4.067664955
2021-11-03T23:30:46.430+05:00,5.112256967
2021-11-03T23:30:46.932+05:00,4.159905234
2021-11-03T23:30:47.434+05:00,6.589451165
2021-11-03T23:30:47.937+05:00,7.542093389
2021-11-03T23:30:48.438+05:00,17.73879001
2021-11-03T23:30:48.941+05:00,4.077753599
2021-11-03T23:30:49.444+05:00,2.376622543
2021-11-03T23:30:49.947+05:00,3.427671585
2021-11-03T23:30:50.450+05:00,3.000714978
2021-11-03T23:30:50.953+05:00,1.816867865
2021-11-03T23:30:51.455+05:00,16.02155921
2021-11-03T23:30:51.957+05:00,4.397054795
2021-11-03T23:30:52.459+05:00,5.653562885
2021-11-03T23:30:52.961+05:00,16.74872238
2021-11-03T23:30:53.463+05:00,9.889908763
2021-11-03T23:30:53.965+05:00,4.94912199
2021-11-03T23:30:54.467+05:00,4.851350968
2021-11-03T23:30:54.969+05:00,10.57796731
2021-11-03T23:30:55.470+05:00,26.37408213
2021-11-03T23:30:55.971+05:00,26.52210261
2021-11-03T23:30:56.473+05:00,21.42894161
2021-11-03T23:30:56.974+05:00,10.8960136
2021-11-03T23:30:57.476+05:00,8.02618563
2021-11-03T23:30:57.978+05:00,9.904493381
2021-11-03T23:30:58.479+05:00,20.22401518
2021-11-03T23:30:58.980+05:00,21.1641333
2021-11-03T23:30:59.481+05:00,16.08375913
2021-11-03T23:30:59.983+05:00,17.36352554
2021-11-03T23:31:00.484+05:00,16.51555623
2021-11-03T23:31:00.985+05:00,19.60452749
2021-11-03T23:31:01.486+05:00,24.7763779
2021-11-03T23:31:01.992+05:00,14.56843847
2021-11-03T23:31:02.493+05:00,16.9991634
2021-11-03T23:31:02.994+05:00,13.49325288
2021-11-03T23:31:03.495+05:00,13.39702751
2021-11-03T23:31:03.996+05:00,13.39984179
2021-11-03T23:31:04.497+05:00,13.70846996
2021-11-03T23:31:04.998+05:00,10.49574446
2021-11-03T23:31:05.500+05:00,8.236626456
2021-11-03T23:31:06.001+05:00,6.81464685
2021-11-03T23:31:06.502+05:00,7.348818136
2021-11-03T23:31:07.004+05:00,6.514581111
2021-11-03T23:31:07.506+05:00,4.49507938
2021-11-03T23:31:08.008+05:00,3.926418041
2021-11-03T23:31:08.510+05:00,3.519396741
2021-11-03T23:31:09.013+05:00,4.307328432
2021-11-03T23:31:09.515+05:00,4.462262288
2021-11-03T23:31:10.017+05:00,3.91088871
2021-11-03T23:31:10.519+05:00,4.134778553
2021-11-03T23:31:11.022+05:00,3.731954313
2021-11-03T23:31:11.524+05:00,11.7978108
2021-11-03T23:31:12.026+05:00,4.197726112
2021-11-03T23:31:12.529+05:00,2.387332014
2021-11-03T23:31:13.032+05:00,1.399711596
2021-11-03T23:31:13.535+05:00,1.936559738
2021-11-03T23:31:14.038+05:00,1.679788044
2021-11-03T23:31:14.539+05:00,15.46549731
2021-11-03T23:31:15.040+05:00,4.313754643
2021-11-03T23:31:15.543+05:00,4.285579778
2021-11-03T23:31:16.045+05:00,4.016757273
2021-11-03T23:31:16.547+05:00,14.04349869
2021-11-03T23:31:17.048+05:00,10.83604437
2021-11-03T23:31:17.550+05:00,22.8398724
2021-11-03T23:31:18.051+05:00,16.08742576
2021-11-03T23:31:18.552+05:00,16.62989209
2021-11-03T23:31:19.054+05:00,11.23798461
2021-11-03T23:31:19.555+05:00,11.93847093
2021-11-03T23:31:20.056+05:00,9.574273967
2021-11-03T23:31:20.557+05:00,19.90438732
2021-11-03T23:31:21.058+05:00,4.980716096
2021-11-03T23:31:21.560+05:00,8.4735457
2021-11-03T23:31:22.062+05:00,8.017291362
2021-11-03T23:31:22.569+05:00,4.202715651
2021-11-03T23:31:23.071+05:00,5.282844854
2021-11-03T23:31:23.572+05:00,3.959796274
2021-11-03T23:31:24.073+05:00,4.290042502
2021-11-03T23:31:24.574+05:00,8.572688221
2021-11-03T23:31:25.075+05:00,9.49080882
2021-11-03T23:31:25.576+05:00,4.196911472
2021-11-03T23:31:26.077+05:00,4.690908069
2021-11-03T23:31:26.578+05:00,3.325699422
2021-11-03T23:31:27.079+05:00,3.212947958
2021-11-03T23:31:27.581+05:00,8.223638271
2021-11-03T23:31:28.082+05:00,11.8232959
2021-11-03T23:31:28.583+05:00,7.949376137
2021-11-03T23:31:29.084+05:00,7.527384652
2021-11-03T23:31:29.586+05:00,2.779753917
2021-11-03T23:31:30.089+05:00,2.376448496
2021-11-03T23:31:30.590+05:00,5.655715939
2021-11-03T23:31:31.093+05:00,5.619973778
2021-11-03T23:31:31.594+05:00,3.071674748
2021-11-03T23:31:32.097+05:00,3.273136003
2021-11-03T23:31:32.600+05:00,3.623584475
2021-11-03T23:31:33.101+05:00,2.464159564
2021-11-03T23:31:33.603+05:00,6.054987262
2021-11-03T23:31:34.105+05:00,6.010364653
2021-11-03T23:31:34.607+05:00,11.97525011
2021-11-03T23:31:35.108+05:00,4.762790452
2021-11-03T23:31:35.609+05:00,4.702335421
2021-11-03T23:31:36.112+05:00,3.700911875
2021-11-03T23:31:36.614+05:00,1.339657434
2021-11-03T23:31:37.115+05:00,1.898595547
2021-11-03T23:31:37.616+05:00,15.91567768
2021-11-03T23:31:38.118+05:00,4.596945538
2021-11-03T23:31:38.621+05:00,4.173941448
2021-11-03T23:31:39.123+05:00,3.67092424
2021-11-03T23:31:39.624+05:00,21.23610349
2021-11-03T23:31:40.126+05:00,11.31222875
2021-11-03T23:31:40.628+05:00,5.750362625
2021-11-03T23:31:41.129+05:00,6.937066382
2021-11-03T23:31:41.632+05:00,13.92025936
2021-11-03T23:31:42.135+05:00,2.049708621
2021-11-03T23:31:42.638+05:00,1.778757236
2021-11-03T23:31:43.142+05:00,0.91076998
2021-11-03T23:31:43.657+05:00,1.139891505
2021-11-03T23:31:44.158+05:00,3.217199314
2021-11-03T23:31:44.661+05:00,3.752061483
2021-11-03T23:31:45.164+05:00,1.318424222
2021-11-03T23:31:45.667+05:00,1.332030859
2021-11-03T23:31:46.169+05:00,0.656107002
2021-11-03T23:31:46.672+05:00,1.523773773
2021-11-03T23:31:47.174+05:00,0.255777396
2021-11-03T23:31:47.677+05:00,0.6855456
2021-11-03T23:31:48.179+05:00,0.514183337
2021-11-03T23:31:48.682+05:00,0.444271956
2021-11-03T23:31:49.184+05:00,0.463100594
2021-11-03T23:31:49.686+05:00,1.298296953
2021-11-03T23:31:50.187+05:00,0.764344571
2021-11-03T23:31:50.690+05:00,0.647783886
2021-11-03T23:31:51.193+05:00,0.836078092
2021-11-03T23:31:51.696+05:00,0.9014532
2021-11-03T23:31:52.199+05:00,0.282831838
2021-11-03T23:31:52.702+05:00,4.360793218
2021-11-03T23:31:53.205+05:00,0.55894145
2021-11-03T23:31:53.708+05:00,1.490118517
2021-11-03T23:31:54.212+05:00,0.186730695
2021-11-03T23:31:54.715+05:00,4.352810599
2021-11-03T23:31:55.218+05:00,0.243705928
2021-11-03T23:31:55.721+05:00,5.754627054
2021-11-03T23:31:56.224+05:00,4.754881583
2021-11-03T23:31:56.727+05:00,1.236078027
2021-11-03T23:31:57.229+05:00,7.168358458
2021-11-03T23:31:57.731+05:00,13.87708644
2021-11-03T23:31:58.233+05:00,1.607179741
2021-11-03T23:31:58.735+05:00,1.963186913
2021-11-03T23:31:59.237+05:00,1.294395499
2021-11-03T23:31:59.739+05:00,2.28512416
2021-11-03T23:32:00.241+05:00,4.266753877
2021-11-03T23:32:00.743+05:00,16.54624131
2021-11-03T23:32:01.246+05:00,7.905586561
2021-11-03T23:32:01.748+05:00,4.278337417
2021-11-03T23:32:02.250+05:00,18.66300286
2021-11-03T23:32:02.751+05:00,6.731872752
2021-11-03T23:32:03.252+05:00,13.90771023
2021-11-03T23:32:03.754+05:00,14.75044113
2021-11-03T23:32:04.256+05:00,6.645437609
2021-11-03T23:32:04.769+05:00,4.022805337
2021-11-03T23:32:05.271+05:00,8.072157867
2021-11-03T23:32:05.772+05:00,4.989555602
2021-11-03T23:32:06.273+05:00,6.313482922
2021-11-03T23:32:06.775+05:00,4.111872379
2021-11-03T23:32:07.276+05:00,3.351118272
2021-11-03T23:32:07.777+05:00,3.312258544
2021-11-03T23:32:08.280+05:00,4.086475618
2021-11-03T23:32:08.783+05:00,4.064059736
2021-11-03T23:32:09.285+05:00,3.214230094
2021-11-03T23:32:09.787+05:00,3.934306806
2021-11-03T23:32:10.290+05:00,0.974125961
2021-11-03T23:32:10.793+05:00,1.94201575
2021-11-03T23:32:11.296+05:00,1.773933865
2021-11-03T23:32:11.800+05:00,5.630274656
2021-11-03T23:32:12.303+05:00,5.345890408
2021-11-03T23:32:12.806+05:00,1.80748666
2021-11-03T23:32:13.308+05:00,1.559588902
2021-11-03T23:32:13.811+05:00,1.743326092
2021-11-03T23:32:14.314+05:00,1.257651472
2021-11-03T23:32:14.817+05:00,2.001118475
2021-11-03T23:32:15.320+05:00,1.633841554
2021-11-03T23:32:15.823+05:00,1.82212031
2021-11-03T23:32:16.327+05:00,2.229648141
2021-11-03T23:32:16.829+05:00,0.715112567
2021-11-03T23:32:17.332+05:00,1.410952133
2021-11-03T23:32:17.834+05:00,1.620062425
2021-11-03T23:32:18.337+05:00,1.549275248
2021-11-03T23:32:18.840+05:00,3.228357043
2021-11-03T23:32:19.342+05:00,1.896754519
2021-11-03T23:32:19.845+05:00,0.893831973
2021-11-03T23:32:20.347+05:00,11.14545573
2021-11-03T23:32:20.849+05:00,4.501923826
2021-11-03T23:32:21.351+05:00,2.137529299
2021-11-03T23:32:21.854+05:00,1.511575128
2021-11-03T23:32:22.357+05:00,1.546730615
2021-11-03T23:32:22.859+05:00,1.34179219
2021-11-03T23:32:23.360+05:00,6.464282322
2021-11-03T23:32:23.862+05:00,15.25454058
2021-11-03T23:32:24.364+05:00,4.311197763
2021-11-03T23:32:24.876+05:00,3.730722659
2021-11-03T23:32:25.377+05:00,8.748653405
2021-11-03T23:32:25.880+05:00,17.81528313
2021-11-03T23:32:26.381+05:00,5.810422274
2021-11-03T23:32:26.883+05:00,22.79634035
2021-11-03T23:32:27.384+05:00,30.55921894
2021-11-03T23:32:27.885+05:00,11.62259166
2021-11-03T23:32:28.386+05:00,7.275673327
2021-11-03T23:32:28.888+05:00,9.840090562
2021-11-03T23:32:29.389+05:00,11.44655693
2021-11-03T23:32:29.891+05:00,7.886699904
2021-11-03T23:32:30.392+05:00,7.152059946
2021-11-03T23:32:30.893+05:00,9.692251904
2021-11-03T23:32:31.395+05:00,2.887235485
2021-11-03T23:32:31.899+05:00,2.686795571
2021-11-03T23:32:32.400+05:00,5.656767432
2021-11-03T23:32:32.903+05:00,6.860078297
2021-11-03T23:32:33.406+05:00,3.472732428
2021-11-03T23:32:33.907+05:00,4.277255559
2021-11-03T23:32:34.410+05:00,2.441599963
2021-11-03T23:32:34.913+05:00,3.882109865
2021-11-03T23:32:35.414+05:00,8.257177772
2021-11-03T23:32:35.915+05:00,6.611149661
2021-11-03T23:32:36.417+05:00,3.948276875
2021-11-03T23:32:36.920+05:00,3.229406243
2021-11-03T23:32:37.423+05:00,2.620989841
2021-11-03T23:32:37.925+05:00,2.32531234
2021-11-03T23:32:38.427+05:00,1.916134349
2021-11-03T23:32:38.930+05:00,2.449713429
2021-11-03T23:32:39.433+05:00,2.092090283
2021-11-03T23:32:39.935+05:00,2.200037163
2021-11-03T23:32:40.438+05:00,2.4851495
2021-11-03T23:32:40.939+05:00,3.086827335
2021-11-03T23:32:41.442+05:00,3.131496017
2021-11-03T23:32:41.945+05:00,7.03603801
2021-11-03T23:32:42.447+05:00,5.761456594
2021-11-03T23:32:42.949+05:00,5.399400271
2021-11-03T23:32:43.450+05:00,11.80779497
2021-11-03T23:32:43.952+05:00,5.176573496
2021-11-03T23:32:44.455+05:00,2.197629043
2021-11-03T23:32:44.969+05:00,0.933740415
2021-11-03T23:32:45.472+05:00,2.163185242
2021-11-03T23:32:45.975+05:00,1.431972849
2021-11-03T23:32:46.477+05:00,7.429580528
2021-11-03T23:32:46.979+05:00,12.13511482
2021-11-03T23:32:47.481+05:00,4.200056576
2021-11-03T23:32:47.984+05:00,4.224602749
2021-11-03T23:32:48.485+05:00,13.22163434
2021-11-03T23:32:48.988+05:00,9.949367548
2021-11-03T23:32:49.490+05:00,5.398161433
2021-11-03T23:32:49.993+05:00,4.080292529
2021-11-03T23:32:50.495+05:00,4.192618955
2021-11-03T23:32:50.998+05:00,5.068404712
2021-11-03T23:32:51.500+05:00,5.148091079
2021-11-03T23:32:52.001+05:00,14.57654951
2021-11-03T23:32:52.503+05:00,11.41448221
2021-11-03T23:32:53.004+05:00,8.425781998
2021-11-03T23:32:53.505+05:00,4.669324683
2021-11-03T23:32:54.007+05:00,6.056097904
2021-11-03T23:32:54.508+05:00,4.359332358
2021-11-03T23:32:55.010+05:00,3.886765553
2021-11-03T23:32:55.512+05:00,4.893944096
2021-11-03T23:32:56.013+05:00,5.18445337
2021-11-03T23:32:56.515+05:00,7.744279781
2021-11-03T23:32:57.016+05:00,24.35692359
2021-11-03T23:32:57.517+05:00,12.67443732
2021-11-03T23:32:58.019+05:00,11.18374923
2021-11-03T23:32:58.521+05:00,6.877377471
2021-11-03T23:32:59.023+05:00,16.16855079
2021-11-03T23:32:59.526+05:00,7.058965247
2021-11-03T23:33:00.027+05:00,5.452743254
2021-11-03T23:33:00.528+05:00,9.156275826
2021-11-03T23:33:01.029+05:00,13.07417627
2021-11-03T23:33:01.531+05:00,14.28580419
2021-11-03T23:33:02.033+05:00,7.544032199
2021-11-03T23:33:02.534+05:00,6.298994863
2021-11-03T23:33:03.036+05:00,9.64073046
2021-11-03T23:33:03.537+05:00,10.14572288
2021-11-03T23:33:04.039+05:00,9.770735745
2021-11-03T23:33:04.542+05:00,9.638472236
2021-11-03T23:33:05.044+05:00,19.08179248
2021-11-03T23:33:05.545+05:00,9.465941999
2021-11-03T23:33:06.056+05:00,10.21322447
2021-11-03T23:33:06.558+05:00,14.22094387
2021-11-03T23:33:07.059+05:00,4.768478582
2021-11-03T23:33:07.562+05:00,2.375588551
2021-11-03T23:33:08.064+05:00,1.754434034
2021-11-03T23:33:08.567+05:00,1.843768041
2021-11-03T23:33:09.069+05:00,2.24131466
2021-11-03T23:33:09.571+05:00,8.238913541
2021-11-03T23:33:10.072+05:00,11.8111776
2021-11-03T23:33:10.574+05:00,4.125371421
2021-11-03T23:33:11.076+05:00,4.442506072
2021-11-03T23:33:11.579+05:00,4.112143073
2021-11-03T23:33:12.080+05:00,4.307949705
2021-11-03T23:33:12.581+05:00,5.981399522
2021-11-03T23:33:13.082+05:00,16.01025259
2021-11-03T23:33:13.585+05:00,7.778439789
2021-11-03T23:33:14.087+05:00,4.991749173
2021-11-03T23:33:14.589+05:00,4.815360404
2021-11-03T23:33:15.091+05:00,4.276916588
2021-11-03T23:33:15.593+05:00,4.250174632
2021-11-03T23:33:16.095+05:00,4.366367357
2021-11-03T23:33:16.597+05:00,5.987325263
2021-11-03T23:33:17.099+05:00,5.381572194
2021-11-03T23:33:17.600+05:00,5.277283163
2021-11-03T23:33:18.102+05:00,10.21414732
2021-11-03T23:33:18.603+05:00,7.737732145
2021-11-03T23:33:19.104+05:00,14.31626987
2021-11-03T23:33:19.605+05:00,7.491195125
2021-11-03T23:33:20.107+05:00,15.63386593
2021-11-03T23:33:20.609+05:00,7.252843248
2021-11-03T23:33:21.110+05:00,9.301364366
2021-11-03T23:33:21.612+05:00,6.704450373
2021-11-03T23:33:22.114+05:00,7.796606525
2021-11-03T23:33:22.616+05:00,7.286936384
2021-11-03T23:33:23.118+05:00,7.378708846
2021-11-03T23:33:23.620+05:00,6.329611114
2021-11-03T23:33:24.122+05:00,7.42451035
2021-11-03T23:33:24.624+05:00,10.43720363
2021-11-03T23:33:25.125+05:00,10.60118236
2021-11-03T23:33:25.627+05:00,7.310704958
2021-11-03T23:33:26.129+05:00,8.865265594
2021-11-03T23:33:26.631+05:00,8.39925858
2021-11-03T23:33:27.133+05:00,7.899172345
2021-11-03T23:33:27.635+05:00,8.128997345
2021-11-03T23:33:28.136+05:00,7.650754883
2021-11-03T23:33:28.638+05:00,5.508857102
2021-11-03T23:33:29.139+05:00,7.474571689
2021-11-03T23:33:29.641+05:00,9.85712835
2021-11-03T23:33:30.143+05:00,4.341920051
2021-11-03T23:33:30.646+05:00,2.806758522
2021-11-03T23:33:31.148+05:00,3.524630599
2021-11-03T23:33:31.650+05:00,2.102795296
2021-11-03T23:33:32.151+05:00,2.258624224
2021-11-03T23:33:32.652+05:00,10.75311487
2021-11-03T23:33:33.154+05:00,10.67007532
2021-11-03T23:33:33.655+05:00,14.20484836
2021-11-03T23:33:34.156+05:00,11.30853022
2021-11-03T23:33:34.658+05:00,12.28600112
2021-11-03T23:33:35.159+05:00,33.74207682
2021-11-03T23:33:35.660+05:00,29.26927651
2021-11-03T23:33:36.162+05:00,32.07222056
2021-11-03T23:33:36.664+05:00,24.81345222
2021-11-03T23:33:37.165+05:00,20.23966604
2021-11-03T23:33:37.666+05:00,11.22696265
2021-11-03T23:33:38.168+05:00,9.471715618
2021-11-03T23:33:38.669+05:00,6.948823951
2021-11-03T23:33:39.171+05:00,9.720586445
2021-11-03T23:33:39.672+05:00,8.029111866
2021-11-03T23:33:40.174+05:00,6.987742906
2021-11-03T23:33:40.676+05:00,7.504895663
2021-11-03T23:33:41.177+05:00,8.270273499
2021-11-03T23:33:41.678+05:00,8.589896065
2021-11-03T23:33:42.180+05:00,8.290057789
2021-11-03T23:33:42.681+05:00,7.864983395
2021-11-03T23:33:43.184+05:00,7.574892687
2021-11-03T23:33:43.686+05:00,8.117780087
2021-11-03T23:33:44.187+05:00,8.392872077
2021-11-03T23:33:44.689+05:00,7.912362172
2021-11-03T23:33:45.190+05:00,8.10618036
2021-11-03T23:33:45.691+05:00,8.793140212
2021-11-03T23:33:46.193+05:00,6.854896619
2021-11-03T23:33:46.695+05:00,7.373654664
2021-11-03T23:33:47.201+05:00,7.883907628
2021-11-03T23:33:47.703+05:00,7.723810968
2021-11-03T23:33:48.204+05:00,7.359324217
2021-11-03T23:33:48.706+05:00,9.918148647
2021-11-03T23:33:49.207+05:00,7.185077037
2021-11-03T23:33:49.709+05:00,6.99588406
2021-11-03T23:33:50.210+05:00,7.409671516
2021-11-03T23:33:50.711+05:00,6.795462294
2021-11-03T23:33:51.213+05:00,8.277254575
2021-11-03T23:33:51.715+05:00,8.52105277
2021-11-03T23:33:52.216+05:00,6.648676407
2021-11-03T23:33:52.718+05:00,14.92234048
2021-11-03T23:33:53.221+05:00,5.240138712
2021-11-03T23:33:53.724+05:00,2.342844634
2021-11-03T23:33:54.225+05:00,1.94689579
2021-11-03T23:33:54.728+05:00,2.346273183
2021-11-03T23:33:55.231+05:00,1.210300973
2021-11-03T23:33:55.734+05:00,10.63049023
2021-11-03T23:33:56.235+05:00,11.37557566
2021-11-03T23:33:56.736+05:00,4.764608096
2021-11-03T23:33:57.237+05:00,18.1464589
2021-11-03T23:33:57.739+05:00,5.73653178
2021-11-03T23:33:58.241+05:00,5.731134616
2021-11-03T23:33:58.741+05:00,13.79414348
2021-11-03T23:33:59.243+05:00,17.43567234
2021-11-03T23:33:59.744+05:00,22.59904132
2021-11-03T23:34:00.245+05:00,21.13003899
2021-11-03T23:34:00.747+05:00,21.72107417
2021-11-03T23:34:01.248+05:00,25.79230706
2021-11-03T23:34:01.749+05:00,8.787516665
2021-11-03T23:34:02.250+05:00,14.73983718
2021-11-03T23:34:02.752+05:00,17.0557111
2021-11-03T23:34:03.253+05:00,33.0025181
2021-11-03T23:34:03.755+05:00,23.10258458
2021-11-03T23:34:04.256+05:00,17.99964439
2021-11-03T23:34:04.758+05:00,28.48894724
2021-11-03T23:34:05.259+05:00,17.67047469
2021-11-03T23:34:05.761+05:00,13.25692595
2021-11-03T23:34:06.263+05:00,11.5164825
2021-11-03T23:34:06.765+05:00,8.95608964
2021-11-03T23:34:07.266+05:00,10.02350582
2021-11-03T23:34:07.772+05:00,12.12825202
2021-11-03T23:34:08.274+05:00,10.88791433
2021-11-03T23:34:08.775+05:00,9.452390291
2021-11-03T23:34:09.276+05:00,9.191893995
2021-11-03T23:34:09.778+05:00,13.48572488
2021-11-03T23:34:10.280+05:00,9.539566047
2021-11-03T23:34:10.782+05:00,8.915968975
2021-11-03T23:34:11.283+05:00,10.89696731
2021-11-03T23:34:11.785+05:00,11.1993473
2021-11-03T23:34:12.286+05:00,10.44645063
2021-11-03T23:34:12.788+05:00,11.42077057
2021-11-03T23:34:13.290+05:00,13.8218258
2021-11-03T23:34:13.792+05:00,8.687982524
2021-11-03T23:34:14.294+05:00,9.883813609
2021-11-03T23:34:14.795+05:00,12.96458165
2021-11-03T23:34:15.297+05:00,9.021632401
2021-11-03T23:34:15.799+05:00,15.09987318
2021-11-03T23:34:16.300+05:00,6.413872661
2021-11-03T23:34:16.801+05:00,3.254021994
2021-11-03T23:34:17.302+05:00,3.181086859
2021-11-03T23:34:17.804+05:00,2.862606842
2021-11-03T23:34:18.306+05:00,2.537365136
2021-11-03T23:34:18.808+05:00,9.672669387
2021-11-03T23:34:19.310+05:00,13.03331936
2021-11-03T23:34:19.811+05:00,21.08928763
2021-11-03T23:34:20.313+05:00,7.471151389
2021-11-03T23:34:20.814+05:00,12.3581266
2021-11-03T23:34:21.316+05:00,19.4929566
2021-11-03T23:34:21.817+05:00,22.36600167
2021-11-03T23:34:22.319+05:00,6.549235503
2021-11-03T23:34:22.821+05:00,7.673302899
2021-11-03T23:34:23.324+05:00,6.414690445
2021-11-03T23:34:23.827+05:00,8.083707246
2021-11-03T23:34:24.329+05:00,8.477795106
2021-11-03T23:34:24.830+05:00,21.65209567
2021-11-03T23:34:25.332+05:00,15.51260436
2021-11-03T23:34:25.833+05:00,10.35240923
2021-11-03T23:34:26.336+05:00,9.090592725
2021-11-03T23:34:26.837+05:00,6.973271207
2021-11-03T23:34:27.339+05:00,23.19232046
2021-11-03T23:34:27.842+05:00,20.72886463
2021-11-03T23:34:28.344+05:00,5.367366726
2021-11-03T23:34:28.854+05:00,4.249708206
2021-11-03T23:34:29.355+05:00,4.108364273
2021-11-03T23:34:29.857+05:00,7.687926341
2021-11-03T23:34:30.358+05:00,3.917189461
2021-11-03T23:34:30.860+05:00,4.915267778
2021-11-03T23:34:31.361+05:00,4.847366933
2021-11-03T23:34:31.863+05:00,4.697284649
2021-11-03T23:34:32.365+05:00,3.653579162
2021-11-03T23:34:32.866+05:00,10.69599894
2021-11-03T23:34:33.367+05:00,4.516228566
2021-11-03T23:34:33.868+05:00,4.998411726
2021-11-03T23:34:34.370+05:00,4.081749631
2021-11-03T23:34:34.873+05:00,4.392607643
2021-11-03T23:34:35.374+05:00,4.138749284
2021-11-03T23:34:35.877+05:00,5.936873084
2021-11-03T23:34:36.379+05:00,5.818398827
2021-11-03T23:34:36.880+05:00,4.716539051
2021-11-03T23:34:37.382+05:00,3.992661646
2021-11-03T23:34:37.883+05:00,4.370594224
2021-11-03T23:34:38.384+05:00,4.6532437
2021-11-03T23:34:38.886+05:00,10.84967005
2021-11-03T23:34:39.389+05:00,4.778002533
2021-11-03T23:34:39.891+05:00,4.073582413
2021-11-03T23:34:40.394+05:00,1.792578507
2021-11-03T23:34:40.897+05:00,1.332837208
2021-11-03T23:34:41.400+05:00,1.727866766
2021-11-03T23:34:41.902+05:00,12.89093775
2021-11-03T23:34:42.404+05:00,7.951826324
2021-11-03T23:34:42.906+05:00,4.130489085
2021-11-03T23:34:43.407+05:00,4.5104257
2021-11-03T23:34:43.909+05:00,16.33525155
2021-11-03T23:34:44.410+05:00,20.81528417
2021-11-03T23:34:44.912+05:00,3.849082164
2021-11-03T23:34:45.415+05:00,4.733958
2021-11-03T23:34:45.918+05:00,1.166348617
2021-11-03T23:34:46.421+05:00,1.538647163
2021-11-03T23:34:46.924+05:00,1.457208439
2021-11-03T23:34:47.426+05:00,0.650522517
2021-11-03T23:34:47.928+05:00,1.641454775
2021-11-03T23:34:48.430+05:00,0.968921048
2021-11-03T23:34:48.935+05:00,3.307426927
2021-11-03T23:34:49.438+05:00,1.908983592
2021-11-03T23:34:49.939+05:00,3.359618475
2021-11-03T23:34:50.441+05:00,1.884610974
2021-11-03T23:34:50.943+05:00,0.223455312
2021-11-03T23:34:51.446+05:00,0.764211348
2021-11-03T23:34:51.948+05:00,1.669896568
2021-11-03T23:34:52.450+05:00,4.880478488
2021-11-03T23:34:52.953+05:00,0.203289883
2021-11-03T23:34:53.455+05:00,4.689596606
2021-11-03T23:34:53.956+05:00,4.497980156
2021-11-03T23:34:54.459+05:00,1.92742489
2021-11-03T23:34:54.962+05:00,0.678580082
2021-11-03T23:34:55.464+05:00,0.71454203
2021-11-03T23:34:55.967+05:00,0.380396261
2021-11-03T23:34:56.470+05:00,0.358058857
2021-11-03T23:34:56.972+05:00,0.279139369
2021-11-03T23:34:57.475+05:00,0.408516987
2021-11-03T23:34:57.976+05:00,1.043092368
2021-11-03T23:34:58.479+05:00,0.605812054
2021-11-03T23:34:58.982+05:00,0.310524952
2021-11-03T23:34:59.485+05:00,2.858805961
2021-11-03T23:34:59.988+05:00,0.491184951
2021-11-03T23:35:00.491+05:00,3.229387035
2021-11-03T23:35:00.994+05:00,7.084458876
2021-11-03T23:35:01.497+05:00,1.748298648
2021-11-03T23:35:01.999+05:00,11.17213694
2021-11-03T23:35:02.502+05:00,1.256199136
2021-11-03T23:35:03.005+05:00,2.254226316
2021-11-03T23:35:03.508+05:00,2.492764172
2021-11-03T23:35:04.011+05:00,2.241947031
2021-11-03T23:35:04.513+05:00,2.027706295
2021-11-03T23:35:05.015+05:00,14.90180057
2021-11-03T23:35:05.516+05:00,6.007046205
2021-11-03T23:35:06.017+05:00,17.92514744
2021-11-03T23:35:06.518+05:00,11.12682885
2021-11-03T23:35:07.019+05:00,8.641617704
2021-11-03T23:35:07.520+05:00,9.594330594
2021-11-03T23:35:08.021+05:00,16.05418062
2021-11-03T23:35:08.522+05:00,12.6606075
2021-11-03T23:35:09.024+05:00,22.36959496
2021-11-03T23:35:09.525+05:00,10.04982946
2021-11-03T23:35:10.031+05:00,5.90748989
2021-11-03T23:35:10.533+05:00,13.22515877
2021-11-03T23:35:11.035+05:00,5.025606697
2021-11-03T23:35:11.537+05:00,7.98162409
2021-11-03T23:35:12.039+05:00,6.109776014
2021-11-03T23:35:12.542+05:00,2.92345868
2021-11-03T23:35:13.044+05:00,5.649870815
2021-11-03T23:35:13.546+05:00,5.328591706
2021-11-03T23:35:14.049+05:00,5.360228311
2021-11-03T23:35:14.550+05:00,5.241946422
2021-11-03T23:35:15.052+05:00,3.184286524
2021-11-03T23:35:15.554+05:00,3.851583833
2021-11-03T23:35:16.055+05:00,5.114174446
2021-11-03T23:35:16.558+05:00,4.05025722
2021-11-03T23:35:17.061+05:00,3.779188022
2021-11-03T23:35:17.563+05:00,7.759126725
2021-11-03T23:35:18.065+05:00,6.924763183
2021-11-03T23:35:18.568+05:00,5.263648891
2021-11-03T23:35:19.071+05:00,2.398251695
2021-11-03T23:35:19.574+05:00,3.070258268
2021-11-03T23:35:20.075+05:00,3.884980442
2021-11-03T23:35:20.578+05:00,4.219197517
2021-11-03T23:35:21.079+05:00,3.958388836
2021-11-03T23:35:21.581+05:00,2.305511451
2021-11-03T23:35:22.083+05:00,3.447166025
2021-11-03T23:35:22.586+05:00,2.743388868
2021-11-03T23:35:23.088+05:00,5.067439309
2021-11-03T23:35:23.591+05:00,4.89470097
2021-11-03T23:35:24.094+05:00,2.411321295
2021-11-03T23:35:24.596+05:00,2.496461995
2021-11-03T23:35:25.098+05:00,10.09567279
2021-11-03T23:35:25.600+05:00,3.151241332
2021-11-03T23:35:26.103+05:00,2.095993207
2021-11-03T23:35:26.606+05:00,1.834016174
2021-11-03T23:35:27.109+05:00,1.268857631
2021-11-03T23:35:27.612+05:00,2.010034834
2021-11-03T23:35:28.113+05:00,14.92813311
2021-11-03T23:35:28.615+05:00,5.358428668
2021-11-03T23:35:29.117+05:00,4.287767131
2021-11-03T23:35:29.619+05:00,3.944363804
2021-11-03T23:35:30.122+05:00,4.371018404
2021-11-03T23:35:30.624+05:00,4.261611106
2021-11-03T23:35:31.132+05:00,18.67821162
2021-11-03T23:35:31.633+05:00,9.401284698
2021-11-03T23:35:32.135+05:00,10.56688905
2021-11-03T23:35:32.636+05:00,7.901485677
2021-11-03T23:35:33.137+05:00,12.7368576
2021-11-03T23:35:33.638+05:00,10.44719776
2021-11-03T23:35:34.139+05:00,9.731789122
2021-11-03T23:35:34.641+05:00,22.03945397
2021-11-03T23:35:35.143+05:00,16.38591284
2021-11-03T23:35:35.645+05:00,9.807878899
2021-11-03T23:35:36.147+05:00,13.9423641
2021-11-03T23:35:36.648+05:00,12.49364655
2021-11-03T23:35:37.149+05:00,11.34643417
2021-11-03T23:35:37.651+05:00,13.763128
2021-11-03T23:35:38.152+05:00,7.443608744
2021-11-03T23:35:38.653+05:00,5.94996411
2021-11-03T23:35:39.154+05:00,13.87585421
2021-11-03T23:35:39.656+05:00,10.25885117
2021-11-03T23:35:40.157+05:00,5.256445751
2021-11-03T23:35:40.658+05:00,25.99714477
2021-11-03T23:35:41.160+05:00,12.929785
2021-11-03T23:35:41.661+05:00,6.601884243
2021-11-03T23:35:42.163+05:00,7.147935354
2021-11-03T23:35:42.664+05:00,4.397102544
2021-11-03T23:35:43.166+05:00,5.272816063
2021-11-03T23:35:43.668+05:00,4.914037351
2021-11-03T23:35:44.169+05:00,4.081857868
2021-11-03T23:35:44.670+05:00,15.16227417
2021-11-03T23:35:45.172+05:00,9.33076731
2021-11-03T23:35:45.674+05:00,3.549307759
2021-11-03T23:35:46.176+05:00,11.93621103
2021-11-03T23:35:46.678+05:00,15.3837408
2021-11-03T23:35:47.180+05:00,1.872890684
2021-11-03T23:35:47.683+05:00,2.25153683
2021-11-03T23:35:48.184+05:00,11.19717504
2021-11-03T23:35:48.685+05:00,4.444019743
2021-11-03T23:35:49.188+05:00,2.150768336
2021-11-03T23:35:49.691+05:00,1.201820742
2021-11-03T23:35:50.195+05:00,1.742524864
2021-11-03T23:35:50.698+05:00,1.643342302
2021-11-03T23:35:51.204+05:00,15.09626369
2021-11-03T23:35:51.705+05:00,7.996388137
2021-11-03T23:35:52.208+05:00,5.186572388
2021-11-03T23:35:52.709+05:00,4.906801914
2021-11-03T23:35:53.210+05:00,6.280518065
2021-11-03T23:35:53.712+05:00,4.061241756
2021-11-03T23:35:54.214+05:00,20.2231605
2021-11-03T23:35:54.715+05:00,17.63026873
2021-11-03T23:35:55.216+05:00,24.97893161
2021-11-03T23:35:55.717+05:00,20.07863826
2021-11-03T23:35:56.219+05:00,15.33419366
2021-11-03T23:35:56.720+05:00,6.027274799
2021-11-03T23:35:57.222+05:00,22.17761749
2021-11-03T23:35:57.723+05:00,26.78046026
2021-11-03T23:35:58.225+05:00,15.46727415
2021-11-03T23:35:58.726+05:00,16.33399858
2021-11-03T23:35:59.228+05:00,7.167920895
2021-11-03T23:35:59.730+05:00,9.16904319
2021-11-03T23:36:00.231+05:00,20.66920994
2021-11-03T23:36:00.732+05:00,6.457255093
2021-11-03T23:36:01.233+05:00,8.596699045
2021-11-03T23:36:01.735+05:00,5.008149564
2021-11-03T23:36:02.237+05:00,6.300051094
2021-11-03T23:36:02.739+05:00,4.837068245
2021-11-03T23:36:03.240+05:00,4.87974359
2021-11-03T23:36:03.741+05:00,5.676931231
2021-11-03T23:36:04.243+05:00,7.225350423
2021-11-03T23:36:04.746+05:00,5.882895571
2021-11-03T23:36:05.248+05:00,7.344255968
2021-11-03T23:36:05.750+05:00,4.733490548
2021-11-03T23:36:06.252+05:00,6.086620748
2021-11-03T23:36:06.754+05:00,4.638667987
2021-11-03T23:36:07.256+05:00,5.251734672
2021-11-03T23:36:07.759+05:00,6.37112094
2021-11-03T23:36:08.262+05:00,7.016434619
2021-11-03T23:36:08.763+05:00,6.667738829
2021-11-03T23:36:09.265+05:00,5.396341399
2021-11-03T23:36:09.767+05:00,5.350114953
2021-11-03T23:36:10.270+05:00,8.670439938
2021-11-03T23:36:10.772+05:00,7.452327466
2021-11-03T23:36:11.274+05:00,12.43599967
2021-11-03T23:36:11.777+05:00,4.517584381
2021-11-03T23:36:12.288+05:00,1.630056411
2021-11-03T23:36:12.790+05:00,2.465801802
2021-11-03T23:36:13.292+05:00,1.7580748
2021-11-03T23:36:13.793+05:00,3.404470615
2021-11-03T23:36:14.294+05:00,15.03044087
2021-11-03T23:36:14.796+05:00,7.4659659
2021-11-03T23:36:15.297+05:00,8.753737127
2021-11-03T23:36:15.799+05:00,4.825933298
2021-11-03T23:36:16.300+05:00,4.808180499
2021-11-03T23:36:16.802+05:00,23.92061914
2021-11-03T23:36:17.303+05:00,7.853369233
2021-11-03T23:36:17.804+05:00,14.82160744
2021-11-03T23:36:18.305+05:00,11.62669975
2021-11-03T23:36:18.806+05:00,13.74163149
2021-11-03T23:36:19.308+05:00,12.47440663
2021-11-03T23:36:19.809+05:00,8.234470338
2021-11-03T23:36:20.310+05:00,9.391268901
2021-11-03T23:36:20.811+05:00,19.56599299
2021-11-03T23:36:21.312+05:00,9.498808348
2021-11-03T23:36:21.813+05:00,7.941042916
2021-11-03T23:36:22.314+05:00,6.388894462
2021-11-03T23:36:22.816+05:00,7.090691218
2021-11-03T23:36:23.317+05:00,6.272074655
2021-11-03T23:36:23.818+05:00,6.429034298
2021-11-03T23:36:24.319+05:00,6.332608803
2021-11-03T23:36:24.820+05:00,6.840822624
2021-11-03T23:36:25.321+05:00,6.670246211
2021-11-03T23:36:25.822+05:00,6.264427209
2021-11-03T23:36:26.323+05:00,6.075158964
2021-11-03T23:36:26.824+05:00,7.665617253
2021-11-03T23:36:27.325+05:00,11.98952819
2021-11-03T23:36:27.826+05:00,20.03529589
2021-11-03T23:36:28.327+05:00,6.630508004
2021-11-03T23:36:28.829+05:00,4.095113689
2021-11-03T23:36:29.332+05:00,2.864910949
2021-11-03T23:36:29.835+05:00,2.563095619
2021-11-03T23:36:30.337+05:00,3.157279691
2021-11-03T23:36:30.839+05:00,3.63267527
2021-11-03T23:36:31.342+05:00,1.971082554
2021-11-03T23:36:31.844+05:00,3.159431946
2021-11-03T23:36:32.346+05:00,3.626894598
2021-11-03T23:36:32.848+05:00,2.797378366
2021-11-03T23:36:33.358+05:00,2.462573165
2021-11-03T23:36:33.860+05:00,3.172649711
2021-11-03T23:36:34.361+05:00,11.16546584
2021-11-03T23:36:34.862+05:00,5.397051312
2021-11-03T23:36:35.365+05:00,3.735226581
2021-11-03T23:36:35.868+05:00,4.85306443
2021-11-03T23:36:36.371+05:00,3.531163832
2021-11-03T23:36:36.874+05:00,4.267559596
2021-11-03T23:36:37.375+05:00,15.04949786
2021-11-03T23:36:37.876+05:00,5.813249531
2021-11-03T23:36:38.378+05:00,4.209620224
2021-11-03T23:36:38.880+05:00,4.325656004
2021-11-03T23:36:39.383+05:00,4.052638872
2021-11-03T23:36:39.885+05:00,5.334269396
2021-11-03T23:36:40.387+05:00,4.314459683
2021-11-03T23:36:40.889+05:00,4.119574607
2021-11-03T23:36:41.390+05:00,16.18456075
2021-11-03T23:36:41.893+05:00,14.12657974
2021-11-03T23:36:42.395+05:00,5.54158786
2021-11-03T23:36:42.898+05:00,5.386830362
2021-11-03T23:36:43.399+05:00,12.79844598
2021-11-03T23:36:43.900+05:00,10.51410086
2021-11-03T23:36:44.402+05:00,8.63071977
2021-11-03T23:36:44.904+05:00,12.18621566
2021-11-03T23:36:45.405+05:00,12.85908997
2021-11-03T23:36:45.906+05:00,19.52807175
2021-11-03T23:36:46.407+05:00,12.10664191
2021-11-03T23:36:46.909+05:00,15.75128412
2021-11-03T23:36:47.410+05:00,7.854631889
2021-11-03T23:36:47.911+05:00,12.04010814
2021-11-03T23:36:48.413+05:00,5.90301342
2021-11-03T23:36:48.915+05:00,5.51418435
2021-11-03T23:36:49.417+05:00,15.08696721
2021-11-03T23:36:49.919+05:00,5.369437186
2021-11-03T23:36:50.421+05:00,4.005598769
2021-11-03T23:36:50.923+05:00,2.859775951
2021-11-03T23:36:51.425+05:00,3.759795734
2021-11-03T23:36:51.928+05:00,4.224031381
2021-11-03T23:36:52.430+05:00,6.058432597
2021-11-03T23:36:52.932+05:00,1.337177714
2021-11-03T23:36:53.445+05:00,0.964135459
2021-11-03T23:36:53.947+05:00,2.918713626
2021-11-03T23:36:54.449+05:00,3.454181511
2021-11-03T23:36:54.951+05:00,5.221453811
2021-11-03T23:36:55.454+05:00,3.613381813
2021-11-03T23:36:55.956+05:00,3.747230276
2021-11-03T23:36:56.459+05:00,3.330845461
2021-11-03T23:36:56.963+05:00,3.325336282
2021-11-03T23:36:57.464+05:00,11.46527313
2021-11-03T23:36:57.965+05:00,4.406252911
2021-11-03T23:36:58.466+05:00,4.972050223
2021-11-03T23:36:58.967+05:00,8.44566334
2021-11-03T23:36:59.468+05:00,4.655273393
2021-11-03T23:36:59.971+05:00,2.739727213
2021-11-03T23:37:00.472+05:00,15.95506686
2021-11-03T23:37:00.974+05:00,7.792037965
2021-11-03T23:37:01.475+05:00,17.7332624
2021-11-03T23:37:01.977+05:00,7.663349581
2021-11-03T23:37:02.479+05:00,5.259984016
2021-11-03T23:37:02.980+05:00,14.41107659
2021-11-03T23:37:03.481+05:00,15.85850223
2021-11-03T23:37:03.982+05:00,28.76052308
2021-11-03T23:37:04.483+05:00,11.58426023
2021-11-03T23:37:04.985+05:00,7.369357982
2021-11-03T23:37:05.487+05:00,5.383851786
2021-11-03T23:37:05.988+05:00,18.71858204
2021-11-03T23:37:06.489+05:00,24.31179558
2021-11-03T23:37:06.992+05:00,12.54337379
2021-11-03T23:37:07.494+05:00,10.76553815
2021-11-03T23:37:07.996+05:00,15.83948347
2021-11-03T23:37:08.498+05:00,9.092802333
2021-11-03T23:37:09.001+05:00,11.21283029
2021-11-03T23:37:09.503+05:00,7.470066776
2021-11-03T23:37:10.005+05:00,14.90409692
2021-11-03T23:37:10.506+05:00,22.82051323
2021-11-03T23:37:11.008+05:00,8.803791719
2021-11-03T23:37:11.510+05:00,7.859413385
2021-11-03T23:37:12.011+05:00,6.858615818
2021-11-03T23:37:12.513+05:00,5.113555684
2021-11-03T23:37:13.015+05:00,6.479279124
2021-11-03T23:37:13.517+05:00,5.260383429
2021-11-03T23:37:14.019+05:00,3.037277261
2021-11-03T23:37:14.526+05:00,2.569202851
2021-11-03T23:37:15.027+05:00,3.777398527
2021-11-03T23:37:15.529+05:00,5.385538248
2021-11-03T23:37:16.031+05:00,4.090366278
2021-11-03T23:37:16.534+05:00,3.291066791
2021-11-03T23:37:17.038+05:00,3.530450245
2021-11-03T23:37:17.541+05:00,3.350672597
2021-11-03T23:37:18.042+05:00,5.038718324
2021-11-03T23:37:18.545+05:00,4.613511446
2021-11-03T23:37:19.047+05:00,5.917742065
2021-11-03T23:37:19.548+05:00,4.70737874
2021-11-03T23:37:20.049+05:00,5.653169393
2021-11-03T23:37:20.550+05:00,13.46544274
2021-11-03T23:37:21.053+05:00,4.060069749
2021-11-03T23:37:21.556+05:00,2.191522582
2021-11-03T23:37:22.058+05:00,1.084702857
2021-11-03T23:37:22.561+05:00,1.562184734
2021-11-03T23:37:23.064+05:00,1.1122167
2021-11-03T23:37:23.565+05:00,15.51716528
2021-11-03T23:37:24.068+05:00,4.614493039
2021-11-03T23:37:24.569+05:00,18.88631782
2021-11-03T23:37:25.072+05:00,5.763295125
2021-11-03T23:37:25.574+05:00,4.446358391
2021-11-03T23:37:26.076+05:00,4.040650282
2021-11-03T23:37:26.577+05:00,6.825331605
2021-11-03T23:37:27.079+05:00,14.74106758
2021-11-03T23:37:27.580+05:00,6.658345507
2021-11-03T23:37:28.081+05:00,21.98944219
2021-11-03T23:37:28.583+05:00,30.46054691
2021-11-03T23:37:29.084+05:00,7.017973273
2021-11-03T23:37:29.587+05:00,8.282932872
2021-11-03T23:37:30.088+05:00,10.10148442
2021-11-03T23:37:30.589+05:00,11.06504269
2021-11-03T23:37:31.090+05:00,16.79629487
2021-11-03T23:37:31.592+05:00,10.42149922
2021-11-03T23:37:32.094+05:00,8.279184664
2021-11-03T23:37:32.596+05:00,9.384527646
2021-11-03T23:37:33.099+05:00,7.271328083
2021-11-03T23:37:33.601+05:00,7.210768736
2021-11-03T23:37:34.103+05:00,5.102496142
2021-11-03T23:37:34.605+05:00,5.446792
2021-11-03T23:37:35.107+05:00,9.193538914
2021-11-03T23:37:35.616+05:00,11.84782536
2021-11-03T23:37:36.118+05:00,7.962399204
2021-11-03T23:37:36.619+05:00,8.044355383
2021-11-03T23:37:37.121+05:00,8.782846715
2021-11-03T23:37:37.623+05:00,8.84102366
2021-11-03T23:37:38.125+05:00,7.549032249
2021-11-03T23:37:38.627+05:00,5.553713225
2021-11-03T23:37:39.129+05:00,5.607500956
2021-11-03T23:37:39.631+05:00,5.809861332
2021-11-03T23:37:40.133+05:00,7.129893267
2021-11-03T23:37:40.635+05:00,7.345914815
2021-11-03T23:37:41.137+05:00,9.696349238
2021-11-03T23:37:41.639+05:00,8.467823629
2021-11-03T23:37:42.140+05:00,7.425718542
2021-11-03T23:37:42.642+05:00,12.59738758
2021-11-03T23:37:43.143+05:00,9.31788304
2021-11-03T23:37:43.646+05:00,18.29755421
2021-11-03T23:37:44.149+05:00,2.592853989
2021-11-03T23:37:44.652+05:00,2.428078678
2021-11-03T23:37:45.155+05:00,1.448894063
2021-11-03T23:37:45.658+05:00,1.935086408
2021-11-03T23:37:46.161+05:00,2.500926906
2021-11-03T23:37:46.662+05:00,16.26416729
2021-11-03T23:37:47.164+05:00,4.124210161
2021-11-03T23:37:47.666+05:00,4.240018646
2021-11-03T23:37:48.167+05:00,8.309582083
2021-11-03T23:37:48.668+05:00,23.19151654
2021-11-03T23:37:49.170+05:00,28.2090879
2021-11-03T23:37:49.671+05:00,21.57918641
2021-11-03T23:37:50.173+05:00,11.83882796
2021-11-03T23:37:50.674+05:00,18.73674755
2021-11-03T23:37:51.175+05:00,7.55655946
2021-11-03T23:37:51.677+05:00,7.818154099
2021-11-03T23:37:52.179+05:00,6.119933303
2021-11-03T23:37:52.680+05:00,4.287541273
2021-11-03T23:37:53.181+05:00,15.6404759
2021-11-03T23:37:53.683+05:00,14.18508908
2021-11-03T23:37:54.186+05:00,3.59925419
2021-11-03T23:37:54.688+05:00,4.361146114
2021-11-03T23:37:55.191+05:00,1.426551855
2021-11-03T23:37:55.694+05:00,1.588261353
2021-11-03T23:37:56.207+05:00,0.638736251
2021-11-03T23:37:56.710+05:00,1.885617031
2021-11-03T23:37:57.213+05:00,1.71275651
2021-11-03T23:37:57.714+05:00,2.024824791
2021-11-03T23:37:58.215+05:00,1.140146654
2021-11-03T23:37:58.718+05:00,2.132065045
2021-11-03T23:37:59.221+05:00,3.943328621
2021-11-03T23:37:59.723+05:00,7.362902287
2021-11-03T23:38:00.226+05:00,5.430729093
2021-11-03T23:38:00.729+05:00,1.419197806
2021-11-03T23:38:01.230+05:00,8.744674081
2021-11-03T23:38:01.733+05:00,2.500087108
2021-11-03T23:38:02.235+05:00,4.469851134
2021-11-03T23:38:02.736+05:00,5.259995306
2021-11-03T23:38:03.237+05:00,4.150575262
2021-11-03T23:38:03.738+05:00,3.097693414
2021-11-03T23:38:04.239+05:00,2.06976784
2021-11-03T23:38:04.740+05:00,6.143813373
2021-11-03T23:38:05.241+05:00,5.564707951
2021-11-03T23:38:05.742+05:00,3.500502379
2021-11-03T23:38:06.245+05:00,4.512181691
2021-11-03T23:38:06.746+05:00,16.67164454
2021-11-03T23:38:07.248+05:00,6.026050288
2021-11-03T23:38:07.749+05:00,3.77121372
2021-11-03T23:38:08.250+05:00,2.789868319
2021-11-03T23:38:08.751+05:00,0.084662818
2021-11-03T23:38:09.252+05:00,3.219224606
2021-11-03T23:38:09.753+05:00,15.69354818
2021-11-03T23:38:10.255+05:00,6.657498798
2021-11-03T23:38:10.756+05:00,4.859830001
2021-11-03T23:38:11.259+05:00,3.950769589
2021-11-03T23:38:11.760+05:00,3.976777174
2021-11-03T23:38:12.262+05:00,3.903399734
2021-11-03T23:38:12.765+05:00,3.810098272
2021-11-03T23:38:13.267+05:00,3.772964879
2021-11-03T23:38:13.770+05:00,3.918766832
2021-11-03T23:38:14.272+05:00,3.853259881
2021-11-03T23:38:14.774+05:00,4.004441313
2021-11-03T23:38:15.276+05:00,3.855506747
2021-11-03T23:38:15.779+05:00,3.725758952
2021-11-03T23:38:16.282+05:00,4.572277711
2021-11-03T23:38:16.784+05:00,4.275984034
2021-11-03T23:38:17.297+05:00,3.280365589
2021-11-03T23:38:17.798+05:00,3.716806663
2021-11-03T23:38:18.301+05:00,3.90684219
2021-11-03T23:38:18.803+05:00,3.772296203
2021-11-03T23:38:19.306+05:00,3.738541369
2021-11-03T23:38:19.807+05:00,4.033167751
2021-11-03T23:38:20.309+05:00,4.026645209
2021-11-03T23:38:20.811+05:00,3.991088897
2021-11-03T23:38:21.313+05:00,3.810060189
2021-11-03T23:38:21.815+05:00,3.866714031
2021-11-03T23:38:22.317+05:00,3.661178098
2021-11-03T23:38:22.820+05:00,3.696729726
2021-11-03T23:38:23.322+05:00,4.018257731
2021-11-03T23:38:23.824+05:00,3.815062287
2021-11-03T23:38:24.327+05:00,3.832552025
2021-11-03T23:38:24.829+05:00,4.602689753
2021-11-03T23:38:25.331+05:00,3.74465417
2021-11-03T23:38:25.833+05:00,3.772232289
2021-11-03T23:38:26.335+05:00,3.892386048
2021-11-03T23:38:26.838+05:00,3.819742524
2021-11-03T23:38:27.340+05:00,3.700624393
2021-11-03T23:38:27.842+05:00,4.598098856
2021-11-03T23:38:28.344+05:00,3.997989894
2021-11-03T23:38:28.846+05:00,3.790559591
2021-11-03T23:38:29.348+05:00,3.741110056
2021-11-03T23:38:29.852+05:00,10.60965483
2021-11-03T23:38:30.354+05:00,2.74070733
2021-11-03T23:38:30.857+05:00,2.395488991
2021-11-03T23:38:31.360+05:00,1.810853686
2021-11-03T23:38:31.863+05:00,1.768164104
2021-11-03T23:38:32.365+05:00,1.451519217
2021-11-03T23:38:32.867+05:00,15.8838647
2021-11-03T23:38:33.369+05:00,4.794524159
2021-11-03T23:38:33.870+05:00,19.35566222
2021-11-03T23:38:34.373+05:00,18.51512138
2021-11-03T23:38:34.874+05:00,11.96437017
2021-11-03T23:38:35.376+05:00,9.092883568
2021-11-03T23:38:35.877+05:00,11.07717378
2021-11-03T23:38:36.378+05:00,21.60001839
2021-11-03T23:38:36.879+05:00,15.41355704
2021-11-03T23:38:37.380+05:00,31.30660429
2021-11-03T23:38:37.881+05:00,34.25531936
2021-11-03T23:38:38.389+05:00,33.87034671
2021-11-03T23:38:38.890+05:00,22.62613721
2021-11-03T23:38:39.393+05:00,14.84661365
2021-11-03T23:38:39.896+05:00,9.346391877
2021-11-03T23:38:40.398+05:00,7.05302731
2021-11-03T23:38:40.901+05:00,5.027475537
2021-11-03T23:38:41.403+05:00,4.824365263
2021-11-03T23:38:41.905+05:00,7.123966302
2021-11-03T23:38:42.408+05:00,5.286133179
2021-11-03T23:38:42.910+05:00,5.546154279
2021-11-03T23:38:43.412+05:00,5.667188035
2021-11-03T23:38:43.913+05:00,5.573499984
2021-11-03T23:38:44.415+05:00,6.089539555
2021-11-03T23:38:44.918+05:00,5.80519232
2021-11-03T23:38:45.421+05:00,3.402507929
2021-11-03T23:38:45.924+05:00,1.972993807
2021-11-03T23:38:46.427+05:00,5.035524454
2021-11-03T23:38:46.928+05:00,5.736733762
2021-11-03T23:38:47.431+05:00,5.541946857
2021-11-03T23:38:47.933+05:00,4.509946301
2021-11-03T23:38:48.436+05:00,1.518322524
2021-11-03T23:38:48.939+05:00,1.248388473
2021-11-03T23:38:49.441+05:00,1.585534718
2021-11-03T23:38:49.944+05:00,3.707288543
2021-11-03T23:38:50.447+05:00,2.694359369
2021-11-03T23:38:50.948+05:00,1.043293419
2021-11-03T23:38:51.450+05:00,2.646336076
2021-11-03T23:38:51.953+05:00,1.190843096
2021-11-03T23:38:52.456+05:00,3.947589548
2021-11-03T23:38:52.958+05:00,26.87942145
2021-11-03T23:38:53.460+05:00,4.148015056
2021-11-03T23:38:53.962+05:00,2.197321244
2021-11-03T23:38:54.465+05:00,0.830835213
2021-11-03T23:38:54.968+05:00,1.663626064
2021-11-03T23:38:55.470+05:00,1.27475463
2021-11-03T23:38:55.973+05:00,15.26182278
2021-11-03T23:38:56.474+05:00,15.94237382
2021-11-03T23:38:56.976+05:00,8.937215958
2021-11-03T23:38:57.479+05:00,4.568391089
2021-11-03T23:38:57.980+05:00,4.774845507
2021-11-03T23:38:58.491+05:00,4.897552107
2021-11-03T23:38:58.993+05:00,5.179128947
2021-11-03T23:38:59.496+05:00,4.565781664
2021-11-03T23:38:59.998+05:00,4.287668652
2021-11-03T23:39:00.500+05:00,18.93685084
2021-11-03T23:39:01.002+05:00,10.34434123
2021-11-03T23:39:01.503+05:00,9.415577287
2021-11-03T23:39:02.005+05:00,8.765115633
2021-11-03T23:39:02.508+05:00,8.619204422
2021-11-03T23:39:03.009+05:00,10.4298459
2021-11-03T23:39:03.511+05:00,11.31995708
2021-11-03T23:39:04.012+05:00,10.08885226
2021-11-03T23:39:04.514+05:00,10.09288894
2021-11-03T23:39:05.017+05:00,7.076851812
2021-11-03T23:39:05.519+05:00,16.63979581
2021-11-03T23:39:06.021+05:00,5.577524786
2021-11-03T23:39:06.522+05:00,5.018188271
2021-11-03T23:39:07.023+05:00,5.220200019
2021-11-03T23:39:07.525+05:00,6.347172052
2021-11-03T23:39:08.026+05:00,5.282952505
2021-11-03T23:39:08.527+05:00,5.41557043
2021-11-03T23:39:09.029+05:00,5.483683421
2021-11-03T23:39:09.532+05:00,4.573009329
2021-11-03T23:39:10.034+05:00,4.175339795
2021-11-03T23:39:10.537+05:00,4.816446857
2021-11-03T23:39:11.039+05:00,5.243024911
2021-11-03T23:39:11.540+05:00,7.12111559
2021-11-03T23:39:12.043+05:00,4.945615001
2021-11-03T23:39:12.544+05:00,6.751876093
2021-11-03T23:39:13.047+05:00,4.608533664
2021-11-03T23:39:13.549+05:00,4.987909251
2021-11-03T23:39:14.052+05:00,5.013836924
2021-11-03T23:39:14.554+05:00,4.843359947
2021-11-03T23:39:15.056+05:00,4.471558813
2021-11-03T23:39:15.558+05:00,6.319829017
2021-11-03T23:39:16.060+05:00,8.367879114
2021-11-03T23:39:16.562+05:00,2.046413025
2021-11-03T23:39:17.065+05:00,2.078568147
2021-11-03T23:39:17.575+05:00,1.058938411
2021-11-03T23:39:18.076+05:00,1.706986632
2021-11-03T23:39:18.577+05:00,2.320267423
2021-11-03T23:39:19.079+05:00,15.39128045
2021-11-03T23:39:19.580+05:00,4.885398051
2021-11-03T23:39:20.082+05:00,4.205089867
2021-11-03T23:39:20.583+05:00,9.886011822
2021-11-03T23:39:21.085+05:00,15.21282543
2021-11-03T23:39:21.586+05:00,11.81876336
2021-11-03T23:39:22.087+05:00,21.08369145
2021-11-03T23:39:22.589+05:00,26.64065981
2021-11-03T23:39:23.091+05:00,12.54409116
2021-11-03T23:39:23.592+05:00,7.529408912
2021-11-03T23:39:24.094+05:00,8.770450856
2021-11-03T23:39:24.596+05:00,6.98003176
2021-11-03T23:39:25.098+05:00,11.85915261
2021-11-03T23:39:25.599+05:00,25.12139202
2021-11-03T23:39:26.100+05:00,7.391840105
2021-11-03T23:39:26.602+05:00,6.17023868
2021-11-03T23:39:27.103+05:00,11.01394252
2021-11-03T23:39:27.605+05:00,7.285930613
2021-11-03T23:39:28.107+05:00,5.304692042
2021-11-03T23:39:28.609+05:00,6.206930931
2021-11-03T23:39:29.111+05:00,5.434324496
2021-11-03T23:39:29.613+05:00,5.347636286
2021-11-03T23:39:30.114+05:00,5.237760167
2021-11-03T23:39:30.616+05:00,5.530659269
2021-11-03T23:39:31.117+05:00,6.116671107
2021-11-03T23:39:31.619+05:00,5.221157807
2021-11-03T23:39:32.121+05:00,5.985505213
2021-11-03T23:39:32.623+05:00,5.240848758
2021-11-03T23:39:33.125+05:00,6.037463022
2021-11-03T23:39:33.626+05:00,5.768529609
2021-11-03T23:39:34.128+05:00,6.043379021
2021-11-03T23:39:34.630+05:00,6.144741091
2021-11-03T23:39:35.132+05:00,4.770652073
2021-11-03T23:39:35.634+05:00,6.171765676
2021-11-03T23:39:36.135+05:00,5.773103963
2021-11-03T23:39:36.637+05:00,4.721220932
2021-11-03T23:39:37.139+05:00,7.59956172
2021-11-03T23:39:37.642+05:00,6.704377766
2021-11-03T23:39:38.144+05:00,6.806459784
2021-11-03T23:39:38.654+05:00,7.097343558
2021-11-03T23:39:39.156+05:00,8.860263751
2021-11-03T23:39:39.659+05:00,2.010515568
2021-11-03T23:39:40.160+05:00,3.838972778
2021-11-03T23:39:40.661+05:00,2.831395333
2021-11-03T23:39:41.162+05:00,2.222894514
2021-11-03T23:39:41.664+05:00,2.722697352
2021-11-03T23:39:42.166+05:00,15.97773425
2021-11-03T23:39:42.669+05:00,4.626336759
2021-11-03T23:39:43.171+05:00,4.275679207
2021-11-03T23:39:43.673+05:00,4.351414404
2021-11-03T23:39:44.175+05:00,18.03218061
2021-11-03T23:39:44.677+05:00,6.385531437
2021-11-03T23:39:45.178+05:00,25.56657553
2021-11-03T23:39:45.680+05:00,33.59337215
2021-11-03T23:39:46.181+05:00,19.80845434
2021-11-03T23:39:46.683+05:00,20.72843811
2021-11-03T23:39:47.185+05:00,4.622124494
2021-11-03T23:39:47.688+05:00,2.603615358
2021-11-03T23:39:48.190+05:00,3.375069495
2021-11-03T23:39:48.691+05:00,5.542316794
2021-11-03T23:39:49.193+05:00,11.89005903
2021-11-03T23:39:49.695+05:00,4.753534457
2021-11-03T23:39:50.197+05:00,4.180573542
2021-11-03T23:39:50.700+05:00,3.696310201
2021-11-03T23:39:51.203+05:00,2.717038397
2021-11-03T23:39:51.706+05:00,2.568684281
2021-11-03T23:39:52.209+05:00,4.937837461
2021-11-03T23:39:52.712+05:00,4.316310046
2021-11-03T23:39:53.215+05:00,2.296129269
2021-11-03T23:39:53.718+05:00,2.112437915
2021-11-03T23:39:54.221+05:00,8.543171827
2021-11-03T23:39:54.724+05:00,5.53195493
2021-11-03T23:39:55.226+05:00,2.191599094
2021-11-03T23:39:55.729+05:00,2.891604556
2021-11-03T23:39:56.232+05:00,2.341763324
2021-11-03T23:39:56.734+05:00,3.808474303
2021-11-03T23:39:57.236+05:00,3.398626282
2021-11-03T23:39:57.739+05:00,2.165914606
2021-11-03T23:39:58.242+05:00,3.213726933
2021-11-03T23:39:58.744+05:00,2.245127399
2021-11-03T23:39:59.256+05:00,1.515127815
2021-11-03T23:39:59.759+05:00,2.155738967
2021-11-03T23:40:00.261+05:00,3.078244028
2021-11-03T23:40:00.764+05:00,2.188031326
2021-11-03T23:40:01.267+05:00,10.27639412
2021-11-03T23:40:01.769+05:00,9.380448248
2021-11-03T23:40:02.271+05:00,10.0597466
2021-11-03T23:40:02.774+05:00,2.200244593
2021-11-03T23:40:03.275+05:00,3.225471489
2021-11-03T23:40:03.777+05:00,2.552044134
2021-11-03T23:40:04.278+05:00,1.862797664
2021-11-03T23:40:04.780+05:00,4.587270857
2021-11-03T23:40:05.282+05:00,15.60728826
2021-11-03T23:40:05.783+05:00,4.198790914
2021-11-03T23:40:06.285+05:00,19.83558314
2021-11-03T23:40:06.786+05:00,5.409627662
2021-11-03T23:40:07.289+05:00,5.495218349
2021-11-03T23:40:07.790+05:00,17.33391279
2021-11-03T23:40:08.291+05:00,10.65788516
2021-11-03T23:40:08.793+05:00,27.50656743
2021-11-03T23:40:09.294+05:00,17.38267816
2021-11-03T23:40:09.795+05:00,10.60251864
2021-11-03T23:40:10.296+05:00,17.87422303
2021-11-03T23:40:10.798+05:00,19.83608951
2021-11-03T23:40:11.299+05:00,18.9924195
2021-11-03T23:40:11.800+05:00,13.31857327
2021-11-03T23:40:12.301+05:00,24.48826118
2021-11-03T23:40:12.803+05:00,26.83130091
2021-11-03T23:40:13.304+05:00,5.906374052
2021-11-03T23:40:13.807+05:00,16.93037946
2021-11-03T23:40:14.309+05:00,5.350593612
2021-11-03T23:40:14.812+05:00,5.56986462
2021-11-03T23:40:15.315+05:00,2.839964059
2021-11-03T23:40:15.818+05:00,4.375735512
2021-11-03T23:40:16.320+05:00,5.798111644
2021-11-03T23:40:16.823+05:00,4.190808888
2021-11-03T23:40:17.325+05:00,2.742921739
2021-11-03T23:40:17.827+05:00,3.15029635
2021-11-03T23:40:18.328+05:00,3.548266289
2021-11-03T23:40:18.831+05:00,4.778776237
2021-11-03T23:40:19.334+05:00,2.326268791
2021-11-03T23:40:19.836+05:00,3.60147418
2021-11-03T23:40:20.351+05:00,2.477852343
2021-11-03T23:40:20.854+05:00,5.459318746
2021-11-03T23:40:21.357+05:00,5.263444976
2021-11-03T23:40:21.858+05:00,4.793272519
2021-11-03T23:40:22.361+05:00,3.98068981
2021-11-03T23:40:22.864+05:00,5.320977831
2021-11-03T23:40:23.366+05:00,4.260006742
2021-11-03T23:40:23.868+05:00,3.606007399
2021-11-03T23:40:24.369+05:00,3.206014147
2021-11-03T23:40:24.870+05:00,11.77143096
2021-11-03T23:40:25.373+05:00,6.225377649
2021-11-03T23:40:25.876+05:00,2.631234738
2021-11-03T23:40:26.379+05:00,1.565236952
2021-11-03T23:40:26.881+05:00,1.380343488
2021-11-03T23:40:27.384+05:00,1.375031181
2021-11-03T23:40:27.885+05:00,6.925629709
2021-11-03T23:40:28.387+05:00,13.09157817
2021-11-03T23:40:28.889+05:00,4.565005313
2021-11-03T23:40:29.391+05:00,4.155111764
2021-11-03T23:40:29.892+05:00,7.483562557
2021-11-03T23:40:30.394+05:00,23.34520531
2021-11-03T23:40:30.896+05:00,16.34281858
2021-11-03T23:40:31.397+05:00,25.47480373
2021-11-03T23:40:31.899+05:00,11.99886956
2021-11-03T23:40:32.401+05:00,5.091217218
2021-11-03T23:40:32.903+05:00,7.613797003
2021-11-03T23:40:33.404+05:00,17.0494017
2021-11-03T23:40:33.905+05:00,14.65179539
2021-11-03T23:40:34.406+05:00,14.97180987
2021-11-03T23:40:34.907+05:00,10.31906202
2021-11-03T23:40:35.408+05:00,27.80275313
2021-11-03T23:40:35.909+05:00,19.7340868
2021-11-03T23:40:36.411+05:00,10.44972117
2021-11-03T23:40:36.912+05:00,24.39203205
2021-11-03T23:40:37.414+05:00,10.07811845
2021-11-03T23:40:37.915+05:00,5.762960637
2021-11-03T23:40:38.417+05:00,5.002523519
2021-11-03T23:40:38.919+05:00,5.086163202
2021-11-03T23:40:39.420+05:00,3.332084155
2021-11-03T23:40:39.921+05:00,5.803203487
2021-11-03T23:40:40.423+05:00,4.461414786
2021-11-03T23:40:40.926+05:00,3.115651773
2021-11-03T23:40:41.440+05:00,3.410799987
2021-11-03T23:40:41.943+05:00,2.012757666
2021-11-03T23:40:42.446+05:00,2.833931772
2021-11-03T23:40:42.949+05:00,1.43789206
2021-11-03T23:40:43.452+05:00,2.935722445
2021-11-03T23:40:43.955+05:00,4.946033695
2021-11-03T23:40:44.458+05:00,4.75658908
2021-11-03T23:40:44.961+05:00,4.722762769
2021-11-03T23:40:45.462+05:00,5.302844171
2021-11-03T23:40:45.963+05:00,6.57743971
2021-11-03T23:40:46.464+05:00,5.227615477
2021-11-03T23:40:46.967+05:00,2.667009785
2021-11-03T23:40:47.469+05:00,1.44591237
2021-11-03T23:40:47.971+05:00,11.37126261
2021-11-03T23:40:48.474+05:00,5.867493201
2021-11-03T23:40:48.977+05:00,3.882459716
2021-11-03T23:40:49.479+05:00,1.544502176
2021-11-03T23:40:49.982+05:00,1.433574802
2021-11-03T23:40:50.485+05:00,2.040939194
2021-11-03T23:40:50.987+05:00,8.119010811
2021-11-03T23:40:51.489+05:00,12.62740885
2021-11-03T23:40:51.991+05:00,4.242191305
2021-11-03T23:40:52.492+05:00,17.33143559
2021-11-03T23:40:52.994+05:00,15.6353547
2021-11-03T23:40:53.496+05:00,24.35863669
2021-11-03T23:40:53.997+05:00,17.82404882
2021-11-03T23:40:54.498+05:00,11.80245673
2021-11-03T23:40:55.000+05:00,10.2223542
2021-11-03T23:40:55.502+05:00,17.80087258
2021-11-03T23:40:56.004+05:00,9.519181585
2021-11-03T23:40:56.506+05:00,9.30013824
2021-11-03T23:40:57.008+05:00,7.566690542
2021-11-03T23:40:57.510+05:00,9.630204628
2021-11-03T23:40:58.012+05:00,8.889375968
2021-11-03T23:40:58.513+05:00,10.61108177
2021-11-03T23:40:59.015+05:00,9.885102439
2021-11-03T23:40:59.517+05:00,19.82384065
2021-11-03T23:41:00.018+05:00,12.03660554
2021-11-03T23:41:00.520+05:00,6.90535552
2021-11-03T23:41:01.022+05:00,9.312812432
2021-11-03T23:41:01.534+05:00,9.019481492
2021-11-03T23:41:02.036+05:00,6.116329486
2021-11-03T23:41:02.538+05:00,7.944471914
2021-11-03T23:41:03.040+05:00,7.485647726
2021-11-03T23:41:03.542+05:00,8.197397127
2021-11-03T23:41:04.043+05:00,7.161546792
2021-11-03T23:41:04.546+05:00,5.856912222
2021-11-03T23:41:05.048+05:00,7.784521113
2021-11-03T23:41:05.549+05:00,8.592277166
2021-11-03T23:41:06.051+05:00,10.40984471
2021-11-03T23:41:06.552+05:00,7.444736173
2021-11-03T23:41:07.053+05:00,6.936427004
2021-11-03T23:41:07.555+05:00,6.539929931
2021-11-03T23:41:08.056+05:00,6.702839495
2021-11-03T23:41:08.558+05:00,10.28449649
2021-11-03T23:41:09.060+05:00,6.070826323
2021-11-03T23:41:09.561+05:00,9.808409492
2021-11-03T23:41:10.063+05:00,7.932089702
2021-11-03T23:41:10.564+05:00,6.310044328
2021-11-03T23:41:11.066+05:00,12.38815853
2021-11-03T23:41:11.569+05:00,4.359659933
2021-11-03T23:41:12.072+05:00,2.450136633
2021-11-03T23:41:12.575+05:00,1.592399943
2021-11-03T23:41:13.078+05:00,1.553475967
2021-11-03T23:41:13.581+05:00,1.834182394
2021-11-03T23:41:14.082+05:00,8.034924541
2021-11-03T23:41:14.584+05:00,11.358629
2021-11-03T23:41:15.087+05:00,4.269045329
2021-11-03T23:41:15.589+05:00,4.450863441
2021-11-03T23:41:16.090+05:00,15.93915214
2021-11-03T23:41:16.592+05:00,16.71671086
2021-11-03T23:41:17.093+05:00,6.920389141
2021-11-03T23:41:17.594+05:00,5.249074331
2021-11-03T23:41:18.095+05:00,5.470995125
2021-11-03T23:41:18.596+05:00,8.587055508
2021-11-03T23:41:19.097+05:00,6.484542294
2021-11-03T23:41:19.598+05:00,7.43104056
2021-11-03T23:41:20.099+05:00,11.78198229
2021-11-03T23:41:20.600+05:00,8.278300551
2021-11-03T23:41:21.102+05:00,8.195051957
2021-11-03T23:41:21.603+05:00,10.13338428
2021-11-03T23:41:22.104+05:00,11.48368477
2021-11-03T23:41:22.613+05:00,6.75345386
2021-11-03T23:41:23.115+05:00,8.024469852
2021-11-03T23:41:23.618+05:00,6.639396015
2021-11-03T23:41:24.120+05:00,6.660801684
2021-11-03T23:41:24.621+05:00,15.49669285
2021-11-03T23:41:25.123+05:00,5.849492517
2021-11-03T23:41:25.625+05:00,5.996492469
2021-11-03T23:41:26.127+05:00,21.30967249
2021-11-03T23:41:26.629+05:00,33.16494943
2021-11-03T23:41:27.131+05:00,21.21570781
2021-11-03T23:41:27.633+05:00,5.773217836
2021-11-03T23:41:28.136+05:00,5.490121433
2021-11-03T23:41:28.638+05:00,5.775512403
2021-11-03T23:41:29.140+05:00,6.122224803
2021-11-03T23:41:29.642+05:00,6.072704406
2021-11-03T23:41:30.145+05:00,5.369364527
2021-11-03T23:41:30.646+05:00,5.878958438
2021-11-03T23:41:31.148+05:00,7.326540912
2021-11-03T23:41:31.651+05:00,7.068159463
2021-11-03T23:41:32.152+05:00,19.35037638
2021-11-03T23:41:32.654+05:00,32.42920437
2021-11-03T23:41:33.155+05:00,19.42563119
2021-11-03T23:41:33.657+05:00,5.36585133
2021-11-03T23:41:34.159+05:00,11.53283449
2021-11-03T23:41:34.661+05:00,4.198900025
2021-11-03T23:41:35.164+05:00,2.535302165
2021-11-03T23:41:35.667+05:00,2.780513503
2021-11-03T23:41:36.170+05:00,4.518979644
2021-11-03T23:41:36.673+05:00,0.993914259
2021-11-03T23:41:37.175+05:00,10.71391416
2021-11-03T23:41:37.677+05:00,8.678395701
2021-11-03T23:41:38.179+05:00,5.469612761
2021-11-03T23:41:38.681+05:00,4.290807376
2021-11-03T23:41:39.183+05:00,16.76632141
2021-11-03T23:41:39.684+05:00,13.46820132
2021-11-03T23:41:40.185+05:00,11.50631958
2021-11-03T23:41:40.686+05:00,22.47116685
2021-11-03T23:41:41.187+05:00,13.78550304
2021-11-03T23:41:41.688+05:00,23.17688516
2021-11-03T23:41:42.189+05:00,10.64869526
2021-11-03T23:41:42.691+05:00,5.36765743
2021-11-03T23:41:43.192+05:00,3.985860526
2021-11-03T23:41:43.698+05:00,5.763198912
2021-11-03T23:41:44.200+05:00,8.556062903
2021-11-03T23:41:44.701+05:00,5.664099406
2021-11-03T23:41:45.203+05:00,4.904358144
2021-11-03T23:41:45.705+05:00,3.317228633
2021-11-03T23:41:46.207+05:00,3.86126294
2021-11-03T23:41:46.708+05:00,3.031362963
2021-11-03T23:41:47.209+05:00,4.271860392
2021-11-03T23:41:47.712+05:00,1.458148649
2021-11-03T23:41:48.215+05:00,1.990071129
2021-11-03T23:41:48.718+05:00,1.838387853
2021-11-03T23:41:49.221+05:00,3.573868627
2021-11-03T23:41:49.724+05:00,1.247672914
2021-11-03T23:41:50.225+05:00,1.956596094
2021-11-03T23:41:50.726+05:00,2.949311561
2021-11-03T23:41:51.229+05:00,2.111234589
2021-11-03T23:41:51.732+05:00,1.133654712
2021-11-03T23:41:52.235+05:00,0.752465228
2021-11-03T23:41:52.738+05:00,3.485453739
2021-11-03T23:41:53.241+05:00,1.626762592
2021-11-03T23:41:53.744+05:00,1.07497878
2021-11-03T23:41:54.247+05:00,1.133745958
2021-11-03T23:41:54.750+05:00,1.520529193
2021-11-03T23:41:55.253+05:00,4.202778487
2021-11-03T23:41:55.756+05:00,0.776966163
2021-11-03T23:41:56.259+05:00,1.618654098
2021-11-03T23:41:56.763+05:00,3.052874359
2021-11-03T23:41:57.264+05:00,13.69442571
2021-11-03T23:41:57.765+05:00,7.098651687
2021-11-03T23:41:58.268+05:00,2.494205111
2021-11-03T23:41:58.771+05:00,3.63094226
2021-11-03T23:41:59.274+05:00,1.48113794
2021-11-03T23:41:59.775+05:00,2.217384555
2021-11-03T23:42:00.277+05:00,6.061694706
2021-11-03T23:42:00.779+05:00,12.95203934
2021-11-03T23:42:01.281+05:00,7.837380731
2021-11-03T23:42:01.782+05:00,21.74970833
2021-11-03T23:42:02.283+05:00,7.413599207
2021-11-03T23:42:02.784+05:00,16.05999653
2021-11-03T23:42:03.285+05:00,8.822451788
2021-11-03T23:42:03.786+05:00,15.37335514
2021-11-03T23:42:04.287+05:00,25.53751276
2021-11-03T23:42:04.789+05:00,27.92143975
2021-11-03T23:42:05.291+05:00,35.62040765
2021-11-03T23:42:05.792+05:00,43.43244912
2021-11-03T23:42:06.293+05:00,44.28817523
2021-11-03T23:42:06.794+05:00,28.27529481
2021-11-03T23:42:07.295+05:00,23.11219709
2021-11-03T23:42:07.796+05:00,28.98225462
2021-11-03T23:42:08.297+05:00,27.87775048
2021-11-03T23:42:08.799+05:00,15.62548494
2021-11-03T23:42:09.301+05:00,17.29320693
2021-11-03T23:42:09.802+05:00,14.51207258
2021-11-03T23:42:10.303+05:00,17.6511792
2021-11-03T23:42:10.804+05:00,13.16688261
2021-11-03T23:42:11.306+05:00,13.80267287
2021-11-03T23:42:11.809+05:00,5.341996954
2021-11-03T23:42:12.311+05:00,5.960697072
2021-11-03T23:42:12.813+05:00,5.512562697
2021-11-03T23:42:13.315+05:00,6.230802628
2021-11-03T23:42:13.817+05:00,6.845846588
2021-11-03T23:42:14.320+05:00,5.445568468
2021-11-03T23:42:14.823+05:00,6.371373525
2021-11-03T23:42:15.325+05:00,5.68995531
2021-11-03T23:42:15.828+05:00,4.905040824
2021-11-03T23:42:16.330+05:00,7.335933863
2021-11-03T23:42:16.832+05:00,5.27929261
2021-11-03T23:42:17.333+05:00,4.956311301
2021-11-03T23:42:17.834+05:00,4.330046264
2021-11-03T23:42:18.335+05:00,4.913589177
2021-11-03T23:42:18.836+05:00,5.158967454
2021-11-03T23:42:19.338+05:00,4.374167009
2021-11-03T23:42:19.840+05:00,4.192055947
2021-11-03T23:42:20.341+05:00,11.65291346
2021-11-03T23:42:20.843+05:00,7.381362071
2021-11-03T23:42:21.345+05:00,5.24731471
2021-11-03T23:42:21.848+05:00,2.094983059
2021-11-03T23:42:22.349+05:00,2.177112431
2021-11-03T23:42:22.850+05:00,2.449892415
2021-11-03T23:42:23.351+05:00,8.895374584
2021-11-03T23:42:23.857+05:00,14.66404127
2021-11-03T23:42:24.358+05:00,6.704571279
2021-11-03T23:42:24.860+05:00,4.374475911
2021-11-03T23:42:25.361+05:00,8.690033656
2021-11-03T23:42:25.863+05:00,20.09713549
2021-11-03T23:42:26.364+05:00,20.31229492
2021-11-03T23:42:26.865+05:00,20.55941218
2021-11-03T23:42:27.366+05:00,16.6299803
2021-11-03T23:42:27.867+05:00,5.769488738
2021-11-03T23:42:28.369+05:00,4.894447445
2021-11-03T23:42:28.871+05:00,5.48957875
2021-11-03T23:42:29.373+05:00,4.411523199
2021-11-03T23:42:29.875+05:00,6.646052837
2021-11-03T23:42:30.377+05:00,5.476747
2021-11-03T23:42:30.878+05:00,6.509424828
2021-11-03T23:42:31.380+05:00,5.462117344
2021-11-03T23:42:31.883+05:00,5.183866539
2021-11-03T23:42:32.385+05:00,4.427096592
2021-11-03T23:42:32.887+05:00,4.660917147
2021-11-03T23:42:33.389+05:00,4.438718981
2021-11-03T23:42:33.890+05:00,7.328181927
2021-11-03T23:42:34.391+05:00,4.842532146
2021-11-03T23:42:34.894+05:00,4.655431651
2021-11-03T23:42:35.396+05:00,4.463063777
2021-11-03T23:42:35.897+05:00,4.749739185
2021-11-03T23:42:36.399+05:00,4.469866071
2021-11-03T23:42:36.900+05:00,5.616932015
2021-11-03T23:42:37.402+05:00,4.448453674
2021-11-03T23:42:37.904+05:00,4.312562987
2021-11-03T23:42:38.406+05:00,4.475602982
2021-11-03T23:42:38.908+05:00,4.621979371
2021-11-03T23:42:39.409+05:00,5.1886423
2021-11-03T23:42:39.911+05:00,4.193999516
2021-11-03T23:42:40.413+05:00,4.236351415
2021-11-03T23:42:40.916+05:00,4.855894392
2021-11-03T23:42:41.418+05:00,4.402580722
2021-11-03T23:42:41.920+05:00,5.138933449
2021-11-03T23:42:42.422+05:00,4.571210697
2021-11-03T23:42:42.924+05:00,4.583061712
2021-11-03T23:42:43.425+05:00,11.90256157
2021-11-03T23:42:43.928+05:00,9.725161598
2021-11-03T23:42:44.430+05:00,2.095872638
2021-11-03T23:42:44.944+05:00,1.307120905
2021-11-03T23:42:45.447+05:00,2.860126384
2021-11-03T23:42:45.948+05:00,2.76907344
2021-11-03T23:42:46.448+05:00,6.352391687
2021-11-03T23:42:46.950+05:00,13.57856538
2021-11-03T23:42:47.453+05:00,4.481886324
2021-11-03T23:42:47.955+05:00,4.717807988
2021-11-03T23:42:48.457+05:00,4.34937224
2021-11-03T23:42:48.958+05:00,19.92364402
2021-11-03T23:42:49.460+05:00,7.793723312
2021-11-03T23:42:49.961+05:00,19.28905621
2021-11-03T23:42:50.463+05:00,26.90453236
2021-11-03T23:42:50.965+05:00,25.37172724
2021-11-03T23:42:51.468+05:00,17.27314089
2021-11-03T23:42:51.970+05:00,30.19550457
2021-11-03T23:42:52.472+05:00,24.35925612
2021-11-03T23:42:52.973+05:00,23.61946065
2021-11-03T23:42:53.474+05:00,8.86001471
2021-11-03T23:42:53.975+05:00,8.156325676
2021-11-03T23:42:54.477+05:00,7.207679343
2021-11-03T23:42:54.978+05:00,9.837506223
2021-11-03T23:42:55.479+05:00,10.11810921
2021-11-03T23:42:55.981+05:00,8.224228903
2021-11-03T23:42:56.483+05:00,7.233278903
2021-11-03T23:42:56.985+05:00,7.437172835
2021-11-03T23:42:57.486+05:00,7.156313988
2021-11-03T23:42:57.987+05:00,8.26906127
2021-11-03T23:42:58.490+05:00,10.48597821
2021-11-03T23:42:58.992+05:00,7.883564579
2021-11-03T23:42:59.494+05:00,7.293983734
2021-11-03T23:42:59.996+05:00,7.594264192
2021-11-03T23:43:00.497+05:00,10.0431993
2021-11-03T23:43:00.999+05:00,10.78397213
2021-11-03T23:43:01.501+05:00,9.869293982
2021-11-03T23:43:02.002+05:00,7.321118199
2021-11-03T23:43:02.504+05:00,6.687949611
2021-11-03T23:43:03.006+05:00,6.722175779
2021-11-03T23:43:03.507+05:00,9.01578733
2021-11-03T23:43:04.009+05:00,7.480605373
2021-11-03T23:43:04.511+05:00,7.227835296
2021-11-03T23:43:05.013+05:00,8.870382951
2021-11-03T23:43:05.522+05:00,7.10823631
2021-11-03T23:43:06.023+05:00,9.152050033
2021-11-03T23:43:06.525+05:00,16.62990815
2021-11-03T23:43:07.027+05:00,6.422826959
2021-11-03T23:43:07.530+05:00,3.041895857
2021-11-03T23:43:08.033+05:00,1.495899318
2021-11-03T23:43:08.536+05:00,1.289721142
2021-11-03T23:43:09.039+05:00,1.902900716
2021-11-03T23:43:09.540+05:00,7.696965407
2021-11-03T23:43:10.041+05:00,13.7714556
2021-11-03T23:43:10.544+05:00,4.530589088
2021-11-03T23:43:11.045+05:00,17.95402657
2021-11-03T23:43:11.547+05:00,8.418571889
2021-11-03T23:43:12.048+05:00,13.95409112
2021-11-03T23:43:12.550+05:00,19.68069618
2021-11-03T23:43:13.052+05:00,2.413936126
2021-11-03T23:43:13.554+05:00,4.666640116
2021-11-03T23:43:14.056+05:00,1.354373868
2021-11-03T23:43:14.558+05:00,2.597379856
2021-11-03T23:43:15.060+05:00,4.250028529
2021-11-03T23:43:15.563+05:00,0.828340605
2021-11-03T23:43:16.065+05:00,2.511917592
2021-11-03T23:43:16.566+05:00,3.133841359
2021-11-03T23:43:17.069+05:00,4.734431023
2021-11-03T23:43:17.572+05:00,1.943009297
2021-11-03T23:43:18.075+05:00,0.52513702
2021-11-03T23:43:18.579+05:00,0.772306793
2021-11-03T23:43:19.081+05:00,3.338650558
2021-11-03T23:43:19.583+05:00,1.134383946
2021-11-03T23:43:20.085+05:00,1.199076253
2021-11-03T23:43:20.587+05:00,0.595793424
2021-11-03T23:43:21.091+05:00,1.424304821
2021-11-03T23:43:21.592+05:00,1.033282918
2021-11-03T23:43:22.093+05:00,1.416798672
2021-11-03T23:43:22.595+05:00,3.106132063
2021-11-03T23:43:23.097+05:00,0.847836874
2021-11-03T23:43:23.601+05:00,1.328287351
2021-11-03T23:43:24.102+05:00,0.670601423
2021-11-03T23:43:24.605+05:00,0.629370629
2021-11-03T23:43:25.107+05:00,0.399464246
2021-11-03T23:43:25.618+05:00,0.473189616
2021-11-03T23:43:26.121+05:00,0.677895633
2021-11-03T23:43:26.623+05:00,1.15056711
2021-11-03T23:43:27.125+05:00,7.251580368
2021-11-03T23:43:27.626+05:00,5.362053242
2021-11-03T23:43:28.129+05:00,4.547237025
2021-11-03T23:43:28.632+05:00,0.750899971
2021-11-03T23:43:29.135+05:00,0.472761983
2021-11-03T23:43:29.636+05:00,13.77786863
2021-11-03T23:43:30.139+05:00,8.989353645
2021-11-03T23:43:30.642+05:00,2.010031596
2021-11-03T23:43:31.145+05:00,1.744707235
2021-11-03T23:43:31.648+05:00,1.597397629
2021-11-03T23:43:32.149+05:00,2.075588876
2021-11-03T23:43:32.650+05:00,7.897892442
2021-11-03T23:43:33.151+05:00,14.61034657
2021-11-03T23:43:33.652+05:00,6.038247843
2021-11-03T23:43:34.154+05:00,21.19692269
2021-11-03T23:43:34.655+05:00,10.87487535
2021-11-03T23:43:35.156+05:00,12.70631132
2021-11-03T23:43:35.657+05:00,19.34649717
2021-11-03T23:43:36.158+05:00,21.4283529
2021-11-03T23:43:36.660+05:00,24.93669112
2021-11-03T23:43:37.161+05:00,15.81438163
2021-11-03T23:43:37.662+05:00,21.3079362
2021-11-03T23:43:38.163+05:00,24.58730191
2021-11-03T23:43:38.664+05:00,20.29617302
2021-11-03T23:43:39.165+05:00,16.02450262
2021-11-03T23:43:39.666+05:00,6.251827909
2021-11-03T23:43:40.167+05:00,8.831439618
2021-11-03T23:43:40.670+05:00,3.283999028
2021-11-03T23:43:41.172+05:00,4.689792364
2021-11-03T23:43:41.675+05:00,7.417447371
2021-11-03T23:43:42.178+05:00,5.777067975
2021-11-03T23:43:42.681+05:00,2.16159013
2021-11-03T23:43:43.183+05:00,1.649906635
2021-11-03T23:43:43.686+05:00,2.896672647
2021-11-03T23:43:44.188+05:00,2.889201129
2021-11-03T23:43:44.690+05:00,1.230917497
2021-11-03T23:43:45.193+05:00,0.514111004
2021-11-03T23:43:45.696+05:00,4.54982648
2021-11-03T23:43:46.199+05:00,6.000973757
2021-11-03T23:43:46.710+05:00,5.690070154
2021-11-03T23:43:47.213+05:00,3.883479441
2021-11-03T23:43:47.716+05:00,1.379692517
2021-11-03T23:43:48.218+05:00,1.481566096
2021-11-03T23:43:48.720+05:00,1.756070162
2021-11-03T23:43:49.223+05:00,0.76493288
2021-11-03T23:43:49.726+05:00,0.937172316
2021-11-03T23:43:50.229+05:00,0.467057347
2021-11-03T23:43:50.730+05:00,3.925222077
2021-11-03T23:43:51.231+05:00,4.745634951
2021-11-03T23:43:51.734+05:00,6.31573112
2021-11-03T23:43:52.236+05:00,3.365017983
2021-11-03T23:43:52.739+05:00,11.2866698
2021-11-03T23:43:53.242+05:00,5.05890412
2021-11-03T23:43:53.744+05:00,2.813439911
2021-11-03T23:43:54.247+05:00,1.544047279
2021-11-03T23:43:54.750+05:00,1.366962333
2021-11-03T23:43:55.253+05:00,1.181483921
2021-11-03T23:43:55.754+05:00,8.062591511
2021-11-03T23:43:56.256+05:00,11.85259273
2021-11-03T23:43:56.758+05:00,4.363770012
2021-11-03T23:43:57.260+05:00,4.537907592
2021-11-03T23:43:57.762+05:00,4.152950321
2021-11-03T23:43:58.263+05:00,18.59291341
2021-11-03T23:43:58.764+05:00,7.601707911
2021-11-03T23:43:59.265+05:00,16.13270211
2021-11-03T23:43:59.766+05:00,14.34148938
2021-11-03T23:44:00.268+05:00,11.44755656
2021-11-03T23:44:00.769+05:00,15.62593091
2021-11-03T23:44:01.270+05:00,17.14205856
2021-11-03T23:44:01.771+05:00,21.99296882
2021-11-03T23:44:02.272+05:00,23.30700695
2021-11-03T23:44:02.774+05:00,15.98698864
2021-11-03T23:44:03.275+05:00,8.616415691
2021-11-03T23:44:03.777+05:00,7.798806215
2021-11-03T23:44:04.279+05:00,16.2592659
2021-11-03T23:44:04.781+05:00,8.216858956
2021-11-03T23:44:05.283+05:00,8.629676506
2021-11-03T23:44:05.784+05:00,6.153592881
2021-11-03T23:44:06.286+05:00,9.442127015
2021-11-03T23:44:06.787+05:00,10.17112461
2021-11-03T23:44:07.287+05:00,13.21619097
2021-11-03T23:44:07.793+05:00,9.300426646
2021-11-03T23:44:08.294+05:00,9.267821795
2021-11-03T23:44:08.795+05:00,7.710623162
2021-11-03T23:44:09.297+05:00,6.206115074
2021-11-03T23:44:09.799+05:00,6.054184697
2021-11-03T23:44:10.301+05:00,9.444584493
2021-11-03T23:44:10.803+05:00,8.542404058
2021-11-03T23:44:11.305+05:00,8.572224939
2021-11-03T23:44:11.808+05:00,6.781235286
2021-11-03T23:44:12.310+05:00,6.833475079
2021-11-03T23:44:12.812+05:00,8.316279014
2021-11-03T23:44:13.314+05:00,7.016502702
2021-11-03T23:44:13.815+05:00,7.640521203
2021-11-03T23:44:14.318+05:00,6.915925649
2021-11-03T23:44:14.820+05:00,6.207241191
2021-11-03T23:44:15.323+05:00,10.01715316
2021-11-03T23:44:15.825+05:00,16.28364942
2021-11-03T23:44:16.327+05:00,5.527702878
2021-11-03T23:44:16.830+05:00,2.297223151
2021-11-03T23:44:17.333+05:00,1.354242358
2021-11-03T23:44:17.835+05:00,1.289022807
2021-11-03T23:44:18.338+05:00,2.197586043
2021-11-03T23:44:18.839+05:00,8.403607602
2021-11-03T23:44:19.341+05:00,10.89763323
2021-11-03T23:44:19.843+05:00,4.374692585
2021-11-03T23:44:20.345+05:00,4.337410955
2021-11-03T23:44:20.847+05:00,4.203967266
2021-11-03T23:44:21.349+05:00,4.393780237
2021-11-03T23:44:21.852+05:00,3.932213905
2021-11-03T23:44:22.354+05:00,4.239894883
2021-11-03T23:44:22.856+05:00,4.520857534
2021-11-03T23:44:23.358+05:00,4.300125958
2021-11-03T23:44:23.859+05:00,4.021366774
2021-11-03T23:44:24.362+05:00,4.447741883
2021-11-03T23:44:24.864+05:00,4.272571941
2021-11-03T23:44:25.365+05:00,4.875578105
2021-11-03T23:44:25.867+05:00,4.615629039
2021-11-03T23:44:26.368+05:00,4.210318779
2021-11-03T23:44:26.870+05:00,4.293923474
2021-11-03T23:44:27.372+05:00,4.122110007
2021-11-03T23:44:27.885+05:00,3.496953299
2021-11-03T23:44:28.387+05:00,4.389589539
2021-11-03T23:44:28.888+05:00,4.756073839
2021-11-03T23:44:29.389+05:00,5.975602608
2021-11-03T23:44:29.891+05:00,4.422054599
2021-11-03T23:44:30.393+05:00,3.974965024
2021-11-03T23:44:30.896+05:00,4.169224085
2021-11-03T23:44:31.399+05:00,4.124677388
2021-11-03T23:44:31.900+05:00,4.424227333
2021-11-03T23:44:32.402+05:00,4.157155796
2021-11-03T23:44:32.904+05:00,4.181437723
2021-11-03T23:44:33.405+05:00,4.403800272
2021-11-03T23:44:33.906+05:00,5.750766788
2021-11-03T23:44:34.408+05:00,4.52687654
2021-11-03T23:44:34.909+05:00,5.771000393
2021-11-03T23:44:35.411+05:00,4.132191565
2021-11-03T23:44:35.913+05:00,4.461657429
2021-11-03T23:44:36.415+05:00,18.22908462
2021-11-03T23:44:36.916+05:00,8.703992841
2021-11-03T23:44:37.418+05:00,5.787742138
2021-11-03T23:44:37.919+05:00,4.320304739
2021-11-03T23:44:38.422+05:00,4.285868277
2021-11-03T23:44:38.923+05:00,8.911729463
2021-11-03T23:44:39.426+05:00,3.220013227
2021-11-03T23:44:39.929+05:00,4.36488593
2021-11-03T23:44:40.431+05:00,2.481131498
2021-11-03T23:44:40.934+05:00,1.708358166
2021-11-03T23:44:41.437+05:00,3.056280392
2021-11-03T23:44:41.939+05:00,11.96317604
2021-11-03T23:44:42.440+05:00,10.54755769
2021-11-03T23:44:42.943+05:00,4.11134933
2021-11-03T23:44:43.444+05:00,5.434102762
2021-11-03T23:44:43.946+05:00,18.97361108
2021-11-03T23:44:44.447+05:00,4.830861971
2021-11-03T23:44:44.949+05:00,6.909222926
2021-11-03T23:44:45.450+05:00,5.844468794
2021-11-03T23:44:45.952+05:00,12.87497938
2021-11-03T23:44:46.453+05:00,18.59458672
2021-11-03T23:44:46.954+05:00,11.88091498
2021-11-03T23:44:47.455+05:00,12.4285385
2021-11-03T23:44:47.957+05:00,5.07862752
2021-11-03T23:44:48.460+05:00,5.318918756
2021-11-03T23:44:48.972+05:00,4.909905784
2021-11-03T23:44:49.473+05:00,5.735822433
2021-11-03T23:44:49.974+05:00,12.38391025
2021-11-03T23:44:50.477+05:00,10.30370844
2021-11-03T23:44:50.980+05:00,2.753798118
2021-11-03T23:44:51.482+05:00,4.083786321
2021-11-03T23:44:51.985+05:00,2.753559138
2021-11-03T23:44:52.487+05:00,4.69003103
2021-11-03T23:44:52.989+05:00,2.842625416
2021-11-03T23:44:53.490+05:00,4.072690339
2021-11-03T23:44:53.993+05:00,3.816325121
2021-11-03T23:44:54.495+05:00,5.743670009
2021-11-03T23:44:54.998+05:00,5.535638636
2021-11-03T23:44:55.501+05:00,3.302088253
2021-11-03T23:44:56.004+05:00,3.574682631
2021-11-03T23:44:56.506+05:00,3.6454886
2021-11-03T23:44:57.008+05:00,3.740085689
2021-11-03T23:44:57.510+05:00,2.778884198
2021-11-03T23:44:58.012+05:00,3.732209441
2021-11-03T23:44:58.515+05:00,4.021242221
2021-11-03T23:44:59.017+05:00,2.840829257
2021-11-03T23:44:59.520+05:00,3.84055893
2021-11-03T23:45:00.021+05:00,3.839129856
2021-11-03T23:45:00.524+05:00,4.058729999
2021-11-03T23:45:01.025+05:00,7.029006931
2021-11-03T23:45:01.526+05:00,3.912859159
2021-11-03T23:45:02.028+05:00,10.51045379
2021-11-03T23:45:02.530+05:00,2.305455926
2021-11-03T23:45:03.033+05:00,2.215532155
2021-11-03T23:45:03.534+05:00,2.621560146
2021-11-03T23:45:04.036+05:00,1.380162744
2021-11-03T23:45:04.537+05:00,1.921069437
2021-11-03T23:45:05.039+05:00,12.49330796
2021-11-03T23:45:05.541+05:00,8.59550416
2021-11-03T23:45:06.042+05:00,4.873657086
2021-11-03T23:45:06.544+05:00,6.928627942
2021-11-03T23:45:07.046+05:00,4.547417927
2021-11-03T23:45:07.547+05:00,4.331342653
2021-11-03T23:45:08.048+05:00,18.94851724
2021-11-03T23:45:08.550+05:00,16.74151572
2021-11-03T23:45:09.052+05:00,15.21064989
2021-11-03T23:45:09.553+05:00,5.124486365
2021-11-03T23:45:10.063+05:00,3.963829477
2021-11-03T23:45:10.565+05:00,4.422193505
2021-11-03T23:45:11.067+05:00,4.875522009
2021-11-03T23:45:11.569+05:00,17.84604594
2021-11-03T23:45:12.072+05:00,29.35641725
2021-11-03T23:45:12.575+05:00,27.91321901
2021-11-03T23:45:13.077+05:00,20.84516187
2021-11-03T23:45:13.579+05:00,14.17197539
2021-11-03T23:45:14.081+05:00,10.69710105
2021-11-03T23:45:14.582+05:00,8.578289799
2021-11-03T23:45:15.084+05:00,15.47635857
2021-11-03T23:45:15.586+05:00,4.408519157
2021-11-03T23:45:16.088+05:00,5.33051641
2021-11-03T23:45:16.591+05:00,3.427543581
2021-11-03T23:45:17.092+05:00,5.799016767
2021-11-03T23:45:17.594+05:00,5.924392431
2021-11-03T23:45:18.097+05:00,4.868355178
2021-11-03T23:45:18.600+05:00,2.553720551
2021-11-03T23:45:19.102+05:00,2.628558513
2021-11-03T23:45:19.605+05:00,2.486726296
2021-11-03T23:45:20.106+05:00,3.830429084
2021-11-03T23:45:20.608+05:00,5.305017974
2021-11-03T23:45:21.110+05:00,2.4648479
2021-11-03T23:45:21.612+05:00,5.376441691
2021-11-03T23:45:22.115+05:00,2.586684029
2021-11-03T23:45:22.617+05:00,6.301028713
2021-11-03T23:45:23.120+05:00,4.939712965
2021-11-03T23:45:23.622+05:00,3.91798731
2021-11-03T23:45:24.125+05:00,2.660117134
2021-11-03T23:45:24.627+05:00,2.405661447
2021-11-03T23:45:25.129+05:00,10.80134778
2021-11-03T23:45:25.632+05:00,4.666269345
2021-11-03T23:45:26.134+05:00,2.172000595
2021-11-03T23:45:26.637+05:00,1.350107106
2021-11-03T23:45:27.140+05:00,1.287414395
2021-11-03T23:45:27.643+05:00,2.428785626
2021-11-03T23:45:28.144+05:00,14.49839777
2021-11-03T23:45:28.646+05:00,5.554604981
2021-11-03T23:45:29.147+05:00,17.02563982
2021-11-03T23:45:29.649+05:00,7.796161168
2021-11-03T23:45:30.157+05:00,23.09399762
2021-11-03T23:45:30.658+05:00,31.10488113
2021-11-03T23:45:31.159+05:00,8.737133901
2021-11-03T23:45:31.661+05:00,10.52703262
2021-11-03T23:45:32.163+05:00,9.180829118
2021-11-03T23:45:32.665+05:00,24.11586286
2021-11-03T23:45:33.166+05:00,30.66694498
2021-11-03T23:45:33.667+05:00,24.06371848
2021-11-03T23:45:34.168+05:00,11.94238918
2021-11-03T23:45:34.670+05:00,12.54357789
2021-11-03T23:45:35.172+05:00,16.30998227
2021-11-03T23:45:35.674+05:00,11.62211571
2021-11-03T23:45:36.176+05:00,7.755320094
2021-11-03T23:45:36.678+05:00,9.093530618
2021-11-03T23:45:37.180+05:00,5.399081391
2021-11-03T23:45:37.681+05:00,5.582788389
2021-11-03T23:45:38.182+05:00,9.925395733
2021-11-03T23:45:38.684+05:00,7.871533001
2021-11-03T23:45:39.185+05:00,11.43392186
2021-11-03T23:45:39.687+05:00,6.765508077
2021-11-03T23:45:40.189+05:00,6.565218203
2021-11-03T23:45:40.691+05:00,8.527564678
2021-11-03T23:45:41.194+05:00,7.037425681
2021-11-03T23:45:41.696+05:00,6.01668063
2021-11-03T23:45:42.197+05:00,6.646468865
2021-11-03T23:45:42.699+05:00,6.065792644
2021-11-03T23:45:43.200+05:00,6.791978493
2021-11-03T23:45:43.702+05:00,6.346855579
2021-11-03T23:45:44.203+05:00,5.222243276
2021-11-03T23:45:44.704+05:00,7.922167715
2021-11-03T23:45:45.206+05:00,8.693955596
2021-11-03T23:45:45.708+05:00,6.283927609
2021-11-03T23:45:46.210+05:00,8.477486387
2021-11-03T23:45:46.713+05:00,8.326798646
2021-11-03T23:45:47.215+05:00,7.802518647
2021-11-03T23:45:47.717+05:00,6.097733921
2021-11-03T23:45:48.219+05:00,14.75253431
2021-11-03T23:45:48.721+05:00,4.996722866
2021-11-03T23:45:49.224+05:00,2.228978805
2021-11-03T23:45:49.726+05:00,3.634015413
2021-11-03T23:45:50.228+05:00,1.794087416
2021-11-03T23:45:50.730+05:00,2.152478555
2021-11-03T23:45:51.244+05:00,14.34680726
2021-11-03T23:45:51.747+05:00,14.34295848
2021-11-03T23:45:52.250+05:00,0.621656361
2021-11-03T23:45:52.753+05:00,7.415610406
2021-11-03T23:45:53.256+05:00,0.888371319
2021-11-03T23:45:53.758+05:00,1.376454877
2021-11-03T23:45:54.261+05:00,0.463514356
2021-11-03T23:45:54.764+05:00,1.760293289
2021-11-03T23:45:55.267+05:00,1.295109399
2021-11-03T23:45:55.770+05:00,2.494262013
2021-11-03T23:45:56.273+05:00,0.409681087
2021-11-03T23:45:56.776+05:00,0.546050611
2021-11-03T23:45:57.278+05:00,0.437535755
2021-11-03T23:45:57.781+05:00,6.258718323
2021-11-03T23:45:58.284+05:00,1.407201298
2021-11-03T23:45:58.787+05:00,1.426143927
2021-11-03T23:45:59.290+05:00,1.295058997
2021-11-03T23:45:59.793+05:00,0.65491506
2021-11-03T23:46:00.296+05:00,0.407794043
2021-11-03T23:46:00.799+05:00,1.7495496
2021-11-03T23:46:01.300+05:00,11.39454272
2021-11-03T23:46:01.801+05:00,1.609864041
2021-11-03T23:46:02.304+05:00,1.254188984
2021-11-03T23:46:02.807+05:00,0.586855424
2021-11-03T23:46:03.310+05:00,1.171210869
2021-11-03T23:46:03.813+05:00,1.787251774
2021-11-03T23:46:04.316+05:00,0.633212168
2021-11-03T23:46:04.819+05:00,0.589980112
2021-11-03T23:46:05.321+05:00,4.146630977
2021-11-03T23:46:05.823+05:00,2.115358637
2021-11-03T23:46:06.326+05:00,3.703796028
2021-11-03T23:46:06.829+05:00,3.893580455
2021-11-03T23:46:07.331+05:00,0.956807739
2021-11-03T23:46:07.832+05:00,0.196834782
2021-11-03T23:46:08.335+05:00,0.555061793
2021-11-03T23:46:08.837+05:00,0.200924086
2021-11-03T23:46:09.339+05:00,1.359928112
2021-11-03T23:46:09.842+05:00,4.067902059
2021-11-03T23:46:10.345+05:00,1.020581672
2021-11-03T23:46:10.846+05:00,0.510908129
2021-11-03T23:46:11.349+05:00,10.74390864
2021-11-03T23:46:11.852+05:00,2.089776563
2021-11-03T23:46:12.366+05:00,1.441273109
2021-11-03T23:46:12.869+05:00,1.314858631
2021-11-03T23:46:13.372+05:00,2.03747281
2021-11-03T23:46:13.874+05:00,1.479432081
2021-11-03T23:46:14.376+05:00,14.69512002
2021-11-03T23:46:14.878+05:00,5.16273113
2021-11-03T23:46:15.381+05:00,18.95496638
2021-11-03T23:46:15.883+05:00,5.336622494
2021-11-03T23:46:16.385+05:00,5.86900403
2021-11-03T23:46:16.887+05:00,4.584068618
2021-11-03T23:46:17.388+05:00,6.675734596
2021-11-03T23:46:17.890+05:00,15.29524839
2021-11-03T23:46:18.392+05:00,12.92513711
2021-11-03T23:46:18.894+05:00,5.721882528
2021-11-03T23:46:19.397+05:00,7.037490888
2021-11-03T23:46:19.898+05:00,7.265981536
2021-11-03T23:46:20.399+05:00,17.24871928
2021-11-03T23:46:20.901+05:00,13.46457611
2021-11-03T23:46:21.402+05:00,6.370842996
2021-11-03T23:46:21.905+05:00,5.919529083
2021-11-03T23:46:22.407+05:00,7.184075971
2021-11-03T23:46:22.909+05:00,6.069905826
2021-11-03T23:46:23.411+05:00,21.52667725
2021-11-03T23:46:23.912+05:00,16.08724404
2021-11-03T23:46:24.413+05:00,20.00843837
2021-11-03T23:46:24.915+05:00,6.897415179
2021-11-03T23:46:25.417+05:00,5.503508652
2021-11-03T23:46:25.920+05:00,4.166034356
2021-11-03T23:46:26.422+05:00,4.459591723
2021-11-03T23:46:26.924+05:00,4.302844938
2021-11-03T23:46:27.426+05:00,4.543717948
2021-11-03T23:46:27.928+05:00,4.596799797
2021-11-03T23:46:28.430+05:00,14.52623835
2021-11-03T23:46:28.932+05:00,18.55671513
2021-11-03T23:46:29.435+05:00,5.260555688
2021-11-03T23:46:29.939+05:00,1.763856229
2021-11-03T23:46:30.441+05:00,2.821867033
2021-11-03T23:46:30.942+05:00,1.804240594
2021-11-03T23:46:31.445+05:00,2.321993123
2021-11-03T23:46:31.948+05:00,1.280649562
2021-11-03T23:46:32.451+05:00,6.117759215
2021-11-03T23:46:32.957+05:00,4.760936833
2021-11-03T23:46:33.458+05:00,3.145379202
2021-11-03T23:46:33.960+05:00,3.749889054
2021-11-03T23:46:34.462+05:00,12.60223264
2021-11-03T23:46:34.964+05:00,4.594581543
2021-11-03T23:46:35.467+05:00,3.329827783
2021-11-03T23:46:35.969+05:00,3.892244773
2021-11-03T23:46:36.471+05:00,2.599034249
2021-11-03T23:46:36.972+05:00,1.920350111
2021-11-03T23:46:37.474+05:00,16.34932731
2021-11-03T23:46:37.976+05:00,4.150063585
2021-11-03T23:46:38.478+05:00,4.294498854
2021-11-03T23:46:38.980+05:00,4.04865503
2021-11-03T23:46:39.481+05:00,17.44331483
2021-11-03T23:46:39.983+05:00,7.25967432
2021-11-03T23:46:40.485+05:00,4.527408037
2021-11-03T23:46:40.988+05:00,4.168990987
2021-11-03T23:46:41.489+05:00,4.839020802
2021-11-03T23:46:41.991+05:00,5.524952018
2021-11-03T23:46:42.492+05:00,5.462502224
2021-11-03T23:46:42.994+05:00,4.764218198
2021-11-03T23:46:43.496+05:00,4.553769967
2021-11-03T23:46:43.997+05:00,5.12979177
2021-11-03T23:46:44.499+05:00,4.720414871
2021-11-03T23:46:45.001+05:00,4.173433094
2021-11-03T23:46:45.504+05:00,4.513955653
2021-11-03T23:46:46.005+05:00,19.65696706
2021-11-03T23:46:46.507+05:00,11.90263255
2021-11-03T23:46:47.008+05:00,7.764509824
2021-11-03T23:46:47.510+05:00,5.937779788
2021-11-03T23:46:48.011+05:00,6.088168092
2021-11-03T23:46:48.513+05:00,6.409625585
2021-11-03T23:46:49.015+05:00,5.97753395
2021-11-03T23:46:49.517+05:00,7.799407144
2021-11-03T23:46:50.018+05:00,6.550190366
2021-11-03T23:46:50.520+05:00,5.899254553
2021-11-03T23:46:51.021+05:00,7.181630205
2021-11-03T23:46:51.523+05:00,5.854792747
2021-11-03T23:46:52.025+05:00,5.675161716
2021-11-03T23:46:52.527+05:00,6.373781491
2021-11-03T23:46:53.029+05:00,5.804992193
2021-11-03T23:46:53.532+05:00,5.555225499
2021-11-03T23:46:54.044+05:00,5.643851732
2021-11-03T23:46:54.546+05:00,8.184661404
2021-11-03T23:46:55.048+05:00,7.524893771
2021-11-03T23:46:55.549+05:00,7.178237782
2021-11-03T23:46:56.051+05:00,6.900244722
2021-11-03T23:46:56.553+05:00,6.801287763
2021-11-03T23:46:57.055+05:00,5.984000444
2021-11-03T23:46:57.558+05:00,12.6895604
2021-11-03T23:46:58.061+05:00,1.633377945
2021-11-03T23:46:58.564+05:00,3.012379219
2021-11-03T23:46:59.065+05:00,3.576312652
2021-11-03T23:46:59.568+05:00,2.076372505
2021-11-03T23:47:00.070+05:00,2.576468211
2021-11-03T23:47:00.571+05:00,16.83350716
2021-11-03T23:47:01.073+05:00,7.03903879
2021-11-03T23:47:01.574+05:00,10.15565105
2021-11-03T23:47:02.075+05:00,21.10268581
2021-11-03T23:47:02.578+05:00,5.363474385
2021-11-03T23:47:03.080+05:00,11.16760238
2021-11-03T23:47:03.581+05:00,12.81330115
2021-11-03T23:47:04.082+05:00,8.449447487
2021-11-03T23:47:04.583+05:00,9.565190827
2021-11-03T23:47:05.084+05:00,11.98526094
2021-11-03T23:47:05.585+05:00,17.83640776
2021-11-03T23:47:06.086+05:00,12.21098601
2021-11-03T23:47:06.588+05:00,19.60986629
2021-11-03T23:47:07.089+05:00,14.07883705
2021-11-03T23:47:07.591+05:00,25.2487779
2021-11-03T23:47:08.093+05:00,13.05839676
2021-11-03T23:47:08.595+05:00,5.427324219
2021-11-03T23:47:09.098+05:00,2.240447647
2021-11-03T23:47:09.601+05:00,8.046757765
2021-11-03T23:47:10.102+05:00,3.475683465
2021-11-03T23:47:10.605+05:00,1.583386342
2021-11-03T23:47:11.108+05:00,1.526355149
2021-11-03T23:47:11.611+05:00,2.581978802
2021-11-03T23:47:12.114+05:00,0.554544433
2021-11-03T23:47:12.617+05:00,1.599427224
2021-11-03T23:47:13.120+05:00,0.933798424
2021-11-03T23:47:13.623+05:00,2.462079965
2021-11-03T23:47:14.124+05:00,1.411925668
2021-11-03T23:47:14.625+05:00,2.850904133
2021-11-03T23:47:15.131+05:00,0.444666862
2021-11-03T23:47:15.633+05:00,2.513082321
2021-11-03T23:47:16.136+05:00,3.469374331
2021-11-03T23:47:16.639+05:00,3.749679774
2021-11-03T23:47:17.140+05:00,4.918035054
2021-11-03T23:47:17.642+05:00,1.844880278
2021-11-03T23:47:18.145+05:00,3.348384069
2021-11-03T23:47:18.648+05:00,4.001313015
2021-11-03T23:47:19.151+05:00,0.46735756
2021-11-03T23:47:19.654+05:00,1.2666244
2021-11-03T23:47:20.157+05:00,0.153446252
2021-11-03T23:47:20.660+05:00,10.99701889
2021-11-03T23:47:21.163+05:00,4.34257905
2021-11-03T23:47:21.666+05:00,2.910156615
2021-11-03T23:47:22.169+05:00,1.234017311
2021-11-03T23:47:22.672+05:00,2.234428573
2021-11-03T23:47:23.174+05:00,1.74213391
2021-11-03T23:47:23.676+05:00,15.277499
2021-11-03T23:47:24.177+05:00,9.660473327
2021-11-03T23:47:24.678+05:00,5.81884074
2021-11-03T23:47:25.179+05:00,7.326786602
2021-11-03T23:47:25.681+05:00,4.54540468
2021-11-03T23:47:26.183+05:00,4.255807091
2021-11-03T23:47:26.685+05:00,4.667013371
2021-11-03T23:47:27.187+05:00,4.18811215
2021-11-03T23:47:27.689+05:00,4.275670754
2021-11-03T23:47:28.190+05:00,22.2078463
2021-11-03T23:47:28.692+05:00,17.2208036
2021-11-03T23:47:29.193+05:00,14.6667819
2021-11-03T23:47:29.694+05:00,35.06281282
2021-11-03T23:47:30.197+05:00,18.27366321
2021-11-03T23:47:30.698+05:00,20.99181106
2021-11-03T23:47:31.199+05:00,15.53063346
2021-11-03T23:47:31.700+05:00,27.19609682
2021-11-03T23:47:32.202+05:00,17.19614588
2021-11-03T23:47:32.704+05:00,13.54750404
2021-11-03T23:47:33.205+05:00,27.4279098
2021-11-03T23:47:33.707+05:00,21.17141713
2021-11-03T23:47:34.208+05:00,11.89269507
2021-11-03T23:47:34.709+05:00,10.85520862
2021-11-03T23:47:35.221+05:00,8.605500931
2021-11-03T23:47:35.722+05:00,14.76117274
2021-11-03T23:47:36.223+05:00,9.347953296
2021-11-03T23:47:36.724+05:00,18.83344289
2021-11-03T23:47:37.225+05:00,15.96851083
2021-11-03T23:47:37.726+05:00,16.64871117
2021-11-03T23:47:38.227+05:00,19.03332583
2021-11-03T23:47:38.728+05:00,29.97648683
2021-11-03T23:47:39.229+05:00,23.14620797
2021-11-03T23:47:39.731+05:00,20.112174
2021-11-03T23:47:40.233+05:00,10.86894909
2021-11-03T23:47:40.735+05:00,8.559243253
2021-11-03T23:47:41.237+05:00,11.86285439
2021-11-03T23:47:41.739+05:00,10.86117215
2021-11-03T23:47:42.241+05:00,9.723903341
2021-11-03T23:47:42.744+05:00,8.421748761
2021-11-03T23:47:43.246+05:00,10.26041716
2021-11-03T23:47:43.749+05:00,14.77881825
2021-11-03T23:47:44.252+05:00,8.887122868
2021-11-03T23:47:44.753+05:00,5.712149525
2021-11-03T23:47:45.255+05:00,1.553623558
2021-11-03T23:47:45.758+05:00,4.642971951
2021-11-03T23:47:46.261+05:00,3.056272225
2021-11-03T23:47:46.763+05:00,16.56856738
2021-11-03T23:47:47.264+05:00,19.19891452
2021-11-03T23:47:47.766+05:00,19.58508686
2021-11-03T23:47:48.267+05:00,4.929803917
2021-11-03T23:47:48.768+05:00,10.55067496
2021-11-03T23:47:49.269+05:00,2.364320479
2021-11-03T23:47:49.772+05:00,3.0867785
2021-11-03T23:47:50.274+05:00,0.743714904
2021-11-03T23:47:50.777+05:00,2.097007659
2021-11-03T23:47:51.280+05:00,2.22228969
2021-11-03T23:47:51.783+05:00,1.023538098
2021-11-03T23:47:52.286+05:00,1.272205931
2021-11-03T23:47:52.789+05:00,4.290588102
2021-11-03T23:47:53.293+05:00,1.169914514
2021-11-03T23:47:53.795+05:00,3.540448849
2021-11-03T23:47:54.298+05:00,1.455357923
2021-11-03T23:47:54.801+05:00,1.646675198
2021-11-03T23:47:55.304+05:00,0.788433256
2021-11-03T23:47:55.808+05:00,1.508640938
2021-11-03T23:47:56.322+05:00,4.314135412
2021-11-03T23:47:56.823+05:00,4.237986538
2021-11-03T23:47:57.326+05:00,0.67914087
2021-11-03T23:47:57.828+05:00,1.030234256
2021-11-03T23:47:58.330+05:00,0.955738737
2021-11-03T23:47:58.832+05:00,0.974418752
2021-11-03T23:47:59.335+05:00,0.481992238
2021-11-03T23:47:59.837+05:00,0.574262861
2021-11-03T23:48:00.339+05:00,1.384630089
2021-11-03T23:48:00.842+05:00,1.953064831
2021-11-03T23:48:01.344+05:00,6.265389314
2021-11-03T23:48:01.847+05:00,1.056327605
2021-11-03T23:48:02.350+05:00,2.715468201
2021-11-03T23:48:02.851+05:00,3.335161534
2021-11-03T23:48:03.354+05:00,2.237730827
2021-11-03T23:48:03.856+05:00,3.072769985
2021-11-03T23:48:04.359+05:00,1.184981703
2021-11-03T23:48:04.861+05:00,3.204616934
2021-11-03T23:48:05.364+05:00,3.71286913
2021-11-03T23:48:05.866+05:00,1.488432359
2021-11-03T23:48:06.368+05:00,4.235611483
2021-11-03T23:48:06.870+05:00,18.3018454
2021-11-03T23:48:07.373+05:00,1.464584276
2021-11-03T23:48:07.875+05:00,2.112301265
2021-11-03T23:48:08.378+05:00,1.487635917
2021-11-03T23:48:08.880+05:00,1.66761625
2021-11-03T23:48:09.382+05:00,2.265676616
2021-11-03T23:48:09.884+05:00,17.48400076
2021-11-03T23:48:10.385+05:00,6.880590839
2021-11-03T23:48:10.887+05:00,4.275819139
2021-11-03T23:48:11.390+05:00,4.653389019
2021-11-03T23:48:11.892+05:00,4.451045259
2021-11-03T23:48:12.393+05:00,10.24046336
2021-11-03T23:48:12.894+05:00,14.45389879
2021-11-03T23:48:13.396+05:00,7.937730325
2021-11-03T23:48:13.897+05:00,21.0607018
2021-11-03T23:48:14.398+05:00,25.28022358
2021-11-03T23:48:14.899+05:00,21.27873872
2021-11-03T23:48:15.401+05:00,11.50709017
2021-11-03T23:48:15.903+05:00,5.024517916
2021-11-03T23:48:16.404+05:00,20.01932986
2021-11-03T23:48:16.906+05:00,5.830447539
2021-11-03T23:48:17.420+05:00,3.600093301
2021-11-03T23:48:17.922+05:00,3.040564031
2021-11-03T23:48:18.424+05:00,4.171012347
2021-11-03T23:48:18.927+05:00,4.043230055
2021-11-03T23:48:19.430+05:00,1.410121527
2021-11-03T23:48:19.934+05:00,1.279412292
2021-11-03T23:48:20.437+05:00,1.582070286
2021-11-03T23:48:20.938+05:00,2.127544518
2021-11-03T23:48:21.439+05:00,3.704831008
2021-11-03T23:48:21.942+05:00,1.569912274
2021-11-03T23:48:22.444+05:00,2.190077748
2021-11-03T23:48:22.946+05:00,1.62105573
2021-11-03T23:48:23.449+05:00,1.359323991
2021-11-03T23:48:23.952+05:00,1.532755566
2021-11-03T23:48:24.454+05:00,1.359407386
2021-11-03T23:48:24.956+05:00,0.482697046
2021-11-03T23:48:25.459+05:00,1.537598934
2021-11-03T23:48:25.961+05:00,0.630849211
2021-11-03T23:48:26.464+05:00,0.805524718
2021-11-03T23:48:26.966+05:00,0.954600249
2021-11-03T23:48:27.469+05:00,1.18743501
2021-11-03T23:48:27.970+05:00,3.935064219
2021-11-03T23:48:28.472+05:00,1.239853645
2021-11-03T23:48:28.975+05:00,0.538862682
2021-11-03T23:48:29.477+05:00,6.170358004
2021-11-03T23:48:29.979+05:00,9.006058366
2021-11-03T23:48:30.481+05:00,2.38718249
2021-11-03T23:48:30.984+05:00,2.247214717
2021-11-03T23:48:31.487+05:00,1.615834896
2021-11-03T23:48:31.988+05:00,2.009534493
2021-11-03T23:48:32.490+05:00,2.709080895
2021-11-03T23:48:32.992+05:00,15.72512656
2021-11-03T23:48:33.494+05:00,4.649290326
2021-11-03T23:48:33.996+05:00,5.183600755
2021-11-03T23:48:34.498+05:00,18.351196
2021-11-03T23:48:34.999+05:00,16.55887894
2021-11-03T23:48:35.500+05:00,20.40114302
2021-11-03T23:48:36.009+05:00,11.3467787
2021-11-03T23:48:36.510+05:00,9.361468621
2021-11-03T23:48:37.013+05:00,7.223847951
2021-11-03T23:48:37.515+05:00,5.440991425
2021-11-03T23:48:38.018+05:00,3.520553941
2021-11-03T23:48:38.520+05:00,4.347796079
2021-11-03T23:48:39.023+05:00,1.014399316
2021-11-03T23:48:39.525+05:00,3.764649466
2021-11-03T23:48:40.026+05:00,4.083634138
2021-11-03T23:48:40.528+05:00,2.839296182
2021-11-03T23:48:41.031+05:00,1.317255027
2021-11-03T23:48:41.534+05:00,1.172172292
2021-11-03T23:48:42.036+05:00,0.368424802
2021-11-03T23:48:42.538+05:00,2.614192566
2021-11-03T23:48:43.041+05:00,2.404698432
2021-11-03T23:48:43.544+05:00,1.635505999
2021-11-03T23:48:44.047+05:00,0.254209534
2021-11-03T23:48:44.550+05:00,3.845793667
2021-11-03T23:48:45.052+05:00,1.984764806
2021-11-03T23:48:45.555+05:00,0.648841289
2021-11-03T23:48:46.058+05:00,1.070700217
2021-11-03T23:48:46.561+05:00,0.788209505
2021-11-03T23:48:47.064+05:00,0.315875619
2021-11-03T23:48:47.567+05:00,0.863167088
2021-11-03T23:48:48.068+05:00,0.739971066
2021-11-03T23:48:48.571+05:00,0.846517099
2021-11-03T23:48:49.073+05:00,0.387441671
2021-11-03T23:48:49.576+05:00,0.962383378
2021-11-03T23:48:50.079+05:00,3.519775366
2021-11-03T23:48:50.581+05:00,5.938784509
2021-11-03T23:48:51.083+05:00,0.426042258
2021-11-03T23:48:51.585+05:00,5.129242216
2021-11-03T23:48:52.088+05:00,0.238701494
2021-11-03T23:48:52.590+05:00,7.596079239
2021-11-03T23:48:53.092+05:00,10.58506518
2021-11-03T23:48:53.594+05:00,2.280846823
2021-11-03T23:48:54.097+05:00,2.338501681
2021-11-03T23:48:54.599+05:00,1.297813883
2021-11-03T23:48:55.101+05:00,1.561620402
2021-11-03T23:48:55.602+05:00,6.399296642
2021-11-03T23:48:56.104+05:00,14.39970953
2021-11-03T23:48:56.607+05:00,4.514323766
2021-11-03T23:48:57.121+05:00,3.984916486
2021-11-03T23:48:57.622+05:00,5.63266268
2021-11-03T23:48:58.124+05:00,17.17070024
2021-11-03T23:48:58.625+05:00,4.862282826
2021-11-03T23:48:59.127+05:00,4.598459765
2021-11-03T23:48:59.629+05:00,5.001125049
2021-11-03T23:49:00.131+05:00,4.963827766
2021-11-03T23:49:00.633+05:00,7.637350318
2021-11-03T23:49:01.135+05:00,8.435970635
2021-11-03T23:49:01.637+05:00,5.375533516
2021-11-03T23:49:02.139+05:00,5.440082167
2021-11-03T23:49:02.641+05:00,6.428354813
2021-11-03T23:49:03.142+05:00,5.816275129
2021-11-03T23:49:03.643+05:00,7.837051518
2021-11-03T23:49:04.144+05:00,14.71949619
2021-11-03T23:49:04.645+05:00,8.623168435
2021-11-03T23:49:05.146+05:00,7.728157604
2021-11-03T23:49:05.648+05:00,15.48114177
2021-11-03T23:49:06.151+05:00,5.278025216
2021-11-03T23:49:06.652+05:00,6.541324298
2021-11-03T23:49:07.154+05:00,5.012993746
2021-11-03T23:49:07.656+05:00,6.110261403
2021-11-03T23:49:08.158+05:00,6.130588555
2021-11-03T23:49:08.659+05:00,6.35372227
2021-11-03T23:49:09.160+05:00,12.9731672
2021-11-03T23:49:09.663+05:00,9.823679223
2021-11-03T23:49:10.164+05:00,6.865235657
2021-11-03T23:49:10.666+05:00,8.137024692
2021-11-03T23:49:11.168+05:00,11.43826439
2021-11-03T23:49:11.670+05:00,6.507162658
2021-11-03T23:49:12.173+05:00,5.872016631
2021-11-03T23:49:12.675+05:00,5.702872857
2021-11-03T23:49:13.177+05:00,6.00215035
2021-11-03T23:49:13.678+05:00,5.33463574
2021-11-03T23:49:14.180+05:00,8.80520679
2021-11-03T23:49:14.682+05:00,5.466728794
2021-11-03T23:49:15.184+05:00,5.561215436
2021-11-03T23:49:15.685+05:00,13.77432184
2021-11-03T23:49:16.187+05:00,16.77754065
2021-11-03T23:49:16.689+05:00,6.227869674
2021-11-03T23:49:17.192+05:00,1.665047758
2021-11-03T23:49:17.695+05:00,2.898067843
2021-11-03T23:49:18.200+05:00,1.892026766
2021-11-03T23:49:18.701+05:00,6.094252738
2021-11-03T23:49:19.203+05:00,13.85977553
2021-11-03T23:49:19.705+05:00,17.72500185
2021-11-03T23:49:20.208+05:00,16.60230133
2021-11-03T23:49:20.710+05:00,5.040520817
2021-11-03T23:49:21.214+05:00,2.152137539
2021-11-03T23:49:21.717+05:00,1.215890845
2021-11-03T23:49:22.220+05:00,1.583395606
2021-11-03T23:49:22.723+05:00,1.529079711
2021-11-03T23:49:23.226+05:00,1.377260751
2021-11-03T23:49:23.729+05:00,1.682090232
2021-11-03T23:49:24.232+05:00,1.062092744
2021-11-03T23:49:24.733+05:00,0.781579024
2021-11-03T23:49:25.236+05:00,2.765920651
2021-11-03T23:49:25.738+05:00,3.220145165
2021-11-03T23:49:26.240+05:00,1.158829812
2021-11-03T23:49:26.743+05:00,1.074212736
2021-11-03T23:49:27.246+05:00,1.183495713
2021-11-03T23:49:27.749+05:00,0.799958646
2021-11-03T23:49:28.252+05:00,0.496276802
2021-11-03T23:49:28.753+05:00,4.586344196
2021-11-03T23:49:29.256+05:00,3.578959885
2021-11-03T23:49:29.759+05:00,4.166232791
2021-11-03T23:49:30.261+05:00,2.156263529
2021-11-03T23:49:30.764+05:00,0.876246355
2021-11-03T23:49:31.267+05:00,1.602046053
2021-11-03T23:49:31.770+05:00,0.353537777
2021-11-03T23:49:32.273+05:00,0.428753345
2021-11-03T23:49:32.777+05:00,0.394660311
2021-11-03T23:49:33.278+05:00,1.207311864
2021-11-03T23:49:33.781+05:00,2.368868346
2021-11-03T23:49:34.284+05:00,0.332095446
2021-11-03T23:49:34.788+05:00,0.344580021
2021-11-03T23:49:35.291+05:00,3.248603224
2021-11-03T23:49:35.793+05:00,2.2920519
2021-11-03T23:49:36.297+05:00,3.759372827
2021-11-03T23:49:36.800+05:00,1.293262685
2021-11-03T23:49:37.303+05:00,0.491469931
2021-11-03T23:49:37.806+05:00,0.400863966
2021-11-03T23:49:38.314+05:00,0.259317324
2021-11-03T23:49:38.816+05:00,11.37722739
2021-11-03T23:49:39.318+05:00,4.817720164
2021-11-03T23:49:39.821+05:00,3.371254158
2021-11-03T23:49:40.322+05:00,3.013937464
2021-11-03T23:49:40.823+05:00,2.433506024
2021-11-03T23:49:41.325+05:00,3.947953545
2021-11-03T23:49:41.826+05:00,8.336085157
2021-11-03T23:49:42.328+05:00,12.92576004
2021-11-03T23:49:42.829+05:00,12.5289819
2021-11-03T23:49:43.331+05:00,20.52414056
2021-11-03T23:49:43.832+05:00,28.46779435
2021-11-03T23:49:44.334+05:00,33.27439805
2021-11-03T23:49:44.835+05:00,35.96246944
2021-11-03T23:49:45.338+05:00,37.91779767
2021-11-03T23:49:45.842+05:00,34.84975666
2021-11-03T23:49:46.343+05:00,29.78428339
2021-11-03T23:49:46.845+05:00,26.01656838
2021-11-03T23:49:47.349+05:00,27.51788355
2021-11-03T23:49:47.852+05:00,26.00812339
2021-11-03T23:49:48.353+05:00,25.82155602
2021-11-03T23:49:48.856+05:00,28.42594058
2021-11-03T23:49:49.361+05:00,25.5814687
2021-11-03T23:49:49.863+05:00,27.95009682
2021-11-03T23:49:50.365+05:00,22.123532
2021-11-03T23:49:50.866+05:00,22.59652641
2021-11-03T23:49:51.368+05:00,19.66780307
2021-11-03T23:49:51.869+05:00,20.19229622
2021-11-03T23:49:52.371+05:00,20.45730607
2021-11-03T23:49:52.872+05:00,22.61850237
2021-11-03T23:49:53.373+05:00,21.02205666
2021-11-03T23:49:53.875+05:00,19.98487904
2021-11-03T23:49:54.376+05:00,20.97718623
2021-11-03T23:49:54.878+05:00,21.55879026
2021-11-03T23:49:55.379+05:00,19.81119902
2021-11-03T23:49:55.881+05:00,18.41998566
2021-11-03T23:49:56.382+05:00,19.69609739
2021-11-03T23:49:56.884+05:00,19.15126842
2021-11-03T23:49:57.386+05:00,18.58391008
2021-11-03T23:49:57.887+05:00,18.20151836
2021-11-03T23:49:58.389+05:00,20.30483629
2021-11-03T23:49:58.891+05:00,18.46347417
2021-11-03T23:49:59.402+05:00,19.107425
2021-11-03T23:49:59.905+05:00,18.01277059
2021-11-03T23:50:00.407+05:00,19.01931017
2021-11-03T23:50:00.909+05:00,21.05919939
2021-11-03T23:50:01.411+05:00,20.52836523
2021-11-03T23:50:01.912+05:00,22.8513189
2021-11-03T23:50:02.413+05:00,13.41773479
2021-11-03T23:50:02.915+05:00,2.878205173
2021-11-03T23:50:03.416+05:00,3.392082583
2021-11-03T23:50:03.918+05:00,2.593935693
2021-11-03T23:50:04.419+05:00,2.458820068
2021-11-03T23:50:04.920+05:00,2.509156515
2021-11-03T23:50:05.421+05:00,7.573450989
2021-11-03T23:50:05.922+05:00,9.36889366
2021-11-03T23:50:06.423+05:00,13.76874497
2021-11-03T23:50:06.924+05:00,20.88686753
2021-11-03T23:50:07.426+05:00,8.105972528
2021-11-03T23:50:07.928+05:00,11.87414761
2021-11-03T23:50:08.430+05:00,20.91994046
2021-11-03T23:50:08.931+05:00,10.62785571
2021-11-03T23:50:09.432+05:00,6.70550808
2021-11-03T23:50:09.934+05:00,12.82845694
2021-11-03T23:50:10.435+05:00,25.41573997
2021-11-03T23:50:10.937+05:00,25.21893924
2021-11-03T23:50:11.438+05:00,4.528669289
2021-11-03T23:50:11.939+05:00,14.27081135
2021-11-03T23:50:12.442+05:00,3.274423524
2021-11-03T23:50:12.944+05:00,4.983598597
2021-11-03T23:50:13.447+05:00,3.413532369
2021-11-03T23:50:13.951+05:00,8.145823154
2021-11-03T23:50:14.454+05:00,1.314593535
2021-11-03T23:50:14.956+05:00,4.197418399
2021-11-03T23:50:15.459+05:00,2.294420503
2021-11-03T23:50:15.962+05:00,2.057996288
2021-11-03T23:50:16.465+05:00,3.04150668
2021-11-03T23:50:16.968+05:00,2.961856016
2021-11-03T23:50:17.471+05:00,0.997059809
2021-11-03T23:50:17.973+05:00,1.753084086
2021-11-03T23:50:18.476+05:00,5.544419985
2021-11-03T23:50:18.978+05:00,6.445784625
2021-11-03T23:50:19.480+05:00,4.538220624
2021-11-03T23:50:19.983+05:00,1.413411685
2021-11-03T23:50:20.489+05:00,1.255238913
2021-11-03T23:50:20.990+05:00,5.426454706
2021-11-03T23:50:21.491+05:00,4.628417722
2021-11-03T23:50:21.993+05:00,0.842413033
2021-11-03T23:50:22.496+05:00,0.997934936
2021-11-03T23:50:22.999+05:00,6.06052043
2021-11-03T23:50:23.502+05:00,3.863194317
2021-11-03T23:50:24.005+05:00,5.686042997
2021-11-03T23:50:24.507+05:00,1.678498265
2021-11-03T23:50:25.513+05:00,1.161876403
2021-11-03T23:50:26.014+05:00,16.12757032
2021-11-03T23:50:26.516+05:00,8.096052862
2021-11-03T23:50:27.019+05:00,2.158154703
2021-11-03T23:50:27.521+05:00,1.511969721
2021-11-03T23:50:28.023+05:00,3.408777698
2021-11-03T23:50:28.524+05:00,2.067460785
2021-11-03T23:50:29.025+05:00,12.06707243
2021-11-03T23:50:29.526+05:00,17.93103362
2021-11-03T23:50:30.028+05:00,19.5062385
2021-11-03T23:50:30.529+05:00,12.19592989
2021-11-03T23:50:31.031+05:00,11.35435552
2021-11-03T23:50:31.533+05:00,9.707367962
2021-11-03T23:50:32.035+05:00,10.81042295
2021-11-03T23:50:32.538+05:00,16.18387039
2021-11-03T23:50:33.039+05:00,5.333851957
2021-11-03T23:50:33.541+05:00,7.250374822
2021-11-03T23:50:34.043+05:00,4.978780612
2021-11-03T23:50:34.545+05:00,2.170410328
2021-11-03T23:50:35.047+05:00,5.334620081
2021-11-03T23:50:35.550+05:00,5.960829473
2021-11-03T23:50:36.051+05:00,5.862991834
2021-11-03T23:50:36.553+05:00,1.66277366
2021-11-03T23:50:37.055+05:00,5.152013463
2021-11-03T23:50:37.557+05:00,5.006248362
2021-11-03T23:50:38.060+05:00,4.31039186
2021-11-03T23:50:38.563+05:00,2.000612253
2021-11-03T23:50:39.064+05:00,5.417684845
2021-11-03T23:50:39.566+05:00,5.166335681
2021-11-03T23:50:40.067+05:00,4.640981103
2021-11-03T23:50:40.583+05:00,1.400106976
2021-11-03T23:50:41.084+05:00,5.316136299
2021-11-03T23:50:41.586+05:00,5.486343775
2021-11-03T23:50:42.089+05:00,4.209102905
2021-11-03T23:50:42.591+05:00,2.237744804
2021-11-03T23:50:43.093+05:00,5.1591974
2021-11-03T23:50:43.594+05:00,6.755760193
2021-11-03T23:50:44.097+05:00,4.621903498
2021-11-03T23:50:44.600+05:00,1.765293512
2021-11-03T23:50:45.102+05:00,6.101111368
2021-11-03T23:50:45.605+05:00,5.899852094
2021-11-03T23:50:46.107+05:00,6.329767799
2021-11-03T23:50:46.610+05:00,5.808795198
2021-11-03T23:50:47.111+05:00,6.171589245
2021-11-03T23:50:47.613+05:00,5.09529511
2021-11-03T23:50:48.116+05:00,3.968113701
2021-11-03T23:50:48.618+05:00,1.865236187
2021-11-03T23:50:49.121+05:00,11.5335254
2021-11-03T23:50:49.624+05:00,1.727258206
2021-11-03T23:50:50.126+05:00,3.376910557
2021-11-03T23:50:50.628+05:00,1.280156652
2021-11-03T23:50:51.131+05:00,1.561968857
2021-11-03T23:50:51.633+05:00,2.126622205
2021-11-03T23:50:52.134+05:00,14.44314128
2021-11-03T23:50:52.636+05:00,8.304046963
2021-11-03T23:50:53.139+05:00,4.154555416
2021-11-03T23:50:53.640+05:00,4.401970319
2021-11-03T23:50:54.141+05:00,21.54866628
2021-11-03T23:50:54.642+05:00,21.55828399
2021-11-03T23:50:55.144+05:00,9.964090151
2021-11-03T23:50:55.645+05:00,12.74012071
2021-11-03T23:50:56.147+05:00,6.798330518
2021-11-03T23:50:56.650+05:00,4.499369491
2021-11-03T23:50:57.153+05:00,1.583916546
2021-11-03T23:50:57.656+05:00,0.859592697
2021-11-03T23:50:58.159+05:00,7.584695344
2021-11-03T23:50:58.662+05:00,0.792900345
2021-11-03T23:50:59.164+05:00,3.510211736
2021-11-03T23:50:59.665+05:00,10.25120778
2021-11-03T23:51:00.166+05:00,8.880192836
2021-11-03T23:51:00.669+05:00,4.519623591
2021-11-03T23:51:01.172+05:00,6.675388757
2021-11-03T23:51:01.685+05:00,0.310316787
2021-11-03T23:51:02.186+05:00,3.558902987
2021-11-03T23:51:02.688+05:00,1.055594943
2021-11-03T23:51:03.189+05:00,1.832115183
2021-11-03T23:51:03.690+05:00,2.27381936
2021-11-03T23:51:04.191+05:00,2.575348244
2021-11-03T23:51:04.694+05:00,2.219536798
2021-11-03T23:51:05.197+05:00,3.606449091
2021-11-03T23:51:05.700+05:00,1.643031307
2021-11-03T23:51:06.202+05:00,3.869161014
2021-11-03T23:51:06.705+05:00,0.834716864
2021-11-03T23:51:07.209+05:00,0.999272019
2021-11-03T23:51:07.712+05:00,0.588216604
2021-11-03T23:51:08.214+05:00,0.838310546
2021-11-03T23:51:08.717+05:00,1.289901341
2021-11-03T23:51:09.220+05:00,1.191433476
2021-11-03T23:51:09.723+05:00,2.423681216
2021-11-03T23:51:10.225+05:00,6.395587733
2021-11-03T23:51:10.726+05:00,5.570012156
2021-11-03T23:51:11.229+05:00,2.915732465
2021-11-03T23:51:11.732+05:00,1.254225069
2021-11-03T23:51:12.234+05:00,13.3429539
2021-11-03T23:51:12.736+05:00,2.170548715
2021-11-03T23:51:13.239+05:00,2.094520325
2021-11-03T23:51:13.742+05:00,1.81679224
2021-11-03T23:51:14.245+05:00,1.532134768
2021-11-03T23:51:14.748+05:00,2.550433779
2021-11-03T23:51:15.249+05:00,14.12166859
2021-11-03T23:51:15.751+05:00,6.192072298
2021-11-03T23:51:16.252+05:00,21.98796686
2021-11-03T23:51:16.755+05:00,7.270726767
2021-11-03T23:51:17.257+05:00,5.663963352
2021-11-03T23:51:17.759+05:00,5.708280913
2021-11-03T23:51:18.260+05:00,13.49570406
2021-11-03T23:51:18.761+05:00,26.28738202
2021-11-03T23:51:19.262+05:00,27.15075646
2021-11-03T23:51:19.764+05:00,15.88260296
2021-11-03T23:51:20.265+05:00,13.89355222
2021-11-03T23:51:20.768+05:00,5.791552997
2021-11-03T23:51:21.270+05:00,4.519635055
2021-11-03T23:51:21.772+05:00,5.001007378
2021-11-03T23:51:22.273+05:00,6.039126805
2021-11-03T23:51:22.784+05:00,5.091294538
2021-11-03T23:51:23.286+05:00,7.638558813
2021-11-03T23:51:23.789+05:00,4.72756351
2021-11-03T23:51:24.290+05:00,5.664672053
2021-11-03T23:51:24.791+05:00,6.611050524
2021-11-03T23:51:25.293+05:00,5.596433616
2021-11-03T23:51:25.795+05:00,4.719130637
2021-11-03T23:51:26.297+05:00,5.432900511
2021-11-03T23:51:26.799+05:00,5.013440345
2021-11-03T23:51:27.302+05:00,6.192943975
2021-11-03T23:51:27.803+05:00,6.235820656
2021-11-03T23:51:28.305+05:00,4.544145113
2021-11-03T23:51:28.807+05:00,5.255760159
2021-11-03T23:51:29.309+05:00,4.847402224
2021-11-03T23:51:29.812+05:00,3.33088841
2021-11-03T23:51:30.315+05:00,4.246523953
2021-11-03T23:51:30.817+05:00,4.957204932
2021-11-03T23:51:31.320+05:00,4.508236107
2021-11-03T23:51:31.822+05:00,4.71233001
2021-11-03T23:51:32.325+05:00,7.792468862
2021-11-03T23:51:32.827+05:00,4.600902731
2021-11-03T23:51:33.328+05:00,7.592632887
2021-11-03T23:51:33.830+05:00,4.429040854
2021-11-03T23:51:34.332+05:00,5.911513643
2021-11-03T23:51:34.835+05:00,4.549420313
2021-11-03T23:51:35.336+05:00,20.74822152
2021-11-03T23:51:35.839+05:00,3.489911475
2021-11-03T23:51:36.342+05:00,4.111720435
2021-11-03T23:51:36.844+05:00,1.088420803
2021-11-03T23:51:37.346+05:00,2.148677202
2021-11-03T23:51:37.848+05:00,2.248044475
2021-11-03T23:51:38.349+05:00,14.28111837
2021-11-03T23:51:38.851+05:00,5.339842371
2021-11-03T23:51:39.353+05:00,4.708918299
2021-11-03T23:51:39.855+05:00,4.906298467
2021-11-03T23:51:40.357+05:00,4.093553783
2021-11-03T23:51:40.859+05:00,4.615603337
2021-11-03T23:51:41.361+05:00,4.095509177
2021-11-03T23:51:41.863+05:00,4.412017253
2021-11-03T23:51:42.365+05:00,4.220918277
2021-11-03T23:51:42.867+05:00,3.682412253
2021-11-03T23:51:43.369+05:00,4.53298654
2021-11-03T23:51:43.871+05:00,4.267725825
2021-11-03T23:51:44.373+05:00,3.996483541
2021-11-03T23:51:44.875+05:00,4.230634529
2021-11-03T23:51:45.377+05:00,4.314167951
2021-11-03T23:51:45.880+05:00,4.254101893
2021-11-03T23:51:46.382+05:00,4.558957705
2021-11-03T23:51:46.884+05:00,4.102972051
2021-11-03T23:51:47.386+05:00,4.2461653
2021-11-03T23:51:47.889+05:00,4.303645204
2021-11-03T23:51:48.392+05:00,4.153267072
2021-11-03T23:51:48.894+05:00,3.628288153
2021-11-03T23:51:49.396+05:00,3.988425366
2021-11-03T23:51:49.898+05:00,4.120947505
2021-11-03T23:51:50.400+05:00,4.010750782
2021-11-03T23:51:50.902+05:00,4.177898328
2021-11-03T23:51:51.405+05:00,4.463819058
2021-11-03T23:51:51.907+05:00,4.472777185
2021-11-03T23:51:52.408+05:00,5.100160828
2021-11-03T23:51:52.910+05:00,4.195105603
2021-11-03T23:51:53.412+05:00,5.10307213
2021-11-03T23:51:53.914+05:00,4.345572851
2021-11-03T23:51:54.416+05:00,4.183630031
2021-11-03T23:51:54.919+05:00,4.101255141
2021-11-03T23:51:55.421+05:00,4.369975138
2021-11-03T23:51:55.923+05:00,5.11579856
2021-11-03T23:51:56.425+05:00,4.923686136
2021-11-03T23:51:56.927+05:00,3.737263974
2021-11-03T23:51:57.429+05:00,4.091643951
2021-11-03T23:51:57.931+05:00,4.457746588
2021-11-03T23:51:58.434+05:00,9.5255289
2021-11-03T23:51:58.937+05:00,1.607975283
2021-11-03T23:51:59.440+05:00,2.296862366
2021-11-03T23:51:59.943+05:00,2.356406662
2021-11-03T23:52:00.446+05:00,3.349008529
2021-11-03T23:52:00.948+05:00,6.60119952
2021-11-03T23:52:01.450+05:00,14.50549555
2021-11-03T23:52:01.951+05:00,5.486489273
2021-11-03T23:52:02.463+05:00,4.642016331
2021-11-03T23:52:02.964+05:00,13.42851141
2021-11-03T23:52:03.466+05:00,24.39850793
2021-11-03T23:52:03.968+05:00,17.56591679
2021-11-03T23:52:04.471+05:00,14.75327654
2021-11-03T23:52:04.972+05:00,6.637417896
2021-11-03T23:52:05.474+05:00,13.25504736
2021-11-03T23:52:05.976+05:00,7.360378813
2021-11-03T23:52:06.478+05:00,3.023961331
2021-11-03T23:52:06.981+05:00,3.506671854
2021-11-03T23:52:07.484+05:00,0.828828855
2021-11-03T23:52:07.986+05:00,1.173299597
2021-11-03T23:52:08.488+05:00,3.462081094
2021-11-03T23:52:08.990+05:00,1.370122461
2021-11-03T23:52:09.493+05:00,0.950164912
2021-11-03T23:52:09.996+05:00,0.502417489
2021-11-03T23:52:10.499+05:00,1.16475441
2021-11-03T23:52:11.002+05:00,2.092729355
2021-11-03T23:52:11.504+05:00,0.891086645
2021-11-03T23:52:12.007+05:00,1.475927689
2021-11-03T23:52:12.510+05:00,6.224496874
2021-11-03T23:52:13.012+05:00,5.260963541
2021-11-03T23:52:13.515+05:00,1.506529907
2021-11-03T23:52:14.018+05:00,1.86125078
2021-11-03T23:52:14.521+05:00,1.055865255
2021-11-03T23:52:15.023+05:00,1.692477696
2021-11-03T23:52:15.526+05:00,1.243538308
2021-11-03T23:52:16.028+05:00,2.499044992
2021-11-03T23:52:16.531+05:00,1.107811358
2021-11-03T23:52:17.033+05:00,0.304769665
2021-11-03T23:52:17.536+05:00,0.272450166
2021-11-03T23:52:18.037+05:00,0.881005719
2021-11-03T23:52:18.540+05:00,0.259984555
2021-11-03T23:52:19.042+05:00,0.500719123
2021-11-03T23:52:19.545+05:00,0.977899642
2021-11-03T23:52:20.046+05:00,0.939230388
2021-11-03T23:52:20.549+05:00,2.731802352
2021-11-03T23:52:21.052+05:00,1.719157334
2021-11-03T23:52:21.554+05:00,11.06831881
2021-11-03T23:52:22.057+05:00,2.412277054
2021-11-03T23:52:22.560+05:00,2.543160143
2021-11-03T23:52:23.064+05:00,1.116348478
2021-11-03T23:52:23.577+05:00,1.037659663
2021-11-03T23:52:24.078+05:00,4.058095955
2021-11-03T23:52:24.579+05:00,15.71398042
2021-11-03T23:52:25.081+05:00,5.202914512
2021-11-03T23:52:25.582+05:00,20.66619358
2021-11-03T23:52:26.084+05:00,8.562290816
2021-11-03T23:52:26.586+05:00,7.041999276
2021-11-03T23:52:27.088+05:00,5.135793757
2021-11-03T23:52:27.590+05:00,12.70271804
2021-11-03T23:52:28.091+05:00,19.04669624
2021-11-03T23:52:28.592+05:00,5.165176872
2021-11-03T23:52:29.093+05:00,6.597036108
2021-11-03T23:52:29.594+05:00,7.875312301
2021-11-03T23:52:30.097+05:00,1.569907002
2021-11-03T23:52:30.600+05:00,1.939799906
2021-11-03T23:52:31.102+05:00,0.709042977
2021-11-03T23:52:31.606+05:00,3.759928803
2021-11-03T23:52:32.108+05:00,0.211969903
2021-11-03T23:52:32.610+05:00,1.60446917
2021-11-03T23:52:33.113+05:00,2.619537069
2021-11-03T23:52:33.614+05:00,5.755912384
2021-11-03T23:52:34.116+05:00,4.238510159
2021-11-03T23:52:34.617+05:00,4.734809445
2021-11-03T23:52:35.120+05:00,0.427150496
2021-11-03T23:52:35.622+05:00,2.620435736
2021-11-03T23:52:36.125+05:00,4.508948449
2021-11-03T23:52:36.627+05:00,0.325775394
2021-11-03T23:52:37.130+05:00,1.161292967
2021-11-03T23:52:37.633+05:00,0.44541512
2021-11-03T23:52:38.134+05:00,1.028418113
2021-11-03T23:52:38.637+05:00,0.768951336
2021-11-03T23:52:39.140+05:00,1.022104061
2021-11-03T23:52:39.643+05:00,0.890974741
2021-11-03T23:52:40.146+05:00,0.520758112
2021-11-03T23:52:40.649+05:00,0.669684061
2021-11-03T23:52:41.152+05:00,0.445419885
2021-11-03T23:52:41.655+05:00,5.307845037
2021-11-03T23:52:42.157+05:00,4.456485398
2021-11-03T23:52:42.660+05:00,0.502665261
2021-11-03T23:52:43.163+05:00,0.544249094
2021-11-03T23:52:43.666+05:00,1.612955365
2021-11-03T23:52:44.169+05:00,2.306611711
2021-11-03T23:52:44.683+05:00,17.46593785
2021-11-03T23:52:45.186+05:00,1.464782144
2021-11-03T23:52:45.688+05:00,2.744900942
2021-11-03T23:52:46.191+05:00,1.184962625
2021-11-03T23:52:46.695+05:00,1.412928704
2021-11-03T23:52:47.196+05:00,2.648030078
2021-11-03T23:52:47.698+05:00,16.19837304
2021-11-03T23:52:48.200+05:00,13.01678374
2021-11-03T23:52:48.702+05:00,2.18304175
2021-11-03T23:52:49.205+05:00,6.778299484
2021-11-03T23:52:49.706+05:00,3.532757946
2021-11-03T23:52:50.209+05:00,3.047943411
2021-11-03T23:52:50.712+05:00,1.486522386
2021-11-03T23:52:51.215+05:00,0.897585
2021-11-03T23:52:51.718+05:00,0.990876372
2021-11-03T23:52:52.221+05:00,1.396442702
2021-11-03T23:52:52.724+05:00,3.754071083
2021-11-03T23:52:53.227+05:00,1.146415128
2021-11-03T23:52:53.730+05:00,0.803452387
2021-11-03T23:52:54.232+05:00,6.81770916
2021-11-03T23:52:54.735+05:00,2.218496215
2021-11-03T23:52:55.237+05:00,1.144439847
2021-11-03T23:52:55.740+05:00,1.518966744
2021-11-03T23:52:56.243+05:00,0.521951047
2021-11-03T23:52:56.746+05:00,0.552975783
2021-11-03T23:52:57.248+05:00,0.852022742
2021-11-03T23:52:57.751+05:00,1.758098572
2021-11-03T23:52:58.254+05:00,0.511371688
2021-11-03T23:52:58.756+05:00,0.611735006
2021-11-03T23:52:59.257+05:00,1.77073054
2021-11-03T23:52:59.758+05:00,1.464251152
2021-11-03T23:53:00.259+05:00,0.205183905
2021-11-03T23:53:00.761+05:00,0.513759556
2021-11-03T23:53:01.264+05:00,7.336388876
2021-11-03T23:53:01.767+05:00,0.474468759
2021-11-03T23:53:02.270+05:00,1.038940392
2021-11-03T23:53:02.773+05:00,0.458321605
2021-11-03T23:53:03.276+05:00,2.629056536
2021-11-03T23:53:03.779+05:00,0.900744948
2021-11-03T23:53:04.282+05:00,0.856996205
2021-11-03T23:53:04.798+05:00,0.109332602
2021-11-03T23:53:05.299+05:00,3.72908852
2021-11-03T23:53:05.801+05:00,3.604312886
2021-11-03T23:53:06.304+05:00,3.758946517
2021-11-03T23:53:06.808+05:00,0.552522871
2021-11-03T23:53:07.310+05:00,0.619806546
2021-11-03T23:53:07.813+05:00,10.19375589
2021-11-03T23:53:08.315+05:00,1.153084186
2021-11-03T23:53:08.818+05:00,2.146436989
2021-11-03T23:53:09.321+05:00,1.471623438
2021-11-03T23:53:09.824+05:00,1.582469605
2021-11-03T23:53:10.327+05:00,1.677997402
2021-11-03T23:53:10.830+05:00,15.138712
2021-11-03T23:53:11.332+05:00,4.907336909
2021-11-03T23:53:11.834+05:00,4.520623622
2021-11-03T23:53:12.335+05:00,11.12976431
2021-11-03T23:53:12.838+05:00,15.40124699
2021-11-03T23:53:13.339+05:00,8.234376824
2021-11-03T23:53:13.840+05:00,22.73894932
2021-11-03T23:53:14.342+05:00,21.42845939
2021-11-03T23:53:14.843+05:00,21.69370641
2021-11-03T23:53:15.345+05:00,19.97141612
2021-11-03T23:53:15.846+05:00,25.81778171
2021-11-03T23:53:16.348+05:00,31.1729589
2021-11-03T23:53:16.849+05:00,13.48921734
2021-11-03T23:53:17.351+05:00,30.17075507
2021-11-03T23:53:17.852+05:00,23.56805104
2021-11-03T23:53:18.353+05:00,35.41890666
2021-11-03T23:53:18.854+05:00,27.06110394
2021-11-03T23:53:19.356+05:00,45.09130261
2021-11-03T23:53:19.857+05:00,33.50282584
2021-11-03T23:53:20.359+05:00,32.44680499
2021-11-03T23:53:20.860+05:00,32.6109973
2021-11-03T23:53:21.362+05:00,6.811077254
2021-11-03T23:53:21.864+05:00,5.389268978
2021-11-03T23:53:22.366+05:00,4.96845079
2021-11-03T23:53:22.868+05:00,2.752561221
2021-11-03T23:53:23.371+05:00,4.150286304
2021-11-03T23:53:23.874+05:00,4.423201239
2021-11-03T23:53:24.377+05:00,2.656374959
2021-11-03T23:53:24.880+05:00,5.740473594
2021-11-03T23:53:25.382+05:00,4.585193125
2021-11-03T23:53:25.899+05:00,1.680181545
2021-11-03T23:53:26.402+05:00,4.474923907
2021-11-03T23:53:26.903+05:00,5.841216886
2021-11-03T23:53:27.405+05:00,5.741983239
2021-11-03T23:53:27.908+05:00,5.835285573
2021-11-03T23:53:28.409+05:00,5.723609765
2021-11-03T23:53:28.910+05:00,14.0543597
2021-11-03T23:53:29.412+05:00,7.743153322
2021-11-03T23:53:29.915+05:00,13.03286684
2021-11-03T23:53:30.417+05:00,7.813729416
2021-11-03T23:53:30.919+05:00,15.92442509
2021-11-03T23:53:31.420+05:00,8.304938395
2021-11-03T23:53:31.922+05:00,3.419100693
2021-11-03T23:53:32.424+05:00,1.512262452
2021-11-03T23:53:32.925+05:00,1.862049618
2021-11-03T23:53:33.426+05:00,3.518956728
2021-11-03T23:53:33.928+05:00,15.99443656
2021-11-03T23:53:34.430+05:00,4.325449515
2021-11-03T23:53:34.932+05:00,5.655255281
2021-11-03T23:53:35.433+05:00,23.93891909
2021-11-03T23:53:35.935+05:00,17.88270277
2021-11-03T23:53:36.438+05:00,3.847031661
2021-11-03T23:53:36.939+05:00,2.61579185
2021-11-03T23:53:37.441+05:00,1.4064655
2021-11-03T23:53:37.943+05:00,2.533418715
2021-11-03T23:53:38.445+05:00,1.043674092
2021-11-03T23:53:38.948+05:00,1.392165904
2021-11-03T23:53:39.452+05:00,3.641385029
2021-11-03T23:53:39.954+05:00,0.832874874
2021-11-03T23:53:40.457+05:00,2.960423045
2021-11-03T23:53:40.960+05:00,2.934202334
2021-11-03T23:53:41.462+05:00,0.623154808
2021-11-03T23:53:41.964+05:00,0.734099915
2021-11-03T23:53:42.467+05:00,0.701716618
2021-11-03T23:53:42.969+05:00,0.77303634
2021-11-03T23:53:43.473+05:00,1.872921029
2021-11-03T23:53:43.976+05:00,1.583949759
2021-11-03T23:53:44.479+05:00,0.191546722
2021-11-03T23:53:44.981+05:00,2.313685361
2021-11-03T23:53:45.482+05:00,2.271483986
2021-11-03T23:53:45.985+05:00,1.082595934
2021-11-03T23:53:46.488+05:00,0.434073308
2021-11-03T23:53:46.998+05:00,0.15703368
2021-11-03T23:53:47.500+05:00,0.931292857
2021-11-03T23:53:48.001+05:00,2.508169957
2021-11-03T23:53:48.503+05:00,0.955297712
2021-11-03T23:53:49.006+05:00,2.631316824
2021-11-03T23:53:49.509+05:00,0.636449072
2021-11-03T23:53:50.011+05:00,0.686469098
2021-11-03T23:53:50.513+05:00,2.053388402
2021-11-03T23:53:51.015+05:00,4.283062631
2021-11-03T23:53:51.518+05:00,5.306447963
2021-11-03T23:53:52.021+05:00,4.578939493
2021-11-03T23:53:52.524+05:00,3.964871464
2021-11-03T23:53:53.026+05:00,0.84475415
2021-11-03T23:53:53.528+05:00,9.714609507
2021-11-03T23:53:54.031+05:00,14.15900001
2021-11-03T23:53:54.533+05:00,1.980589062
2021-11-03T23:53:55.035+05:00,3.716502995
2021-11-03T23:53:55.538+05:00,2.30411242
2021-11-03T23:53:56.039+05:00,1.585796169
2021-11-03T23:53:56.541+05:00,5.611154748
2021-11-03T23:53:57.043+05:00,13.72708733
2021-11-03T23:53:57.544+05:00,17.27560806
2021-11-03T23:53:58.046+05:00,9.146566164
2021-11-03T23:53:58.549+05:00,14.28391647
2021-11-03T23:53:59.050+05:00,28.55327314
2021-11-03T23:53:59.552+05:00,32.85492152
2021-11-03T23:54:00.053+05:00,26.72722299
2021-11-03T23:54:00.554+05:00,20.89955339
2021-11-03T23:54:01.056+05:00,23.80225417
2021-11-03T23:54:01.558+05:00,14.84175255
2021-11-03T23:54:02.060+05:00,8.738687024
2021-11-03T23:54:02.562+05:00,6.408495628
2021-11-03T23:54:03.064+05:00,7.103281669
2021-11-03T23:54:03.566+05:00,6.18339411
2021-11-03T23:54:04.067+05:00,7.740448081
2021-11-03T23:54:04.568+05:00,6.216285903
2021-11-03T23:54:05.069+05:00,5.034721421
2021-11-03T23:54:05.571+05:00,4.954199493
2021-11-03T23:54:06.072+05:00,6.919811998
2021-11-03T23:54:06.574+05:00,4.383262309
2021-11-03T23:54:07.082+05:00,5.311372958
2021-11-03T23:54:07.584+05:00,4.126004516
2021-11-03T23:54:08.086+05:00,12.95502382
2021-11-03T23:54:08.588+05:00,6.310693816
2021-11-03T23:54:09.091+05:00,4.787184231
2021-11-03T23:54:09.593+05:00,4.316877325
2021-11-03T23:54:10.095+05:00,4.670231428
2021-11-03T23:54:10.596+05:00,5.801381392
2021-11-03T23:54:11.098+05:00,4.150747806
2021-11-03T23:54:11.599+05:00,5.109390393
2021-11-03T23:54:12.101+05:00,5.933522173
2021-11-03T23:54:12.603+05:00,4.636405745
2021-11-03T23:54:13.105+05:00,4.594991395
2021-11-03T23:54:13.608+05:00,4.369993954
2021-11-03T23:54:14.110+05:00,4.261761539
2021-11-03T23:54:14.613+05:00,4.239162077
2021-11-03T23:54:15.115+05:00,5.873021863
2021-11-03T23:54:15.617+05:00,4.33827516
2021-11-03T23:54:16.119+05:00,6.149082814
2021-11-03T23:54:16.620+05:00,18.12666524
2021-11-03T23:54:17.123+05:00,10.12965466
2021-11-03T23:54:17.625+05:00,2.514360244
2021-11-03T23:54:18.128+05:00,1.68208258
2021-11-03T23:54:18.631+05:00,1.448088688
2021-11-03T23:54:19.132+05:00,1.643906268
2021-11-03T23:54:19.633+05:00,6.188645306
2021-11-03T23:54:20.135+05:00,13.09273066
2021-11-03T23:54:20.636+05:00,5.100124216
2021-11-03T23:54:21.138+05:00,4.112363337
2021-11-03T23:54:21.641+05:00,4.074433374
2021-11-03T23:54:22.142+05:00,10.67748539
2021-11-03T23:54:22.643+05:00,14.66105426
2021-11-03T23:54:23.144+05:00,5.78550658
2021-11-03T23:54:23.646+05:00,11.83835424
2021-11-03T23:54:24.148+05:00,15.8311393
2021-11-03T23:54:24.649+05:00,23.87234655
2021-11-03T23:54:25.150+05:00,15.73938597
2021-11-03T23:54:25.651+05:00,20.90170216
2021-11-03T23:54:26.152+05:00,28.15311441
2021-11-03T23:54:26.653+05:00,26.11792916
2021-11-03T23:54:27.156+05:00,12.42210537
2021-11-03T23:54:27.658+05:00,5.897093015
2021-11-03T23:54:28.174+05:00,5.253551841
2021-11-03T23:54:28.677+05:00,4.499447285
2021-11-03T23:54:29.179+05:00,1.347743454
2021-11-03T23:54:29.681+05:00,3.217350115
2021-11-03T23:54:30.182+05:00,4.137874884
2021-11-03T23:54:30.684+05:00,3.602658051
2021-11-03T23:54:31.187+05:00,1.268123925
2021-11-03T23:54:31.690+05:00,2.812950524
2021-11-03T23:54:32.192+05:00,3.437769053
2021-11-03T23:54:32.694+05:00,3.413736202
2021-11-03T23:54:33.196+05:00,2.242939335
2021-11-03T23:54:33.697+05:00,3.9007681
2021-11-03T23:54:34.199+05:00,3.730157635
2021-11-03T23:54:34.703+05:00,5.267041367
2021-11-03T23:54:35.204+05:00,6.920422206
2021-11-03T23:54:35.705+05:00,5.415254941
2021-11-03T23:54:36.206+05:00,5.499267179
2021-11-03T23:54:36.709+05:00,2.309224591
2021-11-03T23:54:37.212+05:00,1.18757038
2021-11-03T23:54:37.715+05:00,2.696105789
2021-11-03T23:54:38.216+05:00,2.77738446
2021-11-03T23:54:38.719+05:00,1.371415169
2021-11-03T23:54:39.222+05:00,0.966639181
2021-11-03T23:54:39.723+05:00,14.21240059
2021-11-03T23:54:40.226+05:00,6.582938941
2021-11-03T23:54:40.727+05:00,3.140784253
2021-11-03T23:54:41.229+05:00,1.885610925
2021-11-03T23:54:41.732+05:00,1.500558079
2021-11-03T23:54:42.233+05:00,2.374392735
2021-11-03T23:54:42.734+05:00,6.79495793
2021-11-03T23:54:43.236+05:00,14.59632109
2021-11-03T23:54:43.739+05:00,12.00224739
2021-11-03T23:54:44.241+05:00,3.638164712
2021-11-03T23:54:44.744+05:00,6.141987628
2021-11-03T23:54:45.247+05:00,0.344375382
2021-11-03T23:54:45.750+05:00,1.469689494
2021-11-03T23:54:46.253+05:00,0.454093778
2021-11-03T23:54:46.756+05:00,1.790970043
2021-11-03T23:54:47.259+05:00,0.732167921
2021-11-03T23:54:47.761+05:00,1.076364283
2021-11-03T23:54:48.264+05:00,0.573325355
2021-11-03T23:54:48.767+05:00,0.757964217
2021-11-03T23:54:49.281+05:00,0.178702269
2021-11-03T23:54:49.782+05:00,6.316619764
2021-11-03T23:54:50.283+05:00,0.454135682
2021-11-03T23:54:50.786+05:00,2.576747793
2021-11-03T23:54:51.289+05:00,0.607410128
2021-11-03T23:54:51.791+05:00,0.620244513
2021-11-03T23:54:52.294+05:00,0.421637244
2021-11-03T23:54:52.797+05:00,3.370167277
2021-11-03T23:54:53.299+05:00,3.31837648
2021-11-03T23:54:53.800+05:00,2.112704601
2021-11-03T23:54:54.303+05:00,0.933430387
2021-11-03T23:54:54.804+05:00,1.004895487
2021-11-03T23:54:55.307+05:00,0.224345912
2021-11-03T23:54:55.811+05:00,1.189326899
2021-11-03T23:54:56.313+05:00,0.265813165
2021-11-03T23:54:56.815+05:00,0.351266599
2021-11-03T23:54:57.316+05:00,0.858209069
2021-11-03T23:54:57.817+05:00,2.551796286
2021-11-03T23:54:58.320+05:00,3.729470211
2021-11-03T23:54:58.823+05:00,2.60604896
2021-11-03T23:54:59.326+05:00,0.471866318
2021-11-03T23:54:59.828+05:00,0.533821928
2021-11-03T23:55:00.331+05:00,0.765595026
2021-11-03T23:55:00.834+05:00,0.111429517
2021-11-03T23:55:01.337+05:00,14.7096786
2021-11-03T23:55:01.840+05:00,0
2021-11-03T23:55:02.343+05:00,0.931116547
2021-11-03T23:55:02.844+05:00,10.65906293
2021-11-03T23:55:03.345+05:00,4.544675152
2021-11-03T23:55:03.846+05:00,3.015519518
2021-11-03T23:55:04.349+05:00,1.83017112
2021-11-03T23:55:04.851+05:00,1.227114981
2021-11-03T23:55:05.354+05:00,4.146860633
2021-11-03T23:55:05.855+05:00,7.203383515
2021-11-03T23:55:06.357+05:00,14.34471486
2021-11-03T23:55:06.858+05:00,4.436693635
2021-11-03T23:55:07.360+05:00,4.393813248
2021-11-03T23:55:07.861+05:00,23.04685363
2021-11-03T23:55:08.363+05:00,12.52725515
2021-11-03T23:55:08.866+05:00,5.164941809
2021-11-03T23:55:09.369+05:00,2.12417468
2021-11-03T23:55:09.881+05:00,0.965804994
2021-11-03T23:55:10.384+05:00,1.813630594
2021-11-03T23:55:10.886+05:00,1.724557975
2021-11-03T23:55:11.389+05:00,1.465134933
2021-11-03T23:55:11.892+05:00,1.328759219
2021-11-03T23:55:12.394+05:00,0.78644087
2021-11-03T23:55:12.897+05:00,1.313268988
2021-11-03T23:55:13.401+05:00,1.848312283
2021-11-03T23:55:13.904+05:00,0.757870608
2021-11-03T23:55:14.407+05:00,0.449518553
2021-11-03T23:55:14.909+05:00,0.801229844
2021-11-03T23:55:15.413+05:00,0.669445509
2021-11-03T23:55:15.916+05:00,0.697021849
2021-11-03T23:55:16.418+05:00,4.024996202
2021-11-03T23:55:16.920+05:00,4.709402525
2021-11-03T23:55:17.423+05:00,0.495607868
2021-11-03T23:55:17.924+05:00,4.65201943
2021-11-03T23:55:18.427+05:00,0.682199274
2021-11-03T23:55:18.930+05:00,0.431661892
2021-11-03T23:55:19.433+05:00,0.945725193
2021-11-03T23:55:19.936+05:00,1.297799252
2021-11-03T23:55:20.439+05:00,0.560111334
2021-11-03T23:55:20.942+05:00,0.525635875
2021-11-03T23:55:21.445+05:00,0.328301064
2021-11-03T23:55:21.948+05:00,0.530456266
2021-11-03T23:55:22.451+05:00,0.665502556
2021-11-03T23:55:22.953+05:00,1.732154906
2021-11-03T23:55:23.455+05:00,3.108088551
2021-11-03T23:55:23.958+05:00,0.736574224
2021-11-03T23:55:24.461+05:00,0.456921739
2021-11-03T23:55:24.963+05:00,0.316580614
2021-11-03T23:55:25.466+05:00,1.024861851
2021-11-03T23:55:25.967+05:00,10.89264608
2021-11-03T23:55:26.470+05:00,3.886315875
2021-11-03T23:55:26.973+05:00,2.038135328
2021-11-03T23:55:27.475+05:00,1.585131209
2021-11-03T23:55:27.978+05:00,1.641125405
2021-11-03T23:55:28.480+05:00,1.627724498
2021-11-03T23:55:28.982+05:00,9.484368407
2021-11-03T23:55:29.484+05:00,13.56122601
2021-11-03T23:55:29.987+05:00,4.948868757
2021-11-03T23:55:30.489+05:00,14.34087151
2021-11-03T23:55:30.996+05:00,10.20108595
2021-11-03T23:55:31.497+05:00,14.15630197
2021-11-03T23:55:31.999+05:00,11.86058176
2021-11-03T23:55:32.500+05:00,11.32679902
2021-11-03T23:55:33.003+05:00,9.66074053
2021-11-03T23:55:33.504+05:00,4.810571707
2021-11-03T23:55:34.005+05:00,4.627514836
2021-11-03T23:55:34.506+05:00,3.723255841
2021-11-03T23:55:35.009+05:00,2.468539341
2021-11-03T23:55:35.512+05:00,2.014341198
2021-11-03T23:55:36.014+05:00,4.601400891
2021-11-03T23:55:36.516+05:00,3.918536962
2021-11-03T23:55:37.018+05:00,1.94986499
2021-11-03T23:55:37.520+05:00,8.351014201
2021-11-03T23:55:38.021+05:00,14.46767916
2021-11-03T23:55:38.523+05:00,9.484840832
2021-11-03T23:55:39.026+05:00,1.569218469
2021-11-03T23:55:39.528+05:00,1.95354271
2021-11-03T23:55:40.030+05:00,1.832752133
2021-11-03T23:55:40.532+05:00,3.297936493
2021-11-03T23:55:41.035+05:00,1.022080173
2021-11-03T23:55:41.538+05:00,2.086545235
2021-11-03T23:55:42.041+05:00,1.015666855
2021-11-03T23:55:42.542+05:00,9.259674979
2021-11-03T23:55:43.044+05:00,16.8972115
2021-11-03T23:55:43.546+05:00,10.11558592
2021-11-03T23:55:44.049+05:00,0.896403267
2021-11-03T23:55:44.552+05:00,1.932880104
2021-11-03T23:55:45.055+05:00,0.562269186
2021-11-03T23:55:45.557+05:00,1.731730437
2021-11-03T23:55:46.058+05:00,0.697813153
2021-11-03T23:55:46.562+05:00,2.186052184
2021-11-03T23:55:47.065+05:00,5.106798976
2021-11-03T23:55:47.567+05:00,10.79432605
2021-11-03T23:55:48.069+05:00,14.02107435
2021-11-03T23:55:48.572+05:00,8.434114278
2021-11-03T23:55:49.074+05:00,10.61005363
2021-11-03T23:55:49.577+05:00,2.921752282
2021-11-03T23:55:50.078+05:00,3.079552213
2021-11-03T23:55:50.580+05:00,2.033235878
2021-11-03T23:55:51.083+05:00,1.460436309
2021-11-03T23:55:51.586+05:00,1.83686856
2021-11-03T23:55:52.095+05:00,11.94484561
2021-11-03T23:55:52.597+05:00,8.821184012
2021-11-03T23:55:53.100+05:00,4.698132857
2021-11-03T23:55:53.602+05:00,4.748192072
2021-11-03T23:55:54.104+05:00,17.52507864
2021-11-03T23:55:54.605+05:00,7.355403005
2021-11-03T23:55:55.107+05:00,11.32459684
2021-11-03T23:55:55.608+05:00,20.15151754
2021-11-03T23:55:56.110+05:00,26.06563788
2021-11-03T23:55:56.612+05:00,23.01454001
2021-11-03T23:55:57.114+05:00,15.52985675
2021-11-03T23:55:57.615+05:00,9.061769699
2021-11-03T23:55:58.117+05:00,5.862242779
2021-11-03T23:55:58.619+05:00,5.294764334
2021-11-03T23:55:59.120+05:00,8.618296188
2021-11-03T23:55:59.621+05:00,6.518399421
2021-11-03T23:56:00.122+05:00,6.331667372
2021-11-03T23:56:00.623+05:00,5.301922096
2021-11-03T23:56:01.126+05:00,8.022427973
2021-11-03T23:56:01.628+05:00,5.544147655
2021-11-03T23:56:02.130+05:00,7.127551214
2021-11-03T23:56:02.633+05:00,4.629831269
2021-11-03T23:56:03.136+05:00,4.810144245
2021-11-03T23:56:03.639+05:00,5.808241947
2021-11-03T23:56:04.142+05:00,5.381715707
2021-11-03T23:56:04.644+05:00,4.579972842
2021-11-03T23:56:05.146+05:00,4.944028753
2021-11-03T23:56:05.649+05:00,6.543774987
2021-11-03T23:56:06.152+05:00,6.8687612
2021-11-03T23:56:06.653+05:00,4.454303971
2021-11-03T23:56:07.155+05:00,4.003929348
2021-11-03T23:56:07.657+05:00,3.962245206
2021-11-03T23:56:08.159+05:00,3.949066053
2021-11-03T23:56:08.661+05:00,6.713402118
2021-11-03T23:56:09.163+05:00,6.79802769
2021-11-03T23:56:09.664+05:00,5.708565767
2021-11-03T23:56:10.165+05:00,8.40743054
2021-11-03T23:56:10.667+05:00,7.671909587
2021-11-03T23:56:11.169+05:00,4.697255411
2021-11-03T23:56:11.673+05:00,6.376028598
2021-11-03T23:56:12.179+05:00,18.89945011
2021-11-03T23:56:12.681+05:00,7.849917503
2021-11-03T23:56:13.183+05:00,2.242096257
2021-11-03T23:56:13.685+05:00,1.871489974
2021-11-03T23:56:14.187+05:00,1.369900997
2021-11-03T23:56:14.690+05:00,2.032923556
2021-11-03T23:56:15.191+05:00,13.73248205
2021-11-03T23:56:15.692+05:00,6.825271158
2021-11-03T23:56:16.194+05:00,18.88273105
2021-11-03T23:56:16.696+05:00,5.124085701
2021-11-03T23:56:17.198+05:00,5.471215772
2021-11-03T23:56:17.699+05:00,5.83345149
2021-11-03T23:56:18.200+05:00,13.78952459
2021-11-03T23:56:18.702+05:00,20.85844952
2021-11-03T23:56:19.204+05:00,7.436140598
2021-11-03T23:56:19.706+05:00,5.00065268
2021-11-03T23:56:20.207+05:00,20.28700591
2021-11-03T23:56:20.708+05:00,14.0247812
2021-11-03T23:56:21.211+05:00,2.802722107
2021-11-03T23:56:21.713+05:00,3.330637079
2021-11-03T23:56:22.216+05:00,4.864907341
2021-11-03T23:56:22.719+05:00,3.834661495
2021-11-03T23:56:23.223+05:00,2.513539166
2021-11-03T23:56:23.725+05:00,4.54569014
2021-11-03T23:56:24.227+05:00,10.3983569
2021-11-03T23:56:24.730+05:00,1.187066188
2021-11-03T23:56:25.233+05:00,2.065215932
2021-11-03T23:56:25.735+05:00,2.791967151
2021-11-03T23:56:26.237+05:00,1.959901859
2021-11-03T23:56:26.740+05:00,2.006866076
2021-11-03T23:56:27.244+05:00,1.188364049
2021-11-03T23:56:27.747+05:00,0.822092231
2021-11-03T23:56:28.250+05:00,4.543588366
2021-11-03T23:56:28.752+05:00,4.404595954
2021-11-03T23:56:29.254+05:00,2.688481737
2021-11-03T23:56:29.757+05:00,1.046888537
2021-11-03T23:56:30.259+05:00,3.159949142
2021-11-03T23:56:30.761+05:00,2.298764585
2021-11-03T23:56:31.264+05:00,0.704974376
2021-11-03T23:56:31.767+05:00,0.635336548
2021-11-03T23:56:32.269+05:00,5.859767237
2021-11-03T23:56:32.772+05:00,5.573335591
2021-11-03T23:56:33.279+05:00,6.476160809
2021-11-03T23:56:33.781+05:00,2.722306746
2021-11-03T23:56:34.284+05:00,3.695800543
2021-11-03T23:56:34.787+05:00,0.61468541
2021-11-03T23:56:35.291+05:00,9.534529924
2021-11-03T23:56:35.793+05:00,3.742863227
2021-11-03T23:56:36.297+05:00,4.048644115
2021-11-03T23:56:36.800+05:00,0.883920168
2021-11-03T23:56:37.303+05:00,1.368332791
2021-11-03T23:56:37.806+05:00,1.570433381
2021-11-03T23:56:38.309+05:00,14.39328309
2021-11-03T23:56:38.810+05:00,15.89039593
2021-11-03T23:56:39.312+05:00,14.58728582
2021-11-03T23:56:39.813+05:00,15.38272592
2021-11-03T23:56:40.315+05:00,15.24867114
2021-11-03T23:56:40.817+05:00,22.85798971
2021-11-03T23:56:41.319+05:00,4.336645589
2021-11-03T23:56:41.822+05:00,9.899989842
2021-11-03T23:56:42.324+05:00,5.180632678
2021-11-03T23:56:42.827+05:00,4.233397559
2021-11-03T23:56:43.329+05:00,2.264147452
2021-11-03T23:56:43.831+05:00,2.007366926
2021-11-03T23:56:44.334+05:00,3.709864336
2021-11-03T23:56:44.835+05:00,6.559549187
2021-11-03T23:56:45.338+05:00,2.741939621
2021-11-03T23:56:45.841+05:00,2.461085212
2021-11-03T23:56:46.344+05:00,2.09410511
2021-11-03T23:56:46.847+05:00,3.002318851
2021-11-03T23:56:47.350+05:00,2.673760353
2021-11-03T23:56:47.851+05:00,1.950150112
2021-11-03T23:56:48.354+05:00,2.560354068
2021-11-03T23:56:48.857+05:00,2.510175524
2021-11-03T23:56:49.360+05:00,1.890042308
2021-11-03T23:56:49.863+05:00,1.898570277
2021-11-03T23:56:50.366+05:00,2.389350179
2021-11-03T23:56:50.869+05:00,1.827517024
2021-11-03T23:56:51.372+05:00,1.630341849
2021-11-03T23:56:51.875+05:00,2.679603886
2021-11-03T23:56:52.377+05:00,3.419195121
2021-11-03T23:56:52.880+05:00,2.748520486
2021-11-03T23:56:53.383+05:00,1.814760534
2021-11-03T23:56:53.886+05:00,1.872182612
2021-11-03T23:56:54.397+05:00,0.838308193
2021-11-03T23:56:54.900+05:00,1.653921084
2021-11-03T23:56:55.402+05:00,6.51055359
2021-11-03T23:56:55.905+05:00,10.38141319
2021-11-03T23:56:56.408+05:00,2.962007579
2021-11-03T23:56:56.911+05:00,1.803172343
2021-11-03T23:56:57.413+05:00,1.684195099
2021-11-03T23:56:57.916+05:00,2.129033854
2021-11-03T23:56:58.418+05:00,12.27444044
2021-11-03T23:56:58.921+05:00,1.237893568
2021-11-03T23:56:59.423+05:00,2.216967174
2021-11-03T23:56:59.926+05:00,0.872869461
2021-11-03T23:57:00.428+05:00,1.821639822
2021-11-03T23:57:00.930+05:00,6.928153367
2021-11-03T23:57:01.431+05:00,15.24258102
2021-11-03T23:57:01.933+05:00,5.729637425
2021-11-03T23:57:02.435+05:00,4.576996791
2021-11-03T23:57:02.936+05:00,12.98365095
2021-11-03T23:57:03.438+05:00,13.77268373
2021-11-03T23:57:03.939+05:00,5.975293261
2021-11-03T23:57:04.440+05:00,17.28598894
2021-11-03T23:57:04.941+05:00,23.1171866
2021-11-03T23:57:05.443+05:00,16.51921529
2021-11-03T23:57:05.945+05:00,6.528635223
2021-11-03T23:57:06.446+05:00,8.188558618
2021-11-03T23:57:06.947+05:00,5.980428847
2021-11-03T23:57:07.448+05:00,8.048737006
2021-11-03T23:57:07.949+05:00,3.980991921
2021-11-03T23:57:08.452+05:00,5.680129553
2021-11-03T23:57:08.953+05:00,5.130860682
2021-11-03T23:57:09.456+05:00,2.870638241
2021-11-03T23:57:09.958+05:00,2.205506337
2021-11-03T23:57:10.461+05:00,2.31898149
2021-11-03T23:57:10.963+05:00,3.950309833
2021-11-03T23:57:11.466+05:00,3.227603966
2021-11-03T23:57:11.969+05:00,1.014256426
2021-11-03T23:57:12.472+05:00,1.004433064
2021-11-03T23:57:12.974+05:00,2.762105295
2021-11-03T23:57:13.476+05:00,3.532960208
2021-11-03T23:57:13.978+05:00,1.121535326
2021-11-03T23:57:14.491+05:00,0.803365601
2021-11-03T23:57:14.994+05:00,0.968447733
2021-11-03T23:57:15.497+05:00,1.079973062
2021-11-03T23:57:15.999+05:00,2.495279093
2021-11-03T23:57:16.502+05:00,1.373772605
2021-11-03T23:57:17.004+05:00,0.844610065
2021-11-03T23:57:17.507+05:00,0.629171016
2021-11-03T23:57:18.010+05:00,0.569570674
2021-11-03T23:57:18.513+05:00,0.739864499
2021-11-03T23:57:19.015+05:00,0.818422327
2021-11-03T23:57:19.517+05:00,3.352821557
2021-11-03T23:57:20.019+05:00,1.289810348
2021-11-03T23:57:20.521+05:00,0.942727715
2021-11-03T23:57:21.023+05:00,0.677335316
2021-11-03T23:57:21.526+05:00,22.39587813
2021-11-03T23:57:22.029+05:00,1.45825901
2021-11-03T23:57:22.532+05:00,2.701172828
2021-11-03T23:57:23.034+05:00,1.55487394
2021-11-03T23:57:23.536+05:00,1.917627642
2021-11-03T23:57:24.040+05:00,1.17216763
2021-11-03T23:57:24.541+05:00,14.17359919
2021-11-03T23:57:25.043+05:00,5.358586495
2021-11-03T23:57:25.544+05:00,13.09814034
2021-11-03T23:57:26.046+05:00,12.23676761
2021-11-03T23:57:26.548+05:00,15.1242627
2021-11-03T23:57:27.051+05:00,7.808867698
2021-11-03T23:57:27.553+05:00,8.13635724
2021-11-03T23:57:28.055+05:00,11.14687684
2021-11-03T23:57:28.558+05:00,3.19884338
2021-11-03T23:57:29.061+05:00,2.094731921
2021-11-03T23:57:29.563+05:00,5.418766093
2021-11-03T23:57:30.064+05:00,0.808089653
2021-11-03T23:57:30.567+05:00,1.416831574
2021-11-03T23:57:31.070+05:00,0.329929959
2021-11-03T23:57:31.573+05:00,4.456030293
2021-11-03T23:57:32.076+05:00,0.73457736
2021-11-03T23:57:32.579+05:00,2.013918913
2021-11-03T23:57:33.082+05:00,1.203287341
2021-11-03T23:57:33.583+05:00,2.994439025
2021-11-03T23:57:34.085+05:00,1.070894572
2021-11-03T23:57:34.588+05:00,0.805930829
2021-11-03T23:57:35.090+05:00,0.216537147
2021-11-03T23:57:35.599+05:00,1.857658058
2021-11-03T23:57:36.101+05:00,1.918971136
2021-11-03T23:57:36.603+05:00,4.191507152
2021-11-03T23:57:37.107+05:00,0.163919951
2021-11-03T23:57:37.610+05:00,1.648124017
2021-11-03T23:57:38.113+05:00,0.709800501
2021-11-03T23:57:38.616+05:00,0.522147442
2021-11-03T23:57:39.119+05:00,0.176765812
2021-11-03T23:57:39.622+05:00,1.07862953
2021-11-03T23:57:40.125+05:00,0.195723257
2021-11-03T23:57:40.628+05:00,0.828158919
2021-11-03T23:57:41.131+05:00,0.235146593
2021-11-03T23:57:41.633+05:00,0.731048796
2021-11-03T23:57:42.136+05:00,5.48666375
2021-11-03T23:57:42.637+05:00,5.323023758
2021-11-03T23:57:43.140+05:00,2.676579215
2021-11-03T23:57:43.642+05:00,1.524032757
2021-11-03T23:57:44.145+05:00,0.348740654
2021-11-03T23:57:44.646+05:00,11.61874175
2021-11-03T23:57:45.149+05:00,0.810242544
2021-11-03T23:57:45.652+05:00,2.299107998
2021-11-03T23:57:46.155+05:00,1.169967805
2021-11-03T23:57:46.657+05:00,1.600664638
2021-11-03T23:57:47.159+05:00,1.343399234
2021-11-03T23:57:47.661+05:00,15.98879066
2021-11-03T23:57:48.162+05:00,4.216869215
2021-11-03T23:57:48.665+05:00,4.639475122
2021-11-03T23:57:49.166+05:00,18.53428987
2021-11-03T23:57:49.667+05:00,12.86125787
2021-11-03T23:57:50.170+05:00,11.65554666
2021-11-03T23:57:50.673+05:00,5.760637088
2021-11-03T23:57:51.176+05:00,2.201653054
2021-11-03T23:57:51.679+05:00,1.693137944
2021-11-03T23:57:52.182+05:00,0.402032665
2021-11-03T23:57:52.685+05:00,3.522733665
2021-11-03T23:57:53.188+05:00,3.740025937
2021-11-03T23:57:53.691+05:00,1.243631032
2021-11-03T23:57:54.194+05:00,0.539780977
2021-11-03T23:57:54.697+05:00,4.553371453
2021-11-03T23:57:55.200+05:00,0.913907019
2021-11-03T23:57:55.703+05:00,2.978134521
2021-11-03T23:57:56.206+05:00,1.251866343
2021-11-03T23:57:56.726+05:00,0.572942787
2021-11-03T23:57:57.229+05:00,0.565430018
2021-11-03T23:57:57.732+05:00,0.774651582
2021-11-03T23:57:58.234+05:00,0.301224713
2021-11-03T23:57:58.737+05:00,4.110477435
2021-11-03T23:57:59.240+05:00,4.401766573
2021-11-03T23:57:59.743+05:00,1.342827556
2021-11-03T23:58:00.246+05:00,0.191756363
2021-11-03T23:58:00.749+05:00,0.544342608
2021-11-03T23:58:01.252+05:00,6.012143809
2021-11-03T23:58:01.755+05:00,0.734253881
2021-11-03T23:58:02.258+05:00,0.762956334
2021-11-03T23:58:02.761+05:00,0.685929129
2021-11-03T23:58:03.262+05:00,1.551836597
2021-11-03T23:58:03.765+05:00,2.333938932
2021-11-03T23:58:04.267+05:00,0.793405148
2021-11-03T23:58:04.768+05:00,2.652159193
2021-11-03T23:58:05.271+05:00,3.816260978
2021-11-03T23:58:05.774+05:00,2.734128406
2021-11-03T23:58:06.277+05:00,3.763681908
2021-11-03T23:58:06.779+05:00,0.782196938
2021-11-03T23:58:07.280+05:00,2.479984412
2021-11-03T23:58:07.783+05:00,13.41482933
2021-11-03T23:58:08.286+05:00,1.400114052
2021-11-03T23:58:08.788+05:00,2.289628679
2021-11-03T23:58:09.291+05:00,1.599407907
2021-11-03T23:58:09.793+05:00,2.099644893
2021-11-03T23:58:10.294+05:00,2.931618076
2021-11-03T23:58:10.796+05:00,15.14865741
2021-11-03T23:58:11.298+05:00,4.304228987
2021-11-03T23:58:11.799+05:00,5.187049886
2021-11-03T23:58:12.302+05:00,19.65252161
2021-11-03T23:58:12.804+05:00,5.209227779
2021-11-03T23:58:13.307+05:00,4.471688872
2021-11-03T23:58:13.809+05:00,6.462181669
2021-11-03T23:58:14.311+05:00,5.47303342
2021-11-03T23:58:14.813+05:00,12.01773396
2021-11-03T23:58:15.324+05:00,5.224754125
2021-11-03T23:58:15.825+05:00,5.887620473
2021-11-03T23:58:16.326+05:00,18.59999433
2021-11-03T23:58:16.828+05:00,10.677202
2021-11-03T23:58:17.329+05:00,21.93323379
2021-11-03T23:58:17.831+05:00,5.906435038
2021-11-03T23:58:18.333+05:00,9.348212809
2021-11-03T23:58:18.834+05:00,12.96225026
2021-11-03T23:58:19.335+05:00,12.81975647
2021-11-03T23:58:19.837+05:00,9.973468338
2021-11-03T23:58:20.339+05:00,7.070813005
2021-11-03T23:58:20.841+05:00,12.79604775
2021-11-03T23:58:21.342+05:00,12.38953923
2021-11-03T23:58:21.843+05:00,6.788472849
2021-11-03T23:58:22.346+05:00,3.861743114
2021-11-03T23:58:22.848+05:00,1.87785762
2021-11-03T23:58:23.351+05:00,1.459529863
2021-11-03T23:58:23.854+05:00,1.727443951
2021-11-03T23:58:24.355+05:00,4.126067722
2021-11-03T23:58:24.858+05:00,1.164459603
2021-11-03T23:58:25.361+05:00,10.12715106
2021-11-03T23:58:25.863+05:00,2.886634216
2021-11-03T23:58:26.366+05:00,1.910245538
2021-11-03T23:58:26.869+05:00,1.770632205
2021-11-03T23:58:27.372+05:00,1.326114731
2021-11-03T23:58:27.874+05:00,3.390371538
2021-11-03T23:58:28.376+05:00,1.61743414
2021-11-03T23:58:28.878+05:00,4.801951646
2021-11-03T23:58:29.380+05:00,9.901854228
2021-11-03T23:58:29.882+05:00,5.216724529
2021-11-03T23:58:30.383+05:00,6.248643259
2021-11-03T23:58:30.885+05:00,7.990536659
2021-11-03T23:58:31.387+05:00,4.182296733
2021-11-03T23:58:31.889+05:00,2.889996207
2021-11-03T23:58:32.391+05:00,1.342606064
2021-11-03T23:58:32.892+05:00,1.704847096
2021-11-03T23:58:33.394+05:00,3.692697107
2021-11-03T23:58:33.896+05:00,16.55338416
2021-11-03T23:58:34.398+05:00,4.391096292
2021-11-03T23:58:34.901+05:00,4.247842204
2021-11-03T23:58:35.403+05:00,4.102311205
2021-11-03T23:58:35.905+05:00,4.254233394
2021-11-03T23:58:36.412+05:00,6.87302721
2021-11-03T23:58:36.914+05:00,20.85165557
2021-11-03T23:58:37.416+05:00,4.933969667
2021-11-03T23:58:37.918+05:00,4.305617783
2021-11-03T23:58:38.420+05:00,4.172107559
2021-11-03T23:58:38.922+05:00,4.709635522
2021-11-03T23:58:39.424+05:00,4.404570225
2021-11-03T23:58:39.927+05:00,5.328683205
2021-11-03T23:58:40.428+05:00,14.02341572
2021-11-03T23:58:40.929+05:00,15.45976054
2021-11-03T23:58:41.431+05:00,7.322136236
2021-11-03T23:58:41.932+05:00,7.249485255
2021-11-03T23:58:42.433+05:00,8.415081142
2021-11-03T23:58:42.935+05:00,11.76454763
2021-11-03T23:58:43.437+05:00,7.562913982
2021-11-03T23:58:43.940+05:00,5.681886685
2021-11-03T23:58:44.442+05:00,6.358759121
2021-11-03T23:58:44.944+05:00,18.586531
2021-11-03T23:58:45.445+05:00,9.403471422
2021-11-03T23:58:45.946+05:00,17.76213145
2021-11-03T23:58:46.447+05:00,14.98193812
2021-11-03T23:58:46.948+05:00,7.480444699
2021-11-03T23:58:47.449+05:00,7.864800002
2021-11-03T23:58:47.950+05:00,8.550264476
2021-11-03T23:58:48.452+05:00,6.211240933
2021-11-03T23:58:48.953+05:00,6.552775453
2021-11-03T23:58:49.455+05:00,7.089771003
2021-11-03T23:58:49.956+05:00,9.214034276
2021-11-03T23:58:50.458+05:00,5.737898418
2021-11-03T23:58:50.960+05:00,6.576757344
2021-11-03T23:58:51.462+05:00,5.098925354
2021-11-03T23:58:51.964+05:00,4.641238466
2021-11-03T23:58:52.467+05:00,5.276819479
2021-11-03T23:58:52.968+05:00,14.1675127
2021-11-03T23:58:53.470+05:00,8.407918099
2021-11-03T23:58:53.972+05:00,7.618582594
2021-11-03T23:58:54.474+05:00,1.891530343
2021-11-03T23:58:54.977+05:00,2.28842529
2021-11-03T23:58:55.479+05:00,1.411437173
2021-11-03T23:58:55.980+05:00,2.787088704
2021-11-03T23:58:56.482+05:00,3.424419433
2021-11-03T23:58:56.984+05:00,14.62257612
2021-11-03T23:58:57.494+05:00,4.559580061
2021-11-03T23:58:57.995+05:00,19.297086
2021-11-03T23:58:58.497+05:00,7.404724257
2021-11-03T23:58:58.998+05:00,21.51451948
2021-11-03T23:58:59.500+05:00,31.94813996
2021-11-03T23:59:00.003+05:00,33.04491046
2021-11-03T23:59:00.505+05:00,26.79496437
2021-11-03T23:59:01.007+05:00,28.24466505
2021-11-03T23:59:01.509+05:00,10.82210987
2021-11-03T23:59:02.011+05:00,10.90443411
2021-11-03T23:59:02.512+05:00,6.382998606
2021-11-03T23:59:03.013+05:00,8.077033607
2021-11-03T23:59:03.515+05:00,8.426390707
2021-11-03T23:59:04.016+05:00,8.969884304
2021-11-03T23:59:04.519+05:00,5.025827546
2021-11-03T23:59:05.021+05:00,7.335181084
2021-11-03T23:59:05.522+05:00,5.605443552
2021-11-03T23:59:06.024+05:00,7.618954957
2021-11-03T23:59:06.526+05:00,5.910110723
2021-11-03T23:59:07.028+05:00,6.959650799
2021-11-03T23:59:07.529+05:00,5.308449679
2021-11-03T23:59:08.032+05:00,7.441989403
2021-11-03T23:59:08.534+05:00,4.858059313
2021-11-03T23:59:09.036+05:00,7.426360695
2021-11-03T23:59:09.539+05:00,5.702079562
2021-11-03T23:59:10.040+05:00,7.033519371
2021-11-03T23:59:10.542+05:00,5.928000784
2021-11-03T23:59:11.044+05:00,7.075830983
2021-11-03T23:59:11.546+05:00,5.338607331
2021-11-03T23:59:12.049+05:00,7.170928302
2021-11-03T23:59:12.551+05:00,5.122188288
2021-11-03T23:59:13.052+05:00,9.395772009
2021-11-03T23:59:13.555+05:00,4.975657985
2021-11-03T23:59:14.057+05:00,6.649212609
2021-11-03T23:59:14.559+05:00,5.190552285
2021-11-03T23:59:15.061+05:00,7.810521909
2021-11-03T23:59:15.564+05:00,8.380895787
2021-11-03T23:59:16.066+05:00,11.35778743
2021-11-03T23:59:16.567+05:00,9.720293324
2021-11-03T23:59:17.069+05:00,16.24625512
2021-11-03T23:59:17.582+05:00,1.2065164
2021-11-03T23:59:18.084+05:00,2.561898054
2021-11-03T23:59:18.586+05:00,1.592720317
2021-11-03T23:59:19.087+05:00,2.874001591
2021-11-03T23:59:19.588+05:00,6.183135698
2021-11-03T23:59:20.089+05:00,14.78178201
2021-11-03T23:59:20.590+05:00,5.557445805
2021-11-03T23:59:21.091+05:00,7.110389862
2021-11-03T23:59:21.593+05:00,18.97774319
2021-11-03T23:59:22.095+05:00,19.76413515
2021-11-03T23:59:22.597+05:00,4.993040827
2021-11-03T23:59:23.099+05:00,5.312427318
2021-11-03T23:59:23.601+05:00,2.136509722
2021-11-03T23:59:24.104+05:00,2.129539202
2021-11-03T23:59:24.606+05:00,1.413268021
2021-11-03T23:59:25.108+05:00,2.365065811
2021-11-03T23:59:25.610+05:00,1.901957629
2021-11-03T23:59:26.114+05:00,2.436501294
2021-11-03T23:59:26.615+05:00,1.678421167
2021-11-03T23:59:27.118+05:00,1.502072804
2021-11-03T23:59:27.621+05:00,2.872079251
2021-11-03T23:59:28.124+05:00,1.904315845
2021-11-03T23:59:28.627+05:00,1.488251839
2021-11-03T23:59:29.130+05:00,1.89939696
2021-11-03T23:59:29.632+05:00,1.530651963
2021-11-03T23:59:30.133+05:00,1.57599564
2021-11-03T23:59:30.636+05:00,1.589770732
2021-11-03T23:59:31.137+05:00,4.438195344
2021-11-03T23:59:31.638+05:00,8.548679923
2021-11-03T23:59:32.141+05:00,3.30345237
2021-11-03T23:59:32.643+05:00,1.821653095
2021-11-03T23:59:33.145+05:00,0.934859009
2021-11-03T23:59:33.647+05:00,3.315984344
2021-11-03T23:59:34.150+05:00,1.321054449
2021-11-03T23:59:34.653+05:00,1.842348207
2021-11-03T23:59:35.155+05:00,1.525538429
2021-11-03T23:59:35.657+05:00,2.441829095
2021-11-03T23:59:36.160+05:00,3.370697668
2021-11-03T23:59:36.663+05:00,1.212473261
2021-11-03T23:59:37.166+05:00,3.030738223
2021-11-03T23:59:37.669+05:00,1.564231766
2021-11-03T23:59:38.171+05:00,4.440824199
2021-11-03T23:59:38.677+05:00,2.999716236
2021-11-03T23:59:39.179+05:00,3.665308356
2021-11-03T23:59:39.681+05:00,9.907118795
2021-11-03T23:59:40.184+05:00,12.8092638
2021-11-03T23:59:40.686+05:00,1.970656543
2021-11-03T23:59:41.189+05:00,1.815801706
2021-11-03T23:59:41.691+05:00,1.557071562
2021-11-03T23:59:42.194+05:00,2.192574355
2021-11-03T23:59:42.695+05:00,3.948821979
2021-11-03T23:59:43.196+05:00,15.41993797
2021-11-03T23:59:43.697+05:00,6.035192265
2021-11-03T23:59:44.198+05:00,13.63414028
2021-11-03T23:59:44.700+05:00,18.99827776
2021-11-03T23:59:45.202+05:00,12.01495806
2021-11-03T23:59:45.703+05:00,20.55588213
2021-11-03T23:59:46.205+05:00,12.93976598
2021-11-03T23:59:46.706+05:00,12.45638505
2021-11-03T23:59:47.208+05:00,6.847351007
2021-11-03T23:59:47.710+05:00,19.93682023
2021-11-03T23:59:48.212+05:00,6.040980116
2021-11-03T23:59:48.715+05:00,6.68825687
2021-11-03T23:59:49.218+05:00,1.925193431
2021-11-03T23:59:49.719+05:00,17.79545316
2021-11-03T23:59:50.220+05:00,7.822281206
2021-11-03T23:59:50.722+05:00,3.513878535
2021-11-03T23:59:51.223+05:00,6.760063111
2021-11-03T23:59:51.724+05:00,4.652367701
2021-11-03T23:59:52.225+05:00,4.132502767
2021-11-03T23:59:52.727+05:00,7.626839356
2021-11-03T23:59:53.227+05:00,4.71991466
2021-11-03T23:59:53.728+05:00,8.991496302
2021-11-03T23:59:54.231+05:00,4.575836146
2021-11-03T23:59:54.733+05:00,8.108972335
2021-11-03T23:59:55.236+05:00,7.580455384
2021-11-03T23:59:55.739+05:00,6.266649823
2021-11-03T23:59:56.242+05:00,4.739533443
2021-11-03T23:59:56.744+05:00,3.284933098
2021-11-03T23:59:57.247+05:00,0.34231348
2021-11-03T23:59:57.750+05:00,1.488848923
2021-11-03T23:59:58.253+05:00,0.303933218
2021-11-03T23:59:58.754+05:00,7.110128997
2021-11-03T23:59:59.257+05:00,0.07401696
2021-11-03T23:59:59.769+05:00,0.343233497
2021-11-04T00:00:00.272+05:00,1.527819028
2021-11-04T00:00:00.775+05:00,2.484477883
2021-11-04T00:00:01.277+05:00,7.534969908
2021-11-04T00:00:01.779+05:00,2.003809588
2021-11-04T00:00:02.282+05:00,1.652262557
2021-11-04T00:00:02.783+05:00,11.96509492
2021-11-04T00:00:03.284+05:00,8.010506488
2021-11-04T00:00:03.785+05:00,4.599706754
2021-11-04T00:00:04.286+05:00,3.78143084
2021-11-04T00:00:04.787+05:00,4.118473018
2021-11-04T00:00:05.289+05:00,5.556965321
2021-11-04T00:00:05.790+05:00,8.679624907
2021-11-04T00:00:06.291+05:00,14.37401973
2021-11-04T00:00:06.792+05:00,5.542546785
2021-11-04T00:00:07.293+05:00,5.510741254
2021-11-04T00:00:07.794+05:00,6.655834449
2021-11-04T00:00:08.295+05:00,6.318916634
2021-11-04T00:00:08.796+05:00,5.191865932
2021-11-04T00:00:09.298+05:00,16.20777057
2021-11-04T00:00:09.799+05:00,12.05901159
2021-11-04T00:00:10.300+05:00,7.511712719
2021-11-04T00:00:10.801+05:00,10.48705659
2021-11-04T00:00:11.302+05:00,8.937668472
2021-11-04T00:00:11.803+05:00,7.537551893
2021-11-04T00:00:12.305+05:00,22.45171815
2021-11-04T00:00:12.806+05:00,18.33711283
2021-11-04T00:00:13.308+05:00,17.32673911
2021-11-04T00:00:13.809+05:00,11.34269641
2021-11-04T00:00:14.311+05:00,20.48088005
2021-11-04T00:00:14.812+05:00,5.753995995
2021-11-04T00:00:15.313+05:00,9.522348775
2021-11-04T00:00:15.814+05:00,6.27658614
2021-11-04T00:00:16.315+05:00,7.905738261
2021-11-04T00:00:16.816+05:00,4.978921956
2021-11-04T00:00:17.317+05:00,7.585175757
2021-11-04T00:00:17.818+05:00,2.082388937
2021-11-04T00:00:18.319+05:00,5.274936427
2021-11-04T00:00:18.820+05:00,10.15644296
2021-11-04T00:00:19.321+05:00,4.901343553
2021-11-04T00:00:19.826+05:00,2.034096842
2021-11-04T00:00:20.328+05:00,7.700088279
2021-11-04T00:00:20.829+05:00,7.336758306
2021-11-04T00:00:21.330+05:00,6.879153858
2021-11-04T00:00:21.831+05:00,3.958211668
2021-11-04T00:00:22.332+05:00,7.247338259
2021-11-04T00:00:22.833+05:00,6.719703644
2021-11-04T00:00:23.334+05:00,5.859148876
2021-11-04T00:00:23.835+05:00,6.525584227
2021-11-04T00:00:24.336+05:00,4.912729406
2021-11-04T00:00:24.837+05:00,3.148657137
2021-11-04T00:00:25.338+05:00,3.027048612
2021-11-04T00:00:25.840+05:00,10.93587772
2021-11-04T00:00:26.341+05:00,6.488980304
2021-11-04T00:00:26.842+05:00,5.022464141
2021-11-04T00:00:27.343+05:00,3.750813602
2021-11-04T00:00:27.844+05:00,2.890202454
2021-11-04T00:00:28.345+05:00,3.645033429
2021-11-04T00:00:28.846+05:00,8.013358354
2021-11-04T00:00:29.347+05:00,13.33258992
2021-11-04T00:00:29.848+05:00,6.13855052
2021-11-04T00:00:30.350+05:00,19.43899979
2021-11-04T00:00:30.851+05:00,11.62969018
2021-11-04T00:00:31.352+05:00,5.027040604
2021-11-04T00:00:31.853+05:00,3.760761849
2021-11-04T00:00:32.353+05:00,3.303058249
2021-11-04T00:00:32.854+05:00,3.175988901
2021-11-04T00:00:33.355+05:00,4.245932596
2021-11-04T00:00:33.856+05:00,4.55802082
2021-11-04T00:00:34.357+05:00,5.099072368
2021-11-04T00:00:34.858+05:00,2.077998792
2021-11-04T00:00:35.359+05:00,2.844959123
2021-11-04T00:00:35.860+05:00,3.5938742
2021-11-04T00:00:36.361+05:00,5.0036409
2021-11-04T00:00:36.861+05:00,2.872741889
2021-11-04T00:00:37.362+05:00,2.313604249
2021-11-04T00:00:37.863+05:00,2.264517515
2021-11-04T00:00:38.364+05:00,2.054846599
2021-11-04T00:00:38.865+05:00,1.759237739
2021-11-04T00:00:39.366+05:00,4.585798333
2021-11-04T00:00:39.868+05:00,3.037351266
2021-11-04T00:00:40.369+05:00,5.079522118
2021-11-04T00:00:40.874+05:00,0.751971962
2021-11-04T00:00:41.376+05:00,1.714996404
2021-11-04T00:00:41.877+05:00,1.508777278
2021-11-04T00:00:42.378+05:00,1.135141839
2021-11-04T00:00:42.879+05:00,1.191256721
2021-11-04T00:00:43.380+05:00,3.058591588
2021-11-04T00:00:43.881+05:00,2.128988648
2021-11-04T00:00:44.382+05:00,1.870534205
2021-11-04T00:00:44.883+05:00,2.951830587
2021-11-04T00:00:45.385+05:00,1.770593373
2021-11-04T00:00:45.886+05:00,5.588103903
2021-11-04T00:00:46.387+05:00,6.25274465
2021-11-04T00:00:46.888+05:00,1.774262563
2021-11-04T00:00:47.389+05:00,5.936350343
2021-11-04T00:00:47.890+05:00,1.258425292
2021-11-04T00:00:48.391+05:00,1.32577985
2021-11-04T00:00:48.892+05:00,11.23037152
2021-11-04T00:00:49.393+05:00,12.4375548
2021-11-04T00:00:49.894+05:00,3.481698987
2021-11-04T00:00:50.395+05:00,3.49684955
2021-11-04T00:00:50.897+05:00,2.697744052
2021-11-04T00:00:51.398+05:00,2.893263193
2021-11-04T00:00:51.899+05:00,7.924473961
2021-11-04T00:00:52.400+05:00,13.59584125
2021-11-04T00:00:52.901+05:00,5.086946983
2021-11-04T00:00:53.401+05:00,4.650160987
2021-11-04T00:00:53.902+05:00,5.506655342
2021-11-04T00:00:54.403+05:00,5.52163312
2021-11-04T00:00:54.904+05:00,14.22407231
2021-11-04T00:00:55.406+05:00,13.7578823
2021-11-04T00:00:55.907+05:00,7.270918423
2021-11-04T00:00:56.408+05:00,5.685281469
2021-11-04T00:00:56.909+05:00,5.858542127
2021-11-04T00:00:57.410+05:00,5.874326724
2021-11-04T00:00:57.911+05:00,6.811374032
2021-11-04T00:00:58.412+05:00,8.599009847
2021-11-04T00:00:58.913+05:00,5.647999265
2021-11-04T00:00:59.414+05:00,6.666732065
2021-11-04T00:00:59.915+05:00,5.645127329
2021-11-04T00:01:00.416+05:00,5.532665995
2021-11-04T00:01:00.917+05:00,9.239759105
2021-11-04T00:01:01.425+05:00,24.02289259
2021-11-04T00:01:01.926+05:00,12.57836249
2021-11-04T00:01:02.427+05:00,7.167824732
2021-11-04T00:01:02.928+05:00,4.945717516
2021-11-04T00:01:03.429+05:00,7.215993767
2021-11-04T00:01:03.930+05:00,13.6349927
2021-11-04T00:01:04.431+05:00,19.07697701
2021-11-04T00:01:04.932+05:00,18.60282224
2021-11-04T00:01:05.433+05:00,6.556255632
2021-11-04T00:01:05.935+05:00,14.35526064
2021-11-04T00:01:06.436+05:00,8.287596254
2021-11-04T00:01:06.937+05:00,10.9946088
2021-11-04T00:01:07.438+05:00,27.18358296
2021-11-04T00:01:07.939+05:00,12.05031141
2021-11-04T00:01:08.442+05:00,5.692796812
2021-11-04T00:01:08.943+05:00,12.04000832
2021-11-04T00:01:09.445+05:00,16.86459354
2021-11-04T00:01:09.948+05:00,4.34939539
2021-11-04T00:01:10.449+05:00,6.459718297
2021-11-04T00:01:10.950+05:00,14.13139157
2021-11-04T00:01:11.453+05:00,19.39317342
2021-11-04T00:01:11.954+05:00,15.64069135
2021-11-04T00:01:12.455+05:00,6.412804029
2021-11-04T00:01:12.957+05:00,3.101490067
2021-11-04T00:01:13.460+05:00,2.432770141
2021-11-04T00:01:13.963+05:00,1.82214204
2021-11-04T00:01:14.465+05:00,3.087031113
2021-11-04T00:01:14.966+05:00,6.481640994
2021-11-04T00:01:15.468+05:00,13.67534824
2021-11-04T00:01:15.971+05:00,4.484618955
2021-11-04T00:01:16.473+05:00,4.034098561
2021-11-04T00:01:16.974+05:00,18.03139003
2021-11-04T00:01:17.476+05:00,5.313109217
2021-11-04T00:01:17.977+05:00,7.061852608
2021-11-04T00:01:18.478+05:00,9.218817465
2021-11-04T00:01:18.980+05:00,6.715813596
2021-11-04T00:01:19.481+05:00,9.593799907
2021-11-04T00:01:19.981+05:00,10.65490557
2021-11-04T00:01:20.484+05:00,5.087373568
2021-11-04T00:01:20.985+05:00,5.940127232
2021-11-04T00:01:21.492+05:00,4.826911255
2021-11-04T00:01:21.993+05:00,6.400916312
2021-11-04T00:01:22.494+05:00,6.278641412
2021-11-04T00:01:22.995+05:00,6.28320427
2021-11-04T00:01:23.496+05:00,4.975603078
2021-11-04T00:01:23.997+05:00,8.369528933
2021-11-04T00:01:24.500+05:00,4.841112206
2021-11-04T00:01:25.003+05:00,2.7046279
2021-11-04T00:01:25.504+05:00,2.726942322
2021-11-04T00:01:26.005+05:00,3.029319364
2021-11-04T00:01:26.508+05:00,2.016065561
2021-11-04T00:01:27.011+05:00,1.495594468
2021-11-04T00:01:27.514+05:00,2.051233755
2021-11-04T00:01:28.016+05:00,4.366126541
2021-11-04T00:01:28.517+05:00,4.591238901
2021-11-04T00:01:29.019+05:00,0.777623119
2021-11-04T00:01:29.522+05:00,1.570541285
2021-11-04T00:01:30.023+05:00,1.005623401
2021-11-04T00:01:30.525+05:00,1.61785542
2021-11-04T00:01:31.027+05:00,1.658461016
2021-11-04T00:01:31.529+05:00,0.779884473
2021-11-04T00:01:32.032+05:00,0.708451892
2021-11-04T00:01:32.533+05:00,1.845574342
2021-11-04T00:01:33.034+05:00,2.389305007
2021-11-04T00:01:33.535+05:00,2.068184657
2021-11-04T00:01:34.037+05:00,2.830325155
2021-11-04T00:01:34.538+05:00,4.287856144
2021-11-04T00:01:35.039+05:00,9.375389676
2021-11-04T00:01:35.540+05:00,6.321973827
2021-11-04T00:01:36.043+05:00,4.276328109
2021-11-04T00:01:36.546+05:00,1.003228815
2021-11-04T00:01:37.048+05:00,1.445735647
2021-11-04T00:01:37.551+05:00,1.374387706
2021-11-04T00:01:38.053+05:00,5.791822118
2021-11-04T00:01:38.555+05:00,13.20102886
2021-11-04T00:01:39.056+05:00,4.255567764
2021-11-04T00:01:39.557+05:00,4.703031472
2021-11-04T00:01:40.058+05:00,4.426748836
2021-11-04T00:01:40.559+05:00,17.63401008
2021-11-04T00:01:41.061+05:00,12.07773209
2021-11-04T00:01:41.568+05:00,21.49511051
2021-11-04T00:01:42.069+05:00,10.92699852
2021-11-04T00:01:42.570+05:00,17.51754947
2021-11-04T00:01:43.071+05:00,25.68864343
2021-11-04T00:01:43.572+05:00,29.11583139
2021-11-04T00:01:44.073+05:00,20.44525065
2021-11-04T00:01:44.575+05:00,32.31366542
2021-11-04T00:01:45.076+05:00,25.60704708
2021-11-04T00:01:45.577+05:00,15.32397338
2021-11-04T00:01:46.079+05:00,20.85845303
2021-11-04T00:01:46.580+05:00,23.51232892
2021-11-04T00:01:47.081+05:00,7.145291311
2021-11-04T00:01:47.582+05:00,5.371958925
2021-11-04T00:01:48.085+05:00,5.973560609
2021-11-04T00:01:48.587+05:00,8.771554445
2021-11-04T00:01:49.089+05:00,5.327243875
2021-11-04T00:01:49.591+05:00,10.49421217
2021-11-04T00:01:50.092+05:00,6.696346134
2021-11-04T00:01:50.594+05:00,5.436893197
2021-11-04T00:01:51.095+05:00,5.646107928
2021-11-04T00:01:51.597+05:00,5.392862016
2021-11-04T00:01:52.100+05:00,5.462995581
2021-11-04T00:01:52.602+05:00,5.908055787
2021-11-04T00:01:53.104+05:00,7.695783477
2021-11-04T00:01:53.606+05:00,5.660243598
2021-11-04T00:01:54.108+05:00,5.483969173
2021-11-04T00:01:54.610+05:00,5.333130162
2021-11-04T00:01:55.112+05:00,5.881536985
2021-11-04T00:01:55.614+05:00,4.867303888
2021-11-04T00:01:56.116+05:00,17.01378506
2021-11-04T00:01:56.617+05:00,26.34910676
2021-11-04T00:01:57.119+05:00,9.139776571
2021-11-04T00:01:57.621+05:00,5.066984314
2021-11-04T00:01:58.122+05:00,7.969129898
2021-11-04T00:01:58.625+05:00,31.67519734
2021-11-04T00:01:59.126+05:00,3.840755379
2021-11-04T00:01:59.628+05:00,5.278705266
2021-11-04T00:02:00.129+05:00,3.836798033
2021-11-04T00:02:00.631+05:00,3.94865859
2021-11-04T00:02:01.132+05:00,14.76571653
2021-11-04T00:02:01.635+05:00,13.49833582
2021-11-04T00:02:02.138+05:00,5.877978429
2021-11-04T00:02:02.645+05:00,13.00183718
2021-11-04T00:02:03.147+05:00,23.96683426
2021-11-04T00:02:03.649+05:00,17.502998
2021-11-04T00:02:04.151+05:00,10.30058323
2021-11-04T00:02:04.652+05:00,7.725305865
2021-11-04T00:02:05.153+05:00,11.60643371
2021-11-04T00:02:05.654+05:00,8.407970844
2021-11-04T00:02:06.155+05:00,7.547126536
2021-11-04T00:02:06.657+05:00,15.11463603
2021-11-04T00:02:07.159+05:00,7.843776469
2021-11-04T00:02:07.661+05:00,11.07083297
2021-11-04T00:02:08.163+05:00,12.64542503
2021-11-04T00:02:08.666+05:00,5.192583493
2021-11-04T00:02:09.168+05:00,3.64080108
2021-11-04T00:02:09.669+05:00,4.03408991
2021-11-04T00:02:10.171+05:00,3.395104415
2021-11-04T00:02:10.673+05:00,4.364688564
2021-11-04T00:02:11.175+05:00,3.224577495
2021-11-04T00:02:11.677+05:00,3.121681865
2021-11-04T00:02:12.178+05:00,4.008759554
2021-11-04T00:02:12.679+05:00,4.26795719
2021-11-04T00:02:13.181+05:00,3.791187357
2021-11-04T00:02:13.684+05:00,4.260565796
2021-11-04T00:02:14.186+05:00,2.00794051
2021-11-04T00:02:14.689+05:00,2.128719903
2021-11-04T00:02:15.192+05:00,3.153793443
2021-11-04T00:02:15.695+05:00,5.787213213
2021-11-04T00:02:16.198+05:00,3.185283436
2021-11-04T00:02:16.702+05:00,1.934554595
2021-11-04T00:02:17.203+05:00,2.721638393
2021-11-04T00:02:17.705+05:00,2.316716551
2021-11-04T00:02:18.208+05:00,2.066489883
2021-11-04T00:02:18.711+05:00,1.827390623
2021-11-04T00:02:19.214+05:00,1.745411438
2021-11-04T00:02:19.716+05:00,2.276261057
2021-11-04T00:02:20.218+05:00,3.625174537
2021-11-04T00:02:20.722+05:00,1.156817856
2021-11-04T00:02:21.224+05:00,10.30690903
2021-11-04T00:02:21.727+05:00,4.56897287
2021-11-04T00:02:22.229+05:00,2.267284817
2021-11-04T00:02:22.732+05:00,1.593110283
2021-11-04T00:02:23.235+05:00,1.595750293
2021-11-04T00:02:23.741+05:00,1.75140189
2021-11-04T00:02:24.242+05:00,7.731893321
2021-11-04T00:02:24.744+05:00,11.64232623
2021-11-04T00:02:25.246+05:00,4.303672986
2021-11-04T00:02:25.748+05:00,4.547193625
2021-11-04T00:02:26.249+05:00,16.47277984
2021-11-04T00:02:26.751+05:00,7.727438895
2021-11-04T00:02:27.253+05:00,5.633733627
2021-11-04T00:02:27.755+05:00,5.544703485
2021-11-04T00:02:28.258+05:00,4.943278435
2021-11-04T00:02:28.761+05:00,5.723787932
2021-11-04T00:02:29.262+05:00,10.19439554
2021-11-04T00:02:29.764+05:00,8.476114584
2021-11-04T00:02:30.267+05:00,8.863788861
2021-11-04T00:02:30.769+05:00,7.802476974
2021-11-04T00:02:31.271+05:00,8.067038323
2021-11-04T00:02:31.773+05:00,6.645395842
2021-11-04T00:02:32.275+05:00,7.378744418
2021-11-04T00:02:32.777+05:00,16.74725044
2021-11-04T00:02:33.278+05:00,10.51313358
2021-11-04T00:02:33.780+05:00,6.783638956
2021-11-04T00:02:34.282+05:00,7.367328538
2021-11-04T00:02:34.784+05:00,9.422119702
2021-11-04T00:02:35.286+05:00,8.798870969
2021-11-04T00:02:35.787+05:00,9.472666881
2021-11-04T00:02:36.288+05:00,6.873921949
2021-11-04T00:02:36.790+05:00,5.685756134
2021-11-04T00:02:37.293+05:00,6.628975629
2021-11-04T00:02:37.794+05:00,10.59011872
2021-11-04T00:02:38.295+05:00,10.01337685
2021-11-04T00:02:38.797+05:00,5.199443627
2021-11-04T00:02:39.299+05:00,5.528626701
2021-11-04T00:02:39.802+05:00,5.106932921
2021-11-04T00:02:40.303+05:00,7.169689751
2021-11-04T00:02:40.805+05:00,7.286792223
2021-11-04T00:02:41.307+05:00,5.639611824
2021-11-04T00:02:41.809+05:00,6.244128378
2021-11-04T00:02:42.311+05:00,5.052363588
2021-11-04T00:02:42.813+05:00,13.26650173
2021-11-04T00:02:43.315+05:00,9.094963563
2021-11-04T00:02:43.824+05:00,6.181240438
2021-11-04T00:02:44.326+05:00,12.89216357
2021-11-04T00:02:44.829+05:00,5.631659512
2021-11-04T00:02:45.332+05:00,2.496509115
2021-11-04T00:02:45.835+05:00,2.626108561
2021-11-04T00:02:46.337+05:00,1.928188259
2021-11-04T00:02:46.839+05:00,1.641316702
2021-11-04T00:02:47.341+05:00,9.402045737
2021-11-04T00:02:47.843+05:00,10.92376389
2021-11-04T00:02:48.345+05:00,6.797736417
2021-11-04T00:02:48.847+05:00,16.06251834
2021-11-04T00:02:49.349+05:00,5.069391213
2021-11-04T00:02:49.851+05:00,5.791632652
2021-11-04T00:02:50.353+05:00,4.594088796
2021-11-04T00:02:50.856+05:00,6.083209784
2021-11-04T00:02:51.357+05:00,17.24279847
2021-11-04T00:02:51.858+05:00,15.64426921
2021-11-04T00:02:52.360+05:00,9.631369945
2021-11-04T00:02:52.863+05:00,7.873836527
2021-11-04T00:02:53.365+05:00,8.123608692
2021-11-04T00:02:53.866+05:00,7.784837183
2021-11-04T00:02:54.367+05:00,29.66803256
2021-11-04T00:02:54.869+05:00,38.94262003
2021-11-04T00:02:55.370+05:00,33.33545073
2021-11-04T00:02:55.871+05:00,22.72289979
2021-11-04T00:02:56.374+05:00,15.55878029
2021-11-04T00:02:56.876+05:00,7.905473312
2021-11-04T00:02:57.378+05:00,7.345350152
2021-11-04T00:02:57.879+05:00,7.780974407
2021-11-04T00:02:58.381+05:00,7.445108546
2021-11-04T00:02:58.883+05:00,9.570665647
2021-11-04T00:02:59.386+05:00,17.49024731
2021-11-04T00:02:59.889+05:00,3.66551995
2021-11-04T00:03:00.392+05:00,2.906290325
2021-11-04T00:03:00.893+05:00,7.367902842
2021-11-04T00:03:01.395+05:00,4.309732444
2021-11-04T00:03:01.898+05:00,1.280818289
2021-11-04T00:03:02.400+05:00,2.946556922
2021-11-04T00:03:02.901+05:00,6.35669063
2021-11-04T00:03:03.402+05:00,5.747701402
2021-11-04T00:03:03.905+05:00,5.798737395
2021-11-04T00:03:04.408+05:00,2.029586693
2021-11-04T00:03:04.914+05:00,8.652007233
2021-11-04T00:03:05.417+05:00,7.507100428
2021-11-04T00:03:05.920+05:00,1.960245016
2021-11-04T00:03:06.422+05:00,3.843713408
2021-11-04T00:03:06.925+05:00,0.795082638
2021-11-04T00:03:07.426+05:00,10.65527583
2021-11-04T00:03:07.928+05:00,5.537770427
2021-11-04T00:03:08.430+05:00,2.885534393
2021-11-04T00:03:08.933+05:00,1.659050094
2021-11-04T00:03:09.436+05:00,1.479594815
2021-11-04T00:03:09.938+05:00,2.333725052
2021-11-04T00:03:10.439+05:00,9.335768752
2021-11-04T00:03:10.940+05:00,11.94138614
2021-11-04T00:03:11.441+05:00,5.353085852
2021-11-04T00:03:11.942+05:00,9.296990866
2021-11-04T00:03:12.444+05:00,23.73651952
2021-11-04T00:03:12.946+05:00,22.15092552
2021-11-04T00:03:13.448+05:00,25.56731398
2021-11-04T00:03:13.950+05:00,15.31372653
2021-11-04T00:03:14.452+05:00,5.571003633
2021-11-04T00:03:14.954+05:00,8.680361252
2021-11-04T00:03:15.457+05:00,0.95457534
2021-11-04T00:03:15.958+05:00,4.093116811
2021-11-04T00:03:16.461+05:00,2.536990106
2021-11-04T00:03:16.963+05:00,6.227603819
2021-11-04T00:03:17.464+05:00,2.426088005
2021-11-04T00:03:17.967+05:00,3.437135308
2021-11-04T00:03:18.469+05:00,7.619853665
2021-11-04T00:03:18.971+05:00,4.122454768
2021-11-04T00:03:19.474+05:00,1.297887037
2021-11-04T00:03:19.977+05:00,2.974167542
2021-11-04T00:03:20.481+05:00,1.548209579
2021-11-04T00:03:20.984+05:00,3.533807698
2021-11-04T00:03:21.485+05:00,1.113166652
2021-11-04T00:03:21.988+05:00,3.901351221
2021-11-04T00:03:22.490+05:00,1.268010211
2021-11-04T00:03:22.994+05:00,3.215667082
2021-11-04T00:03:23.496+05:00,7.512585621
2021-11-04T00:03:23.999+05:00,4.023002817
2021-11-04T00:03:24.503+05:00,0.780938789
2021-11-04T00:03:25.005+05:00,2.29924452
2021-11-04T00:03:25.508+05:00,0.808831822
2021-11-04T00:03:26.018+05:00,1.804236812
2021-11-04T00:03:26.520+05:00,1.192994722
2021-11-04T00:03:27.022+05:00,2.898031459
2021-11-04T00:03:27.525+05:00,0.460708786
2021-11-04T00:03:28.027+05:00,2.906473221
2021-11-04T00:03:28.530+05:00,7.698512444
2021-11-04T00:03:29.032+05:00,4.760587182
2021-11-04T00:03:29.535+05:00,2.645437005
2021-11-04T00:03:30.036+05:00,3.499798638
2021-11-04T00:03:30.539+05:00,11.12393413
2021-11-04T00:03:31.041+05:00,2.038939489
2021-11-04T00:03:31.545+05:00,2.093645312
2021-11-04T00:03:32.048+05:00,1.206718004
2021-11-04T00:03:32.551+05:00,2.041382179
2021-11-04T00:03:33.053+05:00,1.657280828
2021-11-04T00:03:33.554+05:00,15.2717867
2021-11-04T00:03:34.057+05:00,6.206351145
2021-11-04T00:03:34.558+05:00,4.532863319
2021-11-04T00:03:35.061+05:00,4.334933467
2021-11-04T00:03:35.563+05:00,4.241266184
2021-11-04T00:03:36.064+05:00,18.42451462
2021-11-04T00:03:36.566+05:00,6.215195044
2021-11-04T00:03:37.068+05:00,6.264954225
2021-11-04T00:03:37.569+05:00,12.17377646
2021-11-04T00:03:38.072+05:00,14.35616776
2021-11-04T00:03:38.574+05:00,17.91955146
2021-11-04T00:03:39.075+05:00,16.07674451
2021-11-04T00:03:39.578+05:00,8.090960697
2021-11-04T00:03:40.079+05:00,7.346018519
2021-11-04T00:03:40.581+05:00,8.155065568
2021-11-04T00:03:41.083+05:00,15.59439603
2021-11-04T00:03:41.584+05:00,11.95265126
2021-11-04T00:03:42.086+05:00,9.224563513
2021-11-04T00:03:42.587+05:00,7.957237705
2021-11-04T00:03:43.088+05:00,18.05048689
2021-11-04T00:03:43.589+05:00,18.43538341
2021-11-04T00:03:44.091+05:00,8.823369192
2021-11-04T00:03:44.592+05:00,10.8793139
2021-11-04T00:03:45.094+05:00,9.245901364
2021-11-04T00:03:45.595+05:00,9.214852751
2021-11-04T00:03:46.097+05:00,8.102802766
2021-11-04T00:03:46.610+05:00,8.648326807
2021-11-04T00:03:47.112+05:00,8.810243938
2021-11-04T00:03:47.614+05:00,8.608019655
2021-11-04T00:03:48.115+05:00,7.617523992
2021-11-04T00:03:48.617+05:00,9.374423035
2021-11-04T00:03:49.118+05:00,8.818217429
2021-11-04T00:03:49.619+05:00,7.344156834
2021-11-04T00:03:50.121+05:00,5.45652559
2021-11-04T00:03:50.622+05:00,17.81993797
2021-11-04T00:03:51.125+05:00,13.50565254
2021-11-04T00:03:51.626+05:00,2.588522898
2021-11-04T00:03:52.129+05:00,3.166207816
2021-11-04T00:03:52.631+05:00,3.460237537
2021-11-04T00:03:53.134+05:00,1.667066548
2021-11-04T00:03:53.636+05:00,13.48137123
2021-11-04T00:03:54.138+05:00,2.523181262
2021-11-04T00:03:54.640+05:00,2.143225166
2021-11-04T00:03:55.143+05:00,0.959990358
2021-11-04T00:03:55.646+05:00,1.345951855
2021-11-04T00:03:56.149+05:00,1.636570248
2021-11-04T00:03:56.651+05:00,15.01563229
2021-11-04T00:03:57.152+05:00,4.991598967
2021-11-04T00:03:57.654+05:00,4.062433233
2021-11-04T00:03:58.156+05:00,4.353795674
2021-11-04T00:03:58.658+05:00,4.246374796
2021-11-04T00:03:59.159+05:00,4.366269236
2021-11-04T00:03:59.660+05:00,19.38312663
2021-11-04T00:04:00.162+05:00,5.421066998
2021-11-04T00:04:00.663+05:00,15.47580792
2021-11-04T00:04:01.164+05:00,9.217184437
2021-11-04T00:04:01.667+05:00,19.4398141
2021-11-04T00:04:02.168+05:00,14.97867478
2021-11-04T00:04:02.669+05:00,21.27413576
2021-11-04T00:04:03.170+05:00,8.68891038
2021-11-04T00:04:03.671+05:00,5.473439807
2021-11-04T00:04:04.174+05:00,3.083728395
2021-11-04T00:04:04.676+05:00,1.79063534
2021-11-04T00:04:05.178+05:00,3.257321402
2021-11-04T00:04:05.679+05:00,8.106484339
2021-11-04T00:04:06.182+05:00,3.945520124
2021-11-04T00:04:06.683+05:00,3.697452255
2021-11-04T00:04:07.186+05:00,3.210258531
2021-11-04T00:04:07.701+05:00,2.227595371
2021-11-04T00:04:08.203+05:00,1.321441243
2021-11-04T00:04:08.705+05:00,1.505744937
2021-11-04T00:04:09.208+05:00,1.878611077
2021-11-04T00:04:09.710+05:00,3.297669183
2021-11-04T00:04:10.212+05:00,2.113421181
2021-11-04T00:04:10.714+05:00,6.454126532
2021-11-04T00:04:11.217+05:00,3.974468101
2021-11-04T00:04:11.720+05:00,1.613041464
2021-11-04T00:04:12.223+05:00,2.789176496
2021-11-04T00:04:12.725+05:00,1.695392365
2021-11-04T00:04:13.228+05:00,1.181166915
2021-11-04T00:04:13.730+05:00,2.794991715
2021-11-04T00:04:14.231+05:00,1.294087256
2021-11-04T00:04:14.734+05:00,2.180024916
2021-11-04T00:04:15.237+05:00,1.515300867
2021-11-04T00:04:15.738+05:00,6.832782879
2021-11-04T00:04:16.239+05:00,6.471099034
2021-11-04T00:04:16.741+05:00,12.66065535
2021-11-04T00:04:17.242+05:00,4.526439828
2021-11-04T00:04:17.745+05:00,3.925084736
2021-11-04T00:04:18.248+05:00,1.198249654
2021-11-04T00:04:18.751+05:00,1.323981388
2021-11-04T00:04:19.254+05:00,3.180792297
2021-11-04T00:04:19.755+05:00,15.20115931
2021-11-04T00:04:20.257+05:00,5.687651427
2021-11-04T00:04:20.760+05:00,4.348947434
2021-11-04T00:04:21.261+05:00,4.467458785
2021-11-04T00:04:21.763+05:00,4.342234381
2021-11-04T00:04:22.265+05:00,11.8187577
2021-11-04T00:04:22.767+05:00,19.06921268
2021-11-04T00:04:23.269+05:00,5.456883307
2021-11-04T00:04:23.771+05:00,6.401229523
2021-11-04T00:04:24.272+05:00,11.9272577
2021-11-04T00:04:24.774+05:00,7.291582002
2021-11-04T00:04:25.276+05:00,5.354315587
2021-11-04T00:04:25.778+05:00,6.086595495
2021-11-04T00:04:26.279+05:00,6.483656978
2021-11-04T00:04:26.781+05:00,5.209827141
2021-11-04T00:04:27.283+05:00,6.067602881
2021-11-04T00:04:27.785+05:00,7.152436928
2021-11-04T00:04:28.288+05:00,5.392311208
2021-11-04T00:04:28.795+05:00,5.86142271
2021-11-04T00:04:29.297+05:00,4.68339589
2021-11-04T00:04:29.798+05:00,10.29648427
2021-11-04T00:04:30.301+05:00,4.17314877
2021-11-04T00:04:30.803+05:00,2.405936386
2021-11-04T00:04:31.306+05:00,2.123880313
2021-11-04T00:04:31.808+05:00,2.163228165
2021-11-04T00:04:32.309+05:00,1.84927533
2021-11-04T00:04:32.812+05:00,2.828018428
2021-11-04T00:04:33.313+05:00,2.762874282
2021-11-04T00:04:33.816+05:00,3.186061289
2021-11-04T00:04:34.318+05:00,3.903816857
2021-11-04T00:04:34.820+05:00,2.715966494
2021-11-04T00:04:35.322+05:00,1.675967338
2021-11-04T00:04:35.825+05:00,2.318966876
2021-11-04T00:04:36.328+05:00,4.27894877
2021-11-04T00:04:36.831+05:00,4.579023982
2021-11-04T00:04:37.333+05:00,4.234739146
2021-11-04T00:04:37.836+05:00,1.816030125
2021-11-04T00:04:38.339+05:00,1.99609106
2021-11-04T00:04:38.840+05:00,1.605657809
2021-11-04T00:04:39.343+05:00,1.29177081
2021-11-04T00:04:39.845+05:00,9.933817174
2021-11-04T00:04:40.348+05:00,3.725424345
2021-11-04T00:04:40.851+05:00,2.3170385
2021-11-04T00:04:41.354+05:00,1.337620833
2021-11-04T00:04:41.857+05:00,1.604884447
2021-11-04T00:04:42.359+05:00,1.553610957
2021-11-04T00:04:42.860+05:00,16.20155516
2021-11-04T00:04:43.362+05:00,5.663379798
2021-11-04T00:04:43.864+05:00,5.702958105
2021-11-04T00:04:44.366+05:00,4.608949076
2021-11-04T00:04:44.868+05:00,4.368649765
2021-11-04T00:04:45.370+05:00,18.67250805
2021-11-04T00:04:45.871+05:00,11.1059449
2021-11-04T00:04:46.372+05:00,11.10465645
2021-11-04T00:04:46.872+05:00,20.54458992
2021-11-04T00:04:47.373+05:00,15.70133006
2021-11-04T00:04:47.874+05:00,18.87814455
2021-11-04T00:04:48.375+05:00,31.74875457
2021-11-04T00:04:48.883+05:00,35.06372843
2021-11-04T00:04:49.384+05:00,12.25243048
2021-11-04T00:04:49.885+05:00,10.32968375
2021-11-04T00:04:50.386+05:00,8.663305978
2021-11-04T00:04:50.887+05:00,7.373034144
2021-11-04T00:04:51.388+05:00,8.239548721
2021-11-04T00:04:51.889+05:00,6.991415826
2021-11-04T00:04:52.390+05:00,6.696393972
2021-11-04T00:04:52.892+05:00,6.797339765
2021-11-04T00:04:53.394+05:00,7.368169693
2021-11-04T00:04:53.897+05:00,6.787649103
2021-11-04T00:04:54.398+05:00,7.817338243
2021-11-04T00:04:54.900+05:00,7.599183527
2021-11-04T00:04:55.402+05:00,6.160818933
2021-11-04T00:04:55.905+05:00,5.947182022
2021-11-04T00:04:56.406+05:00,6.382047073
2021-11-04T00:04:56.908+05:00,7.737609456
2021-11-04T00:04:57.410+05:00,7.618218508
2021-11-04T00:04:57.911+05:00,6.620118368
2021-11-04T00:04:58.413+05:00,6.85080009
2021-11-04T00:04:58.916+05:00,6.535214617
2021-11-04T00:04:59.418+05:00,6.476117387
2021-11-04T00:04:59.919+05:00,8.092187941
2021-11-04T00:05:00.421+05:00,6.185201647
2021-11-04T00:05:00.922+05:00,8.224735946
2021-11-04T00:05:01.424+05:00,7.127917767
2021-11-04T00:05:01.926+05:00,5.199274834
2021-11-04T00:05:02.429+05:00,6.493780527
2021-11-04T00:05:02.931+05:00,9.497621186
2021-11-04T00:05:03.434+05:00,3.547285419
2021-11-04T00:05:03.937+05:00,3.375073051
2021-11-04T00:05:04.439+05:00,1.568395038
2021-11-04T00:05:04.940+05:00,3.517791158
2021-11-04T00:05:05.443+05:00,1.592160634
2021-11-04T00:05:05.945+05:00,16.50270598
2021-11-04T00:05:06.447+05:00,4.909429718
2021-11-04T00:05:06.948+05:00,4.613918719
2021-11-04T00:05:07.451+05:00,4.850245161
2021-11-04T00:05:07.953+05:00,4.168548558
2021-11-04T00:05:08.454+05:00,14.69444214
2021-11-04T00:05:08.956+05:00,10.85022392
2021-11-04T00:05:09.458+05:00,11.74821347
2021-11-04T00:05:09.971+05:00,6.163777364
2021-11-04T00:05:10.472+05:00,4.874272969
2021-11-04T00:05:10.974+05:00,4.971401705
2021-11-04T00:05:11.476+05:00,6.617410255
2021-11-04T00:05:11.978+05:00,9.022767608
2021-11-04T00:05:12.479+05:00,6.548244721
2021-11-04T00:05:12.981+05:00,7.828939017
2021-11-04T00:05:13.484+05:00,6.434067673
2021-11-04T00:05:13.985+05:00,5.883364335
2021-11-04T00:05:14.486+05:00,6.100926972
2021-11-04T00:05:14.987+05:00,6.190573351
2021-11-04T00:05:15.489+05:00,7.857221489
2021-11-04T00:05:15.991+05:00,7.501762489
2021-11-04T00:05:16.493+05:00,15.8833352
2021-11-04T00:05:16.994+05:00,5.823575334
2021-11-04T00:05:17.496+05:00,5.775450972
2021-11-04T00:05:17.998+05:00,16.59198671
2021-11-04T00:05:18.500+05:00,6.989807551
2021-11-04T00:05:19.001+05:00,7.706039452
2021-11-04T00:05:19.504+05:00,6.14999123
2021-11-04T00:05:20.005+05:00,5.527276803
2021-11-04T00:05:20.507+05:00,4.629968445
2021-11-04T00:05:21.009+05:00,5.84962382
2021-11-04T00:05:21.510+05:00,7.131984836
2021-11-04T00:05:22.011+05:00,6.624190973
2021-11-04T00:05:22.513+05:00,12.3935913
2021-11-04T00:05:23.016+05:00,21.98108272
2021-11-04T00:05:23.517+05:00,9.069107646
2021-11-04T00:05:24.019+05:00,8.503596471
2021-11-04T00:05:24.521+05:00,7.835472478
2021-11-04T00:05:25.022+05:00,7.757526977
2021-11-04T00:05:25.524+05:00,8.974947249
2021-11-04T00:05:26.025+05:00,9.615655446
2021-11-04T00:05:26.528+05:00,3.156423164
2021-11-04T00:05:27.031+05:00,2.147128378
2021-11-04T00:05:27.533+05:00,1.733691081
2021-11-04T00:05:28.035+05:00,1.399541254
2021-11-04T00:05:28.537+05:00,1.640294052
2021-11-04T00:05:29.038+05:00,15.47849084
2021-11-04T00:05:29.540+05:00,4.400721081
2021-11-04T00:05:30.041+05:00,4.866319803
2021-11-04T00:05:30.543+05:00,3.949407843
2021-11-04T00:05:31.050+05:00,5.414664854
2021-11-04T00:05:31.551+05:00,20.32700479
2021-11-04T00:05:32.053+05:00,17.46847192
2021-11-04T00:05:32.554+05:00,8.162314439
2021-11-04T00:05:33.055+05:00,31.20551384
2021-11-04T00:05:33.557+05:00,9.573281013
2021-11-04T00:05:34.060+05:00,6.896753348
2021-11-04T00:05:34.563+05:00,2.537753626
2021-11-04T00:05:35.066+05:00,2.231426102
2021-11-04T00:05:35.568+05:00,2.684009261
2021-11-04T00:05:36.070+05:00,4.931221916
2021-11-04T00:05:36.573+05:00,2.470839293
2021-11-04T00:05:37.074+05:00,2.48283285
2021-11-04T00:05:37.576+05:00,3.16096579
2021-11-04T00:05:38.079+05:00,1.495689699
2021-11-04T00:05:38.582+05:00,3.389368958
2021-11-04T00:05:39.086+05:00,2.192219873
2021-11-04T00:05:39.588+05:00,1.170613674
2021-11-04T00:05:40.089+05:00,3.055289208
2021-11-04T00:05:40.592+05:00,2.703890919
2021-11-04T00:05:41.095+05:00,1.304120878
2021-11-04T00:05:41.598+05:00,2.008632448
2021-11-04T00:05:42.101+05:00,9.502320475
2021-11-04T00:05:42.604+05:00,6.490644624
2021-11-04T00:05:43.107+05:00,3.873399849
2021-11-04T00:05:43.610+05:00,1.678404201
2021-11-04T00:05:44.112+05:00,1.321379686
2021-11-04T00:05:44.613+05:00,2.428824587
2021-11-04T00:05:45.116+05:00,1.549139716
2021-11-04T00:05:45.619+05:00,0.47572554
2021-11-04T00:05:46.122+05:00,0.759461934
2021-11-04T00:05:46.625+05:00,1.11833581
2021-11-04T00:05:47.128+05:00,3.42656539
2021-11-04T00:05:47.631+05:00,0.77933745
2021-11-04T00:05:48.133+05:00,2.830116858
2021-11-04T00:05:48.634+05:00,0.561374492
2021-11-04T00:05:49.135+05:00,13.98497254
2021-11-04T00:05:49.638+05:00,1.911956897
2021-11-04T00:05:50.139+05:00,3.183820818
2021-11-04T00:05:50.640+05:00,1.791519687
2021-11-04T00:05:51.151+05:00,1.25498339
2021-11-04T00:05:51.654+05:00,1.054024391
2021-11-04T00:05:52.155+05:00,15.99024365
2021-11-04T00:05:52.656+05:00,6.893397221
2021-11-04T00:05:53.157+05:00,6.551479822
2021-11-04T00:05:53.658+05:00,18.09239938
2021-11-04T00:05:54.160+05:00,13.80674961
2021-11-04T00:05:54.661+05:00,15.4181716
2021-11-04T00:05:55.162+05:00,28.69123825
2021-11-04T00:05:55.663+05:00,35.415192
2021-11-04T00:05:56.164+05:00,25.6346379
2021-11-04T00:05:56.665+05:00,5.74619445
2021-11-04T00:05:57.166+05:00,8.514514947
2021-11-04T00:05:57.667+05:00,13.71593648
2021-11-04T00:05:58.169+05:00,12.08468126
2021-11-04T00:05:58.670+05:00,5.915985202
2021-11-04T00:05:59.171+05:00,9.683251546
2021-11-04T00:05:59.672+05:00,14.07377977
2021-11-04T00:06:00.173+05:00,15.18432648
2021-11-04T00:06:00.674+05:00,1.372673851
2021-11-04T00:06:01.175+05:00,8.468993007
2021-11-04T00:06:01.677+05:00,5.167149596
2021-11-04T00:06:02.180+05:00,5.105954624
2021-11-04T00:06:02.683+05:00,2.960866869
2021-11-04T00:06:03.184+05:00,3.122889552
2021-11-04T00:06:03.686+05:00,6.595236734
2021-11-04T00:06:04.189+05:00,5.533968482
2021-11-04T00:06:04.691+05:00,4.670060692
2021-11-04T00:06:05.194+05:00,4.623695803
2021-11-04T00:06:05.696+05:00,3.019708944
2021-11-04T00:06:06.199+05:00,4.827436669
2021-11-04T00:06:06.701+05:00,2.619644449
2021-11-04T00:06:07.204+05:00,2.330114769
2021-11-04T00:06:07.707+05:00,5.752756861
2021-11-04T00:06:08.210+05:00,2.940911304
2021-11-04T00:06:08.712+05:00,5.657082778
2021-11-04T00:06:09.215+05:00,2.338580914
2021-11-04T00:06:09.717+05:00,3.78665638
2021-11-04T00:06:10.220+05:00,4.48195409
2021-11-04T00:06:10.723+05:00,3.366161316
2021-11-04T00:06:11.226+05:00,2.489588123
2021-11-04T00:06:11.727+05:00,4.02191755
2021-11-04T00:06:12.240+05:00,10.64281608
2021-11-04T00:06:12.743+05:00,3.723546362
2021-11-04T00:06:13.246+05:00,2.461017578
2021-11-04T00:06:13.749+05:00,1.809429184
2021-11-04T00:06:14.252+05:00,1.497407363
2021-11-04T00:06:14.754+05:00,2.481078592
2021-11-04T00:06:15.255+05:00,15.33810681
2021-11-04T00:06:15.757+05:00,5.59587706
2021-11-04T00:06:16.259+05:00,5.671137543
2021-11-04T00:06:16.761+05:00,3.935620986
2021-11-04T00:06:17.262+05:00,3.891431629
2021-11-04T00:06:17.764+05:00,26.29445675
2021-11-04T00:06:18.265+05:00,31.66664839
2021-11-04T00:06:18.766+05:00,41.51622142
2021-11-04T00:06:19.268+05:00,42.07553198
2021-11-04T00:06:19.769+05:00,38.52703121
2021-11-04T00:06:20.271+05:00,24.2527721
2021-11-04T00:06:20.772+05:00,28.25083306
2021-11-04T00:06:21.273+05:00,24.84463951
2021-11-04T00:06:21.775+05:00,26.78478067
2021-11-04T00:06:22.276+05:00,21.9828506
2021-11-04T00:06:22.778+05:00,17.87737445
2021-11-04T00:06:23.280+05:00,27.83782372
2021-11-04T00:06:23.781+05:00,10.31582754
2021-11-04T00:06:24.282+05:00,7.994878517
2021-11-04T00:06:24.783+05:00,14.87613089
2021-11-04T00:06:25.284+05:00,5.226051684
2021-11-04T00:06:25.787+05:00,5.465043947
2021-11-04T00:06:26.289+05:00,1.426692308
2021-11-04T00:06:26.792+05:00,1.950697475
2021-11-04T00:06:27.295+05:00,1.588866061
2021-11-04T00:06:27.798+05:00,2.971405925
2021-11-04T00:06:28.301+05:00,2.452415589
2021-11-04T00:06:28.804+05:00,3.959189542
2021-11-04T00:06:29.305+05:00,3.970730762
2021-11-04T00:06:29.806+05:00,2.731940016
2021-11-04T00:06:30.309+05:00,2.96876914
2021-11-04T00:06:30.812+05:00,4.503879115
2021-11-04T00:06:31.314+05:00,3.478133663
2021-11-04T00:06:31.817+05:00,1.608795786
2021-11-04T00:06:32.320+05:00,1.276542382
2021-11-04T00:06:32.823+05:00,1.383583761
2021-11-04T00:06:33.331+05:00,2.531246948
2021-11-04T00:06:33.834+05:00,2.256683724
2021-11-04T00:06:34.336+05:00,3.831541807
2021-11-04T00:06:34.837+05:00,5.786193073
2021-11-04T00:06:35.339+05:00,11.62437723
2021-11-04T00:06:35.841+05:00,4.535522966
2021-11-04T00:06:36.342+05:00,4.027148231
2021-11-04T00:06:36.844+05:00,0.781810034
2021-11-04T00:06:37.346+05:00,1.966956473
2021-11-04T00:06:37.847+05:00,1.919119716
2021-11-04T00:06:38.348+05:00,16.53106162
2021-11-04T00:06:38.849+05:00,10.9143578
2021-11-04T00:06:39.350+05:00,19.27554925
2021-11-04T00:06:39.853+05:00,25.94729371
2021-11-04T00:06:40.354+05:00,26.87546246
2021-11-04T00:06:40.856+05:00,20.603173
2021-11-04T00:06:41.358+05:00,9.145621953
2021-11-04T00:06:41.861+05:00,5.570257333
2021-11-04T00:06:42.364+05:00,4.629681862
2021-11-04T00:06:42.866+05:00,0.931193394
2021-11-04T00:06:43.369+05:00,3.185243644
2021-11-04T00:06:43.871+05:00,0.520970431
2021-11-04T00:06:44.373+05:00,3.235850757
2021-11-04T00:06:44.876+05:00,0.771050662
2021-11-04T00:06:45.378+05:00,2.609802081
2021-11-04T00:06:45.880+05:00,1.247813443
2021-11-04T00:06:46.383+05:00,1.205565137
2021-11-04T00:06:46.885+05:00,0.565586631
2021-11-04T00:06:47.388+05:00,1.940108832
2021-11-04T00:06:47.889+05:00,0.324554613
2021-11-04T00:06:48.389+05:00,2.862315598
2021-11-04T00:06:48.891+05:00,0.620333093
2021-11-04T00:06:49.394+05:00,0.810072345
2021-11-04T00:06:49.897+05:00,0.93618906
2021-11-04T00:06:50.399+05:00,2.46930806
2021-11-04T00:06:50.902+05:00,2.246433375
2021-11-04T00:06:51.405+05:00,0.58504313
2021-11-04T00:06:51.908+05:00,0.293389952
2021-11-04T00:06:52.409+05:00,3.081446123
2021-11-04T00:06:52.912+05:00,0.210409828
2021-11-04T00:06:53.425+05:00,0.363824337
2021-11-04T00:06:53.928+05:00,0.164674725
2021-11-04T00:06:54.430+05:00,1.7712469
2021-11-04T00:06:54.932+05:00,2.638210325
2021-11-04T00:06:55.435+05:00,5.857657717
2021-11-04T00:06:55.938+05:00,7.005215711
2021-11-04T00:06:56.439+05:00,0.975143843
2021-11-04T00:06:56.942+05:00,6.305399231
2021-11-04T00:06:57.444+05:00,0.62338518
2021-11-04T00:06:57.946+05:00,8.640609955
2021-11-04T00:06:58.447+05:00,7.286331367
2021-11-04T00:06:58.949+05:00,1.674506686
2021-11-04T00:06:59.451+05:00,1.912756894
2021-11-04T00:06:59.953+05:00,3.193592413
2021-11-04T00:07:00.455+05:00,3.292484176
2021-11-04T00:07:00.957+05:00,8.578210117
2021-11-04T00:07:01.459+05:00,14.59366072
2021-11-04T00:07:01.960+05:00,4.546174265
2021-11-04T00:07:02.461+05:00,18.79246954
2021-11-04T00:07:02.963+05:00,7.341973471
2021-11-04T00:07:03.465+05:00,6.493231011
2021-11-04T00:07:03.966+05:00,7.048338358
2021-11-04T00:07:04.467+05:00,26.73312196
2021-11-04T00:07:04.968+05:00,20.15356991
2021-11-04T00:07:05.470+05:00,11.72633314
2021-11-04T00:07:05.973+05:00,12.47982201
2021-11-04T00:07:06.474+05:00,12.09900849
2021-11-04T00:07:06.976+05:00,15.25584003
2021-11-04T00:07:07.476+05:00,7.971972302
2021-11-04T00:07:07.978+05:00,9.471648984
2021-11-04T00:07:08.479+05:00,15.70682254
2021-11-04T00:07:08.980+05:00,21.43208883
2021-11-04T00:07:09.481+05:00,10.64667422
2021-11-04T00:07:09.983+05:00,12.35972652
2021-11-04T00:07:10.485+05:00,6.845908852
2021-11-04T00:07:10.987+05:00,7.469510547
2021-11-04T00:07:11.489+05:00,5.864250657
2021-11-04T00:07:11.991+05:00,7.01752855
2021-11-04T00:07:12.493+05:00,5.983527884
2021-11-04T00:07:12.995+05:00,4.94712348
2021-11-04T00:07:13.497+05:00,6.458781052
2021-11-04T00:07:13.999+05:00,7.175656064
2021-11-04T00:07:14.509+05:00,5.455528752
2021-11-04T00:07:15.012+05:00,7.007466285
2021-11-04T00:07:15.514+05:00,6.896017971
2021-11-04T00:07:16.016+05:00,5.8778242
2021-11-04T00:07:16.518+05:00,5.789477011
2021-11-04T00:07:17.020+05:00,6.028835641
2021-11-04T00:07:17.522+05:00,5.449935571
2021-11-04T00:07:18.024+05:00,5.467905876
2021-11-04T00:07:18.526+05:00,9.106748737
2021-11-04T00:07:19.029+05:00,6.754266199
2021-11-04T00:07:19.531+05:00,8.574111691
2021-11-04T00:07:20.032+05:00,8.974822739
2021-11-04T00:07:20.534+05:00,5.483237973
2021-11-04T00:07:21.036+05:00,11.11572598
2021-11-04T00:07:21.539+05:00,7.37062053
2021-11-04T00:07:22.041+05:00,1.811412823
2021-11-04T00:07:22.544+05:00,2.349735273
2021-11-04T00:07:23.046+05:00,1.398300035
2021-11-04T00:07:23.549+05:00,1.611345051
2021-11-04T00:07:24.050+05:00,5.918376075
2021-11-04T00:07:24.552+05:00,13.20941441
2021-11-04T00:07:25.055+05:00,3.972626317
2021-11-04T00:07:25.557+05:00,4.961230038
2021-11-04T00:07:26.058+05:00,3.971782329
2021-11-04T00:07:26.560+05:00,4.484703882
2021-11-04T00:07:27.062+05:00,4.647849305
2021-11-04T00:07:27.565+05:00,4.145116314
2021-11-04T00:07:28.066+05:00,4.573072528
2021-11-04T00:07:28.568+05:00,4.956545137
2021-11-04T00:07:29.070+05:00,3.650620027
2021-11-04T00:07:29.573+05:00,4.670259163
2021-11-04T00:07:30.075+05:00,4.417534305
2021-11-04T00:07:30.578+05:00,4.234094447
2021-11-04T00:07:31.079+05:00,4.5752994
2021-11-04T00:07:31.581+05:00,4.470746785
2021-11-04T00:07:32.083+05:00,4.060984027
2021-11-04T00:07:32.586+05:00,4.943370709
2021-11-04T00:07:33.088+05:00,4.538963311
2021-11-04T00:07:33.591+05:00,4.601311433
2021-11-04T00:07:34.093+05:00,4.043335632
2021-11-04T00:07:34.596+05:00,4.326583318
2021-11-04T00:07:35.098+05:00,4.422486417
2021-11-04T00:07:35.606+05:00,3.739021085
2021-11-04T00:07:36.108+05:00,5.60502412
2021-11-04T00:07:36.610+05:00,4.044225118
2021-11-04T00:07:37.113+05:00,4.162862482
2021-11-04T00:07:37.615+05:00,4.285684924
2021-11-04T00:07:38.117+05:00,4.501128866
2021-11-04T00:07:38.618+05:00,4.261215634
2021-11-04T00:07:39.120+05:00,4.181557698
2021-11-04T00:07:39.621+05:00,4.311513491
2021-11-04T00:07:40.123+05:00,4.572341675
2021-11-04T00:07:40.625+05:00,4.227310453
2021-11-04T00:07:41.127+05:00,4.262613506
2021-11-04T00:07:41.629+05:00,15.4211957
2021-11-04T00:07:42.132+05:00,5.055497742
2021-11-04T00:07:42.635+05:00,6.432975481
2021-11-04T00:07:43.137+05:00,4.201571509
2021-11-04T00:07:43.639+05:00,4.339200395
2021-11-04T00:07:44.141+05:00,9.140753137
2021-11-04T00:07:44.644+05:00,4.531544681
2021-11-04T00:07:45.146+05:00,2.079495335
2021-11-04T00:07:45.650+05:00,1.882687648
2021-11-04T00:07:46.153+05:00,1.833197601
2021-11-04T00:07:46.654+05:00,2.222683125
2021-11-04T00:07:47.155+05:00,6.828224367
2021-11-04T00:07:47.657+05:00,13.26851574
2021-11-04T00:07:48.159+05:00,5.851606117
2021-11-04T00:07:48.661+05:00,17.40116321
2021-11-04T00:07:49.162+05:00,9.923140556
2021-11-04T00:07:49.664+05:00,21.69102302
2021-11-04T00:07:50.166+05:00,19.18998003
2021-11-04T00:07:50.668+05:00,17.81952809
2021-11-04T00:07:51.169+05:00,7.23692819
2021-11-04T00:07:51.671+05:00,4.628520525
2021-11-04T00:07:52.173+05:00,2.844201574
2021-11-04T00:07:52.675+05:00,6.238810403
2021-11-04T00:07:53.177+05:00,9.922209024
2021-11-04T00:07:53.679+05:00,12.29991716
2021-11-04T00:07:54.193+05:00,3.915618894
2021-11-04T00:07:54.695+05:00,5.926971464
2021-11-04T00:07:55.196+05:00,3.837540558
2021-11-04T00:07:55.699+05:00,1.361688525
2021-11-04T00:07:56.202+05:00,1.218223963
2021-11-04T00:07:56.705+05:00,1.904539546
2021-11-04T00:07:57.208+05:00,0.397995432
2021-11-04T00:07:57.711+05:00,1.169845744
2021-11-04T00:07:58.212+05:00,1.48135414
2021-11-04T00:07:58.714+05:00,7.439783784
2021-11-04T00:07:59.215+05:00,3.447098053
2021-11-04T00:07:59.716+05:00,2.840526638
2021-11-04T00:08:00.219+05:00,1.522544353
2021-11-04T00:08:00.722+05:00,1.976869599
2021-11-04T00:08:01.223+05:00,8.485816608
2021-11-04T00:08:01.726+05:00,1.057907554
2021-11-04T00:08:02.229+05:00,3.542681837
2021-11-04T00:08:02.732+05:00,4.832725132
2021-11-04T00:08:03.233+05:00,1.679913138
2021-11-04T00:08:03.736+05:00,2.629104453
2021-11-04T00:08:04.239+05:00,1.478866636
2021-11-04T00:08:04.742+05:00,7.220526641
2021-11-04T00:08:05.246+05:00,5.854915291
2021-11-04T00:08:05.747+05:00,1.920429767
2021-11-04T00:08:06.250+05:00,3.597605401
2021-11-04T00:08:06.753+05:00,0.87148331
2021-11-04T00:08:07.255+05:00,11.12058381
2021-11-04T00:08:07.758+05:00,4.423024415
2021-11-04T00:08:08.261+05:00,2.732624722
2021-11-04T00:08:08.764+05:00,1.510304572
2021-11-04T00:08:09.267+05:00,1.565589553
2021-11-04T00:08:09.770+05:00,1.686722839
2021-11-04T00:08:10.271+05:00,9.02511604
2021-11-04T00:08:10.773+05:00,14.2877375
2021-11-04T00:08:11.274+05:00,10.02211477
2021-11-04T00:08:11.775+05:00,21.00318912
2021-11-04T00:08:12.277+05:00,22.30709848
2021-11-04T00:08:12.778+05:00,9.245300022
2021-11-04T00:08:13.280+05:00,20.77183753
2021-11-04T00:08:13.781+05:00,22.55695759
2021-11-04T00:08:14.282+05:00,12.66689237
2021-11-04T00:08:14.783+05:00,8.724527554
2021-11-04T00:08:15.291+05:00,9.817618168
2021-11-04T00:08:15.792+05:00,6.9799864
2021-11-04T00:08:16.293+05:00,4.779431357
2021-11-04T00:08:16.795+05:00,2.140936442
2021-11-04T00:08:17.296+05:00,3.67965237
2021-11-04T00:08:17.797+05:00,3.767561053
2021-11-04T00:08:18.299+05:00,2.493564692
2021-11-04T00:08:18.801+05:00,1.173325719
2021-11-04T00:08:19.302+05:00,2.405340371
2021-11-04T00:08:19.804+05:00,2.470937856
2021-11-04T00:08:20.305+05:00,2.001403671
2021-11-04T00:08:20.807+05:00,1.290996603
2021-11-04T00:08:21.308+05:00,1.342939696
2021-11-04T00:08:21.811+05:00,1.810518073
2021-11-04T00:08:22.313+05:00,2.274108745
2021-11-04T00:08:22.816+05:00,0.696353787
2021-11-04T00:08:23.318+05:00,2.764745155
2021-11-04T00:08:23.821+05:00,1.064115617
2021-11-04T00:08:24.324+05:00,0.685926206
2021-11-04T00:08:24.827+05:00,0.241213084
2021-11-04T00:08:25.330+05:00,0.859943978
2021-11-04T00:08:25.833+05:00,0.738655211
2021-11-04T00:08:26.336+05:00,1.09577988
2021-11-04T00:08:26.837+05:00,0.361454476
2021-11-04T00:08:27.338+05:00,2.715515901
2021-11-04T00:08:27.841+05:00,1.931723179
2021-11-04T00:08:28.343+05:00,3.574084004
2021-11-04T00:08:28.845+05:00,0.617477164
2021-11-04T00:08:29.348+05:00,1.127520698
2021-11-04T00:08:29.851+05:00,0.078691482
2021-11-04T00:08:30.353+05:00,10.95736786
2021-11-04T00:08:30.856+05:00,3.314535823
2021-11-04T00:08:31.358+05:00,2.303841673
2021-11-04T00:08:31.859+05:00,2.018237957
2021-11-04T00:08:32.362+05:00,2.576161352
2021-11-04T00:08:32.864+05:00,2.166464132
2021-11-04T00:08:33.366+05:00,10.34054944
2021-11-04T00:08:33.867+05:00,10.27516161
2021-11-04T00:08:34.369+05:00,20.6840686
2021-11-04T00:08:34.871+05:00,13.18786641
2021-11-04T00:08:35.373+05:00,4.439790363
2021-11-04T00:08:35.875+05:00,2.309983654
2021-11-04T00:08:36.387+05:00,2.416324363
2021-11-04T00:08:36.890+05:00,0.546695944
2021-11-04T00:08:37.392+05:00,1.147310186
2021-11-04T00:08:37.893+05:00,0.992612737
2021-11-04T00:08:38.396+05:00,2.098256892
2021-11-04T00:08:39.401+05:00,1.403739772
2021-11-04T00:08:39.904+05:00,3.200815911
2021-11-04T00:08:40.404+05:00,4.525625291
2021-11-04T00:08:40.906+05:00,0.255034899
2021-11-04T00:08:41.408+05:00,2.027043859
2021-11-04T00:08:41.911+05:00,3.168727893
2021-11-04T00:08:42.414+05:00,0.965593703
2021-11-04T00:08:42.917+05:00,0.303706927
2021-11-04T00:08:43.420+05:00,4.047999954
2021-11-04T00:08:43.922+05:00,3.595929396
2021-11-04T00:08:44.425+05:00,1.343383199
2021-11-04T00:08:44.928+05:00,0.638509742
2021-11-04T00:08:45.430+05:00,0.819748794
2021-11-04T00:08:45.933+05:00,0.218047317
2021-11-04T00:08:46.437+05:00,0.765006427
2021-11-04T00:08:46.940+05:00,0.208631666
2021-11-04T00:08:47.443+05:00,1.914606014
2021-11-04T00:08:47.944+05:00,0.19194867
2021-11-04T00:08:48.447+05:00,1.013853441
2021-11-04T00:08:48.950+05:00,0.040149614
2021-11-04T00:08:49.452+05:00,2.395683844
2021-11-04T00:08:49.955+05:00,2.321828867
2021-11-04T00:08:50.458+05:00,0.900874542
2021-11-04T00:08:50.961+05:00,0.385554213
2021-11-04T00:08:51.462+05:00,2.77076022
2021-11-04T00:08:51.964+05:00,0.296186678
2021-11-04T00:08:52.466+05:00,3.054404374
2021-11-04T00:08:52.968+05:00,0.207798564
2021-11-04T00:08:53.470+05:00,15.13346775
2021-11-04T00:08:53.973+05:00,6.889043113
2021-11-04T00:08:54.476+05:00,2.102309486
2021-11-04T00:08:54.979+05:00,1.609388884
2021-11-04T00:08:55.482+05:00,1.760074344
2021-11-04T00:08:55.984+05:00,1.606051886
2021-11-04T00:08:56.491+05:00,13.35841388
2021-11-04T00:08:56.992+05:00,6.753232536
2021-11-04T00:08:57.493+05:00,13.30748467
2021-11-04T00:08:57.994+05:00,14.71043011
2021-11-04T00:08:58.496+05:00,21.49966538
2021-11-04T00:08:58.997+05:00,13.26906397
2021-11-04T00:08:59.498+05:00,25.55040905
2021-11-04T00:09:00.001+05:00,23.08962181
2021-11-04T00:09:00.502+05:00,20.6011072
2021-11-04T00:09:01.003+05:00,35.88072409
2021-11-04T00:09:01.505+05:00,13.8118705
2021-11-04T00:09:02.007+05:00,4.280828127
2021-11-04T00:09:02.509+05:00,3.616923343
2021-11-04T00:09:03.011+05:00,3.725180697
2021-11-04T00:09:03.511+05:00,11.39692679
2021-11-04T00:09:04.012+05:00,6.020789141
2021-11-04T00:09:04.514+05:00,5.316938145
2021-11-04T00:09:05.015+05:00,9.042379438
2021-11-04T00:09:05.516+05:00,6.078626572
2021-11-04T00:09:06.017+05:00,5.9894664
2021-11-04T00:09:06.518+05:00,5.03855699
2021-11-04T00:09:07.019+05:00,4.011588026
2021-11-04T00:09:07.520+05:00,3.587983023
2021-11-04T00:09:08.022+05:00,3.521694613
2021-11-04T00:09:08.525+05:00,3.727395877
2021-11-04T00:09:09.027+05:00,6.456161255
2021-11-04T00:09:09.530+05:00,5.488074084
2021-11-04T00:09:10.032+05:00,5.210169282
2021-11-04T00:09:10.533+05:00,5.332445129
2021-11-04T00:09:11.036+05:00,5.064354955
2021-11-04T00:09:11.537+05:00,4.185826709
2021-11-04T00:09:12.038+05:00,3.535712567
2021-11-04T00:09:12.541+05:00,3.18155769
2021-11-04T00:09:13.043+05:00,4.094216191
2021-11-04T00:09:13.545+05:00,2.528465488
2021-11-04T00:09:14.048+05:00,4.881678893
2021-11-04T00:09:14.549+05:00,3.96277212
2021-11-04T00:09:15.051+05:00,2.970333361
2021-11-04T00:09:15.553+05:00,5.086664156
2021-11-04T00:09:16.056+05:00,6.260891934
2021-11-04T00:09:16.558+05:00,12.66703649
2021-11-04T00:09:17.060+05:00,5.005211638
2021-11-04T00:09:17.573+05:00,1.878103235
2021-11-04T00:09:18.076+05:00,1.268166698
2021-11-04T00:09:18.579+05:00,1.624173788
2021-11-04T00:09:19.082+05:00,1.525849565
2021-11-04T00:09:19.584+05:00,14.13200271
2021-11-04T00:09:20.085+05:00,5.701297669
2021-11-04T00:09:20.586+05:00,15.00020491
2021-11-04T00:09:21.088+05:00,18.2675364
2021-11-04T00:09:21.589+05:00,22.9088478
2021-11-04T00:09:22.091+05:00,11.48762058
2021-11-04T00:09:22.593+05:00,11.90720189
2021-11-04T00:09:23.096+05:00,9.307507651
2021-11-04T00:09:23.598+05:00,7.887996618
2021-11-04T00:09:24.100+05:00,6.293544725
2021-11-04T00:09:24.602+05:00,7.52594932
2021-11-04T00:09:25.104+05:00,5.569267688
2021-11-04T00:09:25.606+05:00,6.336257827
2021-11-04T00:09:26.109+05:00,6.072737509
2021-11-04T00:09:26.610+05:00,7.323246489
2021-11-04T00:09:27.112+05:00,5.23655774
2021-11-04T00:09:27.613+05:00,7.780653519
2021-11-04T00:09:28.116+05:00,6.386262584
2021-11-04T00:09:28.617+05:00,7.248580577
2021-11-04T00:09:29.120+05:00,6.78388093
2021-11-04T00:09:29.622+05:00,5.386450883
2021-11-04T00:09:30.123+05:00,5.470572458
2021-11-04T00:09:30.625+05:00,6.514841949
2021-11-04T00:09:31.127+05:00,6.363825663
2021-11-04T00:09:31.629+05:00,5.610220763
2021-11-04T00:09:32.131+05:00,7.226031993
2021-11-04T00:09:32.633+05:00,5.887709662
2021-11-04T00:09:33.136+05:00,5.894427678
2021-11-04T00:09:33.638+05:00,7.240390485
2021-11-04T00:09:34.140+05:00,5.867824898
2021-11-04T00:09:34.642+05:00,5.778437592
2021-11-04T00:09:35.144+05:00,6.511915587
2021-11-04T00:09:35.645+05:00,5.544582899
2021-11-04T00:09:36.147+05:00,6.753096326
2021-11-04T00:09:36.649+05:00,5.794898286
2021-11-04T00:09:37.151+05:00,9.229131572
2021-11-04T00:09:37.653+05:00,8.709707191
2021-11-04T00:09:38.155+05:00,5.323284883
2021-11-04T00:09:38.667+05:00,5.000952439
2021-11-04T00:09:39.169+05:00,5.657892187
2021-11-04T00:09:39.671+05:00,11.04757107
2021-11-04T00:09:40.174+05:00,1.413117247
2021-11-04T00:09:40.677+05:00,2.200752777
2021-11-04T00:09:41.180+05:00,1.145053904
2021-11-04T00:09:41.683+05:00,2.059139067
2021-11-04T00:09:42.185+05:00,1.314788737
2021-11-04T00:09:42.686+05:00,14.329226
2021-11-04T00:09:43.187+05:00,13.98951438
2021-11-04T00:09:43.690+05:00,5.852655612
2021-11-04T00:09:44.192+05:00,6.180077101
2021-11-04T00:09:44.695+05:00,4.057114691
2021-11-04T00:09:45.198+05:00,0.683012316
2021-11-04T00:09:45.701+05:00,1.591133194
2021-11-04T00:09:46.204+05:00,1.097936492
2021-11-04T00:09:46.707+05:00,1.161367657
2021-11-04T00:09:47.209+05:00,1.643783568
2021-11-04T00:09:47.711+05:00,0.884843496
2021-11-04T00:09:48.214+05:00,0.872801124
2021-11-04T00:09:48.716+05:00,1.243275263
2021-11-04T00:09:49.218+05:00,5.85816817
2021-11-04T00:09:49.721+05:00,4.370357257
2021-11-04T00:09:50.224+05:00,1.156375871
2021-11-04T00:09:50.727+05:00,1.652169995
2021-11-04T00:09:51.230+05:00,0.58144961
2021-11-04T00:09:51.733+05:00,0.335559392
2021-11-04T00:09:52.236+05:00,0.783005503
2021-11-04T00:09:52.739+05:00,4.716521403
2021-11-04T00:09:53.241+05:00,1.003374933
2021-11-04T00:09:53.744+05:00,0.799214437
2021-11-04T00:09:54.247+05:00,0.504375384
2021-11-04T00:09:54.750+05:00,1.396449579
2021-11-04T00:09:55.756+05:00,0.344432315
2021-11-04T00:09:56.258+05:00,0.173374983
2021-11-04T00:09:56.760+05:00,0.185757826
2021-11-04T00:09:57.263+05:00,0.203046895
2021-11-04T00:09:57.765+05:00,0.434235009
2021-11-04T00:09:58.267+05:00,2.857071593
2021-11-04T00:09:58.770+05:00,0.504077337
2021-11-04T00:09:59.273+05:00,0.173081475
2021-11-04T00:09:59.775+05:00,0.165733781
2021-11-04T00:10:00.278+05:00,0.101895648
2021-11-04T00:10:00.779+05:00,2.866808651
2021-11-04T00:10:01.282+05:00,12.29946643
2021-11-04T00:10:01.785+05:00,0.338122591
2021-11-04T00:10:02.288+05:00,0.925046632
2021-11-04T00:10:02.791+05:00,10.19927047
2021-11-04T00:10:03.294+05:00,1.680252598
2021-11-04T00:10:03.797+05:00,2.249825979
2021-11-04T00:10:04.300+05:00,1.400973044
2021-11-04T00:10:04.803+05:00,1.344541702
2021-11-04T00:10:05.306+05:00,3.588817006
2021-11-04T00:10:05.807+05:00,15.45298822
2021-11-04T00:10:06.309+05:00,5.825509355
2021-11-04T00:10:06.810+05:00,24.1413954
2021-11-04T00:10:07.312+05:00,22.92178942
2021-11-04T00:10:07.813+05:00,21.72755312
2021-11-04T00:10:08.315+05:00,31.81440749
2021-11-04T00:10:08.817+05:00,9.214327644
2021-11-04T00:10:09.320+05:00,19.70476891
2021-11-04T00:10:09.823+05:00,6.078811214
2021-11-04T00:10:10.324+05:00,5.782901725
2021-11-04T00:10:10.827+05:00,7.034870399
2021-11-04T00:10:11.328+05:00,4.92873726
2021-11-04T00:10:11.830+05:00,4.131869742
2021-11-04T00:10:12.332+05:00,3.975526438
2021-11-04T00:10:12.834+05:00,4.992627483
2021-11-04T00:10:13.336+05:00,4.872969357
2021-11-04T00:10:13.838+05:00,4.443605791
2021-11-04T00:10:14.340+05:00,3.862529419
2021-11-04T00:10:14.842+05:00,4.605895383
2021-11-04T00:10:15.344+05:00,3.899927621
2021-11-04T00:10:15.847+05:00,4.115502431
2021-11-04T00:10:16.348+05:00,6.599099005
2021-11-04T00:10:16.850+05:00,6.036898508
2021-11-04T00:10:17.351+05:00,5.50422324
2021-11-04T00:10:17.853+05:00,6.356214037
2021-11-04T00:10:18.355+05:00,4.487876351
2021-11-04T00:10:18.858+05:00,4.230901112
2021-11-04T00:10:19.370+05:00,3.978022147
2021-11-04T00:10:19.872+05:00,4.264462179
2021-11-04T00:10:20.374+05:00,3.994543197
2021-11-04T00:10:20.876+05:00,4.319900949
2021-11-04T00:10:21.378+05:00,3.85451318
2021-11-04T00:10:21.881+05:00,4.706148151
2021-11-04T00:10:22.383+05:00,4.558748441
2021-11-04T00:10:22.886+05:00,7.325102396
2021-11-04T00:10:23.388+05:00,6.526544585
2021-11-04T00:10:23.890+05:00,4.693559501
2021-11-04T00:10:24.393+05:00,6.802730592
2021-11-04T00:10:24.895+05:00,4.021447224
2021-11-04T00:10:25.397+05:00,4.366945692
2021-11-04T00:10:25.900+05:00,11.83919302
2021-11-04T00:10:26.402+05:00,3.844227076
2021-11-04T00:10:26.905+05:00,2.212238679
2021-11-04T00:10:27.407+05:00,1.814515649
2021-11-04T00:10:27.908+05:00,1.828010423
2021-11-04T00:10:28.411+05:00,2.434395926
2021-11-04T00:10:28.912+05:00,15.60498889
2021-11-04T00:10:29.414+05:00,4.355641091
2021-11-04T00:10:29.916+05:00,4.242857887
2021-11-04T00:10:30.418+05:00,19.1236158
2021-11-04T00:10:30.920+05:00,5.743884643
2021-11-04T00:10:31.422+05:00,4.133432731
2021-11-04T00:10:31.925+05:00,4.281422967
2021-11-04T00:10:32.427+05:00,4.216645573
2021-11-04T00:10:32.929+05:00,3.877474733
2021-11-04T00:10:33.431+05:00,4.301880529
2021-11-04T00:10:33.933+05:00,5.113469541
2021-11-04T00:10:34.435+05:00,5.010147997
2021-11-04T00:10:34.936+05:00,4.200951916
2021-11-04T00:10:35.438+05:00,6.602516769
2021-11-04T00:10:35.939+05:00,7.460899043
2021-11-04T00:10:36.440+05:00,11.95444508
2021-11-04T00:10:36.941+05:00,5.380713538
2021-11-04T00:10:37.443+05:00,4.174770989
2021-11-04T00:10:37.945+05:00,6.782071309
2021-11-04T00:10:38.446+05:00,18.67494957
2021-11-04T00:10:38.947+05:00,4.968351036
2021-11-04T00:10:39.457+05:00,8.01642161
2021-11-04T00:10:39.959+05:00,9.571544321
2021-11-04T00:10:40.460+05:00,4.863675555
2021-11-04T00:10:40.962+05:00,5.141918335
2021-11-04T00:10:41.465+05:00,4.351573301
2021-11-04T00:10:41.967+05:00,5.775013068
2021-11-04T00:10:42.469+05:00,5.129326099
2021-11-04T00:10:42.972+05:00,18.29563788
2021-11-04T00:10:43.476+05:00,12.39140844
2021-11-04T00:10:43.978+05:00,22.06446005
2021-11-04T00:10:44.480+05:00,11.75899692
2021-11-04T00:10:44.982+05:00,14.01347058
2021-11-04T00:10:45.485+05:00,17.47254394
2021-11-04T00:10:45.988+05:00,15.08315856
2021-11-04T00:10:46.489+05:00,12.30750406
2021-11-04T00:10:46.991+05:00,11.82279662
2021-11-04T00:10:47.493+05:00,9.813467709
2021-11-04T00:10:47.994+05:00,11.15456461
2021-11-04T00:10:48.496+05:00,10.86656201
2021-11-04T00:10:48.998+05:00,10.25114978
2021-11-04T00:10:49.499+05:00,5.003858495
2021-11-04T00:10:50.002+05:00,2.394188333
2021-11-04T00:10:50.505+05:00,2.809922387
2021-11-04T00:10:51.007+05:00,1.940388743
2021-11-04T00:10:51.510+05:00,1.660852827
2021-11-04T00:10:52.012+05:00,15.31506654
2021-11-04T00:10:52.514+05:00,5.694083583
2021-11-04T00:10:53.015+05:00,19.30942685
2021-11-04T00:10:53.517+05:00,5.887114768
2021-11-04T00:10:54.018+05:00,17.70346712
2021-11-04T00:10:54.519+05:00,26.19880295
2021-11-04T00:10:55.020+05:00,20.92165223
2021-11-04T00:10:55.522+05:00,8.920733841
2021-11-04T00:10:56.024+05:00,10.51527369
2021-11-04T00:10:56.525+05:00,11.40211403
2021-11-04T00:10:57.026+05:00,28.02372997
2021-11-04T00:10:57.528+05:00,29.54715842
2021-11-04T00:10:58.029+05:00,35.10253247
2021-11-04T00:10:58.530+05:00,42.64915746
2021-11-04T00:10:59.032+05:00,29.62749804
2021-11-04T00:10:59.534+05:00,8.38973063
2021-11-04T00:11:00.035+05:00,8.474187979
2021-11-04T00:11:00.543+05:00,21.68046356
2021-11-04T00:11:01.045+05:00,12.64925351
2021-11-04T00:11:01.547+05:00,6.873036891
2021-11-04T00:11:02.049+05:00,9.789908966
2021-11-04T00:11:02.551+05:00,19.27916299
2021-11-04T00:11:03.053+05:00,5.55596768
2021-11-04T00:11:03.556+05:00,5.309629483
2021-11-04T00:11:04.059+05:00,4.863405131
2021-11-04T00:11:04.560+05:00,3.084345048
2021-11-04T00:11:05.062+05:00,6.321596731
2021-11-04T00:11:05.564+05:00,2.372219263
2021-11-04T00:11:06.066+05:00,6.749607082
2021-11-04T00:11:06.568+05:00,4.676844592
2021-11-04T00:11:07.070+05:00,6.369232769
2021-11-04T00:11:07.573+05:00,5.159560386
2021-11-04T00:11:08.076+05:00,3.207410307
2021-11-04T00:11:08.579+05:00,4.933028119
2021-11-04T00:11:09.082+05:00,5.250712776
2021-11-04T00:11:09.585+05:00,2.558512567
2021-11-04T00:11:10.087+05:00,2.84187278
2021-11-04T00:11:10.589+05:00,5.783688993
2021-11-04T00:11:11.090+05:00,8.146316806
2021-11-04T00:11:11.592+05:00,3.037926718
2021-11-04T00:11:12.095+05:00,17.03121651
2021-11-04T00:11:12.597+05:00,5.669662689
2021-11-04T00:11:13.098+05:00,4.348508008
2021-11-04T00:11:13.601+05:00,2.25148692
2021-11-04T00:11:14.103+05:00,1.417516617
2021-11-04T00:11:14.605+05:00,1.501664581
2021-11-04T00:11:15.108+05:00,15.49475043
2021-11-04T00:11:15.610+05:00,4.457807728
2021-11-04T00:11:16.112+05:00,4.943711506
2021-11-04T00:11:16.613+05:00,20.94992176
2021-11-04T00:11:17.114+05:00,18.91216439
2021-11-04T00:11:17.615+05:00,24.51274158
2021-11-04T00:11:18.117+05:00,20.98642053
2021-11-04T00:11:18.619+05:00,21.37918674
2021-11-04T00:11:19.121+05:00,10.6941735
2021-11-04T00:11:19.624+05:00,10.74490879
2021-11-04T00:11:20.125+05:00,19.93422976
2021-11-04T00:11:20.632+05:00,40.87699488
2021-11-04T00:11:21.133+05:00,22.16536117
2021-11-04T00:11:21.635+05:00,12.25805149
2021-11-04T00:11:22.137+05:00,5.96724829
2021-11-04T00:11:22.638+05:00,12.65004747
2021-11-04T00:11:23.141+05:00,6.301676907
2021-11-04T00:11:23.643+05:00,4.28903912
2021-11-04T00:11:24.146+05:00,3.078346185
2021-11-04T00:11:24.647+05:00,5.913619561
2021-11-04T00:11:25.150+05:00,5.181461849
2021-11-04T00:11:25.652+05:00,3.162438129
2021-11-04T00:11:26.155+05:00,3.104313591
2021-11-04T00:11:26.657+05:00,4.149040676
2021-11-04T00:11:27.158+05:00,4.232186917
2021-11-04T00:11:27.660+05:00,4.529839165
2021-11-04T00:11:28.163+05:00,3.538609753
2021-11-04T00:11:28.665+05:00,7.515992623
2021-11-04T00:11:29.168+05:00,8.293026747
2021-11-04T00:11:29.670+05:00,5.330807389
2021-11-04T00:11:30.173+05:00,4.247288786
2021-11-04T00:11:30.676+05:00,6.181728165
2021-11-04T00:11:31.178+05:00,4.035995605
2021-11-04T00:11:31.679+05:00,3.105576313
2021-11-04T00:11:32.181+05:00,4.259812744
2021-11-04T00:11:32.682+05:00,4.628267647
2021-11-04T00:11:33.184+05:00,4.938105453
2021-11-04T00:11:33.686+05:00,5.943326454
2021-11-04T00:11:34.189+05:00,3.080903392
2021-11-04T00:11:34.690+05:00,4.929675398
2021-11-04T00:11:35.192+05:00,12.42892088
2021-11-04T00:11:35.694+05:00,4.273532453
2021-11-04T00:11:36.197+05:00,4.083061769
2021-11-04T00:11:36.699+05:00,1.18067337
2021-11-04T00:11:37.200+05:00,2.26416364
2021-11-04T00:11:37.702+05:00,2.48737583
2021-11-04T00:11:38.203+05:00,15.61753539
2021-11-04T00:11:38.705+05:00,5.09410481
2021-11-04T00:11:39.208+05:00,18.86411183
2021-11-04T00:11:39.710+05:00,9.131616608
2021-11-04T00:11:40.211+05:00,9.190888057
2021-11-04T00:11:40.712+05:00,21.33723551
2021-11-04T00:11:41.213+05:00,23.59488593
2021-11-04T00:11:41.721+05:00,18.34721346
2021-11-04T00:11:42.222+05:00,15.43932013
2021-11-04T00:11:42.723+05:00,13.14508425
2021-11-04T00:11:43.224+05:00,11.5387965
2021-11-04T00:11:43.725+05:00,6.497465546
2021-11-04T00:11:44.226+05:00,15.50011603
2021-11-04T00:11:44.729+05:00,4.05218531
2021-11-04T00:11:45.231+05:00,3.378691878
2021-11-04T00:11:45.734+05:00,2.883207339
2021-11-04T00:11:46.237+05:00,1.09370541
2021-11-04T00:11:46.739+05:00,0.933388853
2021-11-04T00:11:47.241+05:00,3.179923376
2021-11-04T00:11:47.743+05:00,0.93488415
2021-11-04T00:11:48.246+05:00,0.991835795
2021-11-04T00:11:48.749+05:00,0.585813342
2021-11-04T00:11:49.252+05:00,1.653378481
2021-11-04T00:11:49.755+05:00,2.888005942
2021-11-04T00:11:50.257+05:00,4.661810263
2021-11-04T00:11:50.758+05:00,4.629427356
2021-11-04T00:11:51.260+05:00,4.692640174
2021-11-04T00:11:51.762+05:00,7.125985148
2021-11-04T00:11:52.264+05:00,7.533721722
2021-11-04T00:11:52.768+05:00,8.024715857
2021-11-04T00:11:53.270+05:00,7.519661555
2021-11-04T00:11:53.773+05:00,8.318729423
2021-11-04T00:11:54.276+05:00,7.129618242
2021-11-04T00:11:54.778+05:00,0.733233539
2021-11-04T00:11:55.281+05:00,1.069655536
2021-11-04T00:11:55.784+05:00,0.754614761
2021-11-04T00:11:56.286+05:00,3.133953566
2021-11-04T00:11:56.789+05:00,3.824440311
2021-11-04T00:11:57.291+05:00,0.409166602
2021-11-04T00:11:57.792+05:00,7.251315549
2021-11-04T00:11:58.294+05:00,8.443084115
2021-11-04T00:11:58.796+05:00,2.520687649
2021-11-04T00:11:59.297+05:00,3.202938076
2021-11-04T00:11:59.799+05:00,2.350667455
2021-11-04T00:12:00.300+05:00,2.79194875
2021-11-04T00:12:00.802+05:00,2.260449304
2021-11-04T00:12:01.305+05:00,19.23747004
2021-11-04T00:12:01.807+05:00,21.57941844
2021-11-04T00:12:02.308+05:00,16.38685417
2021-11-04T00:12:02.815+05:00,23.48485068
2021-11-04T00:12:03.316+05:00,16.80246856
2021-11-04T00:12:03.817+05:00,12.3302335
2021-11-04T00:12:04.320+05:00,4.38151821
2021-11-04T00:12:04.822+05:00,5.053705735
2021-11-04T00:12:05.323+05:00,4.820350945
2021-11-04T00:12:05.826+05:00,4.754421627
2021-11-04T00:12:06.327+05:00,4.326861691
2021-11-04T00:12:06.830+05:00,3.411648925
2021-11-04T00:12:07.333+05:00,2.642183515
2021-11-04T00:12:07.834+05:00,8.212186875
2021-11-04T00:12:08.335+05:00,2.741683533
2021-11-04T00:12:08.837+05:00,1.489046231
2021-11-04T00:12:09.340+05:00,3.230730634
2021-11-04T00:12:09.843+05:00,3.188350529
2021-11-04T00:12:10.345+05:00,1.519516173
2021-11-04T00:12:10.848+05:00,2.30790783
2021-11-04T00:12:11.351+05:00,2.225946269
2021-11-04T00:12:11.854+05:00,1.784395634
2021-11-04T00:12:12.357+05:00,1.842077738
2021-11-04T00:12:12.859+05:00,7.533602007
2021-11-04T00:12:13.361+05:00,1.693600701
2021-11-04T00:12:13.863+05:00,1.566372411
2021-11-04T00:12:14.366+05:00,1.46894733
2021-11-04T00:12:14.869+05:00,1.789021834
2021-11-04T00:12:15.372+05:00,1.340232381
2021-11-04T00:12:15.873+05:00,2.332801591
2021-11-04T00:12:16.374+05:00,6.025883606
2021-11-04T00:12:16.877+05:00,1.799406311
2021-11-04T00:12:17.380+05:00,1.122857601
2021-11-04T00:12:17.883+05:00,1.21338038
2021-11-04T00:12:18.384+05:00,1.837273719
2021-11-04T00:12:18.887+05:00,3.718986638
2021-11-04T00:12:19.389+05:00,1.420987674
2021-11-04T00:12:19.892+05:00,1.266571561
2021-11-04T00:12:20.395+05:00,2.448002173
2021-11-04T00:12:20.897+05:00,11.88043393
2021-11-04T00:12:21.398+05:00,14.55400013
2021-11-04T00:12:21.900+05:00,2.47646116
2021-11-04T00:12:22.402+05:00,2.29680366
2021-11-04T00:12:22.904+05:00,1.263107194
2021-11-04T00:12:23.410+05:00,1.744495876
2021-11-04T00:12:23.911+05:00,4.708807058
2021-11-04T00:12:24.413+05:00,15.03652791
2021-11-04T00:12:24.915+05:00,4.314156398
2021-11-04T00:12:25.417+05:00,14.969379
2021-11-04T00:12:25.918+05:00,23.81799689
2021-11-04T00:12:26.420+05:00,27.68044901
2021-11-04T00:12:26.922+05:00,22.04894116
2021-11-04T00:12:27.425+05:00,10.35786501
2021-11-04T00:12:27.926+05:00,4.318033685
2021-11-04T00:12:28.427+05:00,3.967893779
2021-11-04T00:12:28.930+05:00,3.130692462
2021-11-04T00:12:29.431+05:00,3.208058695
2021-11-04T00:12:29.934+05:00,0.458237093
2021-11-04T00:12:30.437+05:00,1.404489903
2021-11-04T00:12:30.938+05:00,3.105578598
2021-11-04T00:12:31.441+05:00,2.914310751
2021-11-04T00:12:31.944+05:00,1.624430823
2021-11-04T00:12:32.445+05:00,5.364750396
2021-11-04T00:12:32.947+05:00,5.036891772
2021-11-04T00:12:33.449+05:00,3.166704916
2021-11-04T00:12:33.951+05:00,4.130014817
2021-11-04T00:12:34.454+05:00,1.183238506
2021-11-04T00:12:34.957+05:00,0.668529862
2021-11-04T00:12:35.460+05:00,1.663173796
2021-11-04T00:12:35.962+05:00,3.794712172
2021-11-04T00:12:36.464+05:00,0.92590668
2021-11-04T00:12:36.967+05:00,0.710316919
2021-11-04T00:12:37.469+05:00,4.211974309
2021-11-04T00:12:37.971+05:00,4.799382414
2021-11-04T00:12:38.473+05:00,1.69120131
2021-11-04T00:12:38.976+05:00,1.418670702
2021-11-04T00:12:39.479+05:00,0.735908157
2021-11-04T00:12:39.982+05:00,0.774034707
2021-11-04T00:12:40.485+05:00,1.23872445
2021-11-04T00:12:40.988+05:00,0.774948001
2021-11-04T00:12:41.491+05:00,0.610989785
2021-11-04T00:12:41.994+05:00,6.422416285
2021-11-04T00:12:42.496+05:00,9.434994149
2021-11-04T00:12:42.998+05:00,6.752707559
2021-11-04T00:12:43.501+05:00,3.087037581
2021-11-04T00:12:44.002+05:00,10.26654061
2021-11-04T00:12:44.516+05:00,5.471282176
2021-11-04T00:12:45.019+05:00,2.057970555
2021-11-04T00:12:45.522+05:00,1.90123499
2021-11-04T00:12:46.024+05:00,1.393174731
2021-11-04T00:12:46.526+05:00,3.32957615
2021-11-04T00:12:47.027+05:00,5.68855012
2021-11-04T00:12:47.529+05:00,12.6496231
2021-11-04T00:12:48.030+05:00,4.589331433
2021-11-04T00:12:48.532+05:00,5.294953957
2021-11-04T00:12:49.034+05:00,16.9645735
2021-11-04T00:12:49.535+05:00,9.906556698
2021-11-04T00:12:50.036+05:00,4.329746767
2021-11-04T00:12:50.537+05:00,5.548221583
2021-11-04T00:12:51.039+05:00,5.745725477
2021-11-04T00:12:51.541+05:00,19.24495653
2021-11-04T00:12:52.042+05:00,20.05295816
2021-11-04T00:12:52.543+05:00,25.12192071
2021-11-04T00:12:53.046+05:00,13.03706714
2021-11-04T00:12:53.547+05:00,15.77897869
2021-11-04T00:12:54.049+05:00,18.11471082
2021-11-04T00:12:54.550+05:00,17.5629722
2021-11-04T00:12:55.053+05:00,3.808517026
2021-11-04T00:12:55.554+05:00,3.899274554
2021-11-04T00:12:56.055+05:00,2.365588888
2021-11-04T00:12:56.557+05:00,1.991523035
2021-11-04T00:12:57.059+05:00,4.402601594
2021-11-04T00:12:57.562+05:00,2.104480465
2021-11-04T00:12:58.065+05:00,1.252710325
2021-11-04T00:12:58.568+05:00,1.588068585
2021-11-04T00:12:59.071+05:00,3.723787134
2021-11-04T00:12:59.574+05:00,1.692610588
2021-11-04T00:13:00.077+05:00,0.901545458
2021-11-04T00:13:00.580+05:00,0.998201898
2021-11-04T00:13:01.082+05:00,6.377241162
2021-11-04T00:13:01.585+05:00,4.813656687
2021-11-04T00:13:02.088+05:00,4.614959067
2021-11-04T00:13:02.591+05:00,4.21532531
2021-11-04T00:13:03.094+05:00,3.856474112
2021-11-04T00:13:03.597+05:00,2.704200025
2021-11-04T00:13:04.100+05:00,1.062801113
2021-11-04T00:13:04.603+05:00,1.428542543
2021-11-04T00:13:05.106+05:00,4.155348741
2021-11-04T00:13:05.608+05:00,3.028213511
2021-11-04T00:13:06.111+05:00,3.729550293
2021-11-04T00:13:07.116+05:00,11.17178116
2021-11-04T00:13:07.619+05:00,4.979597361
2021-11-04T00:13:08.122+05:00,2.300461291
2021-11-04T00:13:08.625+05:00,1.646522857
2021-11-04T00:13:09.128+05:00,1.362572782
2021-11-04T00:13:09.629+05:00,2.128418459
2021-11-04T00:13:10.129+05:00,7.319029068
2021-11-04T00:13:10.632+05:00,11.93453799
2021-11-04T00:13:11.134+05:00,4.231683862
2021-11-04T00:13:11.636+05:00,4.420665964
2021-11-04T00:13:12.138+05:00,3.978209271
2021-11-04T00:13:12.641+05:00,3.934252202
2021-11-04T00:13:13.142+05:00,4.220725449
2021-11-04T00:13:13.645+05:00,4.068890636
2021-11-04T00:13:14.147+05:00,5.063172516
2021-11-04T00:13:14.649+05:00,4.291378511
2021-11-04T00:13:15.152+05:00,4.183174477
2021-11-04T00:13:15.654+05:00,4.065732621
2021-11-04T00:13:16.156+05:00,4.737202171
2021-11-04T00:13:16.658+05:00,4.119437567
2021-11-04T00:13:17.159+05:00,4.303368177
2021-11-04T00:13:17.661+05:00,4.285194037
2021-11-04T00:13:18.164+05:00,4.493290595
2021-11-04T00:13:18.665+05:00,4.32852511
2021-11-04T00:13:19.166+05:00,4.321801192
2021-11-04T00:13:19.667+05:00,4.604097528
2021-11-04T00:13:20.168+05:00,6.450272882
2021-11-04T00:13:20.670+05:00,4.375522621
2021-11-04T00:13:21.172+05:00,3.932633086
2021-11-04T00:13:21.674+05:00,4.247163699
2021-11-04T00:13:22.176+05:00,4.272047237
2021-11-04T00:13:22.678+05:00,4.003743748
2021-11-04T00:13:23.180+05:00,4.003310972
2021-11-04T00:13:23.683+05:00,4.239341182
2021-11-04T00:13:24.185+05:00,3.931900302
2021-11-04T00:13:24.687+05:00,3.985265458
2021-11-04T00:13:25.190+05:00,3.90525089
2021-11-04T00:13:25.697+05:00,4.475636633
2021-11-04T00:13:26.199+05:00,4.305634665
2021-11-04T00:13:26.701+05:00,3.992767954
2021-11-04T00:13:27.204+05:00,3.86978959
2021-11-04T00:13:27.706+05:00,3.977198273
2021-11-04T00:13:28.209+05:00,4.078157472
2021-11-04T00:13:28.711+05:00,4.734146839
2021-11-04T00:13:29.213+05:00,4.107454757
2021-11-04T00:13:29.716+05:00,3.961285792
2021-11-04T00:13:30.217+05:00,12.5435056
2021-11-04T00:13:30.720+05:00,8.213478531
2021-11-04T00:13:31.223+05:00,2.643575918
2021-11-04T00:13:31.725+05:00,1.780637726
2021-11-04T00:13:32.228+05:00,1.630119097
2021-11-04T00:13:32.731+05:00,1.644540465
2021-11-04T00:13:33.233+05:00,8.38345034
2021-11-04T00:13:33.734+05:00,12.60773801
2021-11-04T00:13:34.236+05:00,27.05241402
2021-11-04T00:13:34.737+05:00,17.04417614
2021-11-04T00:13:35.239+05:00,12.11243172
2021-11-04T00:13:35.741+05:00,7.259189527
2021-11-04T00:13:36.242+05:00,5.725947143
2021-11-04T00:13:36.744+05:00,1.99936482
2021-11-04T00:13:37.247+05:00,1.401771426
2021-11-04T00:13:37.750+05:00,1.767609713
2021-11-04T00:13:38.253+05:00,2.6609244
2021-11-04T00:13:38.756+05:00,3.83299458
2021-11-04T00:13:39.258+05:00,17.40437684
2021-11-04T00:13:39.761+05:00,2.594176716
2021-11-04T00:13:40.264+05:00,4.746539533
2021-11-04T00:13:40.766+05:00,2.270388086
2021-11-04T00:13:41.268+05:00,2.385376322
2021-11-04T00:13:41.770+05:00,2.730967153
2021-11-04T00:13:42.273+05:00,2.267302797
2021-11-04T00:13:42.776+05:00,1.551212405
2021-11-04T00:13:43.279+05:00,1.76287065
2021-11-04T00:13:43.780+05:00,3.615565576
2021-11-04T00:13:44.282+05:00,2.613405234
2021-11-04T00:13:44.784+05:00,1.663327101
2021-11-04T00:13:45.287+05:00,3.044146858
2021-11-04T00:13:45.790+05:00,1.784078119
2021-11-04T00:13:46.293+05:00,1.725700272
2021-11-04T00:13:46.806+05:00,0.765045
2021-11-04T00:13:47.308+05:00,1.586700245
2021-11-04T00:13:47.811+05:00,1.055517014
2021-11-04T00:13:48.314+05:00,1.601810168
2021-11-04T00:13:48.817+05:00,1.572760762
2021-11-04T00:13:49.320+05:00,1.783895818
2021-11-04T00:13:49.823+05:00,2.668389368
2021-11-04T00:13:50.326+05:00,6.571907649
2021-11-04T00:13:50.829+05:00,6.269251094
2021-11-04T00:13:51.333+05:00,1.919351916
2021-11-04T00:13:51.834+05:00,2.150566266
2021-11-04T00:13:52.337+05:00,1.626411839
2021-11-04T00:13:52.840+05:00,3.52975247
2021-11-04T00:13:53.342+05:00,11.57349862
2021-11-04T00:13:53.844+05:00,3.615417692
2021-11-04T00:13:54.346+05:00,2.300653332
2021-11-04T00:13:54.849+05:00,1.249819657
2021-11-04T00:13:55.352+05:00,3.496276861
2021-11-04T00:13:55.855+05:00,1.501497889
2021-11-04T00:13:56.356+05:00,11.58726414
2021-11-04T00:13:56.858+05:00,8.267321885
2021-11-04T00:13:57.360+05:00,4.355657136
2021-11-04T00:13:57.862+05:00,4.22583629
2021-11-04T00:13:58.363+05:00,5.292126761
2021-11-04T00:13:58.864+05:00,10.0854849
2021-11-04T00:13:59.366+05:00,2.907669121
2021-11-04T00:13:59.869+05:00,3.692927389
2021-11-04T00:14:00.371+05:00,1.858698098
2021-11-04T00:14:00.873+05:00,3.665153641
2021-11-04T00:14:01.375+05:00,6.561038748
2021-11-04T00:14:01.877+05:00,0.508669381
2021-11-04T00:14:02.380+05:00,1.174404923
2021-11-04T00:14:02.883+05:00,1.084310726
2021-11-04T00:14:03.384+05:00,3.102896495
2021-11-04T00:14:03.885+05:00,3.496636717
2021-11-04T00:14:04.388+05:00,2.517579436
2021-11-04T00:14:04.891+05:00,0.812347015
2021-11-04T00:14:05.394+05:00,3.732744529
2021-11-04T00:14:05.897+05:00,1.527471229
2021-11-04T00:14:06.398+05:00,3.707298242
2021-11-04T00:14:06.900+05:00,0.407357763
2021-11-04T00:14:07.403+05:00,1.013334105
2021-11-04T00:14:07.904+05:00,0.052205807
2021-11-04T00:14:08.407+05:00,0.818965772
2021-11-04T00:14:08.910+05:00,1.186542075
2021-11-04T00:14:09.413+05:00,0.391999704
2021-11-04T00:14:09.916+05:00,0.089972875
2021-11-04T00:14:10.418+05:00,1.423432175
2021-11-04T00:14:10.920+05:00,1.467259362
2021-11-04T00:14:11.423+05:00,1.53013272
2021-11-04T00:14:11.925+05:00,0.21712726
2021-11-04T00:14:12.428+05:00,0.465121506
2021-11-04T00:14:12.931+05:00,0.269166677
2021-11-04T00:14:13.433+05:00,1.627429373
2021-11-04T00:14:13.936+05:00,2.397333487
2021-11-04T00:14:14.438+05:00,0.949698633
2021-11-04T00:14:14.940+05:00,1.322608206
2021-11-04T00:14:15.443+05:00,0.393257771
2021-11-04T00:14:15.946+05:00,0.211825723
2021-11-04T00:14:16.447+05:00,11.83266519
2021-11-04T00:14:16.950+05:00,2.564747146
2021-11-04T00:14:17.452+05:00,1.941223719
2021-11-04T00:14:17.954+05:00,1.536920891
2021-11-04T00:14:18.457+05:00,1.58197576
2021-11-04T00:14:18.960+05:00,1.264072795
2021-11-04T00:14:19.461+05:00,13.76800357
2021-11-04T00:14:19.963+05:00,6.133613059
2021-11-04T00:14:20.464+05:00,18.86936381
2021-11-04T00:14:20.965+05:00,6.090090145
2021-11-04T00:14:21.467+05:00,5.47952973
2021-11-04T00:14:21.968+05:00,9.573643536
2021-11-04T00:14:22.469+05:00,17.77714719
2021-11-04T00:14:22.970+05:00,11.53583977
2021-11-04T00:14:23.472+05:00,10.46326488
2021-11-04T00:14:23.973+05:00,19.67901461
2021-11-04T00:14:24.474+05:00,19.07841645
2021-11-04T00:14:24.975+05:00,8.0150331
2021-11-04T00:14:25.477+05:00,16.34593002
2021-11-04T00:14:25.978+05:00,21.82107197
2021-11-04T00:14:26.479+05:00,27.58818989
2021-11-04T00:14:26.981+05:00,30.42918187
2021-11-04T00:14:27.483+05:00,33.52139416
2021-11-04T00:14:27.992+05:00,28.05062046
2021-11-04T00:14:28.493+05:00,26.13066464
2021-11-04T00:14:28.994+05:00,12.62393471
2021-11-04T00:14:29.495+05:00,19.80162366
2021-11-04T00:14:29.997+05:00,33.09834477
2021-11-04T00:14:30.499+05:00,11.87684943
2021-11-04T00:14:31.001+05:00,17.35415539
2021-11-04T00:14:31.502+05:00,34.31863787
2021-11-04T00:14:32.003+05:00,25.95246926
2021-11-04T00:14:32.504+05:00,26.10453432
2021-11-04T00:14:33.006+05:00,26.00004898
2021-11-04T00:14:33.507+05:00,25.48585869
2021-11-04T00:14:34.008+05:00,21.26779001
2021-11-04T00:14:34.509+05:00,12.09031057
2021-11-04T00:14:35.011+05:00,6.697364098
2021-11-04T00:14:35.513+05:00,7.550288981
2021-11-04T00:14:36.014+05:00,7.34889406
2021-11-04T00:14:36.515+05:00,10.39194351
2021-11-04T00:14:37.017+05:00,7.27739531
2021-11-04T00:14:37.518+05:00,8.990125865
2021-11-04T00:14:38.020+05:00,6.206053732
2021-11-04T00:14:38.522+05:00,7.619792159
2021-11-04T00:14:39.025+05:00,4.863960862
2021-11-04T00:14:39.527+05:00,6.822823815
2021-11-04T00:14:40.028+05:00,13.19927941
2021-11-04T00:14:40.529+05:00,18.7152866
2021-11-04T00:14:41.030+05:00,4.974872667
2021-11-04T00:14:41.532+05:00,2.73103651
2021-11-04T00:14:42.034+05:00,1.380089336
2021-11-04T00:14:42.536+05:00,1.743339709
2021-11-04T00:14:43.037+05:00,2.530112475
2021-11-04T00:14:43.539+05:00,5.692929182
2021-11-04T00:14:44.039+05:00,2.618368932
2021-11-04T00:14:44.541+05:00,4.072022149
2021-11-04T00:14:45.042+05:00,10.6187619
2021-11-04T00:14:45.543+05:00,12.69950689
2021-11-04T00:14:46.044+05:00,22.66357575
2021-11-04T00:14:46.546+05:00,19.10834454
2021-11-04T00:14:47.048+05:00,21.43126285
2021-11-04T00:14:47.549+05:00,24.14074317
2021-11-04T00:14:48.050+05:00,22.73044015
2021-11-04T00:14:48.551+05:00,26.8499089
2021-11-04T00:14:49.062+05:00,32.38255281
2021-11-04T00:14:49.563+05:00,39.90799439
2021-11-04T00:14:50.065+05:00,38.32645114
2021-11-04T00:14:50.566+05:00,39.20168885
2021-11-04T00:14:51.068+05:00,27.91644644
2021-11-04T00:14:51.570+05:00,29.44995813
2021-11-04T00:14:52.073+05:00,26.25809261
2021-11-04T00:14:52.574+05:00,15.67195044
2021-11-04T00:14:53.076+05:00,16.2932467
2021-11-04T00:14:53.578+05:00,12.86179824
2021-11-04T00:14:54.079+05:00,10.56420246
2021-11-04T00:14:54.581+05:00,13.98512849
2021-11-04T00:14:55.082+05:00,13.3022116
2021-11-04T00:14:55.583+05:00,10.07339122
2021-11-04T00:14:56.085+05:00,10.05361024
2021-11-04T00:14:56.587+05:00,11.04324246
2021-11-04T00:14:57.090+05:00,10.92848201
2021-11-04T00:14:57.592+05:00,9.896401786
2021-11-04T00:14:58.093+05:00,12.0153393
2021-11-04T00:14:58.595+05:00,17.85332471
2021-11-04T00:14:59.097+05:00,10.6645712
2021-11-04T00:14:59.599+05:00,17.72444873
2021-11-04T00:15:00.101+05:00,17.26331678
2021-11-04T00:15:00.603+05:00,10.40115854
2021-11-04T00:15:01.105+05:00,15.41473974
2021-11-04T00:15:01.607+05:00,10.64336776
2021-11-04T00:15:02.108+05:00,10.87603445
2021-11-04T00:15:02.610+05:00,10.9901808
2021-11-04T00:15:03.112+05:00,11.05353061
2021-11-04T00:15:03.613+05:00,10.84073603
2021-11-04T00:15:04.114+05:00,15.76791986
2021-11-04T00:15:04.617+05:00,8.728458206
2021-11-04T00:15:05.120+05:00,4.86953739
2021-11-04T00:15:05.621+05:00,3.60242797
2021-11-04T00:15:06.122+05:00,6.157388514
2021-11-04T00:15:06.623+05:00,2.654189705
2021-11-04T00:15:07.124+05:00,6.720509183
2021-11-04T00:15:07.626+05:00,15.19815066
2021-11-04T00:15:08.128+05:00,17.96094025
2021-11-04T00:15:08.630+05:00,7.438321893
2021-11-04T00:15:09.132+05:00,4.786131464
2021-11-04T00:15:09.633+05:00,4.964966048
2021-11-04T00:15:10.140+05:00,4.165476208
2021-11-04T00:15:10.642+05:00,5.221686736
2021-11-04T00:15:11.143+05:00,9.486873741
2021-11-04T00:15:11.645+05:00,17.33936561
2021-11-04T00:15:12.146+05:00,22.30074152
2021-11-04T00:15:12.648+05:00,24.77064821
2021-11-04T00:15:13.149+05:00,12.6595104
2021-11-04T00:15:13.651+05:00,16.88166825
2021-11-04T00:15:14.153+05:00,21.52678368
2021-11-04T00:15:14.655+05:00,7.650474616
2021-11-04T00:15:15.156+05:00,9.309194458
2021-11-04T00:15:15.658+05:00,3.72791023
2021-11-04T00:15:16.161+05:00,3.110173547
2021-11-04T00:15:16.664+05:00,1.641224413
2021-11-04T00:15:17.166+05:00,5.080716299
2021-11-04T00:15:17.668+05:00,1.489094507
2021-11-04T00:15:18.171+05:00,1.816571695
2021-11-04T00:15:18.674+05:00,1.84735725
2021-11-04T00:15:19.177+05:00,3.703273118
2021-11-04T00:15:19.679+05:00,1.985997872
2021-11-04T00:15:20.181+05:00,3.544539778
2021-11-04T00:15:20.683+05:00,5.441648038
2021-11-04T00:15:21.185+05:00,4.003564233
2021-11-04T00:15:21.688+05:00,4.64505588
2021-11-04T00:15:22.191+05:00,3.808118891
2021-11-04T00:15:22.693+05:00,2.483131319
2021-11-04T00:15:23.196+05:00,2.886686431
2021-11-04T00:15:23.698+05:00,5.433494214
2021-11-04T00:15:24.199+05:00,9.315519507
2021-11-04T00:15:24.700+05:00,6.290117352
2021-11-04T00:15:25.203+05:00,4.252696736
2021-11-04T00:15:25.705+05:00,4.614506886
2021-11-04T00:15:26.208+05:00,1.807827981
2021-11-04T00:15:26.711+05:00,2.180623586
2021-11-04T00:15:27.214+05:00,10.92930847
2021-11-04T00:15:27.716+05:00,4.153107928
2021-11-04T00:15:28.219+05:00,2.589168041
2021-11-04T00:15:28.722+05:00,2.562646931
2021-11-04T00:15:29.225+05:00,1.193461601
2021-11-04T00:15:29.728+05:00,1.493487268
2021-11-04T00:15:30.235+05:00,6.414823341
2021-11-04T00:15:30.737+05:00,12.56473824
2021-11-04T00:15:31.239+05:00,5.190821986
2021-11-04T00:15:31.741+05:00,4.374244714
2021-11-04T00:15:32.243+05:00,4.383445743
2021-11-04T00:15:32.745+05:00,11.49490558
2021-11-04T00:15:33.246+05:00,19.31807846
2021-11-04T00:15:33.747+05:00,16.65692096
2021-11-04T00:15:34.248+05:00,18.00466564
2021-11-04T00:15:34.749+05:00,26.85154237
2021-11-04T00:15:35.250+05:00,21.35829773
2021-11-04T00:15:35.752+05:00,28.23708349
2021-11-04T00:15:36.253+05:00,13.93510915
2021-11-04T00:15:36.754+05:00,26.56244123
2021-11-04T00:15:37.255+05:00,18.32268521
2021-11-04T00:15:37.756+05:00,10.09755922
2021-11-04T00:15:38.258+05:00,7.250358977
2021-11-04T00:15:38.759+05:00,5.132078518
2021-11-04T00:15:39.261+05:00,7.332314485
2021-11-04T00:15:39.764+05:00,4.393257541
2021-11-04T00:15:40.266+05:00,5.194343296
2021-11-04T00:15:40.769+05:00,4.034925731
2021-11-04T00:15:41.272+05:00,4.799847143
2021-11-04T00:15:41.774+05:00,2.901932248
2021-11-04T00:15:42.276+05:00,3.913130414
2021-11-04T00:15:42.777+05:00,4.770212935
2021-11-04T00:15:43.279+05:00,3.791586947
2021-11-04T00:15:43.782+05:00,4.947926901
2021-11-04T00:15:44.285+05:00,4.559235898
2021-11-04T00:15:44.787+05:00,2.838455388
2021-11-04T00:15:45.289+05:00,4.301596665
2021-11-04T00:15:45.792+05:00,5.262335165
2021-11-04T00:15:46.294+05:00,5.847072212
2021-11-04T00:15:46.797+05:00,2.282236282
2021-11-04T00:15:47.299+05:00,2.574998499
2021-11-04T00:15:47.802+05:00,3.936535206
2021-11-04T00:15:48.304+05:00,2.758455789
2021-11-04T00:15:48.805+05:00,3.666273231
2021-11-04T00:15:49.308+05:00,3.252969817
2021-11-04T00:15:49.810+05:00,2.767898588
2021-11-04T00:15:50.311+05:00,12.15651379
2021-11-04T00:15:50.814+05:00,6.158595694
2021-11-04T00:15:51.330+05:00,2.044965172
2021-11-04T00:15:51.833+05:00,3.982081938
2021-11-04T00:15:52.336+05:00,1.400479319
2021-11-04T00:15:52.840+05:00,3.25339636
2021-11-04T00:15:53.341+05:00,11.18003648
2021-11-04T00:15:53.843+05:00,10.00601779
2021-11-04T00:15:54.345+05:00,4.713750563
2021-11-04T00:15:54.847+05:00,4.349552964
2021-11-04T00:15:55.349+05:00,4.397303157
2021-11-04T00:15:55.851+05:00,16.27643745
2021-11-04T00:15:56.353+05:00,14.92324961
2021-11-04T00:15:56.854+05:00,9.097346775
2021-11-04T00:15:57.355+05:00,19.22248643
2021-11-04T00:15:57.856+05:00,26.05503902
2021-11-04T00:15:58.358+05:00,16.9480292
2021-11-04T00:15:58.859+05:00,21.86050771
2021-11-04T00:15:59.361+05:00,15.06183457
2021-11-04T00:15:59.863+05:00,4.911639745
2021-11-04T00:16:00.366+05:00,4.159516349
2021-11-04T00:16:00.868+05:00,3.738890904
2021-11-04T00:16:01.371+05:00,6.779734884
2021-11-04T00:16:01.873+05:00,4.032493165
2021-11-04T00:16:02.375+05:00,7.002592762
2021-11-04T00:16:02.877+05:00,5.02403121
2021-11-04T00:16:03.378+05:00,3.742053902
2021-11-04T00:16:03.879+05:00,4.193556791
2021-11-04T00:16:04.380+05:00,5.198074086
2021-11-04T00:16:04.882+05:00,2.662180322
2021-11-04T00:16:05.385+05:00,4.525577997
2021-11-04T00:16:05.888+05:00,5.278161832
2021-11-04T00:16:06.391+05:00,5.277633785
2021-11-04T00:16:06.894+05:00,5.274289413
2021-11-04T00:16:07.397+05:00,9.000599582
2021-11-04T00:16:07.898+05:00,5.932049555
2021-11-04T00:16:08.401+05:00,2.407282025
2021-11-04T00:16:08.903+05:00,2.98216769
2021-11-04T00:16:09.406+05:00,2.38508147
2021-11-04T00:16:09.907+05:00,3.752212096
2021-11-04T00:16:10.409+05:00,4.229162875
2021-11-04T00:16:10.911+05:00,3.426581668
2021-11-04T00:16:11.413+05:00,2.35838399
2021-11-04T00:16:11.916+05:00,3.574057658
2021-11-04T00:16:12.428+05:00,8.750009696
2021-11-04T00:16:12.930+05:00,6.285165111
2021-11-04T00:16:13.432+05:00,11.50578902
2021-11-04T00:16:13.934+05:00,4.551552581
2021-11-04T00:16:14.435+05:00,2.973848144
2021-11-04T00:16:14.938+05:00,2.051759206
2021-11-04T00:16:15.441+05:00,1.433889807
2021-11-04T00:16:15.944+05:00,1.36925261
2021-11-04T00:16:16.446+05:00,11.87887911
2021-11-04T00:16:16.948+05:00,8.044050663
2021-11-04T00:16:17.450+05:00,4.271639818
2021-11-04T00:16:17.952+05:00,21.94067927
2021-11-04T00:16:18.453+05:00,10.96244976
2021-11-04T00:16:18.954+05:00,12.17233254
2021-11-04T00:16:19.455+05:00,7.944955632
2021-11-04T00:16:19.956+05:00,8.663187864
2021-11-04T00:16:20.457+05:00,7.140701278
2021-11-04T00:16:20.958+05:00,7.114927446
2021-11-04T00:16:21.459+05:00,6.120533109
2021-11-04T00:16:21.960+05:00,17.45569751
2021-11-04T00:16:22.460+05:00,21.95238975
2021-11-04T00:16:22.961+05:00,25.56810388
2021-11-04T00:16:23.462+05:00,7.7776197
2021-11-04T00:16:23.963+05:00,13.05542064
2021-11-04T00:16:24.465+05:00,3.634144991
2021-11-04T00:16:24.968+05:00,3.132479554
2021-11-04T00:16:25.469+05:00,3.612008545
2021-11-04T00:16:25.970+05:00,4.128705891
2021-11-04T00:16:26.472+05:00,2.26917315
2021-11-04T00:16:26.974+05:00,7.471226723
2021-11-04T00:16:27.475+05:00,12.54673244
2021-11-04T00:16:27.978+05:00,8.490134591
2021-11-04T00:16:28.481+05:00,2.133661432
2021-11-04T00:16:28.983+05:00,2.614317567
2021-11-04T00:16:29.486+05:00,2.049719278
2021-11-04T00:16:29.988+05:00,2.003133062
2021-11-04T00:16:30.490+05:00,2.542913359
2021-11-04T00:16:30.993+05:00,2.544674335
2021-11-04T00:16:31.496+05:00,2.075934679
2021-11-04T00:16:31.998+05:00,6.338258887
2021-11-04T00:16:32.500+05:00,10.70596185
2021-11-04T00:16:33.012+05:00,7.47797905
2021-11-04T00:16:33.513+05:00,3.412144552
2021-11-04T00:16:34.015+05:00,4.018342251
2021-11-04T00:16:34.516+05:00,3.887030585
2021-11-04T00:16:35.018+05:00,3.015619348
2021-11-04T00:16:35.520+05:00,1.854625023
2021-11-04T00:16:36.022+05:00,4.287365168
2021-11-04T00:16:36.524+05:00,11.15343032
2021-11-04T00:16:37.027+05:00,3.85642224
2021-11-04T00:16:37.530+05:00,2.089247739
2021-11-04T00:16:38.033+05:00,1.419150397
2021-11-04T00:16:38.536+05:00,1.403974449
2021-11-04T00:16:39.039+05:00,1.472673877
2021-11-04T00:16:39.541+05:00,13.14188162
2021-11-04T00:16:40.042+05:00,8.319099589
2021-11-04T00:16:40.544+05:00,4.378404344
2021-11-04T00:16:41.045+05:00,18.43966932
2021-11-04T00:16:41.546+05:00,16.04665489
2021-11-04T00:16:42.047+05:00,19.13595217
2021-11-04T00:16:42.549+05:00,14.309907
2021-11-04T00:16:43.050+05:00,17.17799191
2021-11-04T00:16:43.551+05:00,27.39068039
2021-11-04T00:16:44.053+05:00,21.98193819
2021-11-04T00:16:44.554+05:00,17.53554897
2021-11-04T00:16:45.057+05:00,3.578093147
2021-11-04T00:16:45.560+05:00,2.995821722
2021-11-04T00:16:46.062+05:00,2.729480854
2021-11-04T00:16:46.563+05:00,3.982524023
2021-11-04T00:16:47.066+05:00,8.777604924
2021-11-04T00:16:47.569+05:00,2.653150524
2021-11-04T00:16:48.072+05:00,3.287682447
2021-11-04T00:16:48.574+05:00,1.733974668
2021-11-04T00:16:49.076+05:00,1.660119269
2021-11-04T00:16:49.578+05:00,2.12015551
2021-11-04T00:16:50.079+05:00,1.319357859
2021-11-04T00:16:50.582+05:00,1.079677929
2021-11-04T00:16:51.083+05:00,4.373460383
2021-11-04T00:16:51.586+05:00,1.513886117
2021-11-04T00:16:52.089+05:00,3.817396653
2021-11-04T00:16:52.592+05:00,3.417334605
2021-11-04T00:16:53.095+05:00,2.235193278
2021-11-04T00:16:53.596+05:00,3.22570035
2021-11-04T00:16:54.109+05:00,0.694167852
2021-11-04T00:16:54.612+05:00,1.52475884
2021-11-04T00:16:55.115+05:00,1.202189755
2021-11-04T00:16:55.618+05:00,1.346212866
2021-11-04T00:16:56.121+05:00,1.207337376
2021-11-04T00:16:56.624+05:00,3.751886336
2021-11-04T00:16:57.126+05:00,0.594340798
2021-11-04T00:16:57.628+05:00,3.108425195
2021-11-04T00:16:58.129+05:00,1.494797023
2021-11-04T00:16:58.630+05:00,2.187616249
2021-11-04T00:16:59.133+05:00,2.594446403
2021-11-04T00:16:59.634+05:00,17.86243651
2021-11-04T00:17:00.136+05:00,5.300295625
2021-11-04T00:17:00.639+05:00,2.055011599
2021-11-04T00:17:01.142+05:00,5.98466179
2021-11-04T00:17:01.645+05:00,1.451574038
2021-11-04T00:17:02.148+05:00,1.775541316
2021-11-04T00:17:02.649+05:00,14.84274109
2021-11-04T00:17:03.151+05:00,6.241419974
2021-11-04T00:17:03.653+05:00,4.617236574
2021-11-04T00:17:04.155+05:00,4.365799379
2021-11-04T00:17:04.657+05:00,20.47247372
2021-11-04T00:17:05.158+05:00,5.852857237
2021-11-04T00:17:05.659+05:00,7.458150896
2021-11-04T00:17:06.161+05:00,21.76519565
2021-11-04T00:17:06.662+05:00,17.94182995
2021-11-04T00:17:07.164+05:00,16.94151164
2021-11-04T00:17:07.666+05:00,16.68017549
2021-11-04T00:17:08.168+05:00,17.69495844
2021-11-04T00:17:08.669+05:00,21.23484807
2021-11-04T00:17:09.171+05:00,8.372302734
2021-11-04T00:17:09.672+05:00,7.695786479
2021-11-04T00:17:10.174+05:00,8.736059258
2021-11-04T00:17:10.675+05:00,11.15330346
2021-11-04T00:17:11.176+05:00,14.88766598
2021-11-04T00:17:11.678+05:00,19.64961363
2021-11-04T00:17:12.180+05:00,9.982916659
2021-11-04T00:17:12.682+05:00,5.604414034
2021-11-04T00:17:13.188+05:00,4.895760017
2021-11-04T00:17:13.689+05:00,6.564257756
2021-11-04T00:17:14.190+05:00,5.569357642
2021-11-04T00:17:14.693+05:00,5.707573509
2021-11-04T00:17:15.195+05:00,4.088096136
2021-11-04T00:17:15.697+05:00,4.356915378
2021-11-04T00:17:16.199+05:00,4.768547236
2021-11-04T00:17:16.701+05:00,4.635412288
2021-11-04T00:17:17.204+05:00,4.330954175
2021-11-04T00:17:17.706+05:00,4.147881645
2021-11-04T00:17:18.208+05:00,4.283512092
2021-11-04T00:17:18.711+05:00,4.640994984
2021-11-04T00:17:19.213+05:00,4.24298659
2021-11-04T00:17:19.716+05:00,3.317438027
2021-11-04T00:17:20.218+05:00,4.252245647
2021-11-04T00:17:20.721+05:00,5.040409479
2021-11-04T00:17:21.223+05:00,3.407541966
2021-11-04T00:17:21.725+05:00,4.306204782
2021-11-04T00:17:22.226+05:00,4.092129312
2021-11-04T00:17:22.729+05:00,11.40229616
2021-11-04T00:17:23.231+05:00,3.992017071
2021-11-04T00:17:23.733+05:00,2.306867077
2021-11-04T00:17:24.236+05:00,1.218407568
2021-11-04T00:17:24.739+05:00,1.32865181
2021-11-04T00:17:25.242+05:00,1.281029234
2021-11-04T00:17:25.744+05:00,14.66921844
2021-11-04T00:17:26.246+05:00,5.920267549
2021-11-04T00:17:26.749+05:00,4.304514183
2021-11-04T00:17:27.250+05:00,4.731347854
2021-11-04T00:17:27.751+05:00,11.24810426
2021-11-04T00:17:28.253+05:00,14.8115309
2021-11-04T00:17:28.755+05:00,19.56709786
2021-11-04T00:17:29.256+05:00,24.69080526
2021-11-04T00:17:29.758+05:00,27.08052718
2021-11-04T00:17:30.260+05:00,9.074799708
2021-11-04T00:17:30.762+05:00,21.02237348
2021-11-04T00:17:31.263+05:00,17.78303138
2021-11-04T00:17:31.764+05:00,7.124687637
2021-11-04T00:17:32.265+05:00,9.188070246
2021-11-04T00:17:32.766+05:00,20.61332349
2021-11-04T00:17:33.281+05:00,10.7164389
2021-11-04T00:17:33.782+05:00,6.172893436
2021-11-04T00:17:34.284+05:00,3.836580183
2021-11-04T00:17:34.785+05:00,3.859679169
2021-11-04T00:17:35.287+05:00,3.037949482
2021-11-04T00:17:35.789+05:00,4.453634162
2021-11-04T00:17:36.292+05:00,3.687454384
2021-11-04T00:17:36.793+05:00,2.931096946
2021-11-04T00:17:37.296+05:00,2.798835907
2021-11-04T00:17:37.797+05:00,4.822332853
2021-11-04T00:17:38.300+05:00,1.809426814
2021-11-04T00:17:38.802+05:00,4.328582413
2021-11-04T00:17:39.304+05:00,4.044651198
2021-11-04T00:17:39.806+05:00,1.42155794
2021-11-04T00:17:40.309+05:00,2.040201541
2021-11-04T00:17:40.812+05:00,2.164440223
2021-11-04T00:17:41.315+05:00,3.971058397
2021-11-04T00:17:41.818+05:00,4.093573098
2021-11-04T00:17:42.321+05:00,0.910647818
2021-11-04T00:17:42.824+05:00,1.362482092
2021-11-04T00:17:43.326+05:00,1.973646046
2021-11-04T00:17:43.829+05:00,1.533870877
2021-11-04T00:17:44.331+05:00,1.078118974
2021-11-04T00:17:44.833+05:00,3.279957492
2021-11-04T00:17:45.335+05:00,1.675733336
2021-11-04T00:17:45.836+05:00,15.3273662
2021-11-04T00:17:46.338+05:00,4.093316289
2021-11-04T00:17:46.841+05:00,2.066193754
2021-11-04T00:17:47.344+05:00,3.521129158
2021-11-04T00:17:47.847+05:00,1.279255694
2021-11-04T00:17:48.350+05:00,1.119996471
2021-11-04T00:17:48.851+05:00,14.86037687
2021-11-04T00:17:49.353+05:00,6.001060504
2021-11-04T00:17:49.856+05:00,4.158245622
2021-11-04T00:17:50.357+05:00,17.02226387
2021-11-04T00:17:50.858+05:00,10.03674528
2021-11-04T00:17:51.360+05:00,5.486522361
2021-11-04T00:17:51.862+05:00,7.169513954
2021-11-04T00:17:52.363+05:00,8.595355341
2021-11-04T00:17:52.865+05:00,10.89192792
2021-11-04T00:17:53.367+05:00,9.307436604
2021-11-04T00:17:53.868+05:00,15.3088172
2021-11-04T00:17:54.377+05:00,15.46702102
2021-11-04T00:17:54.879+05:00,13.91850342
2021-11-04T00:17:55.380+05:00,23.72819547
2021-11-04T00:17:55.881+05:00,15.13126633
2021-11-04T00:17:56.382+05:00,27.66361249
2021-11-04T00:17:56.884+05:00,18.24924883
2021-11-04T00:17:57.385+05:00,12.42391947
2021-11-04T00:17:57.888+05:00,11.51986494
2021-11-04T00:17:58.390+05:00,12.91636
2021-11-04T00:17:58.892+05:00,16.4923929
2021-11-04T00:17:59.393+05:00,16.4221863
2021-11-04T00:17:59.895+05:00,18.4526981
2021-11-04T00:18:00.398+05:00,8.916115141
2021-11-04T00:18:00.900+05:00,13.53801575
2021-11-04T00:18:01.402+05:00,15.56469432
2021-11-04T00:18:01.904+05:00,7.484244878
2021-11-04T00:18:02.405+05:00,7.831945331
2021-11-04T00:18:02.907+05:00,7.630099614
2021-11-04T00:18:03.408+05:00,7.142649345
2021-11-04T00:18:03.909+05:00,7.876465176
2021-11-04T00:18:04.410+05:00,9.452176719
2021-11-04T00:18:04.912+05:00,8.54939738
2021-11-04T00:18:05.414+05:00,7.810698996
2021-11-04T00:18:05.915+05:00,7.211355787
2021-11-04T00:18:06.417+05:00,8.526310487
2021-11-04T00:18:06.919+05:00,6.828489146
2021-11-04T00:18:07.421+05:00,6.875337377
2021-11-04T00:18:07.922+05:00,6.691637048
2021-11-04T00:18:08.424+05:00,6.960366181
2021-11-04T00:18:08.926+05:00,12.36751032
2021-11-04T00:18:09.429+05:00,3.236544835
2021-11-04T00:18:09.932+05:00,2.190644489
2021-11-04T00:18:10.435+05:00,2.536597529
2021-11-04T00:18:10.937+05:00,1.88097843
2021-11-04T00:18:11.439+05:00,2.660251594
2021-11-04T00:18:11.941+05:00,16.89280513
2021-11-04T00:18:12.443+05:00,4.73441779
2021-11-04T00:18:12.945+05:00,8.818567294
2021-11-04T00:18:13.447+05:00,8.102916257
2021-11-04T00:18:13.948+05:00,5.413401605
2021-11-04T00:18:14.451+05:00,4.591986056
2021-11-04T00:18:14.953+05:00,1.675648606
2021-11-04T00:18:15.465+05:00,0.574134792
2021-11-04T00:18:15.967+05:00,1.523837976
2021-11-04T00:18:16.470+05:00,3.161039921
2021-11-04T00:18:16.972+05:00,1.486001591
2021-11-04T00:18:17.472+05:00,1.012251467
2021-11-04T00:18:17.974+05:00,2.021185306
2021-11-04T00:18:18.477+05:00,0.526849742
2021-11-04T00:18:18.978+05:00,7.425301001
2021-11-04T00:18:19.481+05:00,3.780966031
2021-11-04T00:18:19.984+05:00,1.667815561
2021-11-04T00:18:20.487+05:00,3.307577848
2021-11-04T00:18:20.989+05:00,0.577078805
2021-11-04T00:18:21.492+05:00,0.549912636
2021-11-04T00:18:21.994+05:00,1.702700474
2021-11-04T00:18:22.495+05:00,0.611244265
2021-11-04T00:18:22.998+05:00,1.490659451
2021-11-04T00:18:23.501+05:00,1.548773638
2021-11-04T00:18:24.004+05:00,0.771708661
2021-11-04T00:18:24.506+05:00,0.716461136
2021-11-04T00:18:25.512+05:00,0.65070763
2021-11-04T00:18:26.014+05:00,0.329393102
2021-11-04T00:18:26.517+05:00,0.152727078
2021-11-04T00:18:27.019+05:00,0.584732537
2021-11-04T00:18:27.522+05:00,0.430454329
2021-11-04T00:18:28.024+05:00,2.386467832
2021-11-04T00:18:28.525+05:00,2.395364237
2021-11-04T00:18:29.027+05:00,0.322443632
2021-11-04T00:18:29.530+05:00,0.241144129
2021-11-04T00:18:30.031+05:00,2.819276052
2021-11-04T00:18:30.533+05:00,0.80015796
2021-11-04T00:18:31.036+05:00,0.29896883
2021-11-04T00:18:31.539+05:00,0.302869834
2021-11-04T00:18:32.042+05:00,11.11722256
2021-11-04T00:18:32.545+05:00,1.281658836
2021-11-04T00:18:33.047+05:00,2.738023345
2021-11-04T00:18:33.549+05:00,1.427485168
2021-11-04T00:18:34.052+05:00,3.826499672
2021-11-04T00:18:34.554+05:00,1.132086399
2021-11-04T00:18:35.055+05:00,16.24282941
2021-11-04T00:18:35.557+05:00,19.73381559
2021-11-04T00:18:36.064+05:00,14.93130625
2021-11-04T00:18:36.566+05:00,4.955783308
2021-11-04T00:18:37.067+05:00,2.308132767
2021-11-04T00:18:37.569+05:00,1.186493599
2021-11-04T00:18:38.072+05:00,2.058636355
2021-11-04T00:18:38.575+05:00,0.414897073
2021-11-04T00:18:39.077+05:00,0.79741151
2021-11-04T00:18:39.579+05:00,1.133913146
2021-11-04T00:18:40.080+05:00,3.914894518
2021-11-04T00:18:40.583+05:00,1.114016337
2021-11-04T00:18:41.086+05:00,1.1214936
2021-11-04T00:18:41.589+05:00,0.666460931
2021-11-04T00:18:42.091+05:00,2.892466268
2021-11-04T00:18:42.593+05:00,0.415306533
2021-11-04T00:18:43.094+05:00,1.896002979
2021-11-04T00:18:43.597+05:00,2.177071857
2021-11-04T00:18:44.098+05:00,0.798768046
2021-11-04T00:18:44.600+05:00,3.837080075
2021-11-04T00:18:45.101+05:00,2.822092896
2021-11-04T00:18:45.604+05:00,4.285511333
2021-11-04T00:18:46.106+05:00,0.887623554
2021-11-04T00:18:46.609+05:00,0.701422001
2021-11-04T00:18:47.111+05:00,0.293882664
2021-11-04T00:18:47.613+05:00,0.322428078
2021-11-04T00:18:48.116+05:00,0.249353483
2021-11-04T00:18:48.619+05:00,0.265844616
2021-11-04T00:18:49.122+05:00,0.52544284
2021-11-04T00:18:49.623+05:00,0.695884323
2021-11-04T00:18:50.124+05:00,1.872713277
2021-11-04T00:18:50.627+05:00,0.825269419
2021-11-04T00:18:51.130+05:00,2.774498982
2021-11-04T00:18:51.633+05:00,0.561123445
2021-11-04T00:18:52.136+05:00,0.391249214
2021-11-04T00:18:52.638+05:00,3.804278655
2021-11-04T00:18:53.141+05:00,3.022995886
2021-11-04T00:18:53.644+05:00,1.23309383
2021-11-04T00:18:54.146+05:00,0.091031147
2021-11-04T00:18:54.649+05:00,0.710569719
2021-11-04T00:18:55.151+05:00,12.59504259
2021-11-04T00:18:55.654+05:00,1.340242633
2021-11-04T00:18:56.165+05:00,1.763351984
2021-11-04T00:18:56.667+05:00,1.136702183
2021-11-04T00:18:57.169+05:00,1.629197609
2021-11-04T00:18:57.672+05:00,1.423967097
2021-11-04T00:18:58.173+05:00,15.86800691
2021-11-04T00:18:58.675+05:00,4.839838503
2021-11-04T00:18:59.176+05:00,19.01331629
2021-11-04T00:18:59.677+05:00,15.91307077
2021-11-04T00:19:00.178+05:00,26.96454998
2021-11-04T00:19:00.680+05:00,21.89016682
2021-11-04T00:19:01.181+05:00,16.68997827
2021-11-04T00:19:01.682+05:00,17.06723152
2021-11-04T00:19:02.183+05:00,8.026512948
2021-11-04T00:19:02.684+05:00,24.28798742
2021-11-04T00:19:03.186+05:00,23.22903546
2021-11-04T00:19:03.687+05:00,16.97131756
2021-11-04T00:19:04.189+05:00,12.61698305
2021-11-04T00:19:04.691+05:00,11.35777274
2021-11-04T00:19:05.193+05:00,7.789235645
2021-11-04T00:19:05.696+05:00,3.179805567
2021-11-04T00:19:06.199+05:00,4.385755068
2021-11-04T00:19:06.702+05:00,11.98141488
2021-11-04T00:19:07.204+05:00,2.113430977
2021-11-04T00:19:07.707+05:00,1.519653216
2021-11-04T00:19:08.209+05:00,2.029629285
2021-11-04T00:19:08.712+05:00,2.99355408
2021-11-04T00:19:09.215+05:00,3.651320167
2021-11-04T00:19:09.718+05:00,1.110213538
2021-11-04T00:19:10.220+05:00,2.633882876
2021-11-04T00:19:10.722+05:00,1.915062519
2021-11-04T00:19:11.225+05:00,1.693693658
2021-11-04T00:19:11.728+05:00,1.401534183
2021-11-04T00:19:12.231+05:00,0.704862682
2021-11-04T00:19:12.734+05:00,1.282754411
2021-11-04T00:19:13.237+05:00,1.183452878
2021-11-04T00:19:13.740+05:00,1.448000561
2021-11-04T00:19:14.243+05:00,0.728463912
2021-11-04T00:19:14.746+05:00,1.123233623
2021-11-04T00:19:15.247+05:00,6.474361209
2021-11-04T00:19:15.750+05:00,1.300678993
2021-11-04T00:19:16.251+05:00,5.852695129
2021-11-04T00:19:16.752+05:00,5.641511523
2021-11-04T00:19:17.265+05:00,0.504995695
2021-11-04T00:19:17.767+05:00,6.006072778
2021-11-04T00:19:18.270+05:00,18.28003849
2021-11-04T00:19:18.773+05:00,1.388650784
2021-11-04T00:19:19.275+05:00,2.6833518
2021-11-04T00:19:19.778+05:00,1.37183364
2021-11-04T00:19:20.281+05:00,1.603071541
2021-11-04T00:19:20.784+05:00,1.417696471
2021-11-04T00:19:21.285+05:00,16.66249491
2021-11-04T00:19:21.786+05:00,6.427275208
2021-11-04T00:19:22.288+05:00,6.317372084
2021-11-04T00:19:22.789+05:00,4.322959055
2021-11-04T00:19:23.290+05:00,19.07201347
2021-11-04T00:19:23.792+05:00,6.295164132
2021-11-04T00:19:24.293+05:00,9.195560804
2021-11-04T00:19:24.795+05:00,12.83637972
2021-11-04T00:19:25.296+05:00,7.331774887
2021-11-04T00:19:25.797+05:00,6.122650458
2021-11-04T00:19:26.298+05:00,6.540611669
2021-11-04T00:19:26.799+05:00,14.20881197
2021-11-04T00:19:27.301+05:00,11.2030226
2021-11-04T00:19:27.802+05:00,12.53713996
2021-11-04T00:19:28.303+05:00,10.3508878
2021-11-04T00:19:28.804+05:00,16.34666287
2021-11-04T00:19:29.305+05:00,20.11911911
2021-11-04T00:19:29.806+05:00,12.67170568
2021-11-04T00:19:30.307+05:00,8.451649205
2021-11-04T00:19:30.808+05:00,16.01124677
2021-11-04T00:19:31.309+05:00,20.03022631
2021-11-04T00:19:31.811+05:00,18.36217342
2021-11-04T00:19:32.312+05:00,20.53563926
2021-11-04T00:19:32.813+05:00,7.704187369
2021-11-04T00:19:33.314+05:00,17.45344569
2021-11-04T00:19:33.815+05:00,16.93720924
2021-11-04T00:19:34.316+05:00,14.05657858
2021-11-04T00:19:34.817+05:00,17.71372075
2021-11-04T00:19:35.319+05:00,33.14355655
2021-11-04T00:19:35.820+05:00,44.71302929
2021-11-04T00:19:36.321+05:00,45.2878109
2021-11-04T00:19:36.823+05:00,41.62736493
2021-11-04T00:19:37.324+05:00,35.67971455
2021-11-04T00:19:37.825+05:00,15.99072351
2021-11-04T00:19:38.326+05:00,19.37951308
2021-11-04T00:19:38.827+05:00,12.58430189
2021-11-04T00:19:39.328+05:00,10.60150786
2021-11-04T00:19:39.829+05:00,3.434874128
2021-11-04T00:19:40.330+05:00,7.23358165
2021-11-04T00:19:40.832+05:00,5.407459517
2021-11-04T00:19:41.333+05:00,15.92401364
2021-11-04T00:19:41.834+05:00,9.057245289
2021-11-04T00:19:42.336+05:00,2.825662777
2021-11-04T00:19:42.839+05:00,2.170747168
2021-11-04T00:19:43.341+05:00,3.526206099
2021-11-04T00:19:43.844+05:00,2.787228271
2021-11-04T00:19:44.346+05:00,17.33699882
2021-11-04T00:19:44.848+05:00,4.79821168
2021-11-04T00:19:45.350+05:00,5.289280316
2021-11-04T00:19:45.852+05:00,19.37154815
2021-11-04T00:19:46.354+05:00,4.965230845
2021-11-04T00:19:46.856+05:00,4.519300812
2021-11-04T00:19:47.357+05:00,4.707048314
2021-11-04T00:19:47.859+05:00,4.346574805
2021-11-04T00:19:48.360+05:00,4.291684713
2021-11-04T00:19:48.863+05:00,4.814691572
2021-11-04T00:19:49.365+05:00,4.696036016
2021-11-04T00:19:49.867+05:00,4.571774757
2021-11-04T00:19:50.368+05:00,4.226107388
2021-11-04T00:19:50.870+05:00,3.984928324
2021-11-04T00:19:51.371+05:00,6.075700978
2021-11-04T00:19:51.873+05:00,17.97685749
2021-11-04T00:19:52.375+05:00,6.073951936
2021-11-04T00:19:52.877+05:00,11.20003197
2021-11-04T00:19:53.379+05:00,15.91704666
2021-11-04T00:19:53.881+05:00,5.03638768
2021-11-04T00:19:54.384+05:00,11.5464773
2021-11-04T00:19:54.887+05:00,2.332009674
2021-11-04T00:19:55.388+05:00,3.792167358
2021-11-04T00:19:55.889+05:00,4.031060973
2021-11-04T00:19:56.390+05:00,3.358878955
2021-11-04T00:19:56.893+05:00,5.923354676
2021-11-04T00:19:57.395+05:00,4.215691685
2021-11-04T00:19:57.897+05:00,14.88417233
2021-11-04T00:19:58.403+05:00,5.200319619
2021-11-04T00:19:58.904+05:00,4.865806834
2021-11-04T00:19:59.405+05:00,4.033171
2021-11-04T00:19:59.906+05:00,5.601464506
2021-11-04T00:20:00.407+05:00,10.09963999
2021-11-04T00:20:00.908+05:00,13.85006316
2021-11-04T00:20:01.411+05:00,8.792042809
2021-11-04T00:20:01.914+05:00,4.127294584
2021-11-04T00:20:02.416+05:00,2.348220472
2021-11-04T00:20:02.919+05:00,1.432844426
2021-11-04T00:20:03.421+05:00,3.203602802
2021-11-04T00:20:03.922+05:00,2.919779042
2021-11-04T00:20:04.425+05:00,10.4157167
2021-11-04T00:20:04.927+05:00,4.029044071
2021-11-04T00:20:05.430+05:00,2.171838428
2021-11-04T00:20:05.932+05:00,2.147007919
2021-11-04T00:20:06.436+05:00,3.756728106
2021-11-04T00:20:06.938+05:00,1.777257852
2021-11-04T00:20:07.440+05:00,17.2061928
2021-11-04T00:20:07.941+05:00,4.59669787
2021-11-04T00:20:08.443+05:00,4.439361086
2021-11-04T00:20:08.945+05:00,4.257993926
2021-11-04T00:20:09.447+05:00,19.30836907
2021-11-04T00:20:09.949+05:00,5.543069839
2021-11-04T00:20:10.450+05:00,7.219192259
2021-11-04T00:20:10.952+05:00,17.08969581
2021-11-04T00:20:11.453+05:00,23.05734863
2021-11-04T00:20:11.954+05:00,14.18599813
2021-11-04T00:20:12.456+05:00,16.53657971
2021-11-04T00:20:12.958+05:00,5.16538272
2021-11-04T00:20:13.460+05:00,8.623700813
2021-11-04T00:20:13.961+05:00,9.985342961
2021-11-04T00:20:14.463+05:00,25.85562466
2021-11-04T00:20:14.964+05:00,22.95635598
2021-11-04T00:20:15.465+05:00,38.84854014
2021-11-04T00:20:15.966+05:00,28.49596621
2021-11-04T00:20:16.468+05:00,28.36227353
2021-11-04T00:20:16.970+05:00,24.47678973
2021-11-04T00:20:17.472+05:00,21.34770596
2021-11-04T00:20:17.973+05:00,25.8554561
2021-11-04T00:20:18.482+05:00,12.29553744
2021-11-04T00:20:18.984+05:00,6.374016101
2021-11-04T00:20:19.486+05:00,8.448055532
2021-11-04T00:20:19.988+05:00,17.4397905
2021-11-04T00:20:20.490+05:00,6.192158316
2021-11-04T00:20:20.992+05:00,5.71118959
2021-11-04T00:20:21.494+05:00,7.757090967
2021-11-04T00:20:21.996+05:00,7.476180315
2021-11-04T00:20:22.498+05:00,4.837374618
2021-11-04T00:20:23.001+05:00,4.459356728
2021-11-04T00:20:23.503+05:00,12.81622899
2021-11-04T00:20:24.005+05:00,8.909700218
2021-11-04T00:20:24.507+05:00,7.306506066
2021-11-04T00:20:25.009+05:00,5.43833892
2021-11-04T00:20:25.511+05:00,5.542446155
2021-11-04T00:20:26.012+05:00,4.35335404
2021-11-04T00:20:26.515+05:00,5.938668353
2021-11-04T00:20:27.016+05:00,5.214940986
2021-11-04T00:20:27.519+05:00,13.55930706
2021-11-04T00:20:28.021+05:00,5.969942608
2021-11-04T00:20:28.522+05:00,3.254017772
2021-11-04T00:20:29.023+05:00,2.787481256
2021-11-04T00:20:29.525+05:00,3.688016622
2021-11-04T00:20:30.026+05:00,2.089875342
2021-11-04T00:20:30.527+05:00,17.68402009
2021-11-04T00:20:31.029+05:00,4.864429372
2021-11-04T00:20:31.530+05:00,17.7984349
2021-11-04T00:20:32.032+05:00,15.21873985
2021-11-04T00:20:32.533+05:00,18.04441584
2021-11-04T00:20:33.035+05:00,24.36582284
2021-11-04T00:20:33.536+05:00,16.99545456
2021-11-04T00:20:34.037+05:00,10.80057071
2021-11-04T00:20:34.538+05:00,27.72645488
2021-11-04T00:20:35.040+05:00,24.10783288
2021-11-04T00:20:35.541+05:00,15.31876837
2021-11-04T00:20:36.042+05:00,21.43917459
2021-11-04T00:20:36.544+05:00,9.902648792
2021-11-04T00:20:37.046+05:00,4.172392278
2021-11-04T00:20:37.547+05:00,5.640833255
2021-11-04T00:20:38.049+05:00,7.991626282
2021-11-04T00:20:38.550+05:00,8.340035761
2021-11-04T00:20:39.053+05:00,6.632351246
2021-11-04T00:20:39.562+05:00,7.173368911
2021-11-04T00:20:40.063+05:00,5.075432551
2021-11-04T00:20:40.564+05:00,5.038416108
2021-11-04T00:20:41.066+05:00,6.843659824
2021-11-04T00:20:41.568+05:00,6.740488741
2021-11-04T00:20:42.069+05:00,7.831381731
2021-11-04T00:20:42.570+05:00,7.866098572
2021-11-04T00:20:43.072+05:00,4.318080994
2021-11-04T00:20:43.575+05:00,5.862505393
2021-11-04T00:20:44.077+05:00,6.714226449
2021-11-04T00:20:44.579+05:00,8.199683712
2021-11-04T00:20:45.081+05:00,6.584990976
2021-11-04T00:20:45.582+05:00,7.744873654
2021-11-04T00:20:46.084+05:00,4.965550045
2021-11-04T00:20:46.586+05:00,5.803196093
2021-11-04T00:20:47.089+05:00,8.191305588
2021-11-04T00:20:47.591+05:00,6.611780515
2021-11-04T00:20:48.093+05:00,6.673098453
2021-11-04T00:20:48.596+05:00,7.157997235
2021-11-04T00:20:49.098+05:00,4.202982743
2021-11-04T00:20:49.600+05:00,5.583666113
2021-11-04T00:20:50.101+05:00,11.03354311
2021-11-04T00:20:50.604+05:00,8.19633036
2021-11-04T00:20:51.106+05:00,1.586333847
2021-11-04T00:20:51.607+05:00,2.606437115
2021-11-04T00:20:52.109+05:00,1.647762531
2021-11-04T00:20:52.611+05:00,3.464199844
2021-11-04T00:20:53.112+05:00,3.809442117
2021-11-04T00:20:53.615+05:00,15.40479243
2021-11-04T00:20:54.116+05:00,13.01751035
2021-11-04T00:20:54.618+05:00,10.91955212
2021-11-04T00:20:55.119+05:00,6.717821469
2021-11-04T00:20:55.621+05:00,9.605551387
2021-11-04T00:20:56.123+05:00,26.37857671
2021-11-04T00:20:56.624+05:00,11.25434347
2021-11-04T00:20:57.126+05:00,18.79820709
2021-11-04T00:20:57.627+05:00,5.800097097
2021-11-04T00:20:58.128+05:00,9.49552696
2021-11-04T00:20:58.629+05:00,11.1609986
2021-11-04T00:20:59.131+05:00,9.260703372
2021-11-04T00:20:59.634+05:00,3.846123441
2021-11-04T00:21:00.139+05:00,2.426792387
2021-11-04T00:21:00.642+05:00,2.725313278
2021-11-04T00:21:01.143+05:00,6.514470935
2021-11-04T00:21:01.644+05:00,5.228476053
2021-11-04T00:21:02.145+05:00,8.221922829
2021-11-04T00:21:02.648+05:00,1.365870378
2021-11-04T00:21:03.150+05:00,1.192238401
2021-11-04T00:21:03.652+05:00,3.231817689
2021-11-04T00:21:04.156+05:00,2.916657503
2021-11-04T00:21:04.659+05:00,1.55578249
2021-11-04T00:21:05.162+05:00,4.449220405
2021-11-04T00:21:05.665+05:00,3.938741132
2021-11-04T00:21:06.168+05:00,4.196047487
2021-11-04T00:21:06.670+05:00,0.716154658
2021-11-04T00:21:07.173+05:00,1.42109679
2021-11-04T00:21:07.676+05:00,0.876379116
2021-11-04T00:21:08.178+05:00,0.855722608
2021-11-04T00:21:08.681+05:00,0.511038716
2021-11-04T00:21:09.184+05:00,1.601332163
2021-11-04T00:21:09.687+05:00,0.966915622
2021-11-04T00:21:10.188+05:00,1.396951778
2021-11-04T00:21:10.691+05:00,6.341908543
2021-11-04T00:21:11.194+05:00,5.407132092
2021-11-04T00:21:11.697+05:00,6.100078371
2021-11-04T00:21:12.200+05:00,0.885644036
2021-11-04T00:21:12.703+05:00,0.707629714
2021-11-04T00:21:13.205+05:00,9.733930502
2021-11-04T00:21:13.708+05:00,5.126722544
2021-11-04T00:21:14.211+05:00,2.627197244
2021-11-04T00:21:14.713+05:00,1.593744184
2021-11-04T00:21:15.216+05:00,1.324962624
2021-11-04T00:21:15.718+05:00,1.818082916
2021-11-04T00:21:16.219+05:00,5.651165909
2021-11-04T00:21:16.721+05:00,15.32385869
2021-11-04T00:21:17.222+05:00,17.9014574
2021-11-04T00:21:17.723+05:00,23.66955903
2021-11-04T00:21:18.224+05:00,24.3321956
2021-11-04T00:21:18.725+05:00,21.7112692
2021-11-04T00:21:19.227+05:00,12.29696352
2021-11-04T00:21:19.729+05:00,17.08616964
2021-11-04T00:21:20.230+05:00,17.13577841
2021-11-04T00:21:20.732+05:00,9.913528369
2021-11-04T00:21:21.240+05:00,12.82295903
2021-11-04T00:21:21.742+05:00,6.122709555
2021-11-04T00:21:22.244+05:00,2.081936462
2021-11-04T00:21:22.747+05:00,2.664029294
2021-11-04T00:21:23.249+05:00,10.40236546
2021-11-04T00:21:23.750+05:00,18.44712079
2021-11-04T00:21:24.251+05:00,24.56404147
2021-11-04T00:21:24.752+05:00,11.50688094
2021-11-04T00:21:25.254+05:00,14.7833363
2021-11-04T00:21:25.755+05:00,10.50559488
2021-11-04T00:21:26.257+05:00,3.552206897
2021-11-04T00:21:26.759+05:00,9.277093759
2021-11-04T00:21:27.260+05:00,26.93318003
2021-11-04T00:21:27.762+05:00,33.12795235
2021-11-04T00:21:28.263+05:00,19.06224006
2021-11-04T00:21:28.764+05:00,19.0295518
2021-11-04T00:21:29.266+05:00,19.47330231
2021-11-04T00:21:29.769+05:00,11.96430653
2021-11-04T00:21:30.271+05:00,6.199282593
2021-11-04T00:21:30.774+05:00,3.682448541
2021-11-04T00:21:31.275+05:00,4.720443922
2021-11-04T00:21:31.778+05:00,3.025553963
2021-11-04T00:21:32.281+05:00,1.974410284
2021-11-04T00:21:32.784+05:00,2.388974198
2021-11-04T00:21:33.285+05:00,7.404407385
2021-11-04T00:21:33.786+05:00,5.403857109
2021-11-04T00:21:34.288+05:00,3.975138007
2021-11-04T00:21:34.791+05:00,3.97134197
2021-11-04T00:21:35.294+05:00,2.424702692
2021-11-04T00:21:35.797+05:00,5.236738769
2021-11-04T00:21:36.299+05:00,12.86916916
2021-11-04T00:21:36.800+05:00,10.96122368
2021-11-04T00:21:37.302+05:00,3.098461483
2021-11-04T00:21:37.805+05:00,3.85397973
2021-11-04T00:21:38.308+05:00,2.155267116
2021-11-04T00:21:38.810+05:00,2.301691931
2021-11-04T00:21:39.311+05:00,6.520267318
2021-11-04T00:21:39.813+05:00,15.49428246
2021-11-04T00:21:40.315+05:00,19.70600556
2021-11-04T00:21:40.816+05:00,14.71240847
2021-11-04T00:21:41.318+05:00,22.14121147
2021-11-04T00:21:41.819+05:00,21.71377476
2021-11-04T00:21:42.320+05:00,19.95882451
2021-11-04T00:21:42.822+05:00,12.71438615
2021-11-04T00:21:43.324+05:00,5.76677711
2021-11-04T00:21:43.826+05:00,6.419468211
2021-11-04T00:21:44.329+05:00,17.63195107
2021-11-04T00:21:44.831+05:00,23.00011455
2021-11-04T00:21:45.333+05:00,10.27619773
2021-11-04T00:21:45.835+05:00,3.797453634
2021-11-04T00:21:46.337+05:00,4.22690157
2021-11-04T00:21:46.838+05:00,3.923308194
2021-11-04T00:21:47.339+05:00,11.00241862
2021-11-04T00:21:47.840+05:00,12.43599215
2021-11-04T00:21:48.343+05:00,9.069013072
2021-11-04T00:21:48.845+05:00,4.348475855
2021-11-04T00:21:49.346+05:00,5.612340895
2021-11-04T00:21:49.848+05:00,4.160543168
2021-11-04T00:21:50.351+05:00,2.722628363
2021-11-04T00:21:50.852+05:00,3.242687249
2021-11-04T00:21:51.355+05:00,1.940234652
2021-11-04T00:21:51.858+05:00,1.690859312
2021-11-04T00:21:52.361+05:00,1.750878852
2021-11-04T00:21:52.863+05:00,5.86885414
2021-11-04T00:21:53.366+05:00,5.145127465
2021-11-04T00:21:53.869+05:00,1.557546499
2021-11-04T00:21:54.372+05:00,1.649568406
2021-11-04T00:21:54.875+05:00,1.713198959
2021-11-04T00:21:55.378+05:00,1.884678912
2021-11-04T00:21:55.881+05:00,4.254901371
2021-11-04T00:21:56.382+05:00,4.991222778
2021-11-04T00:21:56.883+05:00,5.044156416
2021-11-04T00:21:57.385+05:00,13.75536995
2021-11-04T00:21:57.887+05:00,6.138613415
2021-11-04T00:21:58.389+05:00,2.095973856
2021-11-04T00:21:58.892+05:00,1.835539577
2021-11-04T00:21:59.394+05:00,10.00289851
2021-11-04T00:21:59.897+05:00,5.452482758
2021-11-04T00:22:00.399+05:00,4.133525277
2021-11-04T00:22:00.901+05:00,4.21560927
2021-11-04T00:22:01.403+05:00,5.750330669
2021-11-04T00:22:01.906+05:00,1.884602827
2021-11-04T00:22:02.413+05:00,6.656369617
2021-11-04T00:22:02.915+05:00,12.54053276
2021-11-04T00:22:03.416+05:00,5.972186139
2021-11-04T00:22:03.917+05:00,17.98393339
2021-11-04T00:22:04.418+05:00,12.64417249
2021-11-04T00:22:04.919+05:00,12.84248556
2021-11-04T00:22:05.420+05:00,18.73051867
2021-11-04T00:22:05.922+05:00,21.19342366
2021-11-04T00:22:06.423+05:00,21.77395113
2021-11-04T00:22:06.924+05:00,30.43928587
2021-11-04T00:22:07.425+05:00,18.80714167
2021-11-04T00:22:07.926+05:00,14.54644314
2021-11-04T00:22:08.428+05:00,20.27415929
2021-11-04T00:22:08.930+05:00,5.908806955
2021-11-04T00:22:09.431+05:00,15.78212841
2021-11-04T00:22:09.932+05:00,19.19269287
2021-11-04T00:22:10.434+05:00,16.085227
2021-11-04T00:22:10.935+05:00,3.844829997
2021-11-04T00:22:11.437+05:00,3.200738453
2021-11-04T00:22:11.939+05:00,2.776668897
2021-11-04T00:22:12.442+05:00,2.839934088
2021-11-04T00:22:12.945+05:00,5.136807732
2021-11-04T00:22:13.448+05:00,2.576781867
2021-11-04T00:22:13.950+05:00,1.535375262
2021-11-04T00:22:14.453+05:00,1.590038545
2021-11-04T00:22:14.956+05:00,1.938605147
2021-11-04T00:22:15.459+05:00,4.002462075
2021-11-04T00:22:15.962+05:00,2.521330366
2021-11-04T00:22:16.465+05:00,9.068039938
2021-11-04T00:22:16.967+05:00,7.212202548
2021-11-04T00:22:17.468+05:00,7.995967457
2021-11-04T00:22:17.971+05:00,3.217718857
2021-11-04T00:22:18.474+05:00,1.666795651
2021-11-04T00:22:18.977+05:00,1.594030071
2021-11-04T00:22:19.479+05:00,1.572239235
2021-11-04T00:22:19.982+05:00,1.697346852
2021-11-04T00:22:20.484+05:00,2.247469599
2021-11-04T00:22:20.986+05:00,4.012885151
2021-11-04T00:22:21.488+05:00,1.364478243
2021-11-04T00:22:21.992+05:00,1.715827555
2021-11-04T00:22:22.494+05:00,9.878732929
2021-11-04T00:22:22.997+05:00,5.276380178
2021-11-04T00:22:23.511+05:00,1.760919384
2021-11-04T00:22:24.013+05:00,2.024600069
2021-11-04T00:22:24.515+05:00,1.503660499
2021-11-04T00:22:25.018+05:00,2.59830649
2021-11-04T00:22:25.519+05:00,7.471059358
2021-11-04T00:22:26.022+05:00,12.34424503
2021-11-04T00:22:26.524+05:00,4.446906133
2021-11-04T00:22:27.025+05:00,7.853322598
2021-11-04T00:22:27.527+05:00,15.90063384
2021-11-04T00:22:28.029+05:00,4.539033067
2021-11-04T00:22:28.531+05:00,4.107280332
2021-11-04T00:22:29.032+05:00,9.240789217
2021-11-04T00:22:29.533+05:00,21.69297203
2021-11-04T00:22:30.034+05:00,13.92070999
2021-11-04T00:22:30.535+05:00,20.75340953
2021-11-04T00:22:31.036+05:00,14.80323261
2021-11-04T00:22:31.537+05:00,23.59282464
2021-11-04T00:22:32.039+05:00,5.341794986
2021-11-04T00:22:32.539+05:00,5.892278312
2021-11-04T00:22:33.041+05:00,4.787453049
2021-11-04T00:22:33.542+05:00,8.642397001
2021-11-04T00:22:34.044+05:00,6.302439415
2021-11-04T00:22:34.547+05:00,5.804097245
2021-11-04T00:22:35.049+05:00,5.005549611
2021-11-04T00:22:35.551+05:00,5.088972801
2021-11-04T00:22:36.053+05:00,5.513873349
2021-11-04T00:22:36.554+05:00,4.672588364
2021-11-04T00:22:37.056+05:00,4.655973427
2021-11-04T00:22:37.557+05:00,5.826272714
2021-11-04T00:22:38.058+05:00,5.672703511
2021-11-04T00:22:38.559+05:00,5.699945849
2021-11-04T00:22:39.060+05:00,5.633799696
2021-11-04T00:22:39.562+05:00,5.33914967
2021-11-04T00:22:40.063+05:00,5.336507824
2021-11-04T00:22:40.565+05:00,5.796999571
2021-11-04T00:22:41.067+05:00,5.753999508
2021-11-04T00:22:41.569+05:00,5.397211896
2021-11-04T00:22:42.071+05:00,5.059070631
2021-11-04T00:22:42.572+05:00,6.152745264
2021-11-04T00:22:43.074+05:00,5.499914307
2021-11-04T00:22:43.576+05:00,5.79536404
2021-11-04T00:22:44.078+05:00,4.883861964
2021-11-04T00:22:44.580+05:00,5.088425052
2021-11-04T00:22:45.082+05:00,5.514508808
2021-11-04T00:22:45.583+05:00,12.8860275
2021-11-04T00:22:46.086+05:00,11.07460645
2021-11-04T00:22:46.589+05:00,1.945706991
2021-11-04T00:22:47.092+05:00,1.696154008
2021-11-04T00:22:47.594+05:00,1.996106828
2021-11-04T00:22:48.097+05:00,2.288208964
2021-11-04T00:22:48.599+05:00,7.747245739
2021-11-04T00:22:49.101+05:00,12.33543847
2021-11-04T00:22:49.604+05:00,4.414663279
2021-11-04T00:22:50.105+05:00,20.02852835
2021-11-04T00:22:50.606+05:00,4.560572073
2021-11-04T00:22:51.107+05:00,16.38046881
2021-11-04T00:22:51.608+05:00,25.49912485
2021-11-04T00:22:52.110+05:00,35.61252876
2021-11-04T00:22:52.611+05:00,40.70445976
2021-11-04T00:22:53.112+05:00,35.11627602
2021-11-04T00:22:53.614+05:00,19.34638306
2021-11-04T00:22:54.115+05:00,17.6632038
2021-11-04T00:22:54.617+05:00,11.16946961
2021-11-04T00:22:55.120+05:00,2.495583656
2021-11-04T00:22:55.621+05:00,4.378423468
2021-11-04T00:22:56.122+05:00,6.473205053
2021-11-04T00:22:56.624+05:00,3.299964491
2021-11-04T00:22:57.126+05:00,2.707190961
2021-11-04T00:22:57.628+05:00,3.188850879
2021-11-04T00:22:58.130+05:00,4.033070369
2021-11-04T00:22:58.632+05:00,2.540784502
2021-11-04T00:22:59.135+05:00,2.446049067
2021-11-04T00:22:59.636+05:00,2.834477139
2021-11-04T00:23:00.138+05:00,3.43954224
2021-11-04T00:23:00.639+05:00,4.689276727
2021-11-04T00:23:01.140+05:00,10.8457262
2021-11-04T00:23:01.643+05:00,10.16136658
2021-11-04T00:23:02.146+05:00,15.90036945
2021-11-04T00:23:02.647+05:00,9.261520742
2021-11-04T00:23:03.149+05:00,2.570003513
2021-11-04T00:23:03.651+05:00,3.67641727
2021-11-04T00:23:04.153+05:00,3.391252205
2021-11-04T00:23:04.670+05:00,1.767064255
2021-11-04T00:23:05.172+05:00,4.107994651
2021-11-04T00:23:05.674+05:00,3.056651314
2021-11-04T00:23:06.176+05:00,4.070101298
2021-11-04T00:23:06.679+05:00,2.644435777
2021-11-04T00:23:07.181+05:00,4.00386858
2021-11-04T00:23:07.684+05:00,2.432122094
2021-11-04T00:23:08.187+05:00,2.622541212
2021-11-04T00:23:08.689+05:00,12.77233118
2021-11-04T00:23:09.192+05:00,5.393916618
2021-11-04T00:23:09.695+05:00,2.45393872
2021-11-04T00:23:10.198+05:00,2.249490462
2021-11-04T00:23:10.699+05:00,2.282287905
2021-11-04T00:23:11.200+05:00,2.981614085
2021-11-04T00:23:11.702+05:00,5.798087851
2021-11-04T00:23:12.204+05:00,11.9744237
2021-11-04T00:23:12.706+05:00,4.421112202
2021-11-04T00:23:13.207+05:00,18.81009115
2021-11-04T00:23:13.708+05:00,10.58203129
2021-11-04T00:23:14.210+05:00,7.253818802
2021-11-04T00:23:14.712+05:00,6.860734889
2021-11-04T00:23:15.214+05:00,7.995887259
2021-11-04T00:23:15.715+05:00,13.77349876
2021-11-04T00:23:16.217+05:00,24.86631911
2021-11-04T00:23:16.718+05:00,14.0656631
2021-11-04T00:23:17.219+05:00,22.50304346
2021-11-04T00:23:17.722+05:00,21.33922139
2021-11-04T00:23:18.224+05:00,15.75139624
2021-11-04T00:23:18.725+05:00,18.14916509
2021-11-04T00:23:19.226+05:00,24.30435628
2021-11-04T00:23:19.728+05:00,23.36221136
2021-11-04T00:23:20.229+05:00,17.07480593
2021-11-04T00:23:20.730+05:00,19.58090383
2021-11-04T00:23:21.232+05:00,7.505244898
2021-11-04T00:23:21.733+05:00,10.46266084
2021-11-04T00:23:22.235+05:00,7.37696855
2021-11-04T00:23:22.736+05:00,11.23660983
2021-11-04T00:23:23.237+05:00,8.647494045
2021-11-04T00:23:23.739+05:00,7.519019583
2021-11-04T00:23:24.241+05:00,7.154600294
2021-11-04T00:23:24.742+05:00,7.381946159
2021-11-04T00:23:25.244+05:00,8.295811064
2021-11-04T00:23:25.757+05:00,10.58923362
2021-11-04T00:23:26.258+05:00,7.828158092
2021-11-04T00:23:26.759+05:00,7.4023251
2021-11-04T00:23:27.261+05:00,8.575945857
2021-11-04T00:23:27.762+05:00,6.612834287
2021-11-04T00:23:28.263+05:00,10.24246797
2021-11-04T00:23:28.765+05:00,9.868543568
2021-11-04T00:23:29.266+05:00,6.326762021
2021-11-04T00:23:29.767+05:00,7.270082553
2021-11-04T00:23:30.268+05:00,8.030749576
2021-11-04T00:23:30.770+05:00,6.503594743
2021-11-04T00:23:31.272+05:00,6.793822891
2021-11-04T00:23:31.774+05:00,16.1346129
2021-11-04T00:23:32.277+05:00,14.56317661
2021-11-04T00:23:32.779+05:00,2.582697713
2021-11-04T00:23:33.282+05:00,1.519942829
2021-11-04T00:23:33.785+05:00,2.732868893
2021-11-04T00:23:34.289+05:00,1.306879307
2021-11-04T00:23:34.790+05:00,8.743283709
2021-11-04T00:23:35.291+05:00,12.24066137
2021-11-04T00:23:35.794+05:00,10.0425486
2021-11-04T00:23:36.297+05:00,4.420280734
2021-11-04T00:23:36.800+05:00,6.46097845
2021-11-04T00:23:37.303+05:00,0.594357072
2021-11-04T00:23:37.805+05:00,1.176069951
2021-11-04T00:23:38.308+05:00,0.872253577
2021-11-04T00:23:38.811+05:00,1.180800467
2021-11-04T00:23:39.313+05:00,1.376730066
2021-11-04T00:23:39.816+05:00,1.581755979
2021-11-04T00:23:40.319+05:00,0.456489337
2021-11-04T00:23:40.822+05:00,1.197150978
2021-11-04T00:23:41.325+05:00,1.003596057
2021-11-04T00:23:41.827+05:00,6.73492801
2021-11-04T00:23:42.330+05:00,0.74599752
2021-11-04T00:23:42.833+05:00,1.160261059
2021-11-04T00:23:43.335+05:00,1.628640311
2021-11-04T00:23:43.836+05:00,0.969471311
2021-11-04T00:23:44.337+05:00,1.073350562
2021-11-04T00:23:44.838+05:00,1.769318485
2021-11-04T00:23:45.339+05:00,1.697156072
2021-11-04T00:23:45.842+05:00,2.023609765
2021-11-04T00:23:46.345+05:00,1.149274338
2021-11-04T00:23:46.848+05:00,0.386115195
2021-11-04T00:23:47.350+05:00,1.740244502
2021-11-04T00:23:47.854+05:00,0.415921364
2021-11-04T00:23:48.356+05:00,0.3382361
2021-11-04T00:23:48.859+05:00,0.29806774
2021-11-04T00:23:49.362+05:00,0.255445422
2021-11-04T00:23:49.865+05:00,0.212025706
2021-11-04T00:23:50.368+05:00,2.944866382
2021-11-04T00:23:50.869+05:00,3.768143078
2021-11-04T00:23:51.372+05:00,1.464997732
2021-11-04T00:23:51.875+05:00,0.56251291
2021-11-04T00:23:52.377+05:00,1.786841112
2021-11-04T00:23:52.880+05:00,2.512591938
2021-11-04T00:23:53.383+05:00,1.279544331
2021-11-04T00:23:53.886+05:00,0.223022398
2021-11-04T00:23:54.389+05:00,0.529814999
2021-11-04T00:23:54.891+05:00,15.13689464
2021-11-04T00:23:55.393+05:00,4.381431311
2021-11-04T00:23:55.896+05:00,2.412120545
2021-11-04T00:23:56.398+05:00,3.560127714
2021-11-04T00:23:56.902+05:00,1.233497854
2021-11-04T00:23:57.405+05:00,0.995229066
2021-11-04T00:23:57.907+05:00,11.52542124
2021-11-04T00:23:58.409+05:00,8.515792006
2021-11-04T00:23:58.911+05:00,16.34632009
2021-11-04T00:23:59.412+05:00,13.13149384
2021-11-04T00:23:59.914+05:00,24.26236361
2021-11-04T00:24:00.415+05:00,24.31663402
2021-11-04T00:24:00.917+05:00,21.35649111
2021-11-04T00:24:01.418+05:00,20.06127741
2021-11-04T00:24:01.919+05:00,19.0980298
2021-11-04T00:24:02.420+05:00,31.68511557
2021-11-04T00:24:02.922+05:00,37.52347116
2021-11-04T00:24:03.423+05:00,36.55728909
2021-11-04T00:24:03.924+05:00,18.08918958
2021-11-04T00:24:04.425+05:00,14.98165583
2021-11-04T00:24:04.926+05:00,15.14589308
2021-11-04T00:24:05.428+05:00,12.04525765
2021-11-04T00:24:05.930+05:00,15.34855101
2021-11-04T00:24:06.431+05:00,10.87035025
2021-11-04T00:24:06.942+05:00,14.36816159
2021-11-04T00:24:07.444+05:00,11.10651797
2021-11-04T00:24:07.945+05:00,11.57006168
2021-11-04T00:24:08.447+05:00,11.27014417
2021-11-04T00:24:08.950+05:00,11.69101886
2021-11-04T00:24:09.451+05:00,10.90328642
2021-11-04T00:24:09.953+05:00,10.25274173
2021-11-04T00:24:10.455+05:00,10.29696667
2021-11-04T00:24:10.957+05:00,11.75589287
2021-11-04T00:24:11.459+05:00,14.09385321
2021-11-04T00:24:11.961+05:00,9.878500994
2021-11-04T00:24:12.464+05:00,12.68155814
2021-11-04T00:24:12.966+05:00,12.20460941
2021-11-04T00:24:13.467+05:00,8.090606748
2021-11-04T00:24:13.969+05:00,7.902127192
2021-11-04T00:24:14.471+05:00,8.501660326
2021-11-04T00:24:14.973+05:00,9.989448041
2021-11-04T00:24:15.475+05:00,14.97581577
2021-11-04T00:24:15.976+05:00,12.45401896
2021-11-04T00:24:16.478+05:00,8.433673171
2021-11-04T00:24:16.979+05:00,9.296365356
2021-11-04T00:24:17.480+05:00,13.41246749
2021-11-04T00:24:17.982+05:00,18.4501782
2021-11-04T00:24:18.483+05:00,8.994027502
2021-11-04T00:24:18.985+05:00,2.915073629
2021-11-04T00:24:19.488+05:00,1.726774884
2021-11-04T00:24:19.990+05:00,2.512052473
2021-11-04T00:24:20.492+05:00,2.173423308
2021-11-04T00:24:20.994+05:00,14.02221396
2021-11-04T00:24:21.497+05:00,5.851969871
2021-11-04T00:24:21.999+05:00,4.079691868
2021-11-04T00:24:22.501+05:00,4.315543796
2021-11-04T00:24:23.003+05:00,4.009672195
2021-11-04T00:24:23.504+05:00,12.96623762
2021-11-04T00:24:24.005+05:00,21.94078432
2021-11-04T00:24:24.507+05:00,21.5881871
2021-11-04T00:24:25.009+05:00,0.875400576
2021-11-04T00:24:25.511+05:00,3.177271042
2021-11-04T00:24:26.013+05:00,2.533881898
2021-11-04T00:24:26.516+05:00,2.14151655
2021-11-04T00:24:27.018+05:00,1.773531147
2021-11-04T00:24:27.521+05:00,3.780244176
2021-11-04T00:24:28.027+05:00,2.357536566
2021-11-04T00:24:28.529+05:00,1.44320669
2021-11-04T00:24:29.032+05:00,2.818534933
2021-11-04T00:24:29.535+05:00,1.937460036
2021-11-04T00:24:30.036+05:00,1.026192984
2021-11-04T00:24:30.539+05:00,1.457984017
2021-11-04T00:24:31.042+05:00,0.657522063
2021-11-04T00:24:31.544+05:00,1.156889636
2021-11-04T00:24:32.047+05:00,0.340882913
2021-11-04T00:24:32.550+05:00,0.940047763
2021-11-04T00:24:33.051+05:00,1.076815765
2021-11-04T00:24:33.552+05:00,3.912527357
2021-11-04T00:24:34.053+05:00,3.677947884
2021-11-04T00:24:34.554+05:00,2.927387052
2021-11-04T00:24:35.056+05:00,0.867213616
2021-11-04T00:24:35.560+05:00,0.860427331
2021-11-04T00:24:36.063+05:00,3.993943792
2021-11-04T00:24:36.565+05:00,0.401729371
2021-11-04T00:24:37.068+05:00,0.460872047
2021-11-04T00:24:37.571+05:00,1.042340594
2021-11-04T00:24:38.075+05:00,0.323285078
2021-11-04T00:24:39.079+05:00,3.655337541
2021-11-04T00:24:39.582+05:00,2.584865176
2021-11-04T00:24:40.084+05:00,5.508505092
2021-11-04T00:24:40.586+05:00,4.883074209
2021-11-04T00:24:41.088+05:00,11.41559732
2021-11-04T00:24:41.591+05:00,1.402464152
2021-11-04T00:24:42.095+05:00,2.154801325
2021-11-04T00:24:42.598+05:00,1.237182474
2021-11-04T00:24:43.100+05:00,1.480457039
2021-11-04T00:24:43.603+05:00,1.800249011
2021-11-04T00:24:44.104+05:00,14.4707794
2021-11-04T00:24:44.606+05:00,4.655688635
2021-11-04T00:24:45.107+05:00,17.12380815
2021-11-04T00:24:45.609+05:00,14.95946139
2021-11-04T00:24:46.112+05:00,3.621826172
2021-11-04T00:24:46.615+05:00,4.809016781
2021-11-04T00:24:47.118+05:00,1.483254706
2021-11-04T00:24:47.621+05:00,1.945225848
2021-11-04T00:24:48.124+05:00,1.174654637
2021-11-04T00:24:48.627+05:00,0.867833147
2021-11-04T00:24:49.140+05:00,0.620577167
2021-11-04T00:24:49.643+05:00,1.95091167
2021-11-04T00:24:50.145+05:00,2.882579774
2021-11-04T00:24:50.646+05:00,2.210695406
2021-11-04T00:24:51.148+05:00,2.883958909
2021-11-04T00:24:51.650+05:00,1.292643073
2021-11-04T00:24:52.153+05:00,1.450442898
2021-11-04T00:24:52.656+05:00,3.961066855
2021-11-04T00:24:53.159+05:00,0.660747246
2021-11-04T00:24:53.661+05:00,1.039816717
2021-11-04T00:24:54.163+05:00,0.448994734
2021-11-04T00:24:54.666+05:00,4.246076652
2021-11-04T00:24:55.168+05:00,4.309109055
2021-11-04T00:24:55.671+05:00,0.534075286
2021-11-04T00:24:56.173+05:00,0.293211814
2021-11-04T00:24:56.675+05:00,0.515656464
2021-11-04T00:24:57.176+05:00,0.171424412
2021-11-04T00:24:57.679+05:00,0.848068036
2021-11-04T00:24:58.180+05:00,0.494382653
2021-11-04T00:24:58.683+05:00,0.738301134
2021-11-04T00:24:59.186+05:00,0.222873842
2021-11-04T00:24:59.689+05:00,0.48465707
2021-11-04T00:25:00.192+05:00,0.176092598
2021-11-04T00:25:00.695+05:00,3.219441
2021-11-04T00:25:01.198+05:00,12.99535422
2021-11-04T00:25:01.701+05:00,0.646034496
2021-11-04T00:25:02.202+05:00,3.259444477
2021-11-04T00:25:02.705+05:00,0.745120892
2021-11-04T00:25:03.208+05:00,0.979811871
2021-11-04T00:25:03.710+05:00,2.207790965
2021-11-04T00:25:04.214+05:00,12.20336196
2021-11-04T00:25:04.717+05:00,0.866268384
2021-11-04T00:25:05.220+05:00,4.043123034
2021-11-04T00:25:05.722+05:00,1.907175778
2021-11-04T00:25:06.225+05:00,3.877294893
2021-11-04T00:25:06.728+05:00,2.357308456
2021-11-04T00:25:07.229+05:00,14.49611629
2021-11-04T00:25:07.731+05:00,5.307534027
2021-11-04T00:25:08.233+05:00,4.674974829
2021-11-04T00:25:08.735+05:00,20.87449313
2021-11-04T00:25:09.236+05:00,19.17421818
2021-11-04T00:25:09.747+05:00,25.27816347
2021-11-04T00:25:10.249+05:00,20.08847421
2021-11-04T00:25:10.750+05:00,22.62703243
2021-11-04T00:25:11.252+05:00,12.6650849
2021-11-04T00:25:11.754+05:00,13.32346039
2021-11-04T00:25:12.256+05:00,11.99477858
2021-11-04T00:25:12.757+05:00,12.9862867
2021-11-04T00:25:13.260+05:00,12.21336373
2021-11-04T00:25:13.762+05:00,17.58952365
2021-11-04T00:25:14.264+05:00,12.48642957
2021-11-04T00:25:14.766+05:00,11.37985692
2021-11-04T00:25:15.268+05:00,11.14161793
2021-11-04T00:25:15.770+05:00,13.05378168
2021-11-04T00:25:16.271+05:00,10.87115343
2021-11-04T00:25:16.774+05:00,12.67937694
2021-11-04T00:25:17.275+05:00,9.977100602
2021-11-04T00:25:17.777+05:00,15.88112162
2021-11-04T00:25:18.279+05:00,11.12294048
2021-11-04T00:25:18.780+05:00,11.43712845
2021-11-04T00:25:19.282+05:00,10.29184364
2021-11-04T00:25:19.784+05:00,9.504190792
2021-11-04T00:25:20.285+05:00,10.12093554
2021-11-04T00:25:20.787+05:00,9.560980325
2021-11-04T00:25:21.288+05:00,9.692169207
2021-11-04T00:25:21.790+05:00,16.62918769
2021-11-04T00:25:22.291+05:00,11.27350603
2021-11-04T00:25:22.793+05:00,10.2960882
2021-11-04T00:25:23.294+05:00,10.17657147
2021-11-04T00:25:23.796+05:00,9.471130821
2021-11-04T00:25:24.297+05:00,9.325794999
2021-11-04T00:25:24.798+05:00,9.370184135
2021-11-04T00:25:25.300+05:00,11.23650405
2021-11-04T00:25:25.802+05:00,15.10580296
2021-11-04T00:25:26.303+05:00,12.02050374
2021-11-04T00:25:26.805+05:00,9.6395835
2021-11-04T00:25:27.307+05:00,15.02429327
2021-11-04T00:25:27.809+05:00,2.180290107
2021-11-04T00:25:28.311+05:00,2.33048994
2021-11-04T00:25:28.813+05:00,1.513641713
2021-11-04T00:25:29.316+05:00,1.539554207
2021-11-04T00:25:29.818+05:00,2.865511658
2021-11-04T00:25:30.320+05:00,14.77902792
2021-11-04T00:25:30.831+05:00,4.45943988
2021-11-04T00:25:31.332+05:00,18.09140163
2021-11-04T00:25:31.833+05:00,17.29522158
2021-11-04T00:25:32.335+05:00,26.33696164
2021-11-04T00:25:32.836+05:00,28.37912596
2021-11-04T00:25:33.337+05:00,23.23736516
2021-11-04T00:25:33.838+05:00,30.77027663
2021-11-04T00:25:34.340+05:00,10.16031336
2021-11-04T00:25:34.841+05:00,4.725355641
2021-11-04T00:25:35.343+05:00,5.501592828
2021-11-04T00:25:35.845+05:00,3.069301617
2021-11-04T00:25:36.348+05:00,3.999254746
2021-11-04T00:25:36.850+05:00,2.809971813
2021-11-04T00:25:37.352+05:00,7.747872995
2021-11-04T00:25:37.854+05:00,5.826357011
2021-11-04T00:25:38.355+05:00,4.98770932
2021-11-04T00:25:38.857+05:00,9.422391091
2021-11-04T00:25:39.358+05:00,4.931275833
2021-11-04T00:25:39.860+05:00,3.014235241
2021-11-04T00:25:40.363+05:00,3.605821027
2021-11-04T00:25:40.865+05:00,3.650829813
2021-11-04T00:25:41.368+05:00,3.214360648
2021-11-04T00:25:41.869+05:00,6.816912353
2021-11-04T00:25:42.371+05:00,5.080073479
2021-11-04T00:25:42.873+05:00,3.845758904
2021-11-04T00:25:43.374+05:00,7.287867676
2021-11-04T00:25:43.875+05:00,7.355231122
2021-11-04T00:25:44.376+05:00,4.475015908
2021-11-04T00:25:44.877+05:00,4.281345778
2021-11-04T00:25:45.378+05:00,4.509068097
2021-11-04T00:25:45.879+05:00,4.167260787
2021-11-04T00:25:46.380+05:00,5.501578282
2021-11-04T00:25:46.882+05:00,4.898839949
2021-11-04T00:25:47.383+05:00,6.16254345
2021-11-04T00:25:47.884+05:00,4.132695755
2021-11-04T00:25:48.385+05:00,7.701181539
2021-11-04T00:25:48.886+05:00,6.75021826
2021-11-04T00:25:49.387+05:00,5.97494028
2021-11-04T00:25:49.889+05:00,4.735003521
2021-11-04T00:25:50.390+05:00,15.09453321
2021-11-04T00:25:50.891+05:00,5.525413479
2021-11-04T00:25:51.392+05:00,3.55586059
2021-11-04T00:25:51.894+05:00,0.845691425
2021-11-04T00:25:52.396+05:00,3.764051492
2021-11-04T00:25:52.897+05:00,2.344764727
2021-11-04T00:25:53.398+05:00,16.94149995
2021-11-04T00:25:53.899+05:00,5.580082326
2021-11-04T00:25:54.400+05:00,17.1904163
2021-11-04T00:25:54.902+05:00,8.187538536
2021-11-04T00:25:55.405+05:00,4.524435708
2021-11-04T00:25:55.907+05:00,8.356759486
2021-11-04T00:25:56.410+05:00,5.718455696
2021-11-04T00:25:56.912+05:00,4.279947588
2021-11-04T00:25:57.414+05:00,3.867256063
2021-11-04T00:25:57.916+05:00,4.28903637
2021-11-04T00:25:58.418+05:00,4.477994078
2021-11-04T00:25:58.921+05:00,4.224144932
2021-11-04T00:25:59.423+05:00,4.25735504
2021-11-04T00:25:59.926+05:00,4.427428188
2021-11-04T00:26:00.428+05:00,4.474968383
2021-11-04T00:26:00.929+05:00,6.054734397
2021-11-04T00:26:01.431+05:00,4.94597902
2021-11-04T00:26:01.933+05:00,4.851479837
2021-11-04T00:26:02.435+05:00,6.597104314
2021-11-04T00:26:02.937+05:00,4.617098953
2021-11-04T00:26:03.440+05:00,6.715487275
2021-11-04T00:26:03.942+05:00,4.741892053
2021-11-04T00:26:04.444+05:00,3.87088654
2021-11-04T00:26:04.945+05:00,9.54832748
2021-11-04T00:26:05.446+05:00,5.730628525
2021-11-04T00:26:05.947+05:00,21.97744195
2021-11-04T00:26:06.449+05:00,18.1528627
2021-11-04T00:26:06.950+05:00,9.031441926
2021-11-04T00:26:07.451+05:00,8.723304825
2021-11-04T00:26:07.952+05:00,7.7799558
2021-11-04T00:26:08.454+05:00,12.63846836
2021-11-04T00:26:08.955+05:00,25.69620391
2021-11-04T00:26:09.457+05:00,11.0400466
2021-11-04T00:26:09.958+05:00,9.307428735
2021-11-04T00:26:10.460+05:00,7.991995363
2021-11-04T00:26:10.961+05:00,9.41704381
2021-11-04T00:26:11.463+05:00,8.644696137
2021-11-04T00:26:11.972+05:00,8.094533285
2021-11-04T00:26:12.475+05:00,9.035400257
2021-11-04T00:26:12.976+05:00,8.390803984
2021-11-04T00:26:13.479+05:00,20.56842256
2021-11-04T00:26:13.982+05:00,1.903019469
2021-11-04T00:26:14.484+05:00,2.304539265
2021-11-04T00:26:14.987+05:00,1.90062853
2021-11-04T00:26:15.490+05:00,1.558364852
2021-11-04T00:26:15.993+05:00,2.79634054
2021-11-04T00:26:16.494+05:00,15.05135451
2021-11-04T00:26:16.997+05:00,4.83038455
2021-11-04T00:26:17.499+05:00,4.241568612
2021-11-04T00:26:18.000+05:00,3.869134888
2021-11-04T00:26:18.502+05:00,4.436040859
2021-11-04T00:26:19.003+05:00,20.10219612
2021-11-04T00:26:19.505+05:00,6.963127914
2021-11-04T00:26:20.007+05:00,5.211840283
2021-11-04T00:26:20.508+05:00,12.19411701
2021-11-04T00:26:21.010+05:00,10.36036801
2021-11-04T00:26:21.511+05:00,5.112131662
2021-11-04T00:26:22.013+05:00,4.819944231
2021-11-04T00:26:22.516+05:00,10.30385856
2021-11-04T00:26:23.017+05:00,3.19985445
2021-11-04T00:26:23.520+05:00,4.363012299
2021-11-04T00:26:24.022+05:00,0.899879676
2021-11-04T00:26:24.525+05:00,1.398327523
2021-11-04T00:26:25.027+05:00,3.244335132
2021-11-04T00:26:25.528+05:00,2.906995031
2021-11-04T00:26:26.030+05:00,1.094087528
2021-11-04T00:26:26.531+05:00,0.936572226
2021-11-04T00:26:27.033+05:00,1.655460227
2021-11-04T00:26:27.536+05:00,0.908233365
2021-11-04T00:26:28.039+05:00,0.288115931
2021-11-04T00:26:28.541+05:00,0.802815927
2021-11-04T00:26:29.042+05:00,1.267818492
2021-11-04T00:26:29.545+05:00,0.340568647
2021-11-04T00:26:30.047+05:00,1.901149223
2021-11-04T00:26:30.550+05:00,5.667856588
2021-11-04T00:26:31.053+05:00,4.401698671
2021-11-04T00:26:31.556+05:00,0.791701106
2021-11-04T00:26:32.058+05:00,0.614694917
2021-11-04T00:26:32.561+05:00,0.859015315
2021-11-04T00:26:33.073+05:00,0.265553957
2021-11-04T00:26:33.574+05:00,2.024665108
2021-11-04T00:26:34.075+05:00,3.704602586
2021-11-04T00:26:34.578+05:00,1.470030666
2021-11-04T00:26:35.080+05:00,0.989189261
2021-11-04T00:26:35.583+05:00,0.353773798
2021-11-04T00:26:36.086+05:00,3.989654013
2021-11-04T00:26:36.588+05:00,9.369998131
2021-11-04T00:26:37.090+05:00,1.465610284
2021-11-04T00:26:37.593+05:00,3.100771166
2021-11-04T00:26:38.096+05:00,1.082295703
2021-11-04T00:26:38.599+05:00,1.416855444
2021-11-04T00:26:39.101+05:00,1.282860389
2021-11-04T00:26:39.603+05:00,15.61270598
2021-11-04T00:26:40.105+05:00,6.180158504
2021-11-04T00:26:40.607+05:00,16.66562387
2021-11-04T00:26:41.109+05:00,7.713327377
2021-11-04T00:26:41.610+05:00,23.91838768
2021-11-04T00:26:42.112+05:00,25.56221632
2021-11-04T00:26:42.614+05:00,14.76764217
2021-11-04T00:26:43.116+05:00,10.44245581
2021-11-04T00:26:43.618+05:00,6.129717161
2021-11-04T00:26:44.119+05:00,4.572167347
2021-11-04T00:26:44.622+05:00,4.461476882
2021-11-04T00:26:45.124+05:00,2.107036073
2021-11-04T00:26:45.627+05:00,1.579027902
2021-11-04T00:26:46.130+05:00,2.055206161
2021-11-04T00:26:46.633+05:00,3.426382888
2021-11-04T00:26:47.136+05:00,2.1037425
2021-11-04T00:26:47.639+05:00,2.641820348
2021-11-04T00:26:48.142+05:00,1.248089213
2021-11-04T00:26:48.644+05:00,3.365084559
2021-11-04T00:26:49.145+05:00,2.112783563
2021-11-04T00:26:49.647+05:00,4.867874697
2021-11-04T00:26:50.149+05:00,6.677455168
2021-11-04T00:26:50.651+05:00,5.870987067
2021-11-04T00:26:51.154+05:00,1.358751003
2021-11-04T00:26:51.656+05:00,5.65952449
2021-11-04T00:26:52.161+05:00,4.579389851
2021-11-04T00:26:52.664+05:00,3.518509756
2021-11-04T00:26:53.167+05:00,1.258937982
2021-11-04T00:26:53.670+05:00,1.218388943
2021-11-04T00:26:54.173+05:00,0.949217924
2021-11-04T00:26:54.676+05:00,1.251303426
2021-11-04T00:26:55.179+05:00,1.032156168
2021-11-04T00:26:55.682+05:00,1.314510379
2021-11-04T00:26:56.184+05:00,1.066263622
2021-11-04T00:26:56.687+05:00,0.792851869
2021-11-04T00:26:57.188+05:00,5.041199868
2021-11-04T00:26:57.691+05:00,3.500685732
2021-11-04T00:26:58.194+05:00,1.712145673
2021-11-04T00:26:58.696+05:00,6.109583485
2021-11-04T00:26:59.199+05:00,4.593237772
2021-11-04T00:26:59.701+05:00,12.24189184
2021-11-04T00:27:00.203+05:00,3.430712147
2021-11-04T00:27:00.706+05:00,2.218014454
2021-11-04T00:27:01.209+05:00,6.292102005
2021-11-04T00:27:01.712+05:00,1.414241012
2021-11-04T00:27:02.216+05:00,1.28659284
2021-11-04T00:27:02.717+05:00,16.64116894
2021-11-04T00:27:03.220+05:00,3.929147592
2021-11-04T00:27:03.721+05:00,12.1833085
2021-11-04T00:27:04.223+05:00,12.9303131
2021-11-04T00:27:04.725+05:00,6.238338463
2021-11-04T00:27:05.226+05:00,10.38180981
2021-11-04T00:27:05.727+05:00,11.1586331
2021-11-04T00:27:06.229+05:00,14.21787671
2021-11-04T00:27:06.731+05:00,7.375711439
2021-11-04T00:27:07.233+05:00,6.998091386
2021-11-04T00:27:07.734+05:00,7.132781887
2021-11-04T00:27:08.236+05:00,13.52249099
2021-11-04T00:27:08.739+05:00,9.883154308
2021-11-04T00:27:09.240+05:00,15.53625825
2021-11-04T00:27:09.741+05:00,12.98806769
2021-11-04T00:27:10.242+05:00,14.68240914
2021-11-04T00:27:10.744+05:00,20.44359086
2021-11-04T00:27:11.245+05:00,21.74461866
2021-11-04T00:27:11.746+05:00,5.581945787
2021-11-04T00:27:12.248+05:00,7.894930235
2021-11-04T00:27:12.760+05:00,3.533287993
2021-11-04T00:27:13.262+05:00,3.053222916
2021-11-04T00:27:13.765+05:00,2.570172965
2021-11-04T00:27:14.268+05:00,4.986674991
2021-11-04T00:27:14.771+05:00,2.481959447
2021-11-04T00:27:15.272+05:00,2.660019262
2021-11-04T00:27:15.775+05:00,3.151636305
2021-11-04T00:27:16.278+05:00,5.938879728
2021-11-04T00:27:16.780+05:00,2.076887923
2021-11-04T00:27:17.283+05:00,2.226373607
2021-11-04T00:27:17.784+05:00,3.193524494
2021-11-04T00:27:18.287+05:00,3.284026411
2021-11-04T00:27:18.790+05:00,2.317733378
2021-11-04T00:27:19.293+05:00,5.796608593
2021-11-04T00:27:19.795+05:00,3.088849498
2021-11-04T00:27:20.298+05:00,5.636160609
2021-11-04T00:27:20.801+05:00,2.378337566
2021-11-04T00:27:21.303+05:00,3.741529693
2021-11-04T00:27:21.805+05:00,2.366422417
2021-11-04T00:27:22.307+05:00,2.782675476
2021-11-04T00:27:22.809+05:00,10.3295183
2021-11-04T00:27:23.312+05:00,2.940203196
2021-11-04T00:27:23.815+05:00,2.594925045
2021-11-04T00:27:24.318+05:00,1.221601298
2021-11-04T00:27:24.821+05:00,1.303901726
2021-11-04T00:27:25.324+05:00,1.05647096
2021-11-04T00:27:25.826+05:00,16.98660978
2021-11-04T00:27:26.328+05:00,3.891133083
2021-11-04T00:27:26.830+05:00,4.23106418
2021-11-04T00:27:27.332+05:00,4.804766925
2021-11-04T00:27:27.833+05:00,4.482045887
2021-11-04T00:27:28.335+05:00,7.482046494
2021-11-04T00:27:28.835+05:00,21.60988821
2021-11-04T00:27:29.336+05:00,14.05421814
2021-11-04T00:27:29.837+05:00,18.24919148
2021-11-04T00:27:30.338+05:00,25.29767676
2021-11-04T00:27:30.840+05:00,20.88342392
2021-11-04T00:27:31.341+05:00,13.55065875
2021-11-04T00:27:31.842+05:00,15.30391222
2021-11-04T00:27:32.344+05:00,22.33298736
2021-11-04T00:27:32.845+05:00,27.01821045
2021-11-04T00:27:33.347+05:00,21.85559354
2021-11-04T00:27:33.856+05:00,21.52972612
2021-11-04T00:27:34.358+05:00,29.0279327
2021-11-04T00:27:34.859+05:00,28.49903528
2021-11-04T00:27:35.360+05:00,24.27098897
2021-11-04T00:27:35.861+05:00,18.73564859
2021-11-04T00:27:36.363+05:00,10.08240328
2021-11-04T00:27:36.864+05:00,7.222453788
2021-11-04T00:27:37.366+05:00,7.465750743
2021-11-04T00:27:37.867+05:00,7.676562668
2021-11-04T00:27:38.369+05:00,8.431663981
2021-11-04T00:27:38.870+05:00,7.681404414
2021-11-04T00:27:39.372+05:00,8.411594102
2021-11-04T00:27:39.874+05:00,6.302931687
2021-11-04T00:27:40.375+05:00,6.707960026
2021-11-04T00:27:40.877+05:00,5.166050887
2021-11-04T00:27:41.380+05:00,5.10635274
2021-11-04T00:27:41.882+05:00,4.749288359
2021-11-04T00:27:42.385+05:00,4.934215555
2021-11-04T00:27:42.887+05:00,7.294151602
2021-11-04T00:27:43.389+05:00,7.246786221
2021-11-04T00:27:43.890+05:00,5.523547419
2021-11-04T00:27:44.392+05:00,7.516499487
2021-11-04T00:27:44.894+05:00,7.540039463
2021-11-04T00:27:45.396+05:00,5.387853772
2021-11-04T00:27:45.898+05:00,12.00735811
2021-11-04T00:27:46.401+05:00,1.408910406
2021-11-04T00:27:46.904+05:00,2.066094945
2021-11-04T00:27:47.406+05:00,1.506182811
2021-11-04T00:27:47.908+05:00,1.93243069
2021-11-04T00:27:48.409+05:00,1.958059619
2021-11-04T00:27:48.911+05:00,14.91057221
2021-11-04T00:27:49.413+05:00,4.742299466
2021-11-04T00:27:49.915+05:00,4.485988278
2021-11-04T00:27:50.417+05:00,19.15030403
2021-11-04T00:27:50.918+05:00,12.13068821
2021-11-04T00:27:51.419+05:00,9.902743481
2021-11-04T00:27:51.921+05:00,5.601946334
2021-11-04T00:27:52.423+05:00,4.760861598
2021-11-04T00:27:52.924+05:00,11.40311543
2021-11-04T00:27:53.425+05:00,9.678126029
2021-11-04T00:27:53.936+05:00,22.90908085
2021-11-04T00:27:54.437+05:00,10.86422691
2021-11-04T00:27:54.938+05:00,20.29537496
2021-11-04T00:27:55.439+05:00,15.59511539
2021-11-04T00:27:55.941+05:00,26.8740654
2021-11-04T00:27:56.443+05:00,25.29014703
2021-11-04T00:27:56.944+05:00,18.02582475
2021-11-04T00:27:57.446+05:00,12.69901107
2021-11-04T00:27:57.947+05:00,4.858380835
2021-11-04T00:27:58.449+05:00,5.935041334
2021-11-04T00:27:58.951+05:00,6.074788411
2021-11-04T00:27:59.453+05:00,6.034138805
2021-11-04T00:27:59.954+05:00,3.947519768
2021-11-04T00:28:00.455+05:00,13.42344564
2021-11-04T00:28:00.956+05:00,14.42332124
2021-11-04T00:28:01.457+05:00,6.134600061
2021-11-04T00:28:01.958+05:00,8.282412474
2021-11-04T00:28:02.459+05:00,4.317165482
2021-11-04T00:28:02.961+05:00,9.081324917
2021-11-04T00:28:03.462+05:00,5.107476578
2021-11-04T00:28:03.963+05:00,7.471551941
2021-11-04T00:28:04.464+05:00,4.383392156
2021-11-04T00:28:04.966+05:00,5.348600797
2021-11-04T00:28:05.469+05:00,2.376410669
2021-11-04T00:28:05.970+05:00,4.408682567
2021-11-04T00:28:06.472+05:00,1.906250668
2021-11-04T00:28:06.973+05:00,5.675133661
2021-11-04T00:28:07.475+05:00,3.906065827
2021-11-04T00:28:07.976+05:00,3.485851048
2021-11-04T00:28:08.477+05:00,6.880471115
2021-11-04T00:28:08.978+05:00,11.3129557
2021-11-04T00:28:09.480+05:00,3.265939009
2021-11-04T00:28:09.982+05:00,2.431597299
2021-11-04T00:28:10.484+05:00,2.032259305
2021-11-04T00:28:10.985+05:00,2.07825451
2021-11-04T00:28:11.487+05:00,2.731588721
2021-11-04T00:28:11.988+05:00,22.80553488
2021-11-04T00:28:12.490+05:00,4.206409909
2021-11-04T00:28:12.993+05:00,5.641051156
2021-11-04T00:28:13.495+05:00,3.932109364
2021-11-04T00:28:13.998+05:00,1.146831032
2021-11-04T00:28:14.501+05:00,0.565344216
2021-11-04T00:28:15.003+05:00,1.819997802
2021-11-04T00:28:15.506+05:00,0.50680444
2021-11-04T00:28:16.008+05:00,2.750296003
2021-11-04T00:28:16.510+05:00,1.059211965
2021-11-04T00:28:17.012+05:00,0.580489393
2021-11-04T00:28:17.515+05:00,0.780590433
2021-11-04T00:28:18.016+05:00,6.69034986
2021-11-04T00:28:18.517+05:00,3.64623677
2021-11-04T00:28:19.020+05:00,1.660974766
2021-11-04T00:28:19.523+05:00,2.345560833
2021-11-04T00:28:20.024+05:00,2.503414124
2021-11-04T00:28:20.526+05:00,3.618070907
2021-11-04T00:28:21.027+05:00,0.995169545
2021-11-04T00:28:21.530+05:00,0.681506065
2021-11-04T00:28:22.032+05:00,1.429318947
2021-11-04T00:28:22.534+05:00,1.038634589
2021-11-04T00:28:23.036+05:00,0.697209738
2021-11-04T00:28:23.538+05:00,0.794328446
2021-11-04T00:28:24.041+05:00,0.608315961
2021-11-04T00:28:24.543+05:00,0.249729447
2021-11-04T00:28:25.046+05:00,0.740799251
2021-11-04T00:28:25.549+05:00,0.690869843
2021-11-04T00:28:26.051+05:00,0.392126131
2021-11-04T00:28:26.554+05:00,0.38250835
2021-11-04T00:28:27.057+05:00,2.341596285
2021-11-04T00:28:27.560+05:00,1.695097073
2021-11-04T00:28:28.062+05:00,0.127474591
2021-11-04T00:28:28.563+05:00,0.594771604
2021-11-04T00:28:29.064+05:00,0
2021-11-04T00:28:29.567+05:00,0.579988939
2021-11-04T00:28:30.068+05:00,3.372446377
2021-11-04T00:28:30.571+05:00,0.698244009
2021-11-04T00:28:31.074+05:00,0.181458528
2021-11-04T00:28:31.576+05:00,8.868294252
2021-11-04T00:28:32.077+05:00,14.80640559
2021-11-04T00:28:32.578+05:00,2.008677989
2021-11-04T00:28:33.080+05:00,1.975720078
2021-11-04T00:28:33.582+05:00,1.569954228
2021-11-04T00:28:34.084+05:00,3.380486291
2021-11-04T00:28:34.585+05:00,4.700434504
2021-11-04T00:28:35.091+05:00,15.70198496
2021-11-04T00:28:35.593+05:00,4.55486713
2021-11-04T00:28:36.095+05:00,4.771036611
2021-11-04T00:28:36.597+05:00,3.561140672
2021-11-04T00:28:37.099+05:00,3.954620606
2021-11-04T00:28:37.601+05:00,4.072842962
2021-11-04T00:28:38.104+05:00,4.177525
2021-11-04T00:28:38.606+05:00,3.821578059
2021-11-04T00:28:39.108+05:00,3.777802523
2021-11-04T00:28:39.610+05:00,3.790148336
2021-11-04T00:28:40.112+05:00,4.037061307
2021-11-04T00:28:40.614+05:00,4.011995459
2021-11-04T00:28:41.117+05:00,4.07096846
2021-11-04T00:28:41.618+05:00,5.08930748
2021-11-04T00:28:42.120+05:00,3.830104675
2021-11-04T00:28:42.622+05:00,4.220431825
2021-11-04T00:28:43.124+05:00,3.968757235
2021-11-04T00:28:43.627+05:00,4.133026257
2021-11-04T00:28:44.129+05:00,3.832796217
2021-11-04T00:28:44.632+05:00,3.736819949
2021-11-04T00:28:45.135+05:00,4.223565145
2021-11-04T00:28:45.637+05:00,3.86033192
2021-11-04T00:28:46.139+05:00,3.111885203
2021-11-04T00:28:46.641+05:00,3.975847502
2021-11-04T00:28:47.143+05:00,3.829676172
2021-11-04T00:28:47.645+05:00,4.04236564
2021-11-04T00:28:48.146+05:00,3.844109027
2021-11-04T00:28:48.648+05:00,3.891590759
2021-11-04T00:28:49.150+05:00,3.864754929
2021-11-04T00:28:49.651+05:00,4.243591066
2021-11-04T00:28:50.153+05:00,4.327533934
2021-11-04T00:28:50.655+05:00,3.912446967
2021-11-04T00:28:51.158+05:00,3.996384325
2021-11-04T00:28:51.660+05:00,3.802576527
2021-11-04T00:28:52.162+05:00,3.883222417
2021-11-04T00:28:52.664+05:00,4.505470839
2021-11-04T00:28:53.167+05:00,4.277711309
2021-11-04T00:28:53.669+05:00,3.945809232
2021-11-04T00:28:54.171+05:00,3.924489533
2021-11-04T00:28:54.673+05:00,9.559022991
2021-11-04T00:28:55.175+05:00,4.32602376
2021-11-04T00:28:55.677+05:00,2.358938754
2021-11-04T00:28:56.195+05:00,1.016831807
2021-11-04T00:28:56.698+05:00,1.426899431
2021-11-04T00:28:57.200+05:00,1.599981772
2021-11-04T00:28:57.702+05:00,6.096762068
2021-11-04T00:28:58.204+05:00,14.14375469
2021-11-04T00:28:58.706+05:00,3.748312038
2021-11-04T00:28:59.208+05:00,4.159706525
2021-11-04T00:28:59.710+05:00,13.94402205
2021-11-04T00:29:00.211+05:00,11.67776492
2021-11-04T00:29:00.712+05:00,4.949249448
2021-11-04T00:29:01.214+05:00,8.64272211
2021-11-04T00:29:01.716+05:00,17.9483779
2021-11-04T00:29:02.219+05:00,7.058304213
2021-11-04T00:29:02.721+05:00,15.30672409
2021-11-04T00:29:03.223+05:00,14.31631737
2021-11-04T00:29:03.724+05:00,11.75370235
2021-11-04T00:29:04.225+05:00,5.697962162
2021-11-04T00:29:04.727+05:00,22.29252514
2021-11-04T00:29:05.230+05:00,4.662626113
2021-11-04T00:29:05.733+05:00,3.447045994
2021-11-04T00:29:06.235+05:00,8.354131026
2021-11-04T00:29:06.738+05:00,4.782149473
2021-11-04T00:29:07.240+05:00,2.019822337
2021-11-04T00:29:07.743+05:00,2.255566591
2021-11-04T00:29:08.246+05:00,2.565349208
2021-11-04T00:29:08.749+05:00,4.567042861
2021-11-04T00:29:09.250+05:00,6.414156698
2021-11-04T00:29:09.752+05:00,4.453154608
2021-11-04T00:29:10.254+05:00,3.143785889
2021-11-04T00:29:10.757+05:00,2.768819443
2021-11-04T00:29:11.259+05:00,2.418679782
2021-11-04T00:29:11.762+05:00,2.964847269
2021-11-04T00:29:12.263+05:00,6.326349893
2021-11-04T00:29:12.765+05:00,5.651813407
2021-11-04T00:29:13.267+05:00,3.30747539
2021-11-04T00:29:13.770+05:00,5.070212997
2021-11-04T00:29:14.272+05:00,1.839741405
2021-11-04T00:29:14.775+05:00,2.42893376
2021-11-04T00:29:15.277+05:00,6.785440155
2021-11-04T00:29:15.780+05:00,4.395391164
2021-11-04T00:29:16.283+05:00,3.291781677
2021-11-04T00:29:16.786+05:00,2.053138971
2021-11-04T00:29:17.288+05:00,1.36645488
2021-11-04T00:29:17.790+05:00,9.948906374
2021-11-04T00:29:18.293+05:00,4.79637456
2021-11-04T00:29:18.795+05:00,2.624609413
2021-11-04T00:29:19.298+05:00,1.587920021
2021-11-04T00:29:19.801+05:00,1.772526807
2021-11-04T00:29:20.304+05:00,1.680426501
2021-11-04T00:29:20.806+05:00,7.579070533
2021-11-04T00:29:21.307+05:00,13.74417905
2021-11-04T00:29:21.809+05:00,4.360616337
2021-11-04T00:29:22.311+05:00,14.33097807
2021-11-04T00:29:22.813+05:00,10.63137556
2021-11-04T00:29:23.316+05:00,16.07639712
2021-11-04T00:29:23.818+05:00,19.21612151
2021-11-04T00:29:24.320+05:00,25.5721675
2021-11-04T00:29:24.821+05:00,33.07299151
2021-11-04T00:29:25.323+05:00,22.2625229
2021-11-04T00:29:25.825+05:00,14.38453935
2021-11-04T00:29:26.326+05:00,13.1253666
2021-11-04T00:29:26.827+05:00,10.15669907
2021-11-04T00:29:27.328+05:00,9.759576737
2021-11-04T00:29:27.830+05:00,9.36400521
2021-11-04T00:29:28.331+05:00,5.284731397
2021-11-04T00:29:28.834+05:00,5.525859515
2021-11-04T00:29:29.335+05:00,18.59162542
2021-11-04T00:29:29.836+05:00,31.34658208
2021-11-04T00:29:30.337+05:00,25.41521352
2021-11-04T00:29:30.839+05:00,21.42538074
2021-11-04T00:29:31.341+05:00,6.195653246
2021-11-04T00:29:31.844+05:00,5.881307942
2021-11-04T00:29:32.346+05:00,4.469453264
2021-11-04T00:29:32.849+05:00,6.184718772
2021-11-04T00:29:33.350+05:00,14.46130134
2021-11-04T00:29:33.851+05:00,7.389216555
2021-11-04T00:29:34.353+05:00,6.614245676
2021-11-04T00:29:34.854+05:00,4.27705129
2021-11-04T00:29:35.356+05:00,7.561552512
2021-11-04T00:29:35.859+05:00,5.501624691
2021-11-04T00:29:36.361+05:00,4.435135335
2021-11-04T00:29:36.864+05:00,1.850596909
2021-11-04T00:29:37.370+05:00,1.386041401
2021-11-04T00:29:37.871+05:00,8.808339567
2021-11-04T00:29:38.373+05:00,8.250568968
2021-11-04T00:29:38.875+05:00,2.03557818
2021-11-04T00:29:39.377+05:00,4.567061296
2021-11-04T00:29:39.880+05:00,4.584242641
2021-11-04T00:29:40.383+05:00,2.948519505
2021-11-04T00:29:40.884+05:00,10.66285127
2021-11-04T00:29:41.387+05:00,5.643873848
2021-11-04T00:29:41.890+05:00,2.869832109
2021-11-04T00:29:42.393+05:00,1.61487032
2021-11-04T00:29:42.896+05:00,1.370152757
2021-11-04T00:29:43.399+05:00,2.959428449
2021-11-04T00:29:43.901+05:00,7.880824087
2021-11-04T00:29:44.403+05:00,12.07916179
2021-11-04T00:29:44.904+05:00,4.211759168
2021-11-04T00:29:45.406+05:00,4.008938108
2021-11-04T00:29:45.909+05:00,4.116201931
2021-11-04T00:29:46.411+05:00,3.861204384
2021-11-04T00:29:46.913+05:00,3.785653699
2021-11-04T00:29:47.415+05:00,4.361787026
2021-11-04T00:29:47.917+05:00,3.772781286
2021-11-04T00:29:48.420+05:00,3.827619129
2021-11-04T00:29:48.921+05:00,3.970754343
2021-11-04T00:29:49.423+05:00,4.07466464
2021-11-04T00:29:49.925+05:00,3.95466584
2021-11-04T00:29:50.428+05:00,3.760869656
2021-11-04T00:29:50.929+05:00,4.690165027
2021-11-04T00:29:51.430+05:00,9.257264814
2021-11-04T00:29:51.933+05:00,10.69581026
2021-11-04T00:29:52.434+05:00,12.62518269
2021-11-04T00:29:52.936+05:00,5.967373834
2021-11-04T00:29:53.438+05:00,4.052277709
2021-11-04T00:29:53.941+05:00,4.639506087
2021-11-04T00:29:54.442+05:00,4.236116996
2021-11-04T00:29:54.944+05:00,4.234771815
2021-11-04T00:29:55.446+05:00,3.980924738
2021-11-04T00:29:55.949+05:00,13.63772187
2021-11-04T00:29:56.450+05:00,9.423850447
2021-11-04T00:29:56.952+05:00,25.43465328
2021-11-04T00:29:57.455+05:00,5.611122389
2021-11-04T00:29:57.963+05:00,5.935683076
2021-11-04T00:29:58.464+05:00,10.2074973
2021-11-04T00:29:58.967+05:00,7.275866987
2021-11-04T00:29:59.469+05:00,1.712356458
2021-11-04T00:29:59.972+05:00,3.141409356
2021-11-04T00:30:00.476+05:00,1.993555995
2021-11-04T00:30:00.978+05:00,6.248487254
2021-11-04T00:30:01.480+05:00,2.525847666
2021-11-04T00:30:01.982+05:00,3.890528907
2021-11-04T00:30:02.485+05:00,1.110788259
2021-11-04T00:30:02.988+05:00,1.866667131
2021-11-04T00:30:03.490+05:00,3.31533761
2021-11-04T00:30:03.991+05:00,11.062221
2021-11-04T00:30:04.494+05:00,3.629863291
2021-11-04T00:30:04.997+05:00,3.696322355
2021-11-04T00:30:05.500+05:00,1.509047611
2021-11-04T00:30:06.003+05:00,4.413980541
2021-11-04T00:30:06.504+05:00,1.993553655
2021-11-04T00:30:07.006+05:00,9.887745871
2021-11-04T00:30:07.508+05:00,9.102259027
2021-11-04T00:30:08.009+05:00,16.84072723
2021-11-04T00:30:08.510+05:00,18.34086693
2021-11-04T00:30:09.012+05:00,16.6512729
2021-11-04T00:30:09.513+05:00,8.872542933
2021-11-04T00:30:10.014+05:00,5.425950594
2021-11-04T00:30:10.515+05:00,5.774007
2021-11-04T00:30:11.017+05:00,4.24299662
2021-11-04T00:30:11.520+05:00,3.515521512
2021-11-04T00:30:12.022+05:00,4.727818455
2021-11-04T00:30:12.524+05:00,2.593734745
2021-11-04T00:30:13.027+05:00,4.161511454
2021-11-04T00:30:13.529+05:00,3.068490966
2021-11-04T00:30:14.032+05:00,2.801634321
2021-11-04T00:30:14.535+05:00,4.365692564
2021-11-04T00:30:15.037+05:00,3.607734081
2021-11-04T00:30:15.540+05:00,2.605919238
2021-11-04T00:30:16.042+05:00,3.497390884
2021-11-04T00:30:16.545+05:00,2.622642313
2021-11-04T00:30:17.048+05:00,2.44202398
2021-11-04T00:30:17.550+05:00,2.920494733
2021-11-04T00:30:18.053+05:00,3.090615297
2021-11-04T00:30:18.554+05:00,5.736278071
2021-11-04T00:30:19.057+05:00,2.152759157
2021-11-04T00:30:19.559+05:00,2.414876467
2021-11-04T00:30:20.061+05:00,3.009628366
2021-11-04T00:30:20.563+05:00,2.948108826
2021-11-04T00:30:21.066+05:00,2.547194606
2021-11-04T00:30:21.568+05:00,2.627124878
2021-11-04T00:30:22.071+05:00,3.080583922
2021-11-04T00:30:22.574+05:00,2.664921561
2021-11-04T00:30:23.076+05:00,2.736803975
2021-11-04T00:30:23.578+05:00,3.201048858
2021-11-04T00:30:24.081+05:00,2.758674137
2021-11-04T00:30:24.584+05:00,2.502515786
2021-11-04T00:30:25.085+05:00,4.196805941
2021-11-04T00:30:25.588+05:00,2.766668902
2021-11-04T00:30:26.090+05:00,4.309610337
2021-11-04T00:30:26.593+05:00,4.929709902
2021-11-04T00:30:27.095+05:00,13.2465872
2021-11-04T00:30:27.598+05:00,1.657895139
2021-11-04T00:30:28.101+05:00,2.240128659
2021-11-04T00:30:28.604+05:00,1.989452616
2021-11-04T00:30:29.106+05:00,2.596500029
2021-11-04T00:30:29.608+05:00,2.133222308
2021-11-04T00:30:30.110+05:00,13.43869351
2021-11-04T00:30:30.612+05:00,6.486681501
2021-11-04T00:30:31.113+05:00,15.03652842
2021-11-04T00:30:31.615+05:00,20.47485955
2021-11-04T00:30:32.116+05:00,24.13444281
2021-11-04T00:30:32.617+05:00,39.77573561
2021-11-04T00:30:33.118+05:00,41.44672098
2021-11-04T00:30:33.620+05:00,34.61131686
2021-11-04T00:30:34.120+05:00,39.98930228
2021-11-04T00:30:34.622+05:00,23.34802106
2021-11-04T00:30:35.124+05:00,9.707897854
2021-11-04T00:30:35.625+05:00,7.262954549
2021-11-04T00:30:36.127+05:00,7.180457845
2021-11-04T00:30:36.629+05:00,15.24424218
2021-11-04T00:30:37.131+05:00,7.088511343
2021-11-04T00:30:37.633+05:00,5.294157236
2021-11-04T00:30:38.135+05:00,4.944473357
2021-11-04T00:30:38.637+05:00,4.504856177
2021-11-04T00:30:39.148+05:00,5.775803307
2021-11-04T00:30:39.650+05:00,5.219778912
2021-11-04T00:30:40.152+05:00,4.477014595
2021-11-04T00:30:40.655+05:00,4.927363834
2021-11-04T00:30:41.157+05:00,4.731581741
2021-11-04T00:30:41.659+05:00,8.385236065
2021-11-04T00:30:42.160+05:00,14.13321832
2021-11-04T00:30:42.661+05:00,10.49867508
2021-11-04T00:30:43.163+05:00,7.273833792
2021-11-04T00:30:43.666+05:00,4.693197162
2021-11-04T00:30:44.168+05:00,5.075755982
2021-11-04T00:30:44.670+05:00,5.923877944
2021-11-04T00:30:45.172+05:00,5.736735527
2021-11-04T00:30:45.674+05:00,4.713270499
2021-11-04T00:30:46.176+05:00,4.70887689
2021-11-04T00:30:46.678+05:00,5.53669191
2021-11-04T00:30:47.180+05:00,4.806716782
2021-11-04T00:30:47.681+05:00,6.177305733
2021-11-04T00:30:48.182+05:00,5.199279366
2021-11-04T00:30:48.684+05:00,4.896704442
2021-11-04T00:30:49.186+05:00,5.305293557
2021-11-04T00:30:49.688+05:00,4.742333468
2021-11-04T00:30:50.190+05:00,12.41784719
2021-11-04T00:30:50.693+05:00,5.190168545
2021-11-04T00:30:51.196+05:00,4.610994369
2021-11-04T00:30:51.698+05:00,1.804638955
2021-11-04T00:30:52.201+05:00,1.297082029
2021-11-04T00:30:52.704+05:00,4.526465183
2021-11-04T00:30:53.205+05:00,14.53895593
2021-11-04T00:30:53.708+05:00,5.123097638
2021-11-04T00:30:54.210+05:00,5.607629899
2021-11-04T00:30:54.712+05:00,5.566224353
2021-11-04T00:30:55.215+05:00,4.376262379
2021-11-04T00:30:55.718+05:00,4.695875263
2021-11-04T00:30:56.219+05:00,16.71239985
2021-11-04T00:30:56.722+05:00,15.70659876
2021-11-04T00:30:57.223+05:00,6.30679304
2021-11-04T00:30:57.726+05:00,5.304703775
2021-11-04T00:30:58.227+05:00,8.570938974
2021-11-04T00:30:58.729+05:00,20.25657134
2021-11-04T00:30:59.231+05:00,9.906221197
2021-11-04T00:30:59.733+05:00,7.140800213
2021-11-04T00:31:00.244+05:00,8.722204235
2021-11-04T00:31:00.745+05:00,8.378422431
2021-11-04T00:31:01.246+05:00,25.14688901
2021-11-04T00:31:01.747+05:00,22.24405888
2021-11-04T00:31:02.248+05:00,16.33455531
2021-11-04T00:31:02.750+05:00,17.03564698
2021-11-04T00:31:03.252+05:00,10.92483776
2021-11-04T00:31:03.753+05:00,7.806689583
2021-11-04T00:31:04.254+05:00,9.17012793
2021-11-04T00:31:04.756+05:00,8.623072564
2021-11-04T00:31:05.258+05:00,7.688095574
2021-11-04T00:31:05.760+05:00,7.240225056
2021-11-04T00:31:06.262+05:00,8.169945763
2021-11-04T00:31:06.764+05:00,8.871244437
2021-11-04T00:31:07.266+05:00,8.214704918
2021-11-04T00:31:07.768+05:00,13.58455249
2021-11-04T00:31:08.269+05:00,8.492876516
2021-11-04T00:31:08.772+05:00,7.29480688
2021-11-04T00:31:09.273+05:00,11.94108544
2021-11-04T00:31:09.775+05:00,16.0206478
2021-11-04T00:31:10.277+05:00,6.460719266
2021-11-04T00:31:10.779+05:00,6.942044314
2021-11-04T00:31:11.281+05:00,6.009171637
2021-11-04T00:31:11.783+05:00,5.811988001
2021-11-04T00:31:12.284+05:00,7.655374921
2021-11-04T00:31:12.786+05:00,5.423051126
2021-11-04T00:31:13.288+05:00,16.60872659
2021-11-04T00:31:13.791+05:00,1.349151167
2021-11-04T00:31:14.293+05:00,3.339203679
2021-11-04T00:31:14.795+05:00,2.307307516
2021-11-04T00:31:15.296+05:00,2.646613485
2021-11-04T00:31:15.797+05:00,3.410850138
2021-11-04T00:31:16.298+05:00,16.03842256
2021-11-04T00:31:16.800+05:00,4.908151854
2021-11-04T00:31:17.303+05:00,4.032223476
2021-11-04T00:31:17.805+05:00,4.54119737
2021-11-04T00:31:18.307+05:00,4.447220974
2021-11-04T00:31:18.810+05:00,3.932021129
2021-11-04T00:31:19.311+05:00,14.45068188
2021-11-04T00:31:19.813+05:00,12.97956032
2021-11-04T00:31:20.314+05:00,11.42661557
2021-11-04T00:31:20.814+05:00,17.61316489
2021-11-04T00:31:21.316+05:00,16.86554902
2021-11-04T00:31:21.818+05:00,22.61381723
2021-11-04T00:31:22.320+05:00,34.83622495
2021-11-04T00:31:22.821+05:00,29.84789308
2021-11-04T00:31:23.323+05:00,9.421872018
2021-11-04T00:31:23.825+05:00,8.162613266
2021-11-04T00:31:24.326+05:00,16.95600369
2021-11-04T00:31:24.828+05:00,6.322052589
2021-11-04T00:31:25.330+05:00,7.411156568
2021-11-04T00:31:25.832+05:00,5.120678513
2021-11-04T00:31:26.334+05:00,5.243604081
2021-11-04T00:31:26.835+05:00,5.210085087
2021-11-04T00:31:27.337+05:00,10.90644154
2021-11-04T00:31:27.838+05:00,19.2584202
2021-11-04T00:31:28.340+05:00,6.617356331
2021-11-04T00:31:28.843+05:00,6.509826702
2021-11-04T00:31:29.344+05:00,3.415168535
2021-11-04T00:31:29.846+05:00,3.491960775
2021-11-04T00:31:30.348+05:00,7.272340286
2021-11-04T00:31:30.849+05:00,7.89980617
2021-11-04T00:31:31.350+05:00,6.888658627
2021-11-04T00:31:31.852+05:00,5.200714081
2021-11-04T00:31:32.355+05:00,5.249401709
2021-11-04T00:31:32.857+05:00,1.419436251
2021-11-04T00:31:33.359+05:00,7.475375163
2021-11-04T00:31:33.861+05:00,6.706570844
2021-11-04T00:31:34.363+05:00,5.060734008
2021-11-04T00:31:34.865+05:00,4.837237005
2021-11-04T00:31:35.368+05:00,4.734684943
2021-11-04T00:31:35.871+05:00,9.033749008
2021-11-04T00:31:36.372+05:00,14.68411002
2021-11-04T00:31:36.874+05:00,4.222323379
2021-11-04T00:31:37.377+05:00,2.372727566
2021-11-04T00:31:37.880+05:00,1.265077091
2021-11-04T00:31:38.383+05:00,1.258127754
2021-11-04T00:31:38.885+05:00,1.504294296
2021-11-04T00:31:39.387+05:00,14.81892212
2021-11-04T00:31:39.889+05:00,5.6561554
2021-11-04T00:31:40.391+05:00,5.007630848
2021-11-04T00:31:40.892+05:00,19.41424898
2021-11-04T00:31:41.402+05:00,5.377326095
2021-11-04T00:31:41.903+05:00,14.77371188
2021-11-04T00:31:42.404+05:00,14.24583236
2021-11-04T00:31:42.906+05:00,16.83070448
2021-11-04T00:31:43.408+05:00,14.77150514
2021-11-04T00:31:43.910+05:00,7.347111971
2021-11-04T00:31:44.412+05:00,18.27746487
2021-11-04T00:31:44.913+05:00,8.611012569
2021-11-04T00:31:45.414+05:00,22.57646298
2021-11-04T00:31:45.915+05:00,18.27975161
2021-11-04T00:31:46.416+05:00,5.401601723
2021-11-04T00:31:46.917+05:00,4.871000818
2021-11-04T00:31:47.418+05:00,4.35436965
2021-11-04T00:31:47.920+05:00,4.833498623
2021-11-04T00:31:48.421+05:00,4.119841365
2021-11-04T00:31:48.922+05:00,9.639388082
2021-11-04T00:31:49.424+05:00,3.345824352
2021-11-04T00:31:49.927+05:00,2.332513547
2021-11-04T00:31:50.430+05:00,2.983377663
2021-11-04T00:31:50.933+05:00,4.750266939
2021-11-04T00:31:51.436+05:00,2.341001336
2021-11-04T00:31:51.939+05:00,2.035087795
2021-11-04T00:31:52.441+05:00,5.515688129
2021-11-04T00:31:52.943+05:00,4.889936736
2021-11-04T00:31:53.446+05:00,5.179713364
2021-11-04T00:31:53.948+05:00,5.469986877
2021-11-04T00:31:54.449+05:00,4.865899928
2021-11-04T00:31:54.950+05:00,4.471534446
2021-11-04T00:31:55.452+05:00,3.540040885
2021-11-04T00:31:55.955+05:00,2.070247739
2021-11-04T00:31:56.458+05:00,2.257478723
2021-11-04T00:31:56.961+05:00,1.924036721
2021-11-04T00:31:57.463+05:00,3.115867242
2021-11-04T00:31:57.964+05:00,5.040843207
2021-11-04T00:31:58.467+05:00,2.538814013
2021-11-04T00:31:58.970+05:00,2.074395305
2021-11-04T00:31:59.473+05:00,10.48667911
2021-11-04T00:31:59.976+05:00,4.607855002
2021-11-04T00:32:00.479+05:00,3.098451763
2021-11-04T00:32:00.980+05:00,8.09024695
2021-11-04T00:32:01.483+05:00,8.860037234
2021-11-04T00:32:01.986+05:00,1.623356414
2021-11-04T00:32:02.496+05:00,15.20747656
2021-11-04T00:32:02.998+05:00,5.523135332
2021-11-04T00:32:03.499+05:00,4.424687693
2021-11-04T00:32:04.000+05:00,12.30592146
2021-11-04T00:32:04.503+05:00,12.79180088
2021-11-04T00:32:05.004+05:00,11.0642576
2021-11-04T00:32:05.505+05:00,12.39811288
2021-11-04T00:32:06.007+05:00,21.02417748
2021-11-04T00:32:06.508+05:00,20.09074066
2021-11-04T00:32:07.009+05:00,18.97483134
2021-11-04T00:32:07.510+05:00,10.44402685
2021-11-04T00:32:08.012+05:00,5.501513779
2021-11-04T00:32:08.514+05:00,8.946649416
2021-11-04T00:32:09.016+05:00,3.813468606
2021-11-04T00:32:09.517+05:00,4.856356965
2021-11-04T00:32:10.018+05:00,4.66970269
2021-11-04T00:32:10.521+05:00,4.348592678
2021-11-04T00:32:11.023+05:00,3.435419628
2021-11-04T00:32:11.525+05:00,3.356560017
2021-11-04T00:32:12.028+05:00,5.395264219
2021-11-04T00:32:12.531+05:00,2.33118544
2021-11-04T00:32:13.033+05:00,2.932181537
2021-11-04T00:32:13.535+05:00,4.69936771
2021-11-04T00:32:14.038+05:00,4.259446867
2021-11-04T00:32:14.540+05:00,2.309593611
2021-11-04T00:32:15.043+05:00,2.817755624
2021-11-04T00:32:15.546+05:00,4.330954011
2021-11-04T00:32:16.049+05:00,3.196067069
2021-11-04T00:32:16.551+05:00,4.116746574
2021-11-04T00:32:17.052+05:00,2.814599094
2021-11-04T00:32:17.554+05:00,2.22533238
2021-11-04T00:32:18.057+05:00,2.837230448
2021-11-04T00:32:18.560+05:00,3.548939429
2021-11-04T00:32:19.063+05:00,2.259611885
2021-11-04T00:32:19.565+05:00,2.649970324
2021-11-04T00:32:20.068+05:00,3.747775669
2021-11-04T00:32:20.571+05:00,3.891721021
2021-11-04T00:32:21.072+05:00,3.309716888
2021-11-04T00:32:21.574+05:00,4.950989855
2021-11-04T00:32:22.076+05:00,2.821206843
2021-11-04T00:32:22.579+05:00,16.34880026
2021-11-04T00:32:23.082+05:00,1.466472634
2021-11-04T00:32:23.585+05:00,2.294872968
2021-11-04T00:32:24.088+05:00,3.633329821
2021-11-04T00:32:24.590+05:00,1.104439416
2021-11-04T00:32:25.093+05:00,1.427451936
2021-11-04T00:32:25.594+05:00,14.92067162
2021-11-04T00:32:26.096+05:00,5.282823015
2021-11-04T00:32:26.598+05:00,17.39515256
2021-11-04T00:32:27.099+05:00,23.46399578
2021-11-04T00:32:27.600+05:00,14.69911935
2021-11-04T00:32:28.102+05:00,30.59177481
2021-11-04T00:32:28.604+05:00,25.99320066
2021-11-04T00:32:29.105+05:00,12.76223738
2021-11-04T00:32:29.607+05:00,17.75431368
2021-11-04T00:32:30.108+05:00,6.090457795
2021-11-04T00:32:30.609+05:00,7.475860572
2021-11-04T00:32:31.110+05:00,15.32647132
2021-11-04T00:32:31.612+05:00,15.17636506
2021-11-04T00:32:32.113+05:00,19.07234604
2021-11-04T00:32:32.614+05:00,29.1293554
2021-11-04T00:32:33.116+05:00,7.694302772
2021-11-04T00:32:33.618+05:00,6.963098005
2021-11-04T00:32:34.119+05:00,13.61044232
2021-11-04T00:32:34.621+05:00,6.1957587
2021-11-04T00:32:35.123+05:00,4.889543094
2021-11-04T00:32:35.624+05:00,6.446980079
2021-11-04T00:32:36.126+05:00,5.954947502
2021-11-04T00:32:36.628+05:00,8.16001167
2021-11-04T00:32:37.129+05:00,6.431548093
2021-11-04T00:32:37.631+05:00,5.689038364
2021-11-04T00:32:38.134+05:00,5.370798628
2021-11-04T00:32:38.636+05:00,6.273331725
2021-11-04T00:32:39.138+05:00,4.974418275
2021-11-04T00:32:39.641+05:00,7.031237901
2021-11-04T00:32:40.142+05:00,5.182948264
2021-11-04T00:32:40.644+05:00,8.07970338
2021-11-04T00:32:41.146+05:00,6.244938327
2021-11-04T00:32:41.648+05:00,7.663149453
2021-11-04T00:32:42.151+05:00,6.771000892
2021-11-04T00:32:42.653+05:00,6.330681207
2021-11-04T00:32:43.155+05:00,7.102737273
2021-11-04T00:32:43.670+05:00,5.631596121
2021-11-04T00:32:44.171+05:00,5.191822583
2021-11-04T00:32:44.673+05:00,7.168803999
2021-11-04T00:32:45.175+05:00,5.941289983
2021-11-04T00:32:45.677+05:00,12.96802536
2021-11-04T00:32:46.179+05:00,4.913279049
2021-11-04T00:32:46.682+05:00,2.696841286
2021-11-04T00:32:47.185+05:00,1.116179838
2021-11-04T00:32:47.688+05:00,1.410200651
2021-11-04T00:32:48.191+05:00,2.36474877
2021-11-04T00:32:48.694+05:00,15.24718459
2021-11-04T00:32:49.196+05:00,5.045037464
2021-11-04T00:32:49.698+05:00,5.134196747
2021-11-04T00:32:50.200+05:00,18.45868425
2021-11-04T00:32:50.702+05:00,20.63315354
2021-11-04T00:32:51.204+05:00,22.21652525
2021-11-04T00:32:51.705+05:00,33.84821135
2021-11-04T00:32:52.207+05:00,26.41411302
2021-11-04T00:32:52.709+05:00,12.61333829
2021-11-04T00:32:53.211+05:00,15.38066249
2021-11-04T00:32:53.712+05:00,33.71554973
2021-11-04T00:32:54.213+05:00,29.91155238
2021-11-04T00:32:54.714+05:00,18.2228473
2021-11-04T00:32:55.215+05:00,20.41018234
2021-11-04T00:32:55.716+05:00,35.87243557
2021-11-04T00:32:56.218+05:00,44.08478931
2021-11-04T00:32:56.721+05:00,45.19242696
2021-11-04T00:32:57.222+05:00,43.36995998
2021-11-04T00:32:57.723+05:00,32.17157535
2021-11-04T00:32:58.225+05:00,28.86039494
2021-11-04T00:32:58.726+05:00,10.72780291
2021-11-04T00:32:59.227+05:00,15.61603757
2021-11-04T00:32:59.729+05:00,9.210295563
2021-11-04T00:33:00.229+05:00,9.521145696
2021-11-04T00:33:00.730+05:00,10.28724389
2021-11-04T00:33:01.232+05:00,11.47457746
2021-11-04T00:33:01.733+05:00,10.40103109
2021-11-04T00:33:02.235+05:00,10.44002257
2021-11-04T00:33:02.736+05:00,11.60097938
2021-11-04T00:33:03.237+05:00,10.57149034
2021-11-04T00:33:03.738+05:00,10.33067288
2021-11-04T00:33:04.240+05:00,8.707440548
2021-11-04T00:33:04.749+05:00,10.47353336
2021-11-04T00:33:05.250+05:00,10.74653941
2021-11-04T00:33:05.752+05:00,11.15329195
2021-11-04T00:33:06.253+05:00,11.22905025
2021-11-04T00:33:06.754+05:00,8.978291304
2021-11-04T00:33:07.255+05:00,11.21693798
2021-11-04T00:33:07.757+05:00,10.44925707
2021-11-04T00:33:08.258+05:00,9.888642711
2021-11-04T00:33:08.759+05:00,23.52705621
2021-11-04T00:33:09.262+05:00,6.299481402
2021-11-04T00:33:09.764+05:00,3.268390281
2021-11-04T00:33:10.267+05:00,2.366590101
2021-11-04T00:33:10.770+05:00,2.826124793
2021-11-04T00:33:11.273+05:00,2.702771755
2021-11-04T00:33:11.775+05:00,15.10591231
2021-11-04T00:33:12.277+05:00,4.877600424
2021-11-04T00:33:12.780+05:00,4.96918973
2021-11-04T00:33:13.281+05:00,18.78096103
2021-11-04T00:33:13.784+05:00,5.127383587
2021-11-04T00:33:14.285+05:00,6.063302022
2021-11-04T00:33:14.786+05:00,14.69449355
2021-11-04T00:33:15.288+05:00,10.19971159
2021-11-04T00:33:15.790+05:00,7.086539365
2021-11-04T00:33:16.293+05:00,6.155700845
2021-11-04T00:33:16.794+05:00,11.31144943
2021-11-04T00:33:17.296+05:00,5.675900312
2021-11-04T00:33:17.798+05:00,5.032781757
2021-11-04T00:33:18.299+05:00,2.714741806
2021-11-04T00:33:18.801+05:00,3.764524113
2021-11-04T00:33:19.304+05:00,3.703809422
2021-11-04T00:33:19.807+05:00,2.463912189
2021-11-04T00:33:20.310+05:00,3.722267453
2021-11-04T00:33:20.812+05:00,0.936254765
2021-11-04T00:33:21.315+05:00,0.54661658
2021-11-04T00:33:21.818+05:00,0.856193185
2021-11-04T00:33:22.322+05:00,0.709969739
2021-11-04T00:33:22.825+05:00,1.199222576
2021-11-04T00:33:23.328+05:00,1.790972361
2021-11-04T00:33:23.831+05:00,1.255813419
2021-11-04T00:33:24.332+05:00,1.292037443
2021-11-04T00:33:24.833+05:00,3.290494793
2021-11-04T00:33:25.334+05:00,2.535257928
2021-11-04T00:33:25.835+05:00,1.481584914
2021-11-04T00:33:26.338+05:00,0.934720256
2021-11-04T00:33:26.840+05:00,1.127091993
2021-11-04T00:33:27.343+05:00,0.37809465
2021-11-04T00:33:27.846+05:00,0.387957755
2021-11-04T00:33:28.349+05:00,0.447970572
2021-11-04T00:33:28.852+05:00,0.318167995
2021-11-04T00:33:29.355+05:00,5.078480227
2021-11-04T00:33:29.857+05:00,6.254577113
2021-11-04T00:33:30.360+05:00,0.631992815
2021-11-04T00:33:30.862+05:00,0.464553799
2021-11-04T00:33:31.365+05:00,0.429658757
2021-11-04T00:33:31.868+05:00,10.67822341
2021-11-04T00:33:32.371+05:00,1.123214816
2021-11-04T00:33:32.874+05:00,2.117291316
2021-11-04T00:33:33.376+05:00,1.51035999
2021-11-04T00:33:33.878+05:00,2.880041408
2021-11-04T00:33:34.381+05:00,1.412708478
2021-11-04T00:33:34.882+05:00,16.40839011
2021-11-04T00:33:35.384+05:00,5.167384917
2021-11-04T00:33:35.885+05:00,12.43093003
2021-11-04T00:33:36.387+05:00,12.87497714
2021-11-04T00:33:36.889+05:00,14.16853116
2021-11-04T00:33:37.390+05:00,16.82309861
2021-11-04T00:33:37.892+05:00,6.794162516
2021-11-04T00:33:38.393+05:00,3.826556213
2021-11-04T00:33:38.896+05:00,3.65199162
2021-11-04T00:33:39.398+05:00,3.463072189
2021-11-04T00:33:39.900+05:00,5.130528091
2021-11-04T00:33:40.402+05:00,3.676381796
2021-11-04T00:33:40.905+05:00,3.321975933
2021-11-04T00:33:41.408+05:00,3.571919134
2021-11-04T00:33:41.910+05:00,4.824150534
2021-11-04T00:33:42.413+05:00,3.430204176
2021-11-04T00:33:42.916+05:00,3.231850629
2021-11-04T00:33:43.418+05:00,3.143450104
2021-11-04T00:33:43.920+05:00,3.018246501
2021-11-04T00:33:44.423+05:00,5.820392848
2021-11-04T00:33:44.926+05:00,4.189325961
2021-11-04T00:33:45.429+05:00,2.531096532
2021-11-04T00:33:45.932+05:00,3.830924123
2021-11-04T00:33:46.441+05:00,3.08171883
2021-11-04T00:33:46.944+05:00,3.520755666
2021-11-04T00:33:47.446+05:00,3.537893719
2021-11-04T00:33:47.949+05:00,2.679434029
2021-11-04T00:33:48.452+05:00,2.795999451
2021-11-04T00:33:48.955+05:00,3.400298824
2021-11-04T00:33:49.457+05:00,3.281065629
2021-11-04T00:33:49.960+05:00,4.017665696
2021-11-04T00:33:50.463+05:00,3.455589169
2021-11-04T00:33:50.966+05:00,2.67915873
2021-11-04T00:33:51.468+05:00,3.350319214
2021-11-04T00:33:51.971+05:00,3.604248548
2021-11-04T00:33:52.474+05:00,7.181890294
2021-11-04T00:33:52.977+05:00,5.727509118
2021-11-04T00:33:53.480+05:00,3.312423258
2021-11-04T00:33:53.983+05:00,3.838763032
2021-11-04T00:33:54.486+05:00,2.49660588
2021-11-04T00:33:54.988+05:00,12.32897779
2021-11-04T00:33:55.490+05:00,1.199323667
2021-11-04T00:33:55.993+05:00,2.281047584
2021-11-04T00:33:56.495+05:00,0.781290221
2021-11-04T00:33:56.998+05:00,2.239095647
2021-11-04T00:33:57.501+05:00,1.486140704
2021-11-04T00:33:58.003+05:00,15.46728507
2021-11-04T00:33:58.505+05:00,4.948454544
2021-11-04T00:33:59.007+05:00,5.319632223
2021-11-04T00:33:59.508+05:00,22.46903303
2021-11-04T00:34:00.010+05:00,10.4741679
2021-11-04T00:34:00.512+05:00,5.940490477
2021-11-04T00:34:01.013+05:00,6.998879646
2021-11-04T00:34:01.515+05:00,2.289202116
2021-11-04T00:34:02.017+05:00,0.877368037
2021-11-04T00:34:02.520+05:00,1.039959378
2021-11-04T00:34:03.022+05:00,1.321003731
2021-11-04T00:34:03.523+05:00,2.059152061
2021-11-04T00:34:04.026+05:00,3.409800717
2021-11-04T00:34:04.529+05:00,1.243254054
2021-11-04T00:34:05.032+05:00,4.291863461
2021-11-04T00:34:05.534+05:00,1.369603198
2021-11-04T00:34:06.037+05:00,4.404100289
2021-11-04T00:34:06.540+05:00,1.32048987
2021-11-04T00:34:07.043+05:00,0.85216558
2021-11-04T00:34:07.554+05:00,0.554751954
2021-11-04T00:34:08.057+05:00,1.023858943
2021-11-04T00:34:08.558+05:00,4.92903481
2021-11-04T00:34:09.061+05:00,1.414920998
2021-11-04T00:34:09.563+05:00,10.38997897
2021-11-04T00:34:10.065+05:00,1.606507391
2021-11-04T00:34:10.567+05:00,0.979093421
2021-11-04T00:34:11.070+05:00,1.109647822
2021-11-04T00:34:11.573+05:00,0.822659387
2021-11-04T00:34:12.076+05:00,0.192811103
2021-11-04T00:34:12.579+05:00,0.479825138
2021-11-04T00:34:13.082+05:00,0.781458104
2021-11-04T00:34:13.586+05:00,1.17780912
2021-11-04T00:34:14.089+05:00,0.159817355
2021-11-04T00:34:14.590+05:00,2.202684163
2021-11-04T00:34:15.093+05:00,2.177913927
2021-11-04T00:34:15.596+05:00,0.528225282
2021-11-04T00:34:16.099+05:00,3.833206448
2021-11-04T00:34:16.602+05:00,0.759848857
2021-11-04T00:34:17.104+05:00,0.152346419
2021-11-04T00:34:17.607+05:00,0.337343507
2021-11-04T00:34:18.108+05:00,17.32279678
2021-11-04T00:34:18.610+05:00,1.028945865
2021-11-04T00:34:19.113+05:00,2.139444482
2021-11-04T00:34:19.616+05:00,1.263485049
2021-11-04T00:34:20.117+05:00,2.961413861
2021-11-04T00:34:20.619+05:00,1.813038328
2021-11-04T00:34:21.122+05:00,15.66273943
2021-11-04T00:34:21.624+05:00,4.638892598
2021-11-04T00:34:22.125+05:00,19.57213403
2021-11-04T00:34:22.626+05:00,23.24659366
2021-11-04T00:34:23.127+05:00,22.47089297
2021-11-04T00:34:23.628+05:00,20.51674503
2021-11-04T00:34:24.129+05:00,19.69722461
2021-11-04T00:34:24.631+05:00,27.36770962
2021-11-04T00:34:25.132+05:00,23.55566873
2021-11-04T00:34:25.634+05:00,21.15410359
2021-11-04T00:34:26.135+05:00,28.80666185
2021-11-04T00:34:26.636+05:00,17.56106936
2021-11-04T00:34:27.137+05:00,11.87108478
2021-11-04T00:34:27.638+05:00,16.56121097
2021-11-04T00:34:28.139+05:00,15.24948879
2021-11-04T00:34:28.640+05:00,11.26227642
2021-11-04T00:34:29.143+05:00,6.261717226
2021-11-04T00:34:29.644+05:00,5.18088409
2021-11-04T00:34:30.146+05:00,5.604824662
2021-11-04T00:34:30.648+05:00,4.805447799
2021-11-04T00:34:31.149+05:00,5.454603124
2021-11-04T00:34:31.652+05:00,4.959764556
2021-11-04T00:34:32.155+05:00,6.510274919
2021-11-04T00:34:32.657+05:00,5.854137838
2021-11-04T00:34:33.159+05:00,5.132977623
2021-11-04T00:34:33.661+05:00,4.705843249
2021-11-04T00:34:34.163+05:00,6.530072154
2021-11-04T00:34:34.664+05:00,6.390754144
2021-11-04T00:34:35.167+05:00,5.237796009
2021-11-04T00:34:35.669+05:00,6.270750021
2021-11-04T00:34:36.171+05:00,6.574314492
2021-11-04T00:34:36.673+05:00,4.488999746
2021-11-04T00:34:37.175+05:00,4.977967564
2021-11-04T00:34:37.678+05:00,5.024621567
2021-11-04T00:34:38.181+05:00,5.030857645
2021-11-04T00:34:38.683+05:00,4.695854409
2021-11-04T00:34:39.185+05:00,5.0461634
2021-11-04T00:34:39.688+05:00,4.67279937
2021-11-04T00:34:40.190+05:00,4.605306659
2021-11-04T00:34:40.692+05:00,6.960129258
2021-11-04T00:34:41.195+05:00,13.66593156
2021-11-04T00:34:41.697+05:00,4.582893718
2021-11-04T00:34:42.200+05:00,2.210727079
2021-11-04T00:34:42.703+05:00,1.230141988
2021-11-04T00:34:43.206+05:00,1.495661481
2021-11-04T00:34:43.709+05:00,1.551496297
2021-11-04T00:34:44.211+05:00,16.90857864
2021-11-04T00:34:44.713+05:00,4.827352402
2021-11-04T00:34:45.215+05:00,19.91087221
2021-11-04T00:34:45.716+05:00,10.59196254
2021-11-04T00:34:46.217+05:00,19.68339282
2021-11-04T00:34:46.718+05:00,22.98356135
2021-11-04T00:34:47.219+05:00,24.35832517
2021-11-04T00:34:47.721+05:00,17.83412345
2021-11-04T00:34:48.223+05:00,9.512453262
2021-11-04T00:34:48.735+05:00,22.14082603
2021-11-04T00:34:49.238+05:00,7.060350517
2021-11-04T00:34:49.739+05:00,5.169509501
2021-11-04T00:34:50.241+05:00,4.053425075
2021-11-04T00:34:50.744+05:00,4.669196113
2021-11-04T00:34:51.247+05:00,4.521738092
2021-11-04T00:34:51.749+05:00,3.651433452
2021-11-04T00:34:52.251+05:00,4.392293698
2021-11-04T00:34:52.754+05:00,4.570813799
2021-11-04T00:34:53.256+05:00,5.090634288
2021-11-04T00:34:53.759+05:00,3.189152903
2021-11-04T00:34:54.260+05:00,3.950126101
2021-11-04T00:34:54.763+05:00,4.037687733
2021-11-04T00:34:55.265+05:00,4.411671843
2021-11-04T00:34:55.768+05:00,3.043376142
2021-11-04T00:34:56.271+05:00,4.033698326
2021-11-04T00:34:56.772+05:00,3.738232583
2021-11-04T00:34:57.275+05:00,3.440348222
2021-11-04T00:34:57.778+05:00,2.644956814
2021-11-04T00:34:58.281+05:00,3.729384797
2021-11-04T00:34:58.783+05:00,3.026265777
2021-11-04T00:34:59.286+05:00,2.688720412
2021-11-04T00:34:59.787+05:00,8.150116391
2021-11-04T00:35:00.289+05:00,4.706655284
2021-11-04T00:35:00.791+05:00,3.166205562
2021-11-04T00:35:01.294+05:00,7.56738356
2021-11-04T00:35:01.797+05:00,2.960563696
2021-11-04T00:35:02.299+05:00,4.326596226
2021-11-04T00:35:02.801+05:00,3.342238988
2021-11-04T00:35:03.304+05:00,3.880731959
2021-11-04T00:35:03.806+05:00,5.01055524
2021-11-04T00:35:04.307+05:00,10.94031303
2021-11-04T00:35:04.809+05:00,1.337172198
2021-11-04T00:35:05.312+05:00,4.112800746
2021-11-04T00:35:05.814+05:00,2.098196674
2021-11-04T00:35:06.316+05:00,4.288373344
2021-11-04T00:35:06.818+05:00,2.182590014
2021-11-04T00:35:07.320+05:00,18.95292415
2021-11-04T00:35:07.822+05:00,4.876499801
2021-11-04T00:35:08.325+05:00,4.106661596
2021-11-04T00:35:08.827+05:00,4.524449113
2021-11-04T00:35:09.329+05:00,4.392188011
2021-11-04T00:35:09.838+05:00,20.03876075
2021-11-04T00:35:10.339+05:00,23.27856841
2021-11-04T00:35:10.840+05:00,25.71140716
2021-11-04T00:35:11.342+05:00,14.60736291
2021-11-04T00:35:11.845+05:00,15.36309617
2021-11-04T00:35:12.346+05:00,19.64327153
2021-11-04T00:35:12.848+05:00,27.58427253
2021-11-04T00:35:13.350+05:00,21.48854713
2021-11-04T00:35:13.851+05:00,7.997295939
2021-11-04T00:35:14.353+05:00,4.838909492
2021-11-04T00:35:14.855+05:00,8.789665717
2021-11-04T00:35:15.357+05:00,6.784613481
2021-11-04T00:35:15.860+05:00,23.31469441
2021-11-04T00:35:16.362+05:00,21.37843939
2021-11-04T00:35:16.863+05:00,7.856446155
2021-11-04T00:35:17.366+05:00,8.66874212
2021-11-04T00:35:17.868+05:00,4.997213128
2021-11-04T00:35:18.370+05:00,4.5334384
2021-11-04T00:35:18.873+05:00,2.947169315
2021-11-04T00:35:19.376+05:00,3.498992955
2021-11-04T00:35:19.878+05:00,4.590145338
2021-11-04T00:35:20.380+05:00,3.998309708
2021-11-04T00:35:20.882+05:00,3.490908992
2021-11-04T00:35:21.385+05:00,4.170184475
2021-11-04T00:35:21.887+05:00,8.419975568
2021-11-04T00:35:22.389+05:00,10.21888843
2021-11-04T00:35:22.891+05:00,3.99355284
2021-11-04T00:35:23.394+05:00,3.69731864
2021-11-04T00:35:23.897+05:00,5.961704066
2021-11-04T00:35:24.400+05:00,5.778329476
2021-11-04T00:35:24.902+05:00,5.648886878
2021-11-04T00:35:25.405+05:00,5.621046288
2021-11-04T00:35:25.907+05:00,3.440561753
2021-11-04T00:35:26.409+05:00,4.320232575
2021-11-04T00:35:26.910+05:00,9.743214308
2021-11-04T00:35:27.412+05:00,11.58687793
2021-11-04T00:35:27.914+05:00,4.199906527
2021-11-04T00:35:28.417+05:00,2.639850843
2021-11-04T00:35:28.919+05:00,1.629061177
2021-11-04T00:35:29.420+05:00,2.065162175
2021-11-04T00:35:29.922+05:00,4.153823285
2021-11-04T00:35:30.424+05:00,14.56287886
2021-11-04T00:35:30.925+05:00,3.866042452
2021-11-04T00:35:31.426+05:00,5.200295252
2021-11-04T00:35:31.927+05:00,20.13543065
2021-11-04T00:35:32.428+05:00,15.09755121
2021-11-04T00:35:32.930+05:00,4.98702813
2021-11-04T00:35:33.431+05:00,5.64942277
2021-11-04T00:35:33.932+05:00,12.75505596
2021-11-04T00:35:34.434+05:00,9.169465423
2021-11-04T00:35:34.936+05:00,19.51225283
2021-11-04T00:35:35.437+05:00,12.98656974
2021-11-04T00:35:35.938+05:00,6.430548482
2021-11-04T00:35:36.439+05:00,14.70303616
2021-11-04T00:35:36.940+05:00,10.14146176
2021-11-04T00:35:37.441+05:00,17.44380795
2021-11-04T00:35:37.943+05:00,23.51565558
2021-11-04T00:35:38.443+05:00,15.6929595
2021-11-04T00:35:38.945+05:00,13.73529291
2021-11-04T00:35:39.446+05:00,14.43433235
2021-11-04T00:35:39.947+05:00,14.8488885
2021-11-04T00:35:40.448+05:00,17.72438065
2021-11-04T00:35:40.949+05:00,14.32968097
2021-11-04T00:35:41.450+05:00,15.48297859
2021-11-04T00:35:41.951+05:00,23.90000283
2021-11-04T00:35:42.452+05:00,24.95597463
2021-11-04T00:35:42.954+05:00,12.87641902
2021-11-04T00:35:43.456+05:00,10.85355507
2021-11-04T00:35:43.957+05:00,9.060523137
2021-11-04T00:35:44.459+05:00,18.62493016
2021-11-04T00:35:44.960+05:00,9.373770942
2021-11-04T00:35:45.462+05:00,10.12404703
2021-11-04T00:35:45.965+05:00,10.1477323
2021-11-04T00:35:46.466+05:00,11.31579006
2021-11-04T00:35:46.967+05:00,10.00567009
2021-11-04T00:35:47.468+05:00,17.00824807
2021-11-04T00:35:47.969+05:00,10.37923937
2021-11-04T00:35:48.471+05:00,10.88993039
2021-11-04T00:35:48.973+05:00,9.876934707
2021-11-04T00:35:49.474+05:00,9.548073395
2021-11-04T00:35:49.975+05:00,11.399448
2021-11-04T00:35:50.478+05:00,9.103093258
2021-11-04T00:35:50.992+05:00,1.076384559
2021-11-04T00:35:51.494+05:00,2.26040812
2021-11-04T00:35:51.997+05:00,1.068081835
2021-11-04T00:35:52.499+05:00,4.235675975
2021-11-04T00:35:53.000+05:00,3.343014355
2021-11-04T00:35:53.503+05:00,15.41690507
2021-11-04T00:35:54.004+05:00,16.46632061
2021-11-04T00:35:54.506+05:00,9.140998151
2021-11-04T00:35:55.007+05:00,17.96577632
2021-11-04T00:35:55.509+05:00,6.171941074
2021-11-04T00:35:56.012+05:00,9.858813265
2021-11-04T00:35:56.514+05:00,2.412579644
2021-11-04T00:35:57.015+05:00,2.656583141
2021-11-04T00:35:57.518+05:00,2.100241034
2021-11-04T00:35:58.019+05:00,3.294216322
2021-11-04T00:35:58.521+05:00,0.783223467
2021-11-04T00:35:59.024+05:00,0.848684824
2021-11-04T00:35:59.527+05:00,0.747886325
2021-11-04T00:36:00.028+05:00,4.644677113
2021-11-04T00:36:00.531+05:00,1.934408875
2021-11-04T00:36:01.034+05:00,7.015581652
2021-11-04T00:36:01.537+05:00,1.366835445
2021-11-04T00:36:02.040+05:00,1.358428878
2021-11-04T00:36:02.543+05:00,0.422155807
2021-11-04T00:36:03.045+05:00,1.430810152
2021-11-04T00:36:03.547+05:00,1.811622098
2021-11-04T00:36:04.048+05:00,2.646008898
2021-11-04T00:36:04.549+05:00,2.034262442
2021-11-04T00:36:05.050+05:00,4.260103649
2021-11-04T00:36:05.553+05:00,0.29492136
2021-11-04T00:36:06.056+05:00,3.912002302
2021-11-04T00:36:06.559+05:00,0.516437855
2021-11-04T00:36:07.062+05:00,0.980997244
2021-11-04T00:36:07.565+05:00,0.166593197
2021-11-04T00:36:08.068+05:00,0.808965519
2021-11-04T00:36:08.571+05:00,0.307559238
2021-11-04T00:36:09.073+05:00,1.270448846
2021-11-04T00:36:09.576+05:00,0.220219821
2021-11-04T00:36:10.078+05:00,6.222431399
2021-11-04T00:36:10.580+05:00,0.866788966
2021-11-04T00:36:11.083+05:00,5.404370816
2021-11-04T00:36:11.586+05:00,0.350831087
2021-11-04T00:36:12.098+05:00,0.17322916
2021-11-04T00:36:12.601+05:00,3.618211157
2021-11-04T00:36:13.102+05:00,10.36471504
2021-11-04T00:36:13.605+05:00,5.572470194
2021-11-04T00:36:14.107+05:00,2.079212427
2021-11-04T00:36:14.610+05:00,1.719292189
2021-11-04T00:36:15.111+05:00,4.039906678
2021-11-04T00:36:15.612+05:00,2.151748389
2021-11-04T00:36:16.113+05:00,6.374221322
2021-11-04T00:36:16.615+05:00,13.49575072
2021-11-04T00:36:17.117+05:00,4.472184595
2021-11-04T00:36:17.619+05:00,5.146775993
2021-11-04T00:36:18.120+05:00,14.97690186
2021-11-04T00:36:18.622+05:00,20.00843379
2021-11-04T00:36:19.123+05:00,23.89256701
2021-11-04T00:36:19.625+05:00,9.851954101
2021-11-04T00:36:20.127+05:00,7.074404663
2021-11-04T00:36:20.629+05:00,9.799142478
2021-11-04T00:36:21.130+05:00,12.75100976
2021-11-04T00:36:21.633+05:00,26.89920652
2021-11-04T00:36:22.135+05:00,12.40992985
2021-11-04T00:36:22.637+05:00,8.033359226
2021-11-04T00:36:23.139+05:00,8.549368946
2021-11-04T00:36:23.642+05:00,19.84718931
2021-11-04T00:36:24.145+05:00,7.636290051
2021-11-04T00:36:24.647+05:00,8.236365161
2021-11-04T00:36:25.149+05:00,6.786281833
2021-11-04T00:36:25.652+05:00,6.285041304
2021-11-04T00:36:26.155+05:00,6.679686115
2021-11-04T00:36:26.657+05:00,5.84923005
2021-11-04T00:36:27.159+05:00,6.083430193
2021-11-04T00:36:27.661+05:00,5.609511708
2021-11-04T00:36:28.164+05:00,6.644015637
2021-11-04T00:36:28.666+05:00,8.379566856
2021-11-04T00:36:29.168+05:00,5.216573231
2021-11-04T00:36:29.670+05:00,7.042488154
2021-11-04T00:36:30.172+05:00,5.641382946
2021-11-04T00:36:30.674+05:00,6.430722708
2021-11-04T00:36:31.177+05:00,5.513190175
2021-11-04T00:36:31.687+05:00,5.293462494
2021-11-04T00:36:32.190+05:00,5.259042011
2021-11-04T00:36:32.693+05:00,5.235698163
2021-11-04T00:36:33.195+05:00,4.962180878
2021-11-04T00:36:33.696+05:00,5.394791487
2021-11-04T00:36:34.197+05:00,5.890866837
2021-11-04T00:36:34.699+05:00,4.934218329
2021-11-04T00:36:35.201+05:00,5.019516074
2021-11-04T00:36:35.703+05:00,5.202435016
2021-11-04T00:36:36.205+05:00,12.18092142
2021-11-04T00:36:36.707+05:00,3.977473189
2021-11-04T00:36:37.210+05:00,2.215749034
2021-11-04T00:36:37.713+05:00,1.333063687
2021-11-04T00:36:38.216+05:00,1.306234078
2021-11-04T00:36:38.718+05:00,1.743511766
2021-11-04T00:36:39.219+05:00,7.310064409
2021-11-04T00:36:39.721+05:00,12.97813458
2021-11-04T00:36:40.222+05:00,13.49503578
2021-11-04T00:36:40.724+05:00,18.03455206
2021-11-04T00:36:41.225+05:00,16.3970138
2021-11-04T00:36:41.727+05:00,23.03377922
2021-11-04T00:36:42.229+05:00,15.46161624
2021-11-04T00:36:42.731+05:00,14.65227407
2021-11-04T00:36:43.233+05:00,18.22245815
2021-11-04T00:36:43.736+05:00,7.249869448
2021-11-04T00:36:44.237+05:00,16.40285812
2021-11-04T00:36:44.739+05:00,5.726346265
2021-11-04T00:36:45.241+05:00,15.27592285
2021-11-04T00:36:45.742+05:00,8.941731144
2021-11-04T00:36:46.243+05:00,12.17282627
2021-11-04T00:36:46.744+05:00,3.726441013
2021-11-04T00:36:47.245+05:00,4.068920221
2021-11-04T00:36:47.748+05:00,3.628515489
2021-11-04T00:36:48.250+05:00,5.129386636
2021-11-04T00:36:48.752+05:00,5.215702361
2021-11-04T00:36:49.253+05:00,5.980038571
2021-11-04T00:36:49.755+05:00,9.836517594
2021-11-04T00:36:50.257+05:00,5.821756548
2021-11-04T00:36:50.766+05:00,2.68650737
2021-11-04T00:36:51.268+05:00,3.596286637
2021-11-04T00:36:51.770+05:00,3.558340258
2021-11-04T00:36:52.272+05:00,3.063947275
2021-11-04T00:36:52.774+05:00,4.698062716
2021-11-04T00:36:53.276+05:00,5.076219475
2021-11-04T00:36:53.779+05:00,2.668333948
2021-11-04T00:36:54.281+05:00,2.684990326
2021-11-04T00:36:54.784+05:00,2.618769473
2021-11-04T00:36:55.286+05:00,2.70568328
2021-11-04T00:36:55.788+05:00,5.177134498
2021-11-04T00:36:56.291+05:00,3.107942686
2021-11-04T00:36:56.794+05:00,2.781772586
2021-11-04T00:36:57.297+05:00,2.912400743
2021-11-04T00:36:57.799+05:00,5.512789835
2021-11-04T00:36:58.302+05:00,2.999950614
2021-11-04T00:36:58.805+05:00,4.130831177
2021-11-04T00:36:59.307+05:00,11.88307518
2021-11-04T00:36:59.809+05:00,5.051421132
2021-11-04T00:37:00.311+05:00,3.200961166
2021-11-04T00:37:00.813+05:00,1.634114037
2021-11-04T00:37:01.316+05:00,7.172234184
2021-11-04T00:37:01.819+05:00,1.956624046
2021-11-04T00:37:02.321+05:00,7.057596357
2021-11-04T00:37:02.823+05:00,12.78228172
2021-11-04T00:37:03.325+05:00,5.277369374
2021-11-04T00:37:03.827+05:00,4.777123745
2021-11-04T00:37:04.330+05:00,4.445632686
2021-11-04T00:37:04.831+05:00,14.55683671
2021-11-04T00:37:05.333+05:00,9.919027145
2021-11-04T00:37:05.835+05:00,7.479805595
2021-11-04T00:37:06.337+05:00,7.159141055
2021-11-04T00:37:06.839+05:00,13.82751522
2021-11-04T00:37:07.341+05:00,22.83447102
2021-11-04T00:37:07.842+05:00,13.55841734
2021-11-04T00:37:08.344+05:00,29.26295159
2021-11-04T00:37:08.845+05:00,24.1398788
2021-11-04T00:37:09.346+05:00,23.96826312
2021-11-04T00:37:09.847+05:00,21.79115448
2021-11-04T00:37:10.349+05:00,19.95702027
2021-11-04T00:37:10.850+05:00,20.16822851
2021-11-04T00:37:11.352+05:00,33.5090731
2021-11-04T00:37:11.859+05:00,30.91501357
2021-11-04T00:37:12.367+05:00,15.48735176
2021-11-04T00:37:12.870+05:00,3.902840782
2021-11-04T00:37:13.372+05:00,5.677582563
2021-11-04T00:37:13.875+05:00,3.317787628
2021-11-04T00:37:14.378+05:00,1.901199446
2021-11-04T00:37:14.879+05:00,1.906761429
2021-11-04T00:37:15.381+05:00,4.056086596
2021-11-04T00:37:15.884+05:00,1.873987751
2021-11-04T00:37:16.387+05:00,3.006311705
2021-11-04T00:37:16.890+05:00,1.174417905
2021-11-04T00:37:17.393+05:00,1.773225921
2021-11-04T00:37:17.895+05:00,6.320631925
2021-11-04T00:37:18.396+05:00,5.198750002
2021-11-04T00:37:18.898+05:00,8.264644971
2021-11-04T00:37:19.401+05:00,2.378144291
2021-11-04T00:37:19.904+05:00,4.624956549
2021-11-04T00:37:20.407+05:00,4.497114993
2021-11-04T00:37:20.908+05:00,3.559770722
2021-11-04T00:37:21.410+05:00,1.91742964
2021-11-04T00:37:21.913+05:00,1.973803746
2021-11-04T00:37:22.415+05:00,10.55836243
2021-11-04T00:37:22.918+05:00,5.242969125
2021-11-04T00:37:23.421+05:00,2.63990935
2021-11-04T00:37:23.924+05:00,1.692148675
2021-11-04T00:37:24.427+05:00,1.286358052
2021-11-04T00:37:24.930+05:00,1.41662073
2021-11-04T00:37:25.431+05:00,7.831289094
2021-11-04T00:37:25.933+05:00,11.71375566
2021-11-04T00:37:26.435+05:00,3.980313002
2021-11-04T00:37:26.938+05:00,3.627278228
2021-11-04T00:37:27.441+05:00,3.792893287
2021-11-04T00:37:27.942+05:00,18.06269476
2021-11-04T00:37:28.443+05:00,15.6184246
2021-11-04T00:37:28.945+05:00,19.40150245
2021-11-04T00:37:29.447+05:00,15.5578123
2021-11-04T00:37:29.948+05:00,22.86167611
2021-11-04T00:37:30.449+05:00,17.03558627
2021-11-04T00:37:30.950+05:00,12.93988464
2021-11-04T00:37:31.452+05:00,5.84986035
2021-11-04T00:37:31.954+05:00,8.800069949
2021-11-04T00:37:32.455+05:00,6.608851893
2021-11-04T00:37:32.964+05:00,6.778742726
2021-11-04T00:37:33.465+05:00,6.123529776
2021-11-04T00:37:33.966+05:00,8.024085042
2021-11-04T00:37:34.467+05:00,5.981840407
2021-11-04T00:37:34.970+05:00,6.377417018
2021-11-04T00:37:35.471+05:00,6.742485744
2021-11-04T00:37:35.972+05:00,8.049322162
2021-11-04T00:37:36.474+05:00,5.870866692
2021-11-04T00:37:36.976+05:00,5.155424141
2021-11-04T00:37:37.478+05:00,7.997823909
2021-11-04T00:37:37.980+05:00,5.96612517
2021-11-04T00:37:38.481+05:00,5.550132877
2021-11-04T00:37:38.983+05:00,6.391963738
2021-11-04T00:37:39.484+05:00,6.378480569
2021-11-04T00:37:39.986+05:00,6.569139296
2021-11-04T00:37:40.487+05:00,5.804188869
2021-11-04T00:37:40.988+05:00,5.532433712
2021-11-04T00:37:41.490+05:00,6.289684633
2021-11-04T00:37:41.992+05:00,6.308640836
2021-11-04T00:37:42.494+05:00,6.024852138
2021-11-04T00:37:42.996+05:00,7.534061978
2021-11-04T00:37:43.498+05:00,7.619333163
2021-11-04T00:37:44.000+05:00,6.088111879
2021-11-04T00:37:44.502+05:00,6.591386293
2021-11-04T00:37:45.004+05:00,6.888160112
2021-11-04T00:37:45.505+05:00,16.16214003
2021-11-04T00:37:46.007+05:00,8.079731728
2021-11-04T00:37:46.510+05:00,4.359258297
2021-11-04T00:37:47.013+05:00,2.353962642
2021-11-04T00:37:47.516+05:00,1.837658966
2021-11-04T00:37:48.017+05:00,1.468275789
2021-11-04T00:37:48.518+05:00,10.84886059
2021-11-04T00:37:49.020+05:00,8.789501777
2021-11-04T00:37:49.523+05:00,3.651273885
2021-11-04T00:37:50.025+05:00,4.849785079
2021-11-04T00:37:50.526+05:00,4.384376335
2021-11-04T00:37:51.027+05:00,5.007396507
2021-11-04T00:37:51.529+05:00,4.442717447
2021-11-04T00:37:52.031+05:00,3.606866891
2021-11-04T00:37:52.534+05:00,4.944553098
2021-11-04T00:37:53.036+05:00,3.883752644
2021-11-04T00:37:53.538+05:00,3.428478625
2021-11-04T00:37:54.040+05:00,20.44973882
2021-11-04T00:37:54.543+05:00,4.870729027
2021-11-04T00:37:55.044+05:00,7.070478502
2021-11-04T00:37:55.546+05:00,13.48419669
2021-11-04T00:37:56.049+05:00,7.343999495
2021-11-04T00:37:56.551+05:00,5.784303618
2021-11-04T00:37:57.053+05:00,6.670838884
2021-11-04T00:37:57.555+05:00,8.043918821
2021-11-04T00:37:58.057+05:00,7.368870459
2021-11-04T00:37:58.558+05:00,5.038548857
2021-11-04T00:37:59.060+05:00,5.5965776
2021-11-04T00:37:59.562+05:00,8.102288682
2021-11-04T00:38:00.063+05:00,15.28350747
2021-11-04T00:38:00.565+05:00,10.1341537
2021-11-04T00:38:01.066+05:00,15.539463
2021-11-04T00:38:01.568+05:00,17.88623889
2021-11-04T00:38:02.070+05:00,7.623760655
2021-11-04T00:38:02.572+05:00,8.654435121
2021-11-04T00:38:03.074+05:00,6.153347481
2021-11-04T00:38:03.575+05:00,5.841152893
2021-11-04T00:38:04.077+05:00,10.68161026
2021-11-04T00:38:04.579+05:00,17.67547832
2021-11-04T00:38:05.082+05:00,7.101595702
2021-11-04T00:38:05.583+05:00,6.354973556
2021-11-04T00:38:06.086+05:00,10.36248913
2021-11-04T00:38:06.587+05:00,6.424210405
2021-11-04T00:38:07.089+05:00,6.723070445
2021-11-04T00:38:07.591+05:00,4.175960663
2021-11-04T00:38:08.092+05:00,6.752318458
2021-11-04T00:38:08.594+05:00,13.81515765
2021-11-04T00:38:09.096+05:00,3.221949456
2021-11-04T00:38:09.599+05:00,2.226056645
2021-11-04T00:38:10.102+05:00,1.842048494
2021-11-04T00:38:10.605+05:00,1.51521421
2021-11-04T00:38:11.108+05:00,2.938785847
2021-11-04T00:38:11.609+05:00,12.32646758
2021-11-04T00:38:12.110+05:00,8.281062166
2021-11-04T00:38:12.612+05:00,4.824111823
2021-11-04T00:38:13.114+05:00,4.454107369
2021-11-04T00:38:13.616+05:00,23.73114533
2021-11-04T00:38:14.126+05:00,7.191486602
2021-11-04T00:38:14.627+05:00,8.196761103
2021-11-04T00:38:15.129+05:00,12.53179164
2021-11-04T00:38:15.630+05:00,9.696948691
2021-11-04T00:38:16.132+05:00,9.555572251
2021-11-04T00:38:16.633+05:00,10.02393095
2021-11-04T00:38:17.135+05:00,7.800274276
2021-11-04T00:38:17.637+05:00,16.16836553
2021-11-04T00:38:18.138+05:00,10.22751038
2021-11-04T00:38:18.639+05:00,7.47597386
2021-11-04T00:38:19.141+05:00,8.299424628
2021-11-04T00:38:19.642+05:00,6.735889437
2021-11-04T00:38:20.144+05:00,5.831108242
2021-11-04T00:38:20.645+05:00,6.229329205
2021-11-04T00:38:21.147+05:00,6.13783577
2021-11-04T00:38:21.650+05:00,5.933877568
2021-11-04T00:38:22.152+05:00,5.88046686
2021-11-04T00:38:22.654+05:00,7.588468075
2021-11-04T00:38:23.156+05:00,6.769224811
2021-11-04T00:38:23.658+05:00,8.059226315
2021-11-04T00:38:24.160+05:00,8.281975386
2021-11-04T00:38:24.662+05:00,9.0523615
2021-11-04T00:38:25.164+05:00,7.923095857
2021-11-04T00:38:25.665+05:00,6.380969145
2021-11-04T00:38:26.167+05:00,6.107270902
2021-11-04T00:38:26.668+05:00,7.844668078
2021-11-04T00:38:27.169+05:00,6.165393005
2021-11-04T00:38:27.671+05:00,6.440476632
2021-11-04T00:38:28.173+05:00,6.480802108
2021-11-04T00:38:28.674+05:00,5.8106207
2021-11-04T00:38:29.176+05:00,6.258528688
2021-11-04T00:38:29.678+05:00,7.658279558
2021-11-04T00:38:30.180+05:00,6.432056744
2021-11-04T00:38:30.682+05:00,7.510910536
2021-11-04T00:38:31.184+05:00,7.59188059
2021-11-04T00:38:31.686+05:00,11.12032696
2021-11-04T00:38:32.189+05:00,3.496715542
2021-11-04T00:38:32.690+05:00,3.00244781
2021-11-04T00:38:33.191+05:00,1.894013393
2021-11-04T00:38:33.692+05:00,3.443500772
2021-11-04T00:38:34.194+05:00,4.056853937
2021-11-04T00:38:34.696+05:00,14.33965796
2021-11-04T00:38:35.208+05:00,5.879131502
2021-11-04T00:38:35.710+05:00,4.518144934
2021-11-04T00:38:36.213+05:00,5.328352034
2021-11-04T00:38:36.716+05:00,3.645530764
2021-11-04T00:38:37.217+05:00,8.538705957
2021-11-04T00:38:37.718+05:00,16.44299528
2021-11-04T00:38:38.220+05:00,16.11955304
2021-11-04T00:38:38.720+05:00,23.20770325
2021-11-04T00:38:39.222+05:00,23.21741108
2021-11-04T00:38:39.723+05:00,19.74444718
2021-11-04T00:38:40.224+05:00,24.51881551
2021-11-04T00:38:40.725+05:00,25.47816261
2021-11-04T00:38:41.227+05:00,13.39587975
2021-11-04T00:38:41.728+05:00,7.036627461
2021-11-04T00:38:42.229+05:00,7.044712092
2021-11-04T00:38:42.731+05:00,6.529154974
2021-11-04T00:38:43.232+05:00,6.63875959
2021-11-04T00:38:43.734+05:00,5.80629238
2021-11-04T00:38:44.236+05:00,5.881491598
2021-11-04T00:38:44.737+05:00,7.555414189
2021-11-04T00:38:45.238+05:00,6.445702488
2021-11-04T00:38:45.740+05:00,6.017792825
2021-11-04T00:38:46.242+05:00,6.004458102
2021-11-04T00:38:46.743+05:00,5.139727873
2021-11-04T00:38:47.245+05:00,9.751737754
2021-11-04T00:38:47.747+05:00,5.185702795
2021-11-04T00:38:48.249+05:00,4.968867278
2021-11-04T00:38:48.752+05:00,6.471170453
2021-11-04T00:38:49.253+05:00,5.488965363
2021-11-04T00:38:49.755+05:00,5.336509448
2021-11-04T00:38:50.256+05:00,4.981405959
2021-11-04T00:38:50.759+05:00,5.365615155
2021-11-04T00:38:51.260+05:00,5.284999916
2021-11-04T00:38:51.762+05:00,6.343316619
2021-11-04T00:38:52.264+05:00,5.512381737
2021-11-04T00:38:52.766+05:00,5.941479009
2021-11-04T00:38:53.268+05:00,5.25563106
2021-11-04T00:38:53.770+05:00,5.177228946
2021-11-04T00:38:54.272+05:00,5.096661612
2021-11-04T00:38:54.774+05:00,11.81565274
2021-11-04T00:38:55.275+05:00,7.198725051
2021-11-04T00:38:55.788+05:00,1.708423943
2021-11-04T00:38:56.289+05:00,5.068156137
2021-11-04T00:38:56.792+05:00,3.093577405
2021-11-04T00:38:57.295+05:00,1.02800136
2021-11-04T00:38:57.796+05:00,13.27810194
2021-11-04T00:38:58.298+05:00,6.125753645
2021-11-04T00:38:58.799+05:00,7.350640716
2021-11-04T00:38:59.301+05:00,20.4304744
2021-11-04T00:38:59.803+05:00,5.768693635
2021-11-04T00:39:00.305+05:00,15.72395172
2021-11-04T00:39:00.806+05:00,22.72660548
2021-11-04T00:39:01.308+05:00,32.25524759
2021-11-04T00:39:01.810+05:00,40.5493397
2021-11-04T00:39:02.312+05:00,39.85655863
2021-11-04T00:39:02.814+05:00,32.48563904
2021-11-04T00:39:03.315+05:00,21.52390993
2021-11-04T00:39:03.817+05:00,12.51884
2021-11-04T00:39:04.319+05:00,28.09460139
2021-11-04T00:39:04.820+05:00,4.972332955
2021-11-04T00:39:05.321+05:00,7.054657815
2021-11-04T00:39:05.824+05:00,3.647604259
2021-11-04T00:39:06.326+05:00,4.829979799
2021-11-04T00:39:06.829+05:00,2.385341898
2021-11-04T00:39:07.331+05:00,5.963327732
2021-11-04T00:39:07.832+05:00,5.046953744
2021-11-04T00:39:08.334+05:00,3.420560083
2021-11-04T00:39:08.837+05:00,2.198575336
2021-11-04T00:39:09.339+05:00,3.286511188
2021-11-04T00:39:09.842+05:00,5.030640427
2021-11-04T00:39:10.345+05:00,3.176732711
2021-11-04T00:39:10.847+05:00,10.49678023
2021-11-04T00:39:11.349+05:00,5.089813365
2021-11-04T00:39:11.851+05:00,10.74338554
2021-11-04T00:39:12.352+05:00,13.20770069
2021-11-04T00:39:12.854+05:00,5.101006898
2021-11-04T00:39:13.356+05:00,6.101999791
2021-11-04T00:39:13.859+05:00,2.265954238
2021-11-04T00:39:14.361+05:00,2.30492977
2021-11-04T00:39:14.864+05:00,2.111773093
2021-11-04T00:39:15.366+05:00,2.36444928
2021-11-04T00:39:15.873+05:00,2.834331488
2021-11-04T00:39:16.376+05:00,4.57601302
2021-11-04T00:39:16.878+05:00,2.573253324
2021-11-04T00:39:17.380+05:00,2.012624683
2021-11-04T00:39:17.883+05:00,13.00585031
2021-11-04T00:39:18.384+05:00,4.512713925
2021-11-04T00:39:18.887+05:00,2.411706571
2021-11-04T00:39:19.389+05:00,1.675288571
2021-11-04T00:39:19.892+05:00,1.410940304
2021-11-04T00:39:20.395+05:00,2.081715638
2021-11-04T00:39:20.896+05:00,13.6749402
2021-11-04T00:39:21.397+05:00,5.645158141
2021-11-04T00:39:21.900+05:00,4.004871009
2021-11-04T00:39:22.403+05:00,4.031753627
2021-11-04T00:39:22.905+05:00,3.792226096
2021-11-04T00:39:23.408+05:00,4.213107698
2021-11-04T00:39:23.910+05:00,3.568462873
2021-11-04T00:39:24.412+05:00,3.617111727
2021-11-04T00:39:24.914+05:00,3.967743475
2021-11-04T00:39:25.416+05:00,14.33039936
2021-11-04T00:39:25.918+05:00,9.313442542
2021-11-04T00:39:26.420+05:00,5.57735542
2021-11-04T00:39:26.922+05:00,4.403654327
2021-11-04T00:39:27.424+05:00,4.285558553
2021-11-04T00:39:27.926+05:00,5.151310495
2021-11-04T00:39:28.428+05:00,4.621566255
2021-11-04T00:39:28.930+05:00,5.261962195
2021-11-04T00:39:29.432+05:00,4.506902184
2021-11-04T00:39:29.933+05:00,5.176893384
2021-11-04T00:39:30.435+05:00,5.345393723
2021-11-04T00:39:30.937+05:00,4.658846744
2021-11-04T00:39:31.439+05:00,4.588930682
2021-11-04T00:39:31.941+05:00,11.30433897
2021-11-04T00:39:32.442+05:00,19.55826995
2021-11-04T00:39:32.943+05:00,7.857434129
2021-11-04T00:39:33.445+05:00,7.619509611
2021-11-04T00:39:33.946+05:00,7.643981132
2021-11-04T00:39:34.448+05:00,7.972754012
2021-11-04T00:39:34.951+05:00,5.853974825
2021-11-04T00:39:35.453+05:00,6.557762628
2021-11-04T00:39:35.955+05:00,8.72676034
2021-11-04T00:39:36.457+05:00,5.831144883
2021-11-04T00:39:36.968+05:00,5.253154349
2021-11-04T00:39:37.470+05:00,4.523475238
2021-11-04T00:39:37.971+05:00,5.394855059
2021-11-04T00:39:38.474+05:00,4.504516652
2021-11-04T00:39:38.975+05:00,9.985720652
2021-11-04T00:39:39.478+05:00,4.339461792
2021-11-04T00:39:39.981+05:00,2.005541403
2021-11-04T00:39:40.484+05:00,1.849085893
2021-11-04T00:39:40.987+05:00,9.782425124
2021-11-04T00:39:41.490+05:00,1.044865481
2021-11-04T00:39:41.991+05:00,3.229491067
2021-11-04T00:39:42.492+05:00,2.115726149
2021-11-04T00:39:42.995+05:00,2.65115671
2021-11-04T00:39:43.498+05:00,2.082575773
2021-11-04T00:39:43.999+05:00,13.62458497
2021-11-04T00:39:44.502+05:00,5.654167365
2021-11-04T00:39:45.004+05:00,3.607163876
2021-11-04T00:39:45.506+05:00,3.952959131
2021-11-04T00:39:46.009+05:00,3.532325366
2021-11-04T00:39:46.512+05:00,3.844918359
2021-11-04T00:39:47.014+05:00,4.039856256
2021-11-04T00:39:47.515+05:00,3.76919945
2021-11-04T00:39:48.016+05:00,9.509547104
2021-11-04T00:39:48.519+05:00,15.78477419
2021-11-04T00:39:49.021+05:00,18.17591168
2021-11-04T00:39:49.523+05:00,10.63909621
2021-11-04T00:39:50.025+05:00,7.916006501
2021-11-04T00:39:50.526+05:00,5.697497777
2021-11-04T00:39:51.028+05:00,8.808075272
2021-11-04T00:39:51.529+05:00,6.531403982
2021-11-04T00:39:52.030+05:00,9.569754671
2021-11-04T00:39:52.532+05:00,8.676700115
2021-11-04T00:39:53.034+05:00,5.469570914
2021-11-04T00:39:53.536+05:00,5.071365049
2021-11-04T00:39:54.038+05:00,5.355456608
2021-11-04T00:39:54.541+05:00,4.630293996
2021-11-04T00:39:55.042+05:00,2.501200858
2021-11-04T00:39:55.543+05:00,3.291660132
2021-11-04T00:39:56.045+05:00,4.026530406
2021-11-04T00:39:56.546+05:00,0.871079752
2021-11-04T00:39:57.049+05:00,0.854545352
2021-11-04T00:39:57.552+05:00,1.237085753
2021-11-04T00:39:58.054+05:00,0.62522363
2021-11-04T00:39:58.556+05:00,2.318717593
2021-11-04T00:39:59.059+05:00,2.496165213
2021-11-04T00:39:59.562+05:00,6.072769887
2021-11-04T00:40:00.063+05:00,2.124891351
2021-11-04T00:40:00.566+05:00,0.707038255
2021-11-04T00:40:01.067+05:00,5.332022612
2021-11-04T00:40:01.570+05:00,4.967953088
2021-11-04T00:40:02.073+05:00,1.366447102
2021-11-04T00:40:02.576+05:00,3.554336985
2021-11-04T00:40:03.079+05:00,2.218371007
2021-11-04T00:40:03.581+05:00,2.343347694
2021-11-04T00:40:04.082+05:00,11.08702001
2021-11-04T00:40:04.583+05:00,5.472519113
2021-11-04T00:40:05.084+05:00,3.255933564
2021-11-04T00:40:05.587+05:00,4.595799925
2021-11-04T00:40:06.089+05:00,4.018151351
2021-11-04T00:40:06.592+05:00,1.788459179
2021-11-04T00:40:07.094+05:00,15.2921094
2021-11-04T00:40:07.595+05:00,18.26074043
2021-11-04T00:40:08.098+05:00,17.84284266
2021-11-04T00:40:08.599+05:00,2.3977142
2021-11-04T00:40:09.101+05:00,5.913709495
2021-11-04T00:40:09.605+05:00,1.627743286
2021-11-04T00:40:10.106+05:00,2.973220131
2021-11-04T00:40:10.609+05:00,1.710207416
2021-11-04T00:40:11.112+05:00,2.204274873
2021-11-04T00:40:11.615+05:00,1.500252531
2021-11-04T00:40:12.118+05:00,0.946586145
2021-11-04T00:40:12.621+05:00,1.011622947
2021-11-04T00:40:13.123+05:00,1.261341836
2021-11-04T00:40:13.626+05:00,1.414936391
2021-11-04T00:40:14.127+05:00,1.662078958
2021-11-04T00:40:14.629+05:00,1.382664378
2021-11-04T00:40:15.132+05:00,2.358252373
2021-11-04T00:40:15.634+05:00,0.607063109
2021-11-04T00:40:16.137+05:00,0.624837394
2021-11-04T00:40:16.639+05:00,2.499531417
2021-11-04T00:40:17.141+05:00,5.783909559
2021-11-04T00:40:17.643+05:00,5.295105584
2021-11-04T00:40:18.149+05:00,0.604146799
2021-11-04T00:40:18.652+05:00,0.385976075
2021-11-04T00:40:19.155+05:00,0.664625852
2021-11-04T00:40:19.657+05:00,1.490922313
2021-11-04T00:40:20.158+05:00,1.289254233
2021-11-04T00:40:20.661+05:00,1.513253505
2021-11-04T00:40:21.164+05:00,0.696672412
2021-11-04T00:40:21.667+05:00,0.610649013
2021-11-04T00:40:22.170+05:00,0.23827166
2021-11-04T00:40:22.673+05:00,0.939335594
2021-11-04T00:40:23.176+05:00,2.685697192
2021-11-04T00:40:23.679+05:00,1.019202689
2021-11-04T00:40:24.182+05:00,0.404003261
2021-11-04T00:40:24.684+05:00,0.416374051
2021-11-04T00:40:25.187+05:00,0.449064511
2021-11-04T00:40:25.690+05:00,0.81986122
2021-11-04T00:40:26.192+05:00,0.491345359
2021-11-04T00:40:27.198+05:00,13.32036431
2021-11-04T00:40:27.701+05:00,1.239862713
2021-11-04T00:40:28.204+05:00,2.265406729
2021-11-04T00:40:28.707+05:00,1.139985311
2021-11-04T00:40:29.210+05:00,1.535824587
2021-11-04T00:40:29.713+05:00,1.302599058
2021-11-04T00:40:30.215+05:00,14.83047856
2021-11-04T00:40:30.718+05:00,11.68508171
2021-11-04T00:40:31.221+05:00,1.464911568
2021-11-04T00:40:31.724+05:00,6.745359229
2021-11-04T00:40:32.227+05:00,0.797653289
2021-11-04T00:40:32.731+05:00,1.461706901
2021-11-04T00:40:33.232+05:00,2.642892383
2021-11-04T00:40:33.733+05:00,2.932444692
2021-11-04T00:40:34.236+05:00,3.978915375
2021-11-04T00:40:34.739+05:00,1.108601795
2021-11-04T00:40:35.241+05:00,0.661904111
2021-11-04T00:40:35.744+05:00,1.724761007
2021-11-04T00:40:36.247+05:00,4.282891339
2021-11-04T00:40:36.749+05:00,6.354610187
2021-11-04T00:40:37.252+05:00,3.251198236
2021-11-04T00:40:37.755+05:00,2.952474247
2021-11-04T00:40:38.259+05:00,1.227467282
2021-11-04T00:40:38.762+05:00,0.369622433
2021-11-04T00:40:39.273+05:00,0.268144755
2021-11-04T00:40:39.776+05:00,1.086467188
2021-11-04T00:40:40.279+05:00,0.950001251
2021-11-04T00:40:40.782+05:00,0.766551727
2021-11-04T00:40:41.285+05:00,0.358486837
2021-11-04T00:40:41.788+05:00,1.022082866
2021-11-04T00:40:42.291+05:00,0.048572032
2021-11-04T00:40:42.794+05:00,0.749921445
2021-11-04T00:40:43.297+05:00,1.396826515
2021-11-04T00:40:43.800+05:00,0.221418436
2021-11-04T00:40:44.302+05:00,0.341935578
2021-11-04T00:40:44.805+05:00,0.232993656
2021-11-04T00:40:45.308+05:00,0.30708704
2021-11-04T00:40:45.811+05:00,2.571012019
2021-11-04T00:40:46.314+05:00,0.316705302
2021-11-04T00:40:46.816+05:00,0.637297364
2021-11-04T00:40:47.319+05:00,0.443186066
2021-11-04T00:40:47.821+05:00,0.232421487
2021-11-04T00:40:48.324+05:00,3.552625169
2021-11-04T00:40:48.826+05:00,0.293688621
2021-11-04T00:40:49.329+05:00,0.68606812
2021-11-04T00:40:49.831+05:00,0.064529328
2021-11-04T00:40:50.334+05:00,11.07615489
2021-11-04T00:40:50.836+05:00,1.145111013
2021-11-04T00:40:51.338+05:00,2.977688197
2021-11-04T00:40:51.840+05:00,1.072170001
2021-11-04T00:40:52.342+05:00,1.46147817
2021-11-04T00:40:52.845+05:00,3.302298377
2021-11-04T00:40:53.346+05:00,16.48832683
2021-11-04T00:40:53.847+05:00,6.084849839
2021-11-04T00:40:54.349+05:00,4.972923683
2021-11-04T00:40:54.851+05:00,3.772379136
2021-11-04T00:40:55.353+05:00,3.618544807
2021-11-04T00:40:55.855+05:00,3.753736962
2021-11-04T00:40:56.357+05:00,12.57117383
2021-11-04T00:40:56.859+05:00,14.03812176
2021-11-04T00:40:57.361+05:00,5.241456996
2021-11-04T00:40:57.864+05:00,4.444300587
2021-11-04T00:40:58.366+05:00,4.634244147
2021-11-04T00:40:58.868+05:00,5.941339937
2021-11-04T00:40:59.369+05:00,7.45790151
2021-11-04T00:40:59.871+05:00,23.43871614
2021-11-04T00:41:00.372+05:00,23.36149662
2021-11-04T00:41:00.873+05:00,21.50986227
2021-11-04T00:41:01.375+05:00,32.52102917
2021-11-04T00:41:01.876+05:00,27.6235085
2021-11-04T00:41:02.378+05:00,12.76131462
2021-11-04T00:41:02.879+05:00,8.658094199
2021-11-04T00:41:03.380+05:00,9.654247897
2021-11-04T00:41:03.882+05:00,8.615568906
2021-11-04T00:41:04.383+05:00,10.27183392
2021-11-04T00:41:04.885+05:00,12.24679287
2021-11-04T00:41:05.386+05:00,15.21116984
2021-11-04T00:41:05.888+05:00,17.64709086
2021-11-04T00:41:06.389+05:00,18.51731224
2021-11-04T00:41:06.890+05:00,13.31494849
2021-11-04T00:41:07.392+05:00,10.49598303
2021-11-04T00:41:07.894+05:00,8.806253828
2021-11-04T00:41:08.396+05:00,9.528472127
2021-11-04T00:41:08.897+05:00,6.096207728
2021-11-04T00:41:09.399+05:00,8.289385865
2021-11-04T00:41:09.900+05:00,9.395547879
2021-11-04T00:41:10.401+05:00,11.1200501
2021-11-04T00:41:10.904+05:00,12.79368046
2021-11-04T00:41:11.406+05:00,19.09342392
2021-11-04T00:41:11.907+05:00,20.92642121
2021-11-04T00:41:12.409+05:00,13.74455807
2021-11-04T00:41:12.911+05:00,10.73376731
2021-11-04T00:41:13.414+05:00,11.63709801
2021-11-04T00:41:13.917+05:00,5.05826092
2021-11-04T00:41:14.419+05:00,2.864285233
2021-11-04T00:41:14.922+05:00,1.736357307
2021-11-04T00:41:15.426+05:00,1.405530533
2021-11-04T00:41:15.929+05:00,1.420838552
2021-11-04T00:41:16.430+05:00,15.39498391
2021-11-04T00:41:16.931+05:00,6.533340871
2021-11-04T00:41:17.432+05:00,19.42128135
2021-11-04T00:41:17.934+05:00,5.998507851
2021-11-04T00:41:18.435+05:00,23.1026792
2021-11-04T00:41:18.938+05:00,12.51158655
2021-11-04T00:41:19.441+05:00,7.505390526
2021-11-04T00:41:19.942+05:00,19.72017943
2021-11-04T00:41:20.455+05:00,14.25512229
2021-11-04T00:41:20.956+05:00,20.17340791
2021-11-04T00:41:21.457+05:00,24.87772503
2021-11-04T00:41:21.959+05:00,13.05711827
2021-11-04T00:41:22.459+05:00,7.449913489
2021-11-04T00:41:22.962+05:00,9.362018814
2021-11-04T00:41:23.464+05:00,5.895881168
2021-11-04T00:41:23.967+05:00,3.673786158
2021-11-04T00:41:24.469+05:00,10.06922838
2021-11-04T00:41:24.972+05:00,4.09990923
2021-11-04T00:41:25.474+05:00,6.423465365
2021-11-04T00:41:25.977+05:00,5.73320986
2021-11-04T00:41:26.480+05:00,5.379301214
2021-11-04T00:41:26.982+05:00,3.719496262
2021-11-04T00:41:27.484+05:00,6.806102521
2021-11-04T00:41:27.985+05:00,6.005020586
2021-11-04T00:41:28.487+05:00,7.115504932
2021-11-04T00:41:28.989+05:00,6.180137813
2021-11-04T00:41:29.492+05:00,3.725234698
2021-11-04T00:41:29.995+05:00,3.608803813
2021-11-04T00:41:30.497+05:00,3.6585768
2021-11-04T00:41:31.000+05:00,3.579658968
2021-11-04T00:41:31.502+05:00,4.802207852
2021-11-04T00:41:32.004+05:00,3.756786064
2021-11-04T00:41:32.507+05:00,3.725465657
2021-11-04T00:41:33.009+05:00,2.923522303
2021-11-04T00:41:33.511+05:00,7.277891846
2021-11-04T00:41:34.012+05:00,12.32752268
2021-11-04T00:41:34.513+05:00,6.816333526
2021-11-04T00:41:35.014+05:00,4.454966559
2021-11-04T00:41:35.517+05:00,3.62556789
2021-11-04T00:41:36.019+05:00,5.083677172
2021-11-04T00:41:36.522+05:00,10.90973334
2021-11-04T00:41:37.024+05:00,2.965328515
2021-11-04T00:41:37.525+05:00,3.598017824
2021-11-04T00:41:38.028+05:00,1.180840799
2021-11-04T00:41:38.531+05:00,1.033657909
2021-11-04T00:41:39.034+05:00,1.270894742
2021-11-04T00:41:39.536+05:00,15.23121633
2021-11-04T00:41:40.037+05:00,5.03481798
2021-11-04T00:41:40.539+05:00,4.647714542
2021-11-04T00:41:41.041+05:00,3.831336528
2021-11-04T00:41:41.552+05:00,3.20336594
2021-11-04T00:41:42.054+05:00,13.42530862
2021-11-04T00:41:42.555+05:00,21.1118435
2021-11-04T00:41:43.057+05:00,6.626125398
2021-11-04T00:41:43.559+05:00,13.99252101
2021-11-04T00:41:44.060+05:00,12.05874067
2021-11-04T00:41:44.561+05:00,17.78502621
2021-11-04T00:41:45.063+05:00,5.522675477
2021-11-04T00:41:45.565+05:00,9.715492433
2021-11-04T00:41:46.068+05:00,7.16656969
2021-11-04T00:41:46.569+05:00,17.17263099
2021-11-04T00:41:47.072+05:00,10.75161354
2021-11-04T00:41:47.573+05:00,4.341130541
2021-11-04T00:41:48.076+05:00,3.61527716
2021-11-04T00:41:48.579+05:00,1.286088359
2021-11-04T00:41:49.082+05:00,1.641375555
2021-11-04T00:41:49.584+05:00,6.872370448
2021-11-04T00:41:50.086+05:00,10.28444147
2021-11-04T00:41:50.588+05:00,1.385129901
2021-11-04T00:41:51.091+05:00,1.556553986
2021-11-04T00:41:51.592+05:00,4.762504128
2021-11-04T00:41:52.094+05:00,4.104652793
2021-11-04T00:41:52.596+05:00,6.732585514
2021-11-04T00:41:53.099+05:00,5.759794347
2021-11-04T00:41:53.601+05:00,6.815562406
2021-11-04T00:41:54.103+05:00,10.17993352
2021-11-04T00:41:54.606+05:00,0.579357119
2021-11-04T00:41:55.109+05:00,1.549711092
2021-11-04T00:41:55.610+05:00,1.72246715
2021-11-04T00:41:56.112+05:00,1.543379264
2021-11-04T00:41:56.615+05:00,0.855420607
2021-11-04T00:41:57.117+05:00,0.542630806
2021-11-04T00:41:57.619+05:00,6.690289215
2021-11-04T00:41:58.121+05:00,13.8088123
2021-11-04T00:41:58.624+05:00,0.680988901
2021-11-04T00:41:59.126+05:00,3.473463617
2021-11-04T00:41:59.628+05:00,9.596308848
2021-11-04T00:42:00.130+05:00,2.714788628
2021-11-04T00:42:00.632+05:00,2.281154223
2021-11-04T00:42:01.135+05:00,6.693844385
2021-11-04T00:42:01.637+05:00,1.72619064
2021-11-04T00:42:02.139+05:00,2.619284548
2021-11-04T00:42:02.641+05:00,14.71176312
2021-11-04T00:42:03.143+05:00,3.764417998
2021-11-04T00:42:03.644+05:00,4.243739106
2021-11-04T00:42:04.146+05:00,3.80614688
2021-11-04T00:42:04.648+05:00,18.00064904
2021-11-04T00:42:05.150+05:00,5.786402317
2021-11-04T00:42:05.652+05:00,5.628777951
2021-11-04T00:42:06.155+05:00,11.01475211
2021-11-04T00:42:06.657+05:00,5.638462918
2021-11-04T00:42:07.159+05:00,7.048383889
2021-11-04T00:42:07.662+05:00,15.39354086
2021-11-04T00:42:08.164+05:00,6.524951223
2021-11-04T00:42:08.665+05:00,7.157022117
2021-11-04T00:42:09.166+05:00,18.6538604
2021-11-04T00:42:09.668+05:00,14.03065601
2021-11-04T00:42:10.170+05:00,21.650701
2021-11-04T00:42:10.671+05:00,9.911168368
2021-11-04T00:42:11.173+05:00,8.31346968
2021-11-04T00:42:11.675+05:00,7.001168747
2021-11-04T00:42:12.177+05:00,8.704834986
2021-11-04T00:42:12.679+05:00,8.07620473
2021-11-04T00:42:13.181+05:00,7.960111187
2021-11-04T00:42:13.683+05:00,7.487580945
2021-11-04T00:42:14.185+05:00,15.12369772
2021-11-04T00:42:14.687+05:00,5.540480148
2021-11-04T00:42:15.190+05:00,4.240903392
2021-11-04T00:42:15.691+05:00,4.918327983
2021-11-04T00:42:16.193+05:00,4.44852001
2021-11-04T00:42:16.695+05:00,4.351123852
2021-11-04T00:42:17.196+05:00,3.469372259
2021-11-04T00:42:17.698+05:00,3.483060288
2021-11-04T00:42:18.201+05:00,4.295710746
2021-11-04T00:42:18.703+05:00,5.009962666
2021-11-04T00:42:19.205+05:00,3.813021642
2021-11-04T00:42:19.708+05:00,3.819733646
2021-11-04T00:42:20.210+05:00,3.717537896
2021-11-04T00:42:20.711+05:00,6.758784654
2021-11-04T00:42:21.214+05:00,6.098355431
2021-11-04T00:42:21.717+05:00,3.713387744
2021-11-04T00:42:22.219+05:00,7.142679316
2021-11-04T00:42:22.720+05:00,8.958131197
2021-11-04T00:42:23.231+05:00,2.858767344
2021-11-04T00:42:23.734+05:00,2.406439318
2021-11-04T00:42:24.237+05:00,1.901794067
2021-11-04T00:42:24.738+05:00,1.217809401
2021-11-04T00:42:25.239+05:00,2.804405557
2021-11-04T00:42:25.741+05:00,15.55785254
2021-11-04T00:42:26.243+05:00,4.338834274
2021-11-04T00:42:26.745+05:00,4.263256373
2021-11-04T00:42:27.247+05:00,4.137725302
2021-11-04T00:42:27.749+05:00,4.020897784
2021-11-04T00:42:28.250+05:00,8.355278948
2021-11-04T00:42:28.751+05:00,19.90622184
2021-11-04T00:42:29.253+05:00,7.16509841
2021-11-04T00:42:29.755+05:00,21.21730025
2021-11-04T00:42:30.256+05:00,16.80719269
2021-11-04T00:42:30.757+05:00,26.7406927
2021-11-04T00:42:31.258+05:00,29.79318898
2021-11-04T00:42:31.760+05:00,12.09028071
2021-11-04T00:42:32.261+05:00,11.00006593
2021-11-04T00:42:32.762+05:00,6.67653887
2021-11-04T00:42:33.263+05:00,6.172422044
2021-11-04T00:42:33.766+05:00,11.51749362
2021-11-04T00:42:34.268+05:00,5.257519309
2021-11-04T00:42:34.769+05:00,14.56556233
2021-11-04T00:42:35.270+05:00,19.63698541
2021-11-04T00:42:35.771+05:00,13.09532107
2021-11-04T00:42:36.273+05:00,33.73681585
2021-11-04T00:42:36.774+05:00,18.38579886
2021-11-04T00:42:37.276+05:00,15.26115986
2021-11-04T00:42:37.777+05:00,5.601299736
2021-11-04T00:42:38.279+05:00,7.185632425
2021-11-04T00:42:38.780+05:00,15.286253
2021-11-04T00:42:39.282+05:00,19.00670219
2021-11-04T00:42:39.784+05:00,21.96707151
2021-11-04T00:42:40.285+05:00,13.06191799
2021-11-04T00:42:40.786+05:00,10.89393713
2021-11-04T00:42:41.287+05:00,9.7032631
2021-11-04T00:42:41.788+05:00,13.83435368
2021-11-04T00:42:42.290+05:00,23.82954837
2021-11-04T00:42:42.792+05:00,25.04738215
2021-11-04T00:42:43.293+05:00,38.46514888
2021-11-04T00:42:43.795+05:00,33.46453144
2021-11-04T00:42:44.301+05:00,16.70235059
2021-11-04T00:42:44.802+05:00,19.13615486
2021-11-04T00:42:45.304+05:00,25.51598351
2021-11-04T00:42:45.805+05:00,23.16077179
2021-11-04T00:42:46.307+05:00,15.57835571
2021-11-04T00:42:46.808+05:00,25.51361086
2021-11-04T00:42:47.309+05:00,12.22805021
2021-11-04T00:42:47.810+05:00,5.92197595
2021-11-04T00:42:48.311+05:00,3.162507513
2021-11-04T00:42:48.812+05:00,3.357932276
2021-11-04T00:42:49.313+05:00,2.847613009
2021-11-04T00:42:49.814+05:00,4.210235954
2021-11-04T00:42:50.315+05:00,5.341117491
2021-11-04T00:42:50.817+05:00,4.018334484
2021-11-04T00:42:51.318+05:00,9.226584874
2021-11-04T00:42:51.819+05:00,9.509530583
2021-11-04T00:42:52.320+05:00,3.495917595
2021-11-04T00:42:52.821+05:00,7.770199776
2021-11-04T00:42:53.322+05:00,4.888004616
2021-11-04T00:42:53.823+05:00,9.64638114
2021-11-04T00:42:54.324+05:00,10.31550525
2021-11-04T00:42:54.825+05:00,18.07390345
2021-11-04T00:42:55.326+05:00,6.331338713
2021-11-04T00:42:55.827+05:00,5.980988118
2021-11-04T00:42:56.328+05:00,17.35925926
2021-11-04T00:42:56.830+05:00,11.56255881
2021-11-04T00:42:57.331+05:00,14.61133919
2021-11-04T00:42:57.832+05:00,8.046298506
2021-11-04T00:42:58.334+05:00,5.245140027
2021-11-04T00:42:58.836+05:00,20.17302231
2021-11-04T00:42:59.338+05:00,5.088472452
2021-11-04T00:42:59.840+05:00,8.782496267
2021-11-04T00:43:00.343+05:00,4.025979782
2021-11-04T00:43:00.845+05:00,3.650984151
2021-11-04T00:43:01.347+05:00,7.3009115
2021-11-04T00:43:01.849+05:00,1.134501607
2021-11-04T00:43:02.352+05:00,1.080789688
2021-11-04T00:43:02.855+05:00,2.380756126
2021-11-04T00:43:03.358+05:00,1.158348381
2021-11-04T00:43:03.860+05:00,3.168248828
2021-11-04T00:43:04.363+05:00,1.98555806
2021-11-04T00:43:04.866+05:00,0.455043864
2021-11-04T00:43:05.369+05:00,3.739520009
2021-11-04T00:43:05.872+05:00,1.735476351
2021-11-04T00:43:06.375+05:00,4.122731344
2021-11-04T00:43:06.878+05:00,0.798430697
2021-11-04T00:43:07.381+05:00,0.847926029
2021-11-04T00:43:07.883+05:00,0.892293927
2021-11-04T00:43:08.385+05:00,3.294950138
2021-11-04T00:43:08.888+05:00,0.727489482
2021-11-04T00:43:09.391+05:00,1.240124186
2021-11-04T00:43:09.894+05:00,1.52257492
2021-11-04T00:43:10.395+05:00,3.273164536
2021-11-04T00:43:10.897+05:00,13.15577685
2021-11-04T00:43:11.400+05:00,2.569717472
2021-11-04T00:43:11.903+05:00,2.250572048
2021-11-04T00:43:12.406+05:00,1.347838465
2021-11-04T00:43:12.908+05:00,2.305471009
2021-11-04T00:43:13.411+05:00,2.554302718
2021-11-04T00:43:13.912+05:00,15.95992274
2021-11-04T00:43:14.414+05:00,4.269784482
2021-11-04T00:43:14.915+05:00,4.47469866
2021-11-04T00:43:15.416+05:00,17.18207745
2021-11-04T00:43:15.918+05:00,7.980274989
2021-11-04T00:43:16.420+05:00,5.47803564
2021-11-04T00:43:16.923+05:00,16.04617539
2021-11-04T00:43:17.424+05:00,9.4872263
2021-11-04T00:43:17.925+05:00,10.24421365
2021-11-04T00:43:18.427+05:00,17.09826626
2021-11-04T00:43:18.928+05:00,16.83041729
2021-11-04T00:43:19.430+05:00,7.218039703
2021-11-04T00:43:19.932+05:00,4.954153142
2021-11-04T00:43:20.434+05:00,5.381452164
2021-11-04T00:43:20.935+05:00,6.366287119
2021-11-04T00:43:21.436+05:00,7.142843653
2021-11-04T00:43:21.938+05:00,7.079908733
2021-11-04T00:43:22.439+05:00,10.92333304
2021-11-04T00:43:22.941+05:00,5.185329619
2021-11-04T00:43:23.444+05:00,17.81780178
2021-11-04T00:43:23.946+05:00,7.584697796
2021-11-04T00:43:24.448+05:00,4.860569868
2021-11-04T00:43:24.951+05:00,6.29012822
2021-11-04T00:43:25.462+05:00,6.818423054
2021-11-04T00:43:25.965+05:00,3.589750832
2021-11-04T00:43:26.466+05:00,4.10544732
2021-11-04T00:43:26.968+05:00,4.941593467
2021-11-04T00:43:27.470+05:00,5.55840604
2021-11-04T00:43:27.973+05:00,1.679262485
2021-11-04T00:43:28.474+05:00,3.757540121
2021-11-04T00:43:28.977+05:00,4.970410107
2021-11-04T00:43:29.478+05:00,5.899722435
2021-11-04T00:43:29.981+05:00,1.79806692
2021-11-04T00:43:30.483+05:00,2.581746884
2021-11-04T00:43:30.986+05:00,1.34499626
2021-11-04T00:43:31.488+05:00,6.620961845
2021-11-04T00:43:31.990+05:00,5.324670131
2021-11-04T00:43:32.493+05:00,7.673344594
2021-11-04T00:43:32.995+05:00,3.22308694
2021-11-04T00:43:33.496+05:00,3.640134394
2021-11-04T00:43:33.998+05:00,10.52323909
2021-11-04T00:43:34.501+05:00,3.080575165
2021-11-04T00:43:35.003+05:00,2.572002514
2021-11-04T00:43:35.506+05:00,2.512770474
2021-11-04T00:43:36.009+05:00,1.995257055
2021-11-04T00:43:36.512+05:00,5.867605752
2021-11-04T00:43:37.013+05:00,16.38759205
2021-11-04T00:43:37.514+05:00,6.144351393
2021-11-04T00:43:38.015+05:00,22.79959805
2021-11-04T00:43:38.516+05:00,22.57522483
2021-11-04T00:43:39.017+05:00,8.055214096
2021-11-04T00:43:39.520+05:00,5.862756549
2021-11-04T00:43:40.021+05:00,3.138382925
2021-11-04T00:43:40.522+05:00,2.19264093
2021-11-04T00:43:41.024+05:00,0.711418071
2021-11-04T00:43:41.526+05:00,1.781854834
2021-11-04T00:43:42.028+05:00,3.669596578
2021-11-04T00:43:42.531+05:00,1.793915198
2021-11-04T00:43:43.034+05:00,1.821083338
2021-11-04T00:43:43.536+05:00,2.129787222
2021-11-04T00:43:44.038+05:00,5.414663138
2021-11-04T00:43:44.541+05:00,2.394494895
2021-11-04T00:43:45.044+05:00,1.37749322
2021-11-04T00:43:45.548+05:00,1.281629456
2021-11-04T00:43:46.051+05:00,1.769612322
2021-11-04T00:43:46.565+05:00,0.856606537
2021-11-04T00:43:47.067+05:00,1.613168903
2021-11-04T00:43:47.570+05:00,1.972988733
2021-11-04T00:43:48.071+05:00,2.423620582
2021-11-04T00:43:48.574+05:00,2.721409914
2021-11-04T00:43:49.077+05:00,1.793696341
2021-11-04T00:43:49.580+05:00,1.707765202
2021-11-04T00:43:50.081+05:00,1.62163559
2021-11-04T00:43:50.584+05:00,1.158388903
2021-11-04T00:43:51.086+05:00,1.511392989
2021-11-04T00:43:51.589+05:00,1.686627829
2021-11-04T00:43:52.091+05:00,1.551846772
2021-11-04T00:43:52.592+05:00,4.246382119
2021-11-04T00:43:53.093+05:00,2.657835797
2021-11-04T00:43:53.594+05:00,2.878367601
2021-11-04T00:43:54.095+05:00,4.87038757
2021-11-04T00:43:54.598+05:00,1.524967051
2021-11-04T00:43:55.101+05:00,4.932985014
2021-11-04T00:43:55.605+05:00,2.107367055
2021-11-04T00:43:56.107+05:00,1.493334676
2021-11-04T00:43:56.610+05:00,0.39886399
2021-11-04T00:43:57.112+05:00,11.78335351
2021-11-04T00:43:57.614+05:00,1.192687698
2021-11-04T00:43:58.116+05:00,3.731435827
2021-11-04T00:43:58.619+05:00,2.561855978
2021-11-04T00:43:59.122+05:00,1.547249157
2021-11-04T00:43:59.625+05:00,1.297497703
2021-11-04T00:44:00.127+05:00,15.74896015
2021-11-04T00:44:00.629+05:00,4.82446862
2021-11-04T00:44:01.131+05:00,7.592522248
2021-11-04T00:44:01.633+05:00,3.573387434
2021-11-04T00:44:02.135+05:00,17.69672593
2021-11-04T00:44:02.636+05:00,23.04157785
2021-11-04T00:44:03.138+05:00,14.44927814
2021-11-04T00:44:03.640+05:00,18.24524917
2021-11-04T00:44:04.141+05:00,18.65381543
2021-11-04T00:44:04.641+05:00,13.72784473
2021-11-04T00:44:05.145+05:00,23.29099712
2021-11-04T00:44:05.647+05:00,39.36331541
2021-11-04T00:44:06.148+05:00,39.54975456
2021-11-04T00:44:06.649+05:00,20.7877374
2021-11-04T00:44:07.150+05:00,14.95785487
2021-11-04T00:44:07.652+05:00,22.6989877
2021-11-04T00:44:08.154+05:00,5.776528809
2021-11-04T00:44:08.656+05:00,6.12052565
2021-11-04T00:44:09.158+05:00,4.177527571
2021-11-04T00:44:09.660+05:00,6.735291499
2021-11-04T00:44:10.161+05:00,4.263809719
2021-11-04T00:44:10.664+05:00,2.154277644
2021-11-04T00:44:11.167+05:00,2.201106506
2021-11-04T00:44:11.670+05:00,2.040121389
2021-11-04T00:44:12.173+05:00,2.86999419
2021-11-04T00:44:12.677+05:00,6.900518155
2021-11-04T00:44:13.180+05:00,3.212534631
2021-11-04T00:44:13.683+05:00,4.71109697
2021-11-04T00:44:14.186+05:00,6.453809978
2021-11-04T00:44:14.689+05:00,7.015710014
2021-11-04T00:44:15.191+05:00,7.25073612
2021-11-04T00:44:15.694+05:00,4.918381623
2021-11-04T00:44:16.196+05:00,5.186139846
2021-11-04T00:44:16.699+05:00,3.595727185
2021-11-04T00:44:17.202+05:00,2.379849077
2021-11-04T00:44:17.705+05:00,4.133118891
2021-11-04T00:44:18.209+05:00,4.847010079
2021-11-04T00:44:18.712+05:00,4.206721794
2021-11-04T00:44:19.215+05:00,2.520707789
2021-11-04T00:44:19.717+05:00,2.056007032
2021-11-04T00:44:20.219+05:00,14.14509989
2021-11-04T00:44:20.722+05:00,4.656608209
2021-11-04T00:44:21.225+05:00,2.449017064
2021-11-04T00:44:21.727+05:00,1.249731228
2021-11-04T00:44:22.230+05:00,1.616695843
2021-11-04T00:44:22.733+05:00,0.873731964
2021-11-04T00:44:23.236+05:00,15.29343846
2021-11-04T00:44:23.738+05:00,3.998084334
2021-11-04T00:44:24.239+05:00,4.558051384
2021-11-04T00:44:24.740+05:00,19.19347288
2021-11-04T00:44:25.243+05:00,9.152105049
2021-11-04T00:44:25.744+05:00,12.68493324
2021-11-04T00:44:26.246+05:00,14.13426645
2021-11-04T00:44:26.747+05:00,11.15062593
2021-11-04T00:44:27.249+05:00,11.0132137
2021-11-04T00:44:27.761+05:00,11.09672641
2021-11-04T00:44:28.262+05:00,13.49892447
2021-11-04T00:44:28.763+05:00,4.762474615
2021-11-04T00:44:29.266+05:00,3.120745432
2021-11-04T00:44:29.768+05:00,3.628320517
2021-11-04T00:44:30.271+05:00,4.5223271
2021-11-04T00:44:30.773+05:00,5.36863473
2021-11-04T00:44:31.275+05:00,3.363342543
2021-11-04T00:44:31.778+05:00,2.373642586
2021-11-04T00:44:32.280+05:00,3.766628907
2021-11-04T00:44:32.782+05:00,3.284011526
2021-11-04T00:44:33.284+05:00,2.439545912
2021-11-04T00:44:33.785+05:00,4.439922847
2021-11-04T00:44:34.286+05:00,5.555668892
2021-11-04T00:44:34.787+05:00,4.079817878
2021-11-04T00:44:35.288+05:00,3.63030502
2021-11-04T00:44:35.789+05:00,4.616533561
2021-11-04T00:44:36.292+05:00,4.849220227
2021-11-04T00:44:36.794+05:00,2.264377137
2021-11-04T00:44:37.297+05:00,3.361191448
2021-11-04T00:44:37.799+05:00,3.187165455
2021-11-04T00:44:38.302+05:00,3.527009869
2021-11-04T00:44:38.805+05:00,2.532317754
2021-11-04T00:44:39.308+05:00,2.541078936
2021-11-04T00:44:39.811+05:00,2.66117965
2021-11-04T00:44:40.313+05:00,3.035476606
2021-11-04T00:44:40.816+05:00,6.230028671
2021-11-04T00:44:41.318+05:00,4.079942829
2021-11-04T00:44:41.821+05:00,6.012328485
2021-11-04T00:44:42.324+05:00,3.014208663
2021-11-04T00:44:42.826+05:00,3.191639836
2021-11-04T00:44:43.328+05:00,18.21485015
2021-11-04T00:44:43.831+05:00,1.381518612
2021-11-04T00:44:44.334+05:00,2.175335483
2021-11-04T00:44:44.836+05:00,0.919669276
2021-11-04T00:44:45.338+05:00,1.505290926
2021-11-04T00:44:45.841+05:00,1.649312812
2021-11-04T00:44:46.342+05:00,15.88520425
2021-11-04T00:44:46.843+05:00,6.32877986
2021-11-04T00:44:47.344+05:00,6.742827421
2021-11-04T00:44:47.846+05:00,4.274638759
2021-11-04T00:44:48.349+05:00,4.411148636
2021-11-04T00:44:48.857+05:00,12.32555108
2021-11-04T00:44:49.359+05:00,13.0530887
2021-11-04T00:44:49.860+05:00,15.46991422
2021-11-04T00:44:50.362+05:00,14.5263088
2021-11-04T00:44:50.864+05:00,10.36859452
2021-11-04T00:44:51.366+05:00,19.21066766
2021-11-04T00:44:51.867+05:00,33.49525115
2021-11-04T00:44:52.368+05:00,23.80841946
2021-11-04T00:44:52.870+05:00,20.76958081
2021-11-04T00:44:53.371+05:00,9.271381782
2021-11-04T00:44:53.873+05:00,14.90272027
2021-11-04T00:44:54.374+05:00,23.44966522
2021-11-04T00:44:54.876+05:00,20.19210251
2021-11-04T00:44:55.378+05:00,9.243899746
2021-11-04T00:44:55.880+05:00,25.08474944
2021-11-04T00:44:56.381+05:00,11.77033542
2021-11-04T00:44:56.882+05:00,11.36558989
2021-11-04T00:44:57.383+05:00,11.2861229
2021-11-04T00:44:57.885+05:00,9.956268957
2021-11-04T00:44:58.388+05:00,7.523804845
2021-11-04T00:44:58.890+05:00,8.758970838
2021-11-04T00:44:59.392+05:00,8.204231712
2021-11-04T00:44:59.894+05:00,9.205220418
2021-11-04T00:45:00.397+05:00,8.723106552
2021-11-04T00:45:00.898+05:00,9.318301886
2021-11-04T00:45:01.400+05:00,9.9263652
2021-11-04T00:45:01.901+05:00,8.035262479
2021-11-04T00:45:02.404+05:00,9.485403709
2021-11-04T00:45:02.906+05:00,9.226071859
2021-11-04T00:45:03.407+05:00,8.620707181
2021-11-04T00:45:03.909+05:00,7.337091129
2021-11-04T00:45:04.410+05:00,8.048721415
2021-11-04T00:45:04.913+05:00,7.570016771
2021-11-04T00:45:05.415+05:00,7.986682553
2021-11-04T00:45:05.916+05:00,8.346603085
2021-11-04T00:45:06.418+05:00,13.78075211
2021-11-04T00:45:06.919+05:00,3.968526285
2021-11-04T00:45:07.422+05:00,3.0452452
2021-11-04T00:45:07.925+05:00,1.2448819
2021-11-04T00:45:08.427+05:00,1.918560139
2021-11-04T00:45:08.929+05:00,2.332345126
2021-11-04T00:45:09.431+05:00,15.65509902
2021-11-04T00:45:09.932+05:00,3.243425364
2021-11-04T00:45:10.433+05:00,7.984061027
2021-11-04T00:45:10.935+05:00,15.79075055
2021-11-04T00:45:11.437+05:00,16.85774224
2021-11-04T00:45:11.938+05:00,25.17127155
2021-11-04T00:45:12.439+05:00,5.528672573
2021-11-04T00:45:12.942+05:00,14.11818884
2021-11-04T00:45:13.444+05:00,11.28490612
2021-11-04T00:45:13.946+05:00,6.511493182
2021-11-04T00:45:14.447+05:00,3.791550218
2021-11-04T00:45:14.950+05:00,1.455109579
2021-11-04T00:45:15.453+05:00,1.109376851
2021-11-04T00:45:15.954+05:00,3.361385667
2021-11-04T00:45:16.456+05:00,3.823483392
2021-11-04T00:45:16.958+05:00,1.386520803
2021-11-04T00:45:17.460+05:00,1.900011985
2021-11-04T00:45:17.962+05:00,1.060155387
2021-11-04T00:45:18.464+05:00,1.067827674
2021-11-04T00:45:18.967+05:00,2.624197786
2021-11-04T00:45:19.470+05:00,2.560544657
2021-11-04T00:45:19.973+05:00,0.705937741
2021-11-04T00:45:20.477+05:00,1.940706259
2021-11-04T00:45:20.980+05:00,0.717701492
2021-11-04T00:45:21.482+05:00,1.298391402
2021-11-04T00:45:21.984+05:00,0.602753607
2021-11-04T00:45:22.487+05:00,0.296025779
2021-11-04T00:45:22.989+05:00,0.666955223
2021-11-04T00:45:23.492+05:00,1.025275305
2021-11-04T00:45:23.994+05:00,1.504780061
2021-11-04T00:45:24.497+05:00,0.60173644
2021-11-04T00:45:24.999+05:00,0.41315602
2021-11-04T00:45:25.501+05:00,0.824486892
2021-11-04T00:45:26.003+05:00,0.311679729
2021-11-04T00:45:26.506+05:00,0.34322533
2021-11-04T00:45:27.009+05:00,6.264059559
2021-11-04T00:45:27.512+05:00,4.518031389
2021-11-04T00:45:28.014+05:00,2.586648297
2021-11-04T00:45:28.515+05:00,0.758261857
2021-11-04T00:45:29.016+05:00,9.331385506
2021-11-04T00:45:29.519+05:00,9.627838205
2021-11-04T00:45:30.025+05:00,1.364563053
2021-11-04T00:45:30.528+05:00,3.930593576
2021-11-04T00:45:31.031+05:00,1.271996921
2021-11-04T00:45:31.534+05:00,1.862966848
2021-11-04T00:45:32.036+05:00,4.325726576
2021-11-04T00:45:32.538+05:00,15.27820373
2021-11-04T00:45:33.039+05:00,13.79029803
2021-11-04T00:45:33.540+05:00,14.83195338
2021-11-04T00:45:34.041+05:00,20.95594756
2021-11-04T00:45:34.544+05:00,14.47280299
2021-11-04T00:45:35.046+05:00,11.10945998
2021-11-04T00:45:35.547+05:00,14.72116769
2021-11-04T00:45:36.048+05:00,17.72554105
2021-11-04T00:45:36.549+05:00,18.90744573
2021-11-04T00:45:37.051+05:00,21.1251495
2021-11-04T00:45:37.552+05:00,14.65728469
2021-11-04T00:45:38.054+05:00,11.89648904
2021-11-04T00:45:38.556+05:00,12.75820418
2021-11-04T00:45:39.057+05:00,14.29462571
2021-11-04T00:45:39.559+05:00,30.5891818
2021-11-04T00:45:40.060+05:00,15.6153858
2021-11-04T00:45:40.562+05:00,5.478509664
2021-11-04T00:45:41.065+05:00,8.869584177
2021-11-04T00:45:41.568+05:00,2.09600157
2021-11-04T00:45:42.071+05:00,3.098426758
2021-11-04T00:45:42.573+05:00,4.142590591
2021-11-04T00:45:43.074+05:00,5.991903144
2021-11-04T00:45:43.577+05:00,4.565757125
2021-11-04T00:45:44.079+05:00,4.48159034
2021-11-04T00:45:44.582+05:00,3.586765861
2021-11-04T00:45:45.084+05:00,4.220386854
2021-11-04T00:45:45.588+05:00,3.073264866
2021-11-04T00:45:46.090+05:00,4.130883433
2021-11-04T00:45:46.593+05:00,3.316389348
2021-11-04T00:45:47.096+05:00,4.034646182
2021-11-04T00:45:47.598+05:00,6.911882458
2021-11-04T00:45:48.099+05:00,2.646685918
2021-11-04T00:45:48.614+05:00,6.005126051
2021-11-04T00:45:49.117+05:00,5.852603478
2021-11-04T00:45:49.619+05:00,2.49299945
2021-11-04T00:45:50.121+05:00,3.796818874
2021-11-04T00:45:50.623+05:00,2.79093843
2021-11-04T00:45:51.126+05:00,2.176139706
2021-11-04T00:45:51.629+05:00,1.688138231
2021-11-04T00:45:52.130+05:00,10.46370714
2021-11-04T00:45:52.633+05:00,6.710982708
2021-11-04T00:45:53.136+05:00,3.191576553
2021-11-04T00:45:53.639+05:00,1.623741076
2021-11-04T00:45:54.142+05:00,0.982570467
2021-11-04T00:45:54.644+05:00,1.990580989
2021-11-04T00:45:55.145+05:00,7.225346664
2021-11-04T00:45:55.647+05:00,13.93288243
2021-11-04T00:45:56.149+05:00,3.781652271
2021-11-04T00:45:56.651+05:00,17.62671402
2021-11-04T00:45:57.152+05:00,17.25660508
2021-11-04T00:45:57.653+05:00,19.59861976
2021-11-04T00:45:58.156+05:00,9.810598291
2021-11-04T00:45:58.657+05:00,10.36497636
2021-11-04T00:45:59.159+05:00,23.554078
2021-11-04T00:45:59.661+05:00,11.68052449
2021-11-04T00:46:00.162+05:00,17.89107652
2021-11-04T00:46:00.663+05:00,16.8956858
2021-11-04T00:46:01.164+05:00,25.27542686
2021-11-04T00:46:01.665+05:00,16.15071239
2021-11-04T00:46:02.166+05:00,16.99061827
2021-11-04T00:46:02.667+05:00,11.24707013
2021-11-04T00:46:03.168+05:00,5.361111134
2021-11-04T00:46:03.669+05:00,20.52337233
2021-11-04T00:46:04.170+05:00,16.8603144
2021-11-04T00:46:04.672+05:00,12.82820959
2021-11-04T00:46:05.174+05:00,20.46043116
2021-11-04T00:46:05.676+05:00,11.21052172
2021-11-04T00:46:06.177+05:00,20.6032713
2021-11-04T00:46:06.680+05:00,8.029744159
2021-11-04T00:46:07.182+05:00,5.664182304
2021-11-04T00:46:07.685+05:00,5.204186799
2021-11-04T00:46:08.186+05:00,3.891918639
2021-11-04T00:46:08.688+05:00,7.866081397
2021-11-04T00:46:09.191+05:00,1.5674083
2021-11-04T00:46:09.704+05:00,1.200205504
2021-11-04T00:46:10.207+05:00,5.695556553
2021-11-04T00:46:10.709+05:00,6.174022661
2021-11-04T00:46:11.211+05:00,4.235284005
2021-11-04T00:46:11.714+05:00,2.840245614
2021-11-04T00:46:12.217+05:00,4.660822959
2021-11-04T00:46:12.718+05:00,5.092229741
2021-11-04T00:46:13.221+05:00,4.374815256
2021-11-04T00:46:13.724+05:00,5.30380858
2021-11-04T00:46:14.226+05:00,5.429085567
2021-11-04T00:46:14.729+05:00,4.704856635
2021-11-04T00:46:15.231+05:00,14.72329978
2021-11-04T00:46:15.734+05:00,6.801274524
2021-11-04T00:46:16.236+05:00,3.819195508
2021-11-04T00:46:16.739+05:00,1.281924579
2021-11-04T00:46:17.243+05:00,1.427219016
2021-11-04T00:46:17.744+05:00,2.411581022
2021-11-04T00:46:18.245+05:00,7.341758879
2021-11-04T00:46:18.747+05:00,14.27012615
2021-11-04T00:46:19.248+05:00,10.91608653
2021-11-04T00:46:19.749+05:00,20.51545282
2021-11-04T00:46:20.250+05:00,20.74366689
2021-11-04T00:46:20.751+05:00,14.1397456
2021-11-04T00:46:21.252+05:00,7.215491545
2021-11-04T00:46:21.753+05:00,5.861120815
2021-11-04T00:46:22.254+05:00,5.116751227
2021-11-04T00:46:22.756+05:00,3.439759434
2021-11-04T00:46:23.258+05:00,3.025499593
2021-11-04T00:46:23.761+05:00,2.140633474
2021-11-04T00:46:24.264+05:00,0.732355482
2021-11-04T00:46:24.766+05:00,1.136394862
2021-11-04T00:46:25.268+05:00,3.555026287
2021-11-04T00:46:25.770+05:00,2.131619731
2021-11-04T00:46:26.273+05:00,1.755794288
2021-11-04T00:46:26.775+05:00,1.180681127
2021-11-04T00:46:27.278+05:00,1.19255502
2021-11-04T00:46:27.780+05:00,0.900611186
2021-11-04T00:46:28.282+05:00,1.72323491
2021-11-04T00:46:28.785+05:00,1.963262295
2021-11-04T00:46:29.288+05:00,0.831514984
2021-11-04T00:46:29.801+05:00,0.34230029
2021-11-04T00:46:30.302+05:00,2.464681476
2021-11-04T00:46:30.805+05:00,1.075404382
2021-11-04T00:46:31.308+05:00,0.479146438
2021-11-04T00:46:31.811+05:00,0.667922894
2021-11-04T00:46:32.314+05:00,0.380797412
2021-11-04T00:46:32.818+05:00,0.525984069
2021-11-04T00:46:33.319+05:00,1.845073184
2021-11-04T00:46:33.820+05:00,2.93975041
2021-11-04T00:46:34.321+05:00,7.675705496
2021-11-04T00:46:34.824+05:00,0.964550932
2021-11-04T00:46:35.326+05:00,1.250257246
2021-11-04T00:46:35.827+05:00,4.877203693
2021-11-04T00:46:36.328+05:00,8.955368881
2021-11-04T00:46:36.829+05:00,6.363725245
2021-11-04T00:46:37.330+05:00,3.129549621
2021-11-04T00:46:37.833+05:00,1.685283574
2021-11-04T00:46:38.335+05:00,14.45699819
2021-11-04T00:46:38.838+05:00,3.972901261
2021-11-04T00:46:39.341+05:00,2.262901958
2021-11-04T00:46:39.844+05:00,3.973116065
2021-11-04T00:46:40.346+05:00,3.121868722
2021-11-04T00:46:40.849+05:00,2.413064346
2021-11-04T00:46:41.351+05:00,8.451653496
2021-11-04T00:46:41.852+05:00,14.79509424
2021-11-04T00:46:42.354+05:00,16.42007778
2021-11-04T00:46:42.856+05:00,5.645931124
2021-11-04T00:46:43.357+05:00,15.69654633
2021-11-04T00:46:43.858+05:00,21.12079312
2021-11-04T00:46:44.359+05:00,25.04191722
2021-11-04T00:46:44.860+05:00,14.32554514
2021-11-04T00:46:45.362+05:00,13.56667744
2021-11-04T00:46:45.864+05:00,22.67783786
2021-11-04T00:46:46.365+05:00,26.13505732
2021-11-04T00:46:46.866+05:00,16.85165219
2021-11-04T00:46:47.367+05:00,11.64122266
2021-11-04T00:46:47.870+05:00,4.026686844
2021-11-04T00:46:48.371+05:00,9.31641634
2021-11-04T00:46:48.873+05:00,9.619246755
2021-11-04T00:46:49.375+05:00,3.561405895
2021-11-04T00:46:49.878+05:00,2.650219032
2021-11-04T00:46:50.381+05:00,3.369199213
2021-11-04T00:46:50.891+05:00,0.268318484
2021-11-04T00:46:51.394+05:00,3.481242185
2021-11-04T00:46:51.895+05:00,2.723545568
2021-11-04T00:46:52.396+05:00,4.177583575
2021-11-04T00:46:52.899+05:00,5.066221703
2021-11-04T00:46:53.401+05:00,1.563883183
2021-11-04T00:46:53.903+05:00,6.257916202
2021-11-04T00:46:54.404+05:00,4.4624532
2021-11-04T00:46:54.906+05:00,4.368719401
2021-11-04T00:46:55.408+05:00,4.524043424
2021-11-04T00:46:55.911+05:00,4.412573573
2021-11-04T00:46:56.413+05:00,1.351367141
2021-11-04T00:46:56.916+05:00,0.611672793
2021-11-04T00:46:57.419+05:00,0.835853841
2021-11-04T00:46:57.921+05:00,0.492992302
2021-11-04T00:46:58.424+05:00,4.72016356
2021-11-04T00:46:58.927+05:00,0.718785976
2021-11-04T00:46:59.429+05:00,4.153382045
2021-11-04T00:46:59.930+05:00,1.662954129
2021-11-04T00:47:00.433+05:00,2.091333545
2021-11-04T00:47:00.934+05:00,5.650279735
2021-11-04T00:47:01.436+05:00,16.72483005
2021-11-04T00:47:01.939+05:00,4.88955874
2021-11-04T00:47:02.442+05:00,2.704243063
2021-11-04T00:47:02.945+05:00,1.632403908
2021-11-04T00:47:03.446+05:00,1.626051983
2021-11-04T00:47:03.949+05:00,3.295640368
2021-11-04T00:47:04.450+05:00,8.551236192
2021-11-04T00:47:04.952+05:00,11.17429601
2021-11-04T00:47:05.453+05:00,5.041277154
2021-11-04T00:47:05.954+05:00,6.785026806
2021-11-04T00:47:06.455+05:00,20.84767056
2021-11-04T00:47:06.956+05:00,20.97713071
2021-11-04T00:47:07.457+05:00,19.95432891
2021-11-04T00:47:07.958+05:00,29.96124469
2021-11-04T00:47:08.460+05:00,31.61425186
2021-11-04T00:47:08.961+05:00,12.32399894
2021-11-04T00:47:09.462+05:00,9.866019177
2021-11-04T00:47:09.964+05:00,9.355064204
2021-11-04T00:47:10.467+05:00,3.279929031
2021-11-04T00:47:10.969+05:00,5.374393007
2021-11-04T00:47:11.470+05:00,6.084440773
2021-11-04T00:47:11.975+05:00,3.863220925
2021-11-04T00:47:12.478+05:00,5.959467168
2021-11-04T00:47:12.980+05:00,1.522354868
2021-11-04T00:47:13.483+05:00,2.032979732
2021-11-04T00:47:13.985+05:00,5.452529886
2021-11-04T00:47:14.486+05:00,5.217178067
2021-11-04T00:47:14.989+05:00,1.884080675
2021-11-04T00:47:15.492+05:00,1.874978854
2021-11-04T00:47:15.995+05:00,1.258364806
2021-11-04T00:47:16.497+05:00,3.652444955
2021-11-04T00:47:16.999+05:00,3.063972398
2021-11-04T00:47:17.502+05:00,1.89683776
2021-11-04T00:47:18.003+05:00,1.521702979
2021-11-04T00:47:18.506+05:00,3.090857751
2021-11-04T00:47:19.009+05:00,1.184358199
2021-11-04T00:47:19.511+05:00,1.393783139
2021-11-04T00:47:20.012+05:00,2.743655243
2021-11-04T00:47:20.515+05:00,1.272645501
2021-11-04T00:47:21.016+05:00,1.516653205
2021-11-04T00:47:21.519+05:00,1.954997511
2021-11-04T00:47:22.022+05:00,1.441376868
2021-11-04T00:47:22.523+05:00,3.38242921
2021-11-04T00:47:23.024+05:00,2.776114356
2021-11-04T00:47:23.526+05:00,2.740339791
2021-11-04T00:47:24.028+05:00,2.381026796
2021-11-04T00:47:24.530+05:00,12.5382808
2021-11-04T00:47:25.033+05:00,4.22959839
2021-11-04T00:47:25.536+05:00,2.19301896
2021-11-04T00:47:26.038+05:00,1.387369102
2021-11-04T00:47:26.541+05:00,1.621454887
2021-11-04T00:47:27.043+05:00,1.308917902
2021-11-04T00:47:27.545+05:00,10.09745388
2021-11-04T00:47:28.046+05:00,9.639390168
2021-11-04T00:47:28.547+05:00,4.327019476
2021-11-04T00:47:29.049+05:00,20.31326642
2021-11-04T00:47:29.551+05:00,6.077747952
2021-11-04T00:47:30.053+05:00,4.918580824
2021-11-04T00:47:30.555+05:00,3.876691682
2021-11-04T00:47:31.057+05:00,3.826211813
2021-11-04T00:47:31.559+05:00,4.434022013
2021-11-04T00:47:32.062+05:00,3.624954439
2021-11-04T00:47:32.573+05:00,3.723518321
2021-11-04T00:47:33.075+05:00,9.014806616
2021-11-04T00:47:33.576+05:00,6.000393892
2021-11-04T00:47:34.078+05:00,4.571972295
2021-11-04T00:47:34.580+05:00,8.443041679
2021-11-04T00:47:35.083+05:00,3.186270493
2021-11-04T00:47:35.585+05:00,1.880589394
2021-11-04T00:47:36.087+05:00,4.469436574
2021-11-04T00:47:36.588+05:00,13.67955217
2021-11-04T00:47:37.089+05:00,14.77761754
2021-11-04T00:47:37.590+05:00,14.2171438
2021-11-04T00:47:38.091+05:00,4.870541521
2021-11-04T00:47:38.592+05:00,14.80120053
2021-11-04T00:47:39.094+05:00,16.21781551
2021-11-04T00:47:39.595+05:00,2.511220686
2021-11-04T00:47:40.096+05:00,6.991456052
2021-11-04T00:47:40.599+05:00,19.10978021
2021-11-04T00:47:41.102+05:00,0.557131423
2021-11-04T00:47:41.604+05:00,4.593499951
2021-11-04T00:47:42.106+05:00,0.513223473
2021-11-04T00:47:42.609+05:00,3.832356387
2021-11-04T00:47:43.112+05:00,1.213562763
2021-11-04T00:47:43.614+05:00,1.684054937
2021-11-04T00:47:44.116+05:00,0.43403575
2021-11-04T00:47:44.619+05:00,0.651653017
2021-11-04T00:47:45.121+05:00,0.611858331
2021-11-04T00:47:45.623+05:00,2.904292335
2021-11-04T00:47:46.124+05:00,0.716237757
2021-11-04T00:47:46.627+05:00,0.569371657
2021-11-04T00:47:47.129+05:00,1.286327675
2021-11-04T00:47:47.631+05:00,9.872589854
2021-11-04T00:47:48.133+05:00,2.820361984
2021-11-04T00:47:48.634+05:00,5.251477642
2021-11-04T00:47:49.136+05:00,4.728822973
2021-11-04T00:47:49.639+05:00,6.509981917
2021-11-04T00:47:50.140+05:00,2.102687613
2021-11-04T00:47:50.641+05:00,11.61556965
2021-11-04T00:47:51.143+05:00,13.55124286
2021-11-04T00:47:51.644+05:00,6.381556675
2021-11-04T00:47:52.145+05:00,16.6009363
2021-11-04T00:47:52.646+05:00,11.72200476
2021-11-04T00:47:53.147+05:00,9.093424607
2021-11-04T00:47:53.655+05:00,20.2669932
2021-11-04T00:47:54.156+05:00,25.1844671
2021-11-04T00:47:54.658+05:00,17.46199409
2021-11-04T00:47:55.159+05:00,19.86350145
2021-11-04T00:47:55.660+05:00,13.74596033
2021-11-04T00:47:56.161+05:00,30.08635011
2021-11-04T00:47:56.663+05:00,18.97579299
2021-11-04T00:47:57.164+05:00,25.96401408
2021-11-04T00:47:57.665+05:00,34.19468027
2021-11-04T00:47:58.166+05:00,21.96488358
2021-11-04T00:47:58.668+05:00,11.91681551
2021-11-04T00:47:59.170+05:00,8.53535608
2021-11-04T00:47:59.671+05:00,6.453474817
2021-11-04T00:48:00.173+05:00,6.92333186
2021-11-04T00:48:00.674+05:00,6.842246569
2021-11-04T00:48:01.176+05:00,9.388659502
2021-11-04T00:48:01.678+05:00,6.608437473
2021-11-04T00:48:02.179+05:00,11.52431149
2021-11-04T00:48:02.682+05:00,26.15947597
2021-11-04T00:48:03.183+05:00,11.42365606
2021-11-04T00:48:03.684+05:00,26.84673116
2021-11-04T00:48:04.186+05:00,9.952049134
2021-11-04T00:48:04.687+05:00,4.604888457
2021-11-04T00:48:05.190+05:00,5.847441147
2021-11-04T00:48:05.692+05:00,3.936924504
2021-11-04T00:48:06.194+05:00,7.925116479
2021-11-04T00:48:06.696+05:00,7.302616788
2021-11-04T00:48:07.198+05:00,3.948714886
2021-11-04T00:48:07.700+05:00,3.900490836
2021-11-04T00:48:08.202+05:00,5.278020932
2021-11-04T00:48:08.704+05:00,4.723370908
2021-11-04T00:48:09.206+05:00,3.792216141
2021-11-04T00:48:09.708+05:00,3.48777963
2021-11-04T00:48:10.210+05:00,3.887923951
2021-11-04T00:48:10.712+05:00,15.47503724
2021-11-04T00:48:11.213+05:00,7.621458199
2021-11-04T00:48:11.715+05:00,5.814052036
2021-11-04T00:48:12.216+05:00,4.974608914
2021-11-04T00:48:12.717+05:00,3.714698099
2021-11-04T00:48:13.220+05:00,3.326070619
2021-11-04T00:48:13.721+05:00,13.62112245
2021-11-04T00:48:14.223+05:00,6.805591676
2021-11-04T00:48:14.734+05:00,4.053843818
2021-11-04T00:48:15.236+05:00,3.916089059
2021-11-04T00:48:15.737+05:00,18.23736091
2021-11-04T00:48:16.238+05:00,23.62487368
2021-11-04T00:48:16.739+05:00,27.26628172
2021-11-04T00:48:17.241+05:00,28.27940544
2021-11-04T00:48:17.742+05:00,18.31189339
2021-11-04T00:48:18.243+05:00,33.36163921
2021-11-04T00:48:18.744+05:00,26.37101892
2021-11-04T00:48:19.246+05:00,27.13163223
2021-11-04T00:48:19.747+05:00,6.842939782
2021-11-04T00:48:20.249+05:00,8.393744844
2021-11-04T00:48:20.750+05:00,9.642469776
2021-11-04T00:48:21.251+05:00,18.68190093
2021-11-04T00:48:21.752+05:00,20.1827558
2021-11-04T00:48:22.253+05:00,21.43743955
2021-11-04T00:48:22.754+05:00,14.62361247
2021-11-04T00:48:23.256+05:00,22.24937306
2021-11-04T00:48:23.758+05:00,6.286096325
2021-11-04T00:48:24.260+05:00,3.762466654
2021-11-04T00:48:24.762+05:00,4.151078717
2021-11-04T00:48:25.264+05:00,3.129342697
2021-11-04T00:48:25.767+05:00,5.184486153
2021-11-04T00:48:26.268+05:00,5.416503821
2021-11-04T00:48:26.770+05:00,4.44883302
2021-11-04T00:48:27.273+05:00,3.507089486
2021-11-04T00:48:27.776+05:00,3.295731651
2021-11-04T00:48:28.278+05:00,3.525318114
2021-11-04T00:48:28.779+05:00,3.153215017
2021-11-04T00:48:29.281+05:00,3.772939967
2021-11-04T00:48:29.784+05:00,2.649424358
2021-11-04T00:48:30.287+05:00,3.75568483
2021-11-04T00:48:30.790+05:00,1.295211484
2021-11-04T00:48:31.293+05:00,5.671106175
2021-11-04T00:48:31.796+05:00,8.09429919
2021-11-04T00:48:32.299+05:00,5.135865641
2021-11-04T00:48:32.800+05:00,5.146085845
2021-11-04T00:48:33.303+05:00,2.583878625
2021-11-04T00:48:33.805+05:00,15.96380566
2021-11-04T00:48:34.307+05:00,6.211254424
2021-11-04T00:48:34.820+05:00,2.464976961
2021-11-04T00:48:35.322+05:00,1.31811358
2021-11-04T00:48:35.825+05:00,2.36676012
2021-11-04T00:48:36.327+05:00,4.990137784
2021-11-04T00:48:36.829+05:00,15.23047647
2021-11-04T00:48:37.330+05:00,9.646167562
2021-11-04T00:48:37.831+05:00,5.685497323
2021-11-04T00:48:38.332+05:00,5.396843923
2021-11-04T00:48:38.833+05:00,5.710671657
2021-11-04T00:48:39.334+05:00,18.43847509
2021-11-04T00:48:39.836+05:00,10.22622865
2021-11-04T00:48:40.337+05:00,6.975485111
2021-11-04T00:48:40.838+05:00,12.1138705
2021-11-04T00:48:41.339+05:00,17.00200986
2021-11-04T00:48:41.840+05:00,14.11451272
2021-11-04T00:48:42.342+05:00,13.07327184
2021-11-04T00:48:42.844+05:00,20.21593143
2021-11-04T00:48:43.345+05:00,26.8846458
2021-11-04T00:48:43.846+05:00,6.795362172
2021-11-04T00:48:44.348+05:00,4.66665781
2021-11-04T00:48:44.849+05:00,2.915691759
2021-11-04T00:48:45.351+05:00,5.219566164
2021-11-04T00:48:45.852+05:00,3.485560206
2021-11-04T00:48:46.354+05:00,3.21445733
2021-11-04T00:48:46.857+05:00,2.571823935
2021-11-04T00:48:47.359+05:00,3.700673217
2021-11-04T00:48:47.860+05:00,2.534809193
2021-11-04T00:48:48.361+05:00,2.538072918
2021-11-04T00:48:48.864+05:00,0.662416518
2021-11-04T00:48:49.367+05:00,3.439282177
2021-11-04T00:48:49.870+05:00,0.670977984
2021-11-04T00:48:50.372+05:00,2.071732716
2021-11-04T00:48:50.875+05:00,3.114550542
2021-11-04T00:48:51.377+05:00,5.318670755
2021-11-04T00:48:51.879+05:00,4.575513439
2021-11-04T00:48:52.382+05:00,2.479343017
2021-11-04T00:48:52.885+05:00,3.856387886
2021-11-04T00:48:53.388+05:00,1.886258391
2021-11-04T00:48:53.889+05:00,2.618408648
2021-11-04T00:48:54.392+05:00,1.11889623
2021-11-04T00:48:54.906+05:00,0.144283726
2021-11-04T00:48:55.409+05:00,0.67674852
2021-11-04T00:48:55.912+05:00,0.54603734
2021-11-04T00:48:56.414+05:00,0.708599308
2021-11-04T00:48:56.917+05:00,14.80433362
2021-11-04T00:48:57.419+05:00,4.200718982
2021-11-04T00:48:57.921+05:00,2.675725763
2021-11-04T00:48:58.424+05:00,1.309338318
2021-11-04T00:48:58.927+05:00,1.332248265
2021-11-04T00:48:59.430+05:00,1.261885679
2021-11-04T00:48:59.932+05:00,15.21219311
2021-11-04T00:49:00.434+05:00,5.491759795
2021-11-04T00:49:00.936+05:00,6.173094116
2021-11-04T00:49:01.438+05:00,5.161576546
2021-11-04T00:49:01.940+05:00,4.071509328
2021-11-04T00:49:02.441+05:00,6.332862428
2021-11-04T00:49:02.943+05:00,16.8695259
2021-11-04T00:49:03.444+05:00,5.103500699
2021-11-04T00:49:03.946+05:00,5.696707512
2021-11-04T00:49:04.448+05:00,4.30811578
2021-11-04T00:49:04.949+05:00,6.802750339
2021-11-04T00:49:05.451+05:00,7.891130548
2021-11-04T00:49:05.952+05:00,6.557233811
2021-11-04T00:49:06.453+05:00,8.805063435
2021-11-04T00:49:06.954+05:00,9.100005858
2021-11-04T00:49:07.456+05:00,8.205695145
2021-11-04T00:49:07.957+05:00,11.09997066
2021-11-04T00:49:08.458+05:00,10.80336024
2021-11-04T00:49:08.960+05:00,15.83812846
2021-11-04T00:49:09.461+05:00,15.87988984
2021-11-04T00:49:09.962+05:00,20.61499999
2021-11-04T00:49:10.463+05:00,33.84345864
2021-11-04T00:49:10.964+05:00,37.1919166
2021-11-04T00:49:11.466+05:00,35.87359364
2021-11-04T00:49:11.967+05:00,33.23232156
2021-11-04T00:49:12.469+05:00,20.290308
2021-11-04T00:49:12.970+05:00,39.20707201
2021-11-04T00:49:13.473+05:00,37.38370812
2021-11-04T00:49:13.975+05:00,31.94550347
2021-11-04T00:49:14.477+05:00,36.35541303
2021-11-04T00:49:14.980+05:00,32.82332909
2021-11-04T00:49:15.481+05:00,36.67225935
2021-11-04T00:49:15.992+05:00,35.9698533
2021-11-04T00:49:16.494+05:00,35.71888324
2021-11-04T00:49:16.995+05:00,36.4551597
2021-11-04T00:49:17.496+05:00,37.24257361
2021-11-04T00:49:17.998+05:00,36.89362922
2021-11-04T00:49:18.499+05:00,33.9887584
2021-11-04T00:49:19.001+05:00,27.80884247
2021-11-04T00:49:19.503+05:00,14.28648807
2021-11-04T00:49:20.004+05:00,22.72574337
2021-11-04T00:49:20.506+05:00,12.39377294
2021-11-04T00:49:21.008+05:00,3.586709594
2021-11-04T00:49:21.510+05:00,2.422973034
2021-11-04T00:49:22.013+05:00,1.695543472
2021-11-04T00:49:22.516+05:00,1.846688497
2021-11-04T00:49:23.017+05:00,14.23329696
2021-11-04T00:49:23.519+05:00,6.353582973
2021-11-04T00:49:24.021+05:00,4.230650924
2021-11-04T00:49:24.523+05:00,11.72504842
2021-11-04T00:49:25.024+05:00,21.80447462
2021-11-04T00:49:25.526+05:00,17.49825495
2021-11-04T00:49:26.027+05:00,8.833768212
2021-11-04T00:49:26.528+05:00,12.93357463
2021-11-04T00:49:27.030+05:00,11.88185742
2021-11-04T00:49:27.533+05:00,4.044769035
2021-11-04T00:49:28.035+05:00,2.172370015
2021-11-04T00:49:28.536+05:00,3.611854448
2021-11-04T00:49:29.039+05:00,1.692206624
2021-11-04T00:49:29.542+05:00,0.929179369
2021-11-04T00:49:30.043+05:00,2.117649618
2021-11-04T00:49:30.546+05:00,14.15635917
2021-11-04T00:49:31.048+05:00,16.32294119
2021-11-04T00:49:31.550+05:00,8.626321963
2021-11-04T00:49:32.053+05:00,2.143651576
2021-11-04T00:49:32.556+05:00,1.948140955
2021-11-04T00:49:33.058+05:00,0.893907776
2021-11-04T00:49:33.560+05:00,1.823420161
2021-11-04T00:49:34.062+05:00,2.466134788
2021-11-04T00:49:34.565+05:00,1.478927143
2021-11-04T00:49:35.068+05:00,1.132396691
2021-11-04T00:49:35.570+05:00,7.343275127
2021-11-04T00:49:36.072+05:00,8.207454362
2021-11-04T00:49:36.575+05:00,9.068380473
2021-11-04T00:49:37.077+05:00,0.551182944
2021-11-04T00:49:37.579+05:00,1.598730122
2021-11-04T00:49:38.081+05:00,0.462701749
2021-11-04T00:49:38.583+05:00,1.661799906
2021-11-04T00:49:39.086+05:00,0.469954253
2021-11-04T00:49:39.589+05:00,1.989743482
2021-11-04T00:49:40.091+05:00,0.793306691
2021-11-04T00:49:40.594+05:00,6.454644369
2021-11-04T00:49:41.097+05:00,10.50853118
2021-11-04T00:49:41.600+05:00,8.132630407
2021-11-04T00:49:42.101+05:00,3.539231237
2021-11-04T00:49:42.604+05:00,2.212661841
2021-11-04T00:49:43.106+05:00,12.71437309
2021-11-04T00:49:43.609+05:00,2.121062379
2021-11-04T00:49:44.112+05:00,2.780017274
2021-11-04T00:49:44.615+05:00,2.75464284
2021-11-04T00:49:45.118+05:00,1.532675844
2021-11-04T00:49:45.621+05:00,1.678069347
2021-11-04T00:49:46.122+05:00,14.55544569
2021-11-04T00:49:46.625+05:00,6.44377542
2021-11-04T00:49:47.126+05:00,4.607991083
2021-11-04T00:49:47.628+05:00,4.408206508
2021-11-04T00:49:48.130+05:00,3.943415112
2021-11-04T00:49:48.632+05:00,20.20472129
2021-11-04T00:49:49.134+05:00,5.573089887
2021-11-04T00:49:49.635+05:00,19.35108436
2021-11-04T00:49:50.136+05:00,9.952673076
2021-11-04T00:49:50.637+05:00,5.839925811
2021-11-04T00:49:51.138+05:00,9.076275363
2021-11-04T00:49:51.641+05:00,7.023862389
2021-11-04T00:49:52.144+05:00,0.750453448
2021-11-04T00:49:52.647+05:00,4.051002251
2021-11-04T00:49:53.148+05:00,4.176814615
2021-11-04T00:49:53.651+05:00,2.341496885
2021-11-04T00:49:54.154+05:00,1.747047935
2021-11-04T00:49:54.657+05:00,3.127541114
2021-11-04T00:49:55.160+05:00,0.678226379
2021-11-04T00:49:55.663+05:00,1.168637551
2021-11-04T00:49:56.164+05:00,1.994484183
2021-11-04T00:49:56.665+05:00,2.42007433
2021-11-04T00:49:57.177+05:00,0.182062852
2021-11-04T00:49:57.678+05:00,1.37748455
2021-11-04T00:49:58.179+05:00,2.532265662
2021-11-04T00:49:58.682+05:00,1.084198801
2021-11-04T00:49:59.185+05:00,0.174250088
2021-11-04T00:49:59.688+05:00,1.367772285
2021-11-04T00:50:00.191+05:00,0.641140964
2021-11-04T00:50:00.694+05:00,0.532400408
2021-11-04T00:50:01.197+05:00,6.837961448
2021-11-04T00:50:01.701+05:00,0.468534035
2021-11-04T00:50:02.204+05:00,0.903376559
2021-11-04T00:50:02.707+05:00,0.71552605
2021-11-04T00:50:03.210+05:00,1.306436453
2021-11-04T00:50:03.712+05:00,2.351781379
2021-11-04T00:50:04.213+05:00,2.660592006
2021-11-04T00:50:04.716+05:00,5.685758121
2021-11-04T00:50:05.217+05:00,5.072417535
2021-11-04T00:50:05.719+05:00,4.444659971
2021-11-04T00:50:06.220+05:00,13.7356637
2021-11-04T00:50:06.723+05:00,2.612818725
2021-11-04T00:50:07.225+05:00,2.108661811
2021-11-04T00:50:07.728+05:00,1.00120723
2021-11-04T00:50:08.230+05:00,1.547854021
2021-11-04T00:50:08.733+05:00,1.227901104
2021-11-04T00:50:09.234+05:00,14.92049892
2021-11-04T00:50:09.735+05:00,7.036785093
2021-11-04T00:50:10.236+05:00,5.160743604
2021-11-04T00:50:10.738+05:00,4.148202893
2021-11-04T00:50:11.240+05:00,11.12325639
2021-11-04T00:50:11.741+05:00,21.69822702
2021-11-04T00:50:12.242+05:00,6.665180321
2021-11-04T00:50:12.743+05:00,21.13084277
2021-11-04T00:50:13.245+05:00,28.69640536
2021-11-04T00:50:13.745+05:00,30.11146148
2021-11-04T00:50:14.247+05:00,38.57580753
2021-11-04T00:50:14.749+05:00,31.55207174
2021-11-04T00:50:15.250+05:00,16.95927296
2021-11-04T00:50:15.752+05:00,11.10319981
2021-11-04T00:50:16.253+05:00,17.24140858
2021-11-04T00:50:16.755+05:00,7.273720121
2021-11-04T00:50:17.256+05:00,7.270270711
2021-11-04T00:50:17.758+05:00,7.609371309
2021-11-04T00:50:18.267+05:00,7.677377415
2021-11-04T00:50:18.768+05:00,7.665260362
2021-11-04T00:50:19.270+05:00,7.874833272
2021-11-04T00:50:19.771+05:00,7.076975488
2021-11-04T00:50:20.272+05:00,6.267230248
2021-11-04T00:50:20.774+05:00,5.991349939
2021-11-04T00:50:21.276+05:00,6.000413114
2021-11-04T00:50:21.777+05:00,6.965239357
2021-11-04T00:50:22.279+05:00,7.620410905
2021-11-04T00:50:22.780+05:00,11.09218373
2021-11-04T00:50:23.281+05:00,8.909193803
2021-11-04T00:50:23.783+05:00,8.278744084
2021-11-04T00:50:24.284+05:00,6.855762821
2021-11-04T00:50:24.786+05:00,6.242604917
2021-11-04T00:50:25.288+05:00,5.919646308
2021-11-04T00:50:25.790+05:00,5.660907652
2021-11-04T00:50:26.291+05:00,7.515315911
2021-11-04T00:50:26.793+05:00,6.83601313
2021-11-04T00:50:27.294+05:00,6.684208287
2021-11-04T00:50:27.796+05:00,10.98133167
2021-11-04T00:50:28.299+05:00,8.933936274
2021-11-04T00:50:28.800+05:00,9.494115809
2021-11-04T00:50:29.302+05:00,13.76704872
2021-11-04T00:50:29.804+05:00,3.748329619
2021-11-04T00:50:30.307+05:00,3.1147446
2021-11-04T00:50:30.809+05:00,1.363227418
2021-11-04T00:50:31.312+05:00,1.367666996
2021-11-04T00:50:31.815+05:00,2.329618197
2021-11-04T00:50:32.317+05:00,14.75800113
2021-11-04T00:50:32.819+05:00,6.138123715
2021-11-04T00:50:33.322+05:00,4.031365556
2021-11-04T00:50:33.824+05:00,4.61845777
2021-11-04T00:50:34.327+05:00,4.602491464
2021-11-04T00:50:34.828+05:00,4.092888152
2021-11-04T00:50:35.330+05:00,3.725815398
2021-11-04T00:50:35.832+05:00,3.742407978
2021-11-04T00:50:36.334+05:00,4.485146309
2021-11-04T00:50:36.836+05:00,21.11690355
2021-11-04T00:50:37.337+05:00,19.57658868
2021-11-04T00:50:37.838+05:00,17.09915173
2021-11-04T00:50:38.340+05:00,22.27083553
2021-11-04T00:50:38.842+05:00,17.60471576
2021-11-04T00:50:39.343+05:00,14.05943873
2021-11-04T00:50:39.845+05:00,11.60569522
2021-11-04T00:50:40.346+05:00,7.864385618
2021-11-04T00:50:40.847+05:00,7.044940916
2021-11-04T00:50:41.348+05:00,14.03020325
2021-11-04T00:50:41.851+05:00,17.54356525
2021-11-04T00:50:42.352+05:00,4.099341964
2021-11-04T00:50:42.854+05:00,3.049501782
2021-11-04T00:50:43.357+05:00,2.062123551
2021-11-04T00:50:43.858+05:00,2.216706412
2021-11-04T00:50:44.361+05:00,5.153730078
2021-11-04T00:50:44.864+05:00,2.963062542
2021-11-04T00:50:45.367+05:00,1.435731404
2021-11-04T00:50:45.870+05:00,1.20905688
2021-11-04T00:50:46.373+05:00,1.336527508
2021-11-04T00:50:46.876+05:00,4.753237385
2021-11-04T00:50:47.377+05:00,4.437122318
2021-11-04T00:50:47.880+05:00,1.734927875
2021-11-04T00:50:48.382+05:00,1.499357624
2021-11-04T00:50:48.885+05:00,1.755693076
2021-11-04T00:50:49.388+05:00,1.006408684
2021-11-04T00:50:49.891+05:00,5.816009421
2021-11-04T00:50:50.393+05:00,4.495189462
2021-11-04T00:50:50.897+05:00,1.167698845
2021-11-04T00:50:51.399+05:00,0.758564197
2021-11-04T00:50:51.902+05:00,1.146476068
2021-11-04T00:50:52.403+05:00,12.30055292
2021-11-04T00:50:52.905+05:00,3.714972022
2021-11-04T00:50:53.408+05:00,2.546150045
2021-11-04T00:50:53.911+05:00,1.229358256
2021-11-04T00:50:54.413+05:00,2.289570159
2021-11-04T00:50:54.915+05:00,1.954206017
2021-11-04T00:50:55.415+05:00,15.26060523
2021-11-04T00:50:55.916+05:00,6.471944375
2021-11-04T00:50:56.419+05:00,4.504434152
2021-11-04T00:50:56.921+05:00,3.752705098
2021-11-04T00:50:57.424+05:00,3.720301245
2021-11-04T00:50:57.925+05:00,18.95217741
2021-11-04T00:50:58.427+05:00,4.781627966
2021-11-04T00:50:58.929+05:00,4.244820199
2021-11-04T00:50:59.431+05:00,13.85319817
2021-11-04T00:50:59.942+05:00,5.340568831
2021-11-04T00:51:00.444+05:00,4.754834454
2021-11-04T00:51:00.945+05:00,6.255555771
2021-11-04T00:51:01.446+05:00,12.3069144
2021-11-04T00:51:01.947+05:00,11.18010281
2021-11-04T00:51:02.450+05:00,4.614559558
2021-11-04T00:51:02.952+05:00,2.754188137
2021-11-04T00:51:03.453+05:00,3.141643027
2021-11-04T00:51:03.954+05:00,3.690324265
2021-11-04T00:51:04.456+05:00,2.907588508
2021-11-04T00:51:04.958+05:00,4.093067196
2021-11-04T00:51:05.459+05:00,3.327917447
2021-11-04T00:51:05.960+05:00,3.046938026
2021-11-04T00:51:06.463+05:00,4.698837008
2021-11-04T00:51:06.965+05:00,3.309054191
2021-11-04T00:51:07.468+05:00,2.547097062
2021-11-04T00:51:07.970+05:00,2.821020013
2021-11-04T00:51:08.473+05:00,2.569720136
2021-11-04T00:51:08.975+05:00,2.531014807
2021-11-04T00:51:09.478+05:00,2.431985921
2021-11-04T00:51:09.981+05:00,4.445915984
2021-11-04T00:51:10.482+05:00,4.855433611
2021-11-04T00:51:10.984+05:00,2.837977265
2021-11-04T00:51:11.485+05:00,3.023994228
2021-11-04T00:51:11.986+05:00,4.158502154
2021-11-04T00:51:12.488+05:00,2.92756087
2021-11-04T00:51:12.991+05:00,2.182075683
2021-11-04T00:51:13.493+05:00,2.989990655
2021-11-04T00:51:13.996+05:00,2.204524275
2021-11-04T00:51:14.498+05:00,2.837650614
2021-11-04T00:51:14.999+05:00,3.26843334
2021-11-04T00:51:15.502+05:00,10.94429728
2021-11-04T00:51:16.004+05:00,2.717784946
2021-11-04T00:51:16.507+05:00,3.107625871
2021-11-04T00:51:17.010+05:00,2.955828912
2021-11-04T00:51:17.513+05:00,1.245340691
2021-11-04T00:51:18.015+05:00,1.419113452
2021-11-04T00:51:18.516+05:00,16.65518416
2021-11-04T00:51:19.018+05:00,6.368449626
2021-11-04T00:51:19.520+05:00,4.490323994
2021-11-04T00:51:20.022+05:00,12.88033157
2021-11-04T00:51:20.524+05:00,10.76650389
2021-11-04T00:51:21.034+05:00,4.476356128
2021-11-04T00:51:21.535+05:00,5.696221626
2021-11-04T00:51:22.037+05:00,16.76210276
2021-11-04T00:51:22.539+05:00,19.96945234
2021-11-04T00:51:23.040+05:00,17.18946297
2021-11-04T00:51:23.541+05:00,23.90737195
2021-11-04T00:51:24.043+05:00,20.17144603
2021-11-04T00:51:24.545+05:00,5.967724214
2021-11-04T00:51:25.047+05:00,5.484621636
2021-11-04T00:51:25.549+05:00,9.258842257
2021-11-04T00:51:26.051+05:00,6.405874558
2021-11-04T00:51:26.552+05:00,4.730981409
2021-11-04T00:51:27.055+05:00,6.019920325
2021-11-04T00:51:27.556+05:00,5.320959577
2021-11-04T00:51:28.057+05:00,5.661541838
2021-11-04T00:51:28.558+05:00,8.130814471
2021-11-04T00:51:29.059+05:00,15.14654046
2021-11-04T00:51:29.560+05:00,24.62797843
2021-11-04T00:51:30.061+05:00,8.687509661
2021-11-04T00:51:30.563+05:00,6.265539396
2021-11-04T00:51:31.065+05:00,4.091549326
2021-11-04T00:51:31.567+05:00,13.69355426
2021-11-04T00:51:32.069+05:00,6.502526936
2021-11-04T00:51:32.572+05:00,4.007246057
2021-11-04T00:51:33.073+05:00,4.68024471
2021-11-04T00:51:33.575+05:00,6.454439864
2021-11-04T00:51:34.077+05:00,6.790159527
2021-11-04T00:51:34.579+05:00,6.461860407
2021-11-04T00:51:35.081+05:00,6.578213314
2021-11-04T00:51:35.583+05:00,6.888398481
2021-11-04T00:51:36.084+05:00,7.758989978
2021-11-04T00:51:36.586+05:00,3.918113214
2021-11-04T00:51:37.087+05:00,4.097192589
2021-11-04T00:51:37.589+05:00,4.276389754
2021-11-04T00:51:38.091+05:00,5.228263038
2021-11-04T00:51:38.594+05:00,11.69522824
2021-11-04T00:51:39.097+05:00,3.857747528
2021-11-04T00:51:39.600+05:00,2.707260201
2021-11-04T00:51:40.103+05:00,2.064532553
2021-11-04T00:51:40.607+05:00,1.339883004
2021-11-04T00:51:41.110+05:00,1.320351794
2021-11-04T00:51:41.611+05:00,13.49904384
2021-11-04T00:51:42.113+05:00,14.56664719
2021-11-04T00:51:42.614+05:00,4.176076346
2021-11-04T00:51:43.116+05:00,7.447601759
2021-11-04T00:51:43.619+05:00,2.726963968
2021-11-04T00:51:44.122+05:00,1.575215578
2021-11-04T00:51:44.625+05:00,6.155608351
2021-11-04T00:51:45.128+05:00,4.251933824
2021-11-04T00:51:45.629+05:00,3.656248923
2021-11-04T00:51:46.132+05:00,1.617899948
2021-11-04T00:51:46.635+05:00,0.984958298
2021-11-04T00:51:47.138+05:00,0.813809255
2021-11-04T00:51:47.640+05:00,0.755294165
2021-11-04T00:51:48.143+05:00,5.717014269
2021-11-04T00:51:48.646+05:00,4.449491323
2021-11-04T00:51:49.149+05:00,0.683620022
2021-11-04T00:51:49.651+05:00,0.924265824
2021-11-04T00:51:50.154+05:00,2.801831031
2021-11-04T00:51:50.657+05:00,1.593541938
2021-11-04T00:51:51.160+05:00,1.731256813
2021-11-04T00:51:51.663+05:00,0.595113988
2021-11-04T00:51:52.166+05:00,0.74417092
2021-11-04T00:51:52.669+05:00,2.972704231
2021-11-04T00:51:53.172+05:00,1.640012721
2021-11-04T00:51:53.675+05:00,1.352579116
2021-11-04T00:51:54.178+05:00,1.38997151
2021-11-04T00:51:54.681+05:00,0.291608748
2021-11-04T00:51:55.183+05:00,0.430802496
2021-11-04T00:51:55.686+05:00,0.357462636
2021-11-04T00:51:56.189+05:00,0.215346833
2021-11-04T00:51:56.692+05:00,0.770702027
2021-11-04T00:51:57.193+05:00,2.832559608
2021-11-04T00:51:57.696+05:00,0.439250996
2021-11-04T00:51:58.199+05:00,1.210196533
2021-11-04T00:51:58.702+05:00,3.905565591
2021-11-04T00:51:59.205+05:00,0.181364901
2021-11-04T00:51:59.708+05:00,1.095153784
2021-11-04T00:52:00.211+05:00,0.593636457
2021-11-04T00:52:00.712+05:00,1.171171322
2021-11-04T00:52:01.213+05:00,12.07586785
2021-11-04T00:52:01.716+05:00,10.86832848
2021-11-04T00:52:02.229+05:00,0.738965723
2021-11-04T00:52:02.731+05:00,2.570605364
2021-11-04T00:52:03.234+05:00,1.679155991
2021-11-04T00:52:03.737+05:00,2.365287439
2021-11-04T00:52:04.240+05:00,3.258984219
2021-11-04T00:52:04.742+05:00,17.21417921
2021-11-04T00:52:05.245+05:00,5.632250625
2021-11-04T00:52:05.747+05:00,4.252613307
2021-11-04T00:52:06.250+05:00,4.581929154
2021-11-04T00:52:06.751+05:00,3.777244425
2021-11-04T00:52:07.253+05:00,15.76506576
2021-11-04T00:52:07.755+05:00,23.79043455
2021-11-04T00:52:08.256+05:00,15.71560664
2021-11-04T00:52:08.757+05:00,31.50113168
2021-11-04T00:52:09.258+05:00,26.23917512
2021-11-04T00:52:09.759+05:00,24.46036031
2021-11-04T00:52:10.261+05:00,5.475121309
2021-11-04T00:52:10.763+05:00,3.141013826
2021-11-04T00:52:11.266+05:00,3.744719919
2021-11-04T00:52:11.769+05:00,1.404634452
2021-11-04T00:52:12.271+05:00,2.419206274
2021-11-04T00:52:12.774+05:00,2.672344752
2021-11-04T00:52:13.277+05:00,6.357700151
2021-11-04T00:52:13.780+05:00,3.39439316
2021-11-04T00:52:14.283+05:00,1.651695046
2021-11-04T00:52:14.786+05:00,3.554080874
2021-11-04T00:52:15.289+05:00,2.865660512
2021-11-04T00:52:15.793+05:00,1.674575389
2021-11-04T00:52:16.293+05:00,2.859840853
2021-11-04T00:52:16.795+05:00,5.365409147
2021-11-04T00:52:17.297+05:00,5.74503689
2021-11-04T00:52:17.798+05:00,2.456658091
2021-11-04T00:52:18.299+05:00,3.174548626
2021-11-04T00:52:18.800+05:00,3.463180616
2021-11-04T00:52:19.301+05:00,3.671374729
2021-11-04T00:52:19.802+05:00,3.970638243
2021-11-04T00:52:20.305+05:00,2.710575064
2021-11-04T00:52:20.807+05:00,1.389519007
2021-11-04T00:52:21.310+05:00,1.064689934
2021-11-04T00:52:21.813+05:00,1.278025045
2021-11-04T00:52:22.317+05:00,1.09557431
2021-11-04T00:52:22.819+05:00,1.239615443
2021-11-04T00:52:23.333+05:00,0.70167818
2021-11-04T00:52:23.835+05:00,1.44422685
2021-11-04T00:52:24.338+05:00,1.006070584
2021-11-04T00:52:24.841+05:00,13.2017309
2021-11-04T00:52:25.344+05:00,2.95562971
2021-11-04T00:52:25.847+05:00,2.42460148
2021-11-04T00:52:26.350+05:00,1.263028069
2021-11-04T00:52:26.853+05:00,1.308384649
2021-11-04T00:52:27.356+05:00,1.110777479
2021-11-04T00:52:27.858+05:00,16.71169776
2021-11-04T00:52:28.361+05:00,4.141906136
2021-11-04T00:52:28.862+05:00,19.50963998
2021-11-04T00:52:29.364+05:00,6.420391527
2021-11-04T00:52:29.866+05:00,5.104464362
2021-11-04T00:52:30.368+05:00,17.7193502
2021-11-04T00:52:30.869+05:00,20.74019412
2021-11-04T00:52:31.371+05:00,27.53099754
2021-11-04T00:52:31.873+05:00,34.15976072
2021-11-04T00:52:32.374+05:00,24.91356051
2021-11-04T00:52:32.875+05:00,19.85578056
2021-11-04T00:52:33.376+05:00,9.284879842
2021-11-04T00:52:33.877+05:00,14.31066105
2021-11-04T00:52:34.379+05:00,12.43767591
2021-11-04T00:52:34.880+05:00,12.54675336
2021-11-04T00:52:35.381+05:00,21.41107825
2021-11-04T00:52:35.883+05:00,18.49864424
2021-11-04T00:52:36.384+05:00,22.02075941
2021-11-04T00:52:36.886+05:00,15.58992052
2021-11-04T00:52:37.387+05:00,17.74322593
2021-11-04T00:52:37.888+05:00,16.14314128
2021-11-04T00:52:38.390+05:00,12.44027376
2021-11-04T00:52:38.893+05:00,3.916550642
2021-11-04T00:52:39.396+05:00,3.324326502
2021-11-04T00:52:39.899+05:00,1.903540358
2021-11-04T00:52:40.401+05:00,10.69899196
2021-11-04T00:52:40.902+05:00,18.91777878
2021-11-04T00:52:41.404+05:00,15.0570724
2021-11-04T00:52:41.905+05:00,13.87185275
2021-11-04T00:52:42.407+05:00,13.86160539
2021-11-04T00:52:42.908+05:00,14.48657297
2021-11-04T00:52:43.409+05:00,10.25010517
2021-11-04T00:52:43.912+05:00,1.866142927
2021-11-04T00:52:44.415+05:00,2.833425306
2021-11-04T00:52:44.918+05:00,0.929490252
2021-11-04T00:52:45.420+05:00,12.70510237
2021-11-04T00:52:45.921+05:00,17.52560337
2021-11-04T00:52:46.423+05:00,14.27935264
2021-11-04T00:52:46.925+05:00,14.12228325
2021-11-04T00:52:47.426+05:00,13.47528768
2021-11-04T00:52:47.929+05:00,16.50522221
2021-11-04T00:52:48.432+05:00,2.82560316
2021-11-04T00:52:48.935+05:00,2.021961911
2021-11-04T00:52:49.438+05:00,1.183605719
2021-11-04T00:52:49.941+05:00,1.750639235
2021-11-04T00:52:50.444+05:00,2.742176026
2021-11-04T00:52:50.945+05:00,16.43121142
2021-11-04T00:52:51.446+05:00,4.567684684
2021-11-04T00:52:51.948+05:00,3.927389489
2021-11-04T00:52:52.450+05:00,4.507115949
2021-11-04T00:52:52.951+05:00,12.93955939
2021-11-04T00:52:53.453+05:00,22.73155444
2021-11-04T00:52:53.954+05:00,23.15354712
2021-11-04T00:52:54.455+05:00,25.80310533
2021-11-04T00:52:54.956+05:00,15.82825097
2021-11-04T00:52:55.458+05:00,11.32181775
2021-11-04T00:52:55.960+05:00,16.88791269
2021-11-04T00:52:56.462+05:00,10.11454545
2021-11-04T00:52:56.965+05:00,5.581974912
2021-11-04T00:52:57.466+05:00,3.290954924
2021-11-04T00:52:57.969+05:00,4.142449286
2021-11-04T00:52:58.471+05:00,2.543490513
2021-11-04T00:52:58.974+05:00,4.637753443
2021-11-04T00:52:59.477+05:00,2.741043728
2021-11-04T00:52:59.979+05:00,2.519947742
2021-11-04T00:53:00.482+05:00,3.17496915
2021-11-04T00:53:00.983+05:00,24.26463819
2021-11-04T00:53:01.485+05:00,36.07766276
2021-11-04T00:53:01.986+05:00,20.20727984
2021-11-04T00:53:02.488+05:00,6.551383642
2021-11-04T00:53:02.989+05:00,11.24982825
2021-11-04T00:53:03.490+05:00,12.71971238
2021-11-04T00:53:03.991+05:00,4.924637945
2021-11-04T00:53:04.496+05:00,2.997803195
2021-11-04T00:53:04.997+05:00,4.290696349
2021-11-04T00:53:05.500+05:00,2.962179154
2021-11-04T00:53:06.001+05:00,4.60769635
2021-11-04T00:53:06.504+05:00,2.96614904
2021-11-04T00:53:07.006+05:00,2.921813565
2021-11-04T00:53:07.509+05:00,3.634171315
2021-11-04T00:53:08.010+05:00,2.712268141
2021-11-04T00:53:08.513+05:00,2.629878175
2021-11-04T00:53:09.014+05:00,6.216553673
2021-11-04T00:53:09.516+05:00,8.77070961
2021-11-04T00:53:10.017+05:00,7.959105719
2021-11-04T00:53:10.518+05:00,5.020589121
2021-11-04T00:53:11.019+05:00,15.35811363
2021-11-04T00:53:11.522+05:00,3.962440891
2021-11-04T00:53:12.023+05:00,2.59372342
2021-11-04T00:53:12.525+05:00,1.643721341
2021-11-04T00:53:13.027+05:00,2.391667613
2021-11-04T00:53:13.528+05:00,2.506137868
2021-11-04T00:53:14.030+05:00,16.93443893
2021-11-04T00:53:14.531+05:00,10.41820821
2021-11-04T00:53:15.033+05:00,22.17145595
2021-11-04T00:53:15.534+05:00,21.28686877
2021-11-04T00:53:16.037+05:00,5.142594822
2021-11-04T00:53:16.539+05:00,5.384389213
2021-11-04T00:53:17.041+05:00,1.697959645
2021-11-04T00:53:17.543+05:00,3.4197434
2021-11-04T00:53:18.044+05:00,2.311086808
2021-11-04T00:53:18.546+05:00,2.024198441
2021-11-04T00:53:19.048+05:00,2.673518461
2021-11-04T00:53:19.550+05:00,1.606219063
2021-11-04T00:53:20.052+05:00,2.340858637
2021-11-04T00:53:20.554+05:00,1.867164373
2021-11-04T00:53:21.057+05:00,3.123151183
2021-11-04T00:53:21.559+05:00,2.463967759
2021-11-04T00:53:22.062+05:00,1.61326822
2021-11-04T00:53:22.565+05:00,1.575896309
2021-11-04T00:53:23.068+05:00,3.164593873
2021-11-04T00:53:23.571+05:00,2.077411079
2021-11-04T00:53:24.074+05:00,2.377838098
2021-11-04T00:53:24.577+05:00,2.554073632
2021-11-04T00:53:25.080+05:00,3.097731495
2021-11-04T00:53:25.593+05:00,1.46669354
2021-11-04T00:53:26.096+05:00,2.480757677
2021-11-04T00:53:26.599+05:00,1.760598056
2021-11-04T00:53:27.102+05:00,1.489504995
2021-11-04T00:53:27.605+05:00,1.585490189
2021-11-04T00:53:28.108+05:00,0.455273187
2021-11-04T00:53:28.611+05:00,1.853933476
2021-11-04T00:53:29.114+05:00,1.512640799
2021-11-04T00:53:29.617+05:00,1.499454028
2021-11-04T00:53:30.119+05:00,1.732463321
2021-11-04T00:53:30.622+05:00,2.877718521
2021-11-04T00:53:31.126+05:00,4.906121096
2021-11-04T00:53:31.629+05:00,4.370526825
2021-11-04T00:53:32.131+05:00,1.310688126
2021-11-04T00:53:32.634+05:00,1.603909655
2021-11-04T00:53:33.136+05:00,1.58662952
2021-11-04T00:53:33.638+05:00,8.887978634
2021-11-04T00:53:34.140+05:00,7.862502995
2021-11-04T00:53:34.643+05:00,1.866879083
2021-11-04T00:53:35.145+05:00,2.278277457
2021-11-04T00:53:35.648+05:00,3.00472646
2021-11-04T00:53:36.149+05:00,2.930761052
2021-11-04T00:53:36.650+05:00,5.548954228
2021-11-04T00:53:37.152+05:00,17.73718925
2021-11-04T00:53:37.653+05:00,3.852726124
2021-11-04T00:53:38.156+05:00,4.183863733
2021-11-04T00:53:38.658+05:00,3.642226534
2021-11-04T00:53:39.161+05:00,4.200941326
2021-11-04T00:53:39.662+05:00,21.86817262
2021-11-04T00:53:40.163+05:00,11.25475518
2021-11-04T00:53:40.664+05:00,17.71477614
2021-11-04T00:53:41.166+05:00,22.7953742
2021-11-04T00:53:41.668+05:00,27.09358005
2021-11-04T00:53:42.169+05:00,30.61432412
2021-11-04T00:53:42.670+05:00,12.8176065
2021-11-04T00:53:43.171+05:00,32.07585091
2021-11-04T00:53:43.672+05:00,26.35583798
2021-11-04T00:53:44.173+05:00,24.75260697
2021-11-04T00:53:44.676+05:00,5.707143707
2021-11-04T00:53:45.178+05:00,9.135428802
2021-11-04T00:53:45.680+05:00,7.674324913
2021-11-04T00:53:46.181+05:00,3.820241342
2021-11-04T00:53:46.684+05:00,3.623444998
2021-11-04T00:53:47.185+05:00,2.576607276
2021-11-04T00:53:47.688+05:00,2.190409531
2021-11-04T00:53:48.190+05:00,4.15852079
2021-11-04T00:53:48.692+05:00,0.513090819
2021-11-04T00:53:49.195+05:00,0.900881078
2021-11-04T00:53:49.699+05:00,0.843939883
2021-11-04T00:53:50.202+05:00,5.264711531
2021-11-04T00:53:50.705+05:00,0.977637566
2021-11-04T00:53:51.208+05:00,4.730777138
2021-11-04T00:53:51.711+05:00,4.295565451
2021-11-04T00:53:52.214+05:00,1.761933319
2021-11-04T00:53:52.717+05:00,2.965200176
2021-11-04T00:53:53.220+05:00,1.491037122
2021-11-04T00:53:53.723+05:00,0.801075483
2021-11-04T00:53:54.226+05:00,1.105039123
2021-11-04T00:53:54.729+05:00,0.265127993
2021-11-04T00:53:55.231+05:00,2.994692481
2021-11-04T00:53:55.734+05:00,0.546703863
2021-11-04T00:53:56.236+05:00,1.350148204
2021-11-04T00:53:56.739+05:00,9.585982881
2021-11-04T00:53:57.241+05:00,5.790820092
2021-11-04T00:53:57.744+05:00,2.419458604
2021-11-04T00:53:58.247+05:00,1.411171596
2021-11-04T00:53:58.750+05:00,1.158214176
2021-11-04T00:53:59.253+05:00,1.447471544
2021-11-04T00:53:59.754+05:00,6.455232137
2021-11-04T00:54:00.256+05:00,13.55069021
2021-11-04T00:54:00.757+05:00,6.165235082
2021-11-04T00:54:01.260+05:00,20.4134832
2021-11-04T00:54:01.762+05:00,4.415102851
2021-11-04T00:54:02.264+05:00,4.29750586
2021-11-04T00:54:02.766+05:00,3.875394427
2021-11-04T00:54:03.267+05:00,4.902096724
2021-11-04T00:54:03.769+05:00,8.010477
2021-11-04T00:54:04.270+05:00,5.402527457
2021-11-04T00:54:04.772+05:00,7.327207421
2021-11-04T00:54:05.273+05:00,7.423021991
2021-11-04T00:54:05.774+05:00,6.47718718
2021-11-04T00:54:06.276+05:00,12.51126273
2021-11-04T00:54:06.783+05:00,13.74183234
2021-11-04T00:54:07.284+05:00,15.39513901
2021-11-04T00:54:07.785+05:00,6.904819251
2021-11-04T00:54:08.286+05:00,5.90419965
2021-11-04T00:54:08.787+05:00,19.05029496
2021-11-04T00:54:09.288+05:00,12.16119933
2021-11-04T00:54:09.790+05:00,13.88019751
2021-11-04T00:54:10.291+05:00,27.40981666
2021-11-04T00:54:10.793+05:00,19.07154065
2021-11-04T00:54:11.295+05:00,6.388226673
2021-11-04T00:54:11.796+05:00,6.876650884
2021-11-04T00:54:12.297+05:00,7.351130033
2021-11-04T00:54:12.798+05:00,13.61409786
2021-11-04T00:54:13.299+05:00,6.346538916
2021-11-04T00:54:13.800+05:00,10.98263726
2021-11-04T00:54:14.301+05:00,20.91424707
2021-11-04T00:54:14.802+05:00,18.82657169
2021-11-04T00:54:15.303+05:00,9.364512897
2021-11-04T00:54:15.804+05:00,8.64882439
2021-11-04T00:54:16.305+05:00,8.377089727
2021-11-04T00:54:16.808+05:00,9.495347678
2021-11-04T00:54:17.309+05:00,17.8074455
2021-11-04T00:54:17.811+05:00,23.25298795
2021-11-04T00:54:18.313+05:00,12.95160602
2021-11-04T00:54:18.814+05:00,18.99622785
2021-11-04T00:54:19.316+05:00,20.32952618
2021-11-04T00:54:19.818+05:00,12.41939258
2021-11-04T00:54:20.321+05:00,6.372522609
2021-11-04T00:54:20.823+05:00,2.847200343
2021-11-04T00:54:21.326+05:00,1.500595355
2021-11-04T00:54:21.829+05:00,1.408731714
2021-11-04T00:54:22.331+05:00,1.71843928
2021-11-04T00:54:22.833+05:00,1.794310023
2021-11-04T00:54:23.336+05:00,1.927685795
2021-11-04T00:54:23.838+05:00,1.569179779
2021-11-04T00:54:24.340+05:00,1.327410255
2021-11-04T00:54:24.843+05:00,1.423428613
2021-11-04T00:54:25.345+05:00,1.513459024
2021-11-04T00:54:25.849+05:00,1.921310652
2021-11-04T00:54:26.352+05:00,1.293757757
2021-11-04T00:54:26.854+05:00,1.3126544
2021-11-04T00:54:27.357+05:00,1.28808541
2021-11-04T00:54:27.869+05:00,0.475422195
2021-11-04T00:54:28.371+05:00,1.379348424
2021-11-04T00:54:28.874+05:00,1.165039531
2021-11-04T00:54:29.375+05:00,1.532164585
2021-11-04T00:54:29.876+05:00,3.503578647
2021-11-04T00:54:30.379+05:00,1.933417687
2021-11-04T00:54:30.882+05:00,1.11666087
2021-11-04T00:54:31.384+05:00,1.197268697
2021-11-04T00:54:31.888+05:00,1.254960001
2021-11-04T00:54:32.390+05:00,1.30868921
2021-11-04T00:54:32.893+05:00,1.134945461
2021-11-04T00:54:33.395+05:00,1.33272566
2021-11-04T00:54:33.897+05:00,4.378600976
2021-11-04T00:54:34.400+05:00,1.324577582
2021-11-04T00:54:34.902+05:00,2.895382483
2021-11-04T00:54:35.404+05:00,1.697675898
2021-11-04T00:54:35.907+05:00,1.823733631
2021-11-04T00:54:36.410+05:00,4.470958136
2021-11-04T00:54:36.913+05:00,1.443740396
2021-11-04T00:54:37.416+05:00,1.230121909
2021-11-04T00:54:37.919+05:00,2.0402036
2021-11-04T00:54:38.422+05:00,1.478219938
2021-11-04T00:54:38.924+05:00,1.027959881
2021-11-04T00:54:39.427+05:00,1.529400758
2021-11-04T00:54:39.929+05:00,1.310069262
2021-11-04T00:54:40.430+05:00,3.760109445
2021-11-04T00:54:40.933+05:00,1.579723097
2021-11-04T00:54:41.436+05:00,1.271123944
2021-11-04T00:54:41.937+05:00,2.879800919
2021-11-04T00:54:42.440+05:00,2.035589349
