"time","power_consumption.power"
"2021-10-24T21:39:57.837+05:00","0.45306131081942336"
"2021-10-24T21:39:58.340+05:00","0.0652921994049637"
"2021-10-24T21:39:59.347+05:00","0.3141428664489181"
"2021-10-24T21:39:59.851+05:00","0.9409168839086897"
"2021-10-24T21:40:00.858+05:00","0.8030568343763013"
"2021-10-24T21:40:01.362+05:00","0.2368215623088655"
"2021-10-24T21:40:01.865+05:00","0.6012290015229426"
"2021-10-24T21:40:02.872+05:00","0.797807822438577"
"2021-10-24T21:40:03.375+05:00","0"
"2021-10-24T21:40:04.382+05:00","0"
"2021-10-24T21:40:04.886+05:00","0.5445640884094881"
"2021-10-24T21:40:05.390+05:00","0"
"2021-10-24T21:40:05.893+05:00","0.17004406201372968"
"2021-10-24T21:40:06.900+05:00","0.15427545667286122"
"2021-10-24T21:40:07.404+05:00","1.1323754091090472"
"2021-10-24T21:40:08.410+05:00","0"
"2021-10-24T21:40:08.912+05:00","0.7044097474783786"
"2021-10-24T21:40:11.933+05:00","0.602665922834224"
"2021-10-24T21:40:12.939+05:00","0.1362839866436187"
"2021-10-24T21:40:13.443+05:00","0.13382309388089295"
"2021-10-24T21:40:14.450+05:00","0.0903897151313653"
"2021-10-24T21:40:14.953+05:00","1.3515155937252277"
"2021-10-24T21:40:15.960+05:00","0.8152180037321735"
"2021-10-24T21:40:16.464+05:00","0.07681345459756597"
"2021-10-24T21:40:17.969+05:00","14.436887109229723"
"2021-10-24T21:40:24.491+05:00","13.13511637844573"
"2021-10-24T21:40:24.994+05:00","23.364868051343734"
"2021-10-24T21:40:25.496+05:00","14.683455701131845"
"2021-10-24T21:40:26.501+05:00","8.998306667218353"
"2021-10-24T21:40:33.026+05:00","1.4735346870560817"
"2021-10-24T21:40:33.529+05:00","0.6008502240989939"
"2021-10-24T21:40:37.041+05:00","9.589104968312082"
"2021-10-24T21:40:38.550+05:00","2.407972873686958"
"2021-10-24T21:40:39.555+05:00","0.30522204654542545"
"2021-10-24T21:40:40.562+05:00","12.678097679930834"
"2021-10-24T21:40:42.068+05:00","0.23201768941585837"
"2021-10-24T21:40:42.572+05:00","0.4044015402966938"
"2021-10-24T21:40:43.075+05:00","0.539016145740335"
"2021-10-24T21:40:43.580+05:00","0.39451573804609963"
"2021-10-24T21:40:44.082+05:00","0.24277098889459797"
"2021-10-24T21:40:44.586+05:00","2.0181495419920106"
"2021-10-24T21:40:45.087+05:00","0.4826334847086413"
"2021-10-24T21:40:46.597+05:00","0.3314196724722509"
"2021-10-24T21:40:47.604+05:00","0.3873029424153912"
"2021-10-24T21:40:48.107+05:00","0.5184034972987467"
"2021-10-24T21:40:48.610+05:00","0.22938203191985312"
"2021-10-24T21:40:50.620+05:00","0.9111117069591406"
"2021-10-24T21:40:55.637+05:00","0.22588654177521983"
"2021-10-24T21:40:56.644+05:00","0.42407339709637326"
"2021-10-24T21:40:57.652+05:00","0.5242087747484249"
"2021-10-24T21:40:58.659+05:00","0.21144261836120792"
"2021-10-24T21:40:59.665+05:00","0.09001051966015541"
"2021-10-24T21:41:01.174+05:00","0.17496476933836116"
"2021-10-24T21:41:01.678+05:00","1.420821548978106"
"2021-10-24T21:41:02.684+05:00","0.24739247439406678"
"2021-10-24T21:41:03.691+05:00","0.2804301323492444"
"2021-10-24T21:41:04.194+05:00","0.10028972635242678"
"2021-10-24T21:41:04.697+05:00","0.062244062317183046"
"2021-10-24T21:41:05.705+05:00","0.05559935980938612"
"2021-10-24T21:41:07.215+05:00","1.9067678336805614"
"2021-10-24T21:41:09.227+05:00","6.484879811937593"
"2021-10-24T21:41:15.249+05:00","15.498381538738565"
"2021-10-24T21:41:19.764+05:00","10.714444897623201"
"2021-10-24T21:41:21.773+05:00","8.16542418479503"
"2021-10-24T21:41:22.275+05:00","11.782003091366398"
"2021-10-24T21:41:24.286+05:00","2.430260388758585"
"2021-10-24T21:41:24.790+05:00","6.236084985627299"
"2021-10-24T21:41:28.305+05:00","1.344908967748445"
"2021-10-24T21:41:28.810+05:00","0.11112892992530785"
"2021-10-24T21:41:29.816+05:00","0.5076013836790033"
"2021-10-24T21:41:30.319+05:00","0.2872858951738979"
"2021-10-24T21:41:30.823+05:00","0.22663422248908624"
"2021-10-24T21:41:31.828+05:00","0.07492033832016529"
"2021-10-24T21:41:32.330+05:00","0.34586820538886587"
"2021-10-24T21:41:32.833+05:00","0.08538904650121397"
"2021-10-24T21:41:33.337+05:00","0.14056500420617504"
"2021-10-24T21:41:33.841+05:00","0.4683063790720152"
"2021-10-24T21:41:34.345+05:00","0.28314583133628674"
"2021-10-24T21:41:34.849+05:00","0.03685488014441653"
"2021-10-24T21:41:36.358+05:00","2.2761560763802886"
"2021-10-24T21:41:36.862+05:00","0.041691977186057695"
"2021-10-24T21:41:38.373+05:00","0.2259061876281225"
"2021-10-24T21:41:38.876+05:00","0.19573308728823882"
"2021-10-24T21:41:39.380+05:00","0.02041627934404349"
"2021-10-24T21:41:40.889+05:00","2.5655565431428466"
"2021-10-24T21:41:45.914+05:00","5.002544482766371"
"2021-10-24T21:41:46.417+05:00","1.1707444645018816"
"2021-10-24T21:41:46.920+05:00","0.7384001994014195"
"2021-10-24T21:41:47.423+05:00","0.05001864224830538"
"2021-10-24T21:41:47.927+05:00","5.919793109137105"
"2021-10-24T21:41:48.431+05:00","0.8810904138819137"
"2021-10-24T21:41:48.935+05:00","1.3045618277044508"
"2021-10-24T21:41:49.942+05:00","1.1770872721853027"
"2021-10-24T21:41:50.446+05:00","0.061903017727580265"
"2021-10-24T21:41:50.947+05:00","0.3481974433213554"
"2021-10-24T21:41:51.449+05:00","1.1221897739081639"
"2021-10-24T21:41:51.952+05:00","1.688600066876238"
"2021-10-24T21:41:52.456+05:00","1.026105206442144"
"2021-10-24T21:41:52.959+05:00","0.36212908263745636"
"2021-10-24T21:41:53.462+05:00","0.1755067425316105"
"2021-10-24T21:41:53.965+05:00","0.7227963028153116"
"2021-10-24T21:41:54.469+05:00","0.7841265129288977"
"2021-10-24T21:41:54.972+05:00","0.761431833298274"
"2021-10-24T21:41:55.476+05:00","0.3857162363524255"
"2021-10-24T21:41:55.979+05:00","0.6285049298330971"
"2021-10-24T21:41:56.482+05:00","0.8441499718644901"
"2021-10-24T21:41:56.985+05:00","0.16324800420397784"
"2021-10-24T21:41:58.495+05:00","0.6006482117669938"
"2021-10-24T21:41:58.999+05:00","1.0242253367096052"
"2021-10-24T21:42:00.506+05:00","3.3896722855644326"
"2021-10-24T21:42:01.009+05:00","5.178593284564565"
"2021-10-24T21:42:02.516+05:00","9.728912144550389"
"2021-10-24T21:42:04.522+05:00","11.089954075373608"
"2021-10-24T21:42:05.023+05:00","11.847772257784547"
"2021-10-24T21:42:05.525+05:00","4.4186401050811375"
"2021-10-24T21:42:06.028+05:00","7.305955192256733"
"2021-10-24T21:42:06.531+05:00","4.760142401823429"
"2021-10-24T21:42:07.033+05:00","4.826371668406133"
"2021-10-24T21:42:08.038+05:00","4.8774069164316955"
"2021-10-24T21:42:08.540+05:00","4.73956526516124"
"2021-10-24T21:42:09.043+05:00","4.799719857073701"
"2021-10-24T21:42:09.544+05:00","7.375798950619577"
"2021-10-24T21:42:10.046+05:00","6.948532633529327"
"2021-10-24T21:42:10.548+05:00","4.5795012703960865"
"2021-10-24T21:42:11.049+05:00","3.4855260029424278"
"2021-10-24T21:42:12.053+05:00","3.9881954228235847"
"2021-10-24T21:42:12.554+05:00","3.5172831409045258"
"2021-10-24T21:42:14.060+05:00","4.669522429688543"
"2021-10-24T21:42:15.067+05:00","2.030646872333116"
"2021-10-24T21:42:15.570+05:00","1.1228348388673317"
"2021-10-24T21:42:16.073+05:00","0.6564473369188164"
"2021-10-24T21:42:22.092+05:00","1.7652486946024124"
"2021-10-24T21:42:22.596+05:00","0.511535447548726"
"2021-10-24T21:42:23.097+05:00","0.1581180066900137"
"2021-10-24T21:42:24.104+05:00","1.1621383109074477"
"2021-10-24T21:42:24.606+05:00","9.453493919018094"
"2021-10-24T21:42:26.115+05:00","0.6103435998022331"
"2021-10-24T21:42:26.616+05:00","3.339424611493258"
"2021-10-24T21:42:27.119+05:00","0.3235857420035185"
"2021-10-24T21:42:28.127+05:00","0.07140479609806002"
"2021-10-24T21:42:28.630+05:00","0.4354750869928593"
"2021-10-24T21:42:29.134+05:00","0.35761810688943063"
"2021-10-24T21:42:29.638+05:00","0.46615290758987604"
"2021-10-24T21:42:30.139+05:00","0.1776950592007038"
"2021-10-24T21:42:30.643+05:00","0.1089968877696619"
"2021-10-24T21:42:32.152+05:00","3.633158008821829"
"2021-10-24T21:42:32.653+05:00","3.972302019531363"
"2021-10-24T21:42:33.157+05:00","0.43178488590309927"
"2021-10-24T21:42:34.661+05:00","0.927851937694866"
"2021-10-24T21:42:35.663+05:00","5.144176459736771"
"2021-10-24T21:42:36.665+05:00","6.55586979527572"
"2021-10-24T21:42:37.166+05:00","3.119625604921529"
"2021-10-24T21:42:38.168+05:00","13.85543496462841"
"2021-10-24T21:42:38.670+05:00","20.089047795209947"
"2021-10-24T21:42:39.172+05:00","11.921209866535857"
"2021-10-24T21:42:40.175+05:00","6.749670194843686"
"2021-10-24T21:42:41.183+05:00","0.6653303795381958"
"2021-10-24T21:42:42.188+05:00","0.3101819139171519"
"2021-10-24T21:42:42.692+05:00","0.8605558813764256"
"2021-10-24T21:42:43.196+05:00","2.729299470492901"
"2021-10-24T21:42:43.697+05:00","0.7843962327016964"
"2021-10-24T21:42:44.200+05:00","0.15705931955615968"
"2021-10-24T21:42:44.703+05:00","0.3306793354918617"
"2021-10-24T21:42:45.207+05:00","0.18825700664902595"
"2021-10-24T21:42:46.214+05:00","1.1484820660152621"
"2021-10-24T21:42:46.716+05:00","0.14071661611960076"
"2021-10-24T21:42:47.723+05:00","0.7870842301353692"
"2021-10-24T21:42:48.226+05:00","0.4366131377146369"
"2021-10-24T21:42:49.238+05:00","3.883860710958934"
"2021-10-24T21:42:49.740+05:00","1.1904456706923814"
"2021-10-24T21:42:50.744+05:00","5.663386851238203"
"2021-10-24T21:42:51.245+05:00","11.557589623565113"
"2021-10-24T21:42:51.746+05:00","3.0850680839700653"
"2021-10-24T21:42:52.248+05:00","4.070629750972833"
"2021-10-24T21:42:52.749+05:00","4.745126735672059"
"2021-10-24T21:42:53.251+05:00","2.873798696242509"
"2021-10-24T21:42:53.752+05:00","17.277823049590893"
"2021-10-24T21:42:55.756+05:00","6.257060117458508"
"2021-10-24T21:42:56.257+05:00","6.740590930854537"
"2021-10-24T21:42:56.758+05:00","6.003093691246171"
"2021-10-24T21:42:57.258+05:00","10.83893092701534"
"2021-10-24T21:42:57.759+05:00","2.7229880577663064"
"2021-10-24T21:42:58.260+05:00","7.660080570943042"
"2021-10-24T21:42:58.761+05:00","5.869095955329882"
"2021-10-24T21:42:59.261+05:00","4.902587789118513"
"2021-10-24T21:42:59.762+05:00","8.933329292107791"
"2021-10-24T21:43:00.263+05:00","14.23742187960141"
"2021-10-24T21:43:00.764+05:00","8.57399349156088"
"2021-10-24T21:43:01.265+05:00","3.7250918984784156"
"2021-10-24T21:43:02.768+05:00","3.1171763173614444"
"2021-10-24T21:43:03.269+05:00","31.747046354527022"
"2021-10-24T21:43:03.769+05:00","10.522915892778038"
"2021-10-24T21:43:04.270+05:00","4.972456631561053"
"2021-10-24T21:43:04.771+05:00","6.582628628654195"
"2021-10-24T21:43:05.272+05:00","4.126020859486097"
"2021-10-24T21:43:05.773+05:00","10.373059994177915"
"2021-10-24T21:43:06.779+05:00","2.0814882642209063"
"2021-10-24T21:43:07.280+05:00","0.8232789843099348"
"2021-10-24T21:43:07.781+05:00","5.2943911926243015"
"2021-10-24T21:43:08.282+05:00","11.668399457481991"
"2021-10-24T21:43:08.784+05:00","5.243820886906336"
"2021-10-24T21:43:09.290+05:00","23.74159414030398"
"2021-10-24T21:43:09.791+05:00","6.965033680864896"
"2021-10-24T21:43:10.291+05:00","3.3046785025942937"
"2021-10-24T21:43:10.792+05:00","2.049119371608491"
"2021-10-24T21:43:11.293+05:00","7.445972917389545"
"2021-10-24T21:43:11.794+05:00","5.383767979095263"
"2021-10-24T21:43:12.295+05:00","11.403380266896086"
"2021-10-24T21:43:12.796+05:00","3.4130408497128215"
"2021-10-24T21:43:13.297+05:00","7.791936284942045"
"2021-10-24T21:43:13.798+05:00","6.915600288081346"
"2021-10-24T21:43:14.299+05:00","13.02241002581598"
"2021-10-24T21:43:14.799+05:00","7.064597472566638"
"2021-10-24T21:43:15.803+05:00","18.845232854140452"
"2021-10-24T21:43:16.304+05:00","22.90057917813466"
"2021-10-24T21:43:16.806+05:00","13.694716568113623"
"2021-10-24T21:43:17.307+05:00","18.415350981989572"
"2021-10-24T21:43:17.809+05:00","10.365677000674195"
"2021-10-24T21:43:18.811+05:00","11.79668655462722"
"2021-10-24T21:43:19.313+05:00","19.688021623525273"
"2021-10-24T21:43:19.814+05:00","7.036321745915277"
"2021-10-24T21:43:20.817+05:00","13.733934384728938"
"2021-10-24T21:43:21.820+05:00","11.24854341144481"
"2021-10-24T21:43:22.322+05:00","16.392283105753048"
"2021-10-24T21:43:22.823+05:00","20.535791552727048"
"2021-10-24T21:43:23.326+05:00","4.2828719708192855"
"2021-10-24T21:43:24.332+05:00","0.9547458857346128"
"2021-10-24T21:43:24.833+05:00","5.5146245987459395"
"2021-10-24T21:43:25.335+05:00","13.554409592872368"
"2021-10-24T21:43:25.836+05:00","2.48532147359099"
"2021-10-24T21:43:26.337+05:00","16.647895964264713"
"2021-10-24T21:43:26.838+05:00","5.790414545201908"
"2021-10-24T21:43:27.339+05:00","5.049868324040668"
"2021-10-24T21:43:27.840+05:00","3.5395336672454456"
"2021-10-24T21:43:28.341+05:00","5.746629935654216"
"2021-10-24T21:43:28.842+05:00","15.25258830349992"
"2021-10-24T21:43:29.343+05:00","13.86943754638175"
"2021-10-24T21:43:29.844+05:00","18.128209493607876"
"2021-10-24T21:43:30.349+05:00","22.374017969568527"
"2021-10-24T21:43:30.850+05:00","14.702448708471834"
"2021-10-24T21:43:31.351+05:00","10.060270335530042"
"2021-10-24T21:43:31.853+05:00","5.598220340739234"
"2021-10-24T21:43:32.356+05:00","1.937180216965932"
"2021-10-24T21:43:32.857+05:00","2.1222179177036855"
"2021-10-24T21:43:33.359+05:00","0.13755817878001175"
"2021-10-24T21:43:33.861+05:00","0.439791234175574"
"2021-10-24T21:43:34.362+05:00","0.4030149938623351"
"2021-10-24T21:43:34.864+05:00","0.24845152438985132"
"2021-10-24T21:43:35.366+05:00","7.694256156056227"
"2021-10-24T21:43:35.869+05:00","3.073285037570556"
"2021-10-24T21:43:36.371+05:00","0.2407162375318173"
"2021-10-24T21:43:36.874+05:00","1.5190837339117103"
"2021-10-24T21:43:37.376+05:00","1.4698624878554003"
"2021-10-24T21:43:37.879+05:00","1.8419532959415077"
"2021-10-24T21:43:38.382+05:00","0.7022206759046691"
"2021-10-24T21:43:38.884+05:00","0.7761354072917495"
"2021-10-24T21:43:39.386+05:00","0.06580911601091038"
"2021-10-24T21:43:39.887+05:00","11.69850144530687"
"2021-10-24T21:43:40.389+05:00","4.102911630598345"
"2021-10-24T21:43:40.891+05:00","1.7987967073168358"
"2021-10-24T21:43:41.393+05:00","0.21843992043168645"
"2021-10-24T21:43:41.893+05:00","5.300425619687967"
"2021-10-24T21:43:42.395+05:00","14.016672207101784"
"2021-10-24T21:43:42.897+05:00","3.14029688586543"
"2021-10-24T21:43:43.398+05:00","1.8420708981444145"
"2021-10-24T21:43:43.899+05:00","15.02000566273745"
"2021-10-24T21:43:44.400+05:00","4.316124919239691"
"2021-10-24T21:43:44.901+05:00","6.270367874406378"
"2021-10-24T21:43:45.402+05:00","1.7224729719668594"
"2021-10-24T21:43:45.903+05:00","3.958769843693069"
"2021-10-24T21:43:46.404+05:00","2.2914171071977103"
"2021-10-24T21:43:46.904+05:00","2.4522872305301298"
"2021-10-24T21:43:47.405+05:00","3.215936637957215"
"2021-10-24T21:43:47.906+05:00","2.2849877825166707"
"2021-10-24T21:43:48.407+05:00","2.7186002045727067"
"2021-10-24T21:43:48.908+05:00","2.8129896710319615"
"2021-10-24T21:43:49.409+05:00","23.13188743966832"
"2021-10-24T21:43:49.910+05:00","4.547001472125083"
"2021-10-24T21:43:50.411+05:00","14.028807407260595"
"2021-10-24T21:43:50.913+05:00","2.3132408851429407"
"2021-10-24T21:43:51.928+05:00","2.752534498847798"
"2021-10-24T21:43:52.430+05:00","0.3136431562638963"
"2021-10-24T21:43:52.933+05:00","0.3210323761584145"
"2021-10-24T21:43:53.436+05:00","2.2422182259514467"
"2021-10-24T21:43:53.938+05:00","0.2518628371229255"
"2021-10-24T21:43:54.441+05:00","0.3681673548003551"
"2021-10-24T21:43:54.942+05:00","0.07633462951469179"
"2021-10-24T21:43:55.444+05:00","0.3754320166145567"
"2021-10-24T21:43:55.947+05:00","0.04465147069452776"
"2021-10-24T21:43:56.449+05:00","0.0494496669724957"
"2021-10-24T21:43:56.951+05:00","9.031761952908461"
"2021-10-24T21:43:57.454+05:00","2.092609124612379"
"2021-10-24T21:43:57.957+05:00","0.43810219878057033"
"2021-10-24T21:43:58.459+05:00","0.778944519353682"
"2021-10-24T21:43:58.961+05:00","5.354078864265565"
"2021-10-24T21:43:59.462+05:00","27.721374264598058"
"2021-10-24T21:43:59.963+05:00","5.4165191067664855"
"2021-10-24T21:44:00.464+05:00","16.080230135804257"
"2021-10-24T21:44:00.965+05:00","14.987605916081144"
"2021-10-24T21:44:01.466+05:00","13.132330953274629"
"2021-10-24T21:44:01.966+05:00","18.838596456129828"
"2021-10-24T21:44:02.467+05:00","10.67151060522064"
"2021-10-24T21:44:02.968+05:00","13.888226240475053"
"2021-10-24T21:44:03.469+05:00","16.895620249604832"
"2021-10-24T21:44:03.970+05:00","4.684490554663499"
"2021-10-24T21:44:04.471+05:00","4.180072449138639"
"2021-10-24T21:44:04.973+05:00","2.2790029295527163"
"2021-10-24T21:44:05.476+05:00","2.5293603713589246"
"2021-10-24T21:44:05.978+05:00","1.7900244562238856"
"2021-10-24T21:44:06.480+05:00","1.2040072985859829"
"2021-10-24T21:44:06.982+05:00","1.2655738539282464"
"2021-10-24T21:44:07.483+05:00","4.3377354613758135"
"2021-10-24T21:44:08.487+05:00","1.9462391465461149"
"2021-10-24T21:44:08.990+05:00","0.8051925447938869"
"2021-10-24T21:44:09.491+05:00","1.4132575368705478"
"2021-10-24T21:44:09.993+05:00","5.307776181585286"
"2021-10-24T21:44:10.495+05:00","2.2258958576535517"
"2021-10-24T21:44:10.996+05:00","1.0611753976360712"
"2021-10-24T21:44:11.500+05:00","0.5320814961603402"
"2021-10-24T21:44:12.001+05:00","0.7261457919897838"
"2021-10-24T21:44:12.503+05:00","2.325341586691078"
"2021-10-24T21:44:13.005+05:00","1.235573934552791"
"2021-10-24T21:44:13.507+05:00","3.181344795608314"
"2021-10-24T21:44:14.009+05:00","12.627888757095906"
"2021-10-24T21:44:14.511+05:00","2.200794033148947"
"2021-10-24T21:44:15.013+05:00","1.2616376378807965"
"2021-10-24T21:44:15.515+05:00","0.24699713732935197"
"2021-10-24T21:44:16.016+05:00","4.000630717289121"
"2021-10-24T21:44:16.517+05:00","12.092215561007306"
"2021-10-24T21:44:17.018+05:00","15.605539883535561"
"2021-10-24T21:44:17.519+05:00","13.546107071327757"
"2021-10-24T21:44:18.020+05:00","1.358436380971287"
"2021-10-24T21:44:18.523+05:00","2.5977712814974927"
"2021-10-24T21:44:19.025+05:00","0.7476677919754805"
"2021-10-24T21:44:19.527+05:00","1.1248876459572834"
"2021-10-24T21:44:20.028+05:00","0.2504905464471855"
"2021-10-24T21:44:20.529+05:00","0.11046747856017515"
"2021-10-24T21:44:21.030+05:00","0.42412512985845124"
"2021-10-24T21:44:21.531+05:00","0.4348197995537774"
"2021-10-24T21:44:22.033+05:00","0.23972759745805022"
"2021-10-24T21:44:22.535+05:00","0.43063224124571187"
"2021-10-24T21:44:23.036+05:00","0.23389861474099327"
"2021-10-24T21:44:23.537+05:00","0.13404079186194215"
"2021-10-24T21:44:24.038+05:00","0.4733520143574882"
"2021-10-24T21:44:24.539+05:00","0.08879912479461341"
"2021-10-24T21:44:25.040+05:00","2.575532757879057"
"2021-10-24T21:44:25.541+05:00","0.09102379729992086"
"2021-10-24T21:44:26.545+05:00","2.330867477468261"
"2021-10-24T21:44:27.047+05:00","3.1158683663419846"
"2021-10-24T21:44:27.548+05:00","1.636637837947771"
"2021-10-24T21:44:28.049+05:00","0.16201742715373665"
"2021-10-24T21:44:28.550+05:00","0.14448725121936162"
"2021-10-24T21:44:29.051+05:00","0.12253658593138876"
"2021-10-24T21:44:29.552+05:00","0.08662535581540472"
"2021-10-24T21:44:30.053+05:00","0.07792978191873727"
"2021-10-24T21:44:30.554+05:00","0.19682196925319376"
"2021-10-24T21:44:31.557+05:00","4.730104792302094"
"2021-10-24T21:44:32.058+05:00","0.4442206056242383"
"2021-10-24T21:44:32.565+05:00","0.29868692601547414"
"2021-10-24T21:44:33.066+05:00","3.543777317571207"
"2021-10-24T21:44:33.567+05:00","14.628065198166336"
"2021-10-24T21:44:34.068+05:00","2.60542467787612"
"2021-10-24T21:44:34.569+05:00","7.327619648130764"
"2021-10-24T21:44:35.069+05:00","19.622122865356538"
"2021-10-24T21:44:35.570+05:00","19.085761120487486"
"2021-10-24T21:44:36.071+05:00","8.884859205578655"
"2021-10-24T21:44:36.572+05:00","5.705672721357571"
"2021-10-24T21:44:37.072+05:00","8.979306661086403"
"2021-10-24T21:44:37.573+05:00","7.001131810013302"
"2021-10-24T21:44:38.074+05:00","9.108149893519093"
"2021-10-24T21:44:38.575+05:00","6.388526699752854"
"2021-10-24T21:44:39.076+05:00","8.28975660345627"
"2021-10-24T21:44:39.576+05:00","12.410091325201819"
"2021-10-24T21:44:40.078+05:00","9.962335073061233"
"2021-10-24T21:44:40.579+05:00","17.173257434960817"
"2021-10-24T21:44:41.080+05:00","10.096067085737525"
"2021-10-24T21:44:41.581+05:00","8.464631605589254"
"2021-10-24T21:44:42.082+05:00","14.252864548069972"
"2021-10-24T21:44:42.583+05:00","39.86661752280273"
"2021-10-24T21:44:43.084+05:00","11.743006365590567"
"2021-10-24T21:44:43.585+05:00","8.135044741680609"
"2021-10-24T21:44:44.085+05:00","12.468129955510435"
"2021-10-24T21:44:44.586+05:00","14.868067532003765"
"2021-10-24T21:44:45.088+05:00","8.05531803752017"
"2021-10-24T21:44:45.589+05:00","19.461749990396072"
"2021-10-24T21:44:46.091+05:00","4.900385887643068"
"2021-10-24T21:44:47.095+05:00","3.7265638917256076"
"2021-10-24T21:44:47.596+05:00","2.8132021556504023"
"2021-10-24T21:44:48.096+05:00","6.112387711268742"
"2021-10-24T21:44:48.597+05:00","10.231244209107246"
"2021-10-24T21:44:49.098+05:00","2.3458311898683792"
"2021-10-24T21:44:49.600+05:00","0.999946068753311"
"2021-10-24T21:44:50.101+05:00","7.4154351077393885"
"2021-10-24T21:44:50.602+05:00","19.46833491529926"
"2021-10-24T21:44:51.103+05:00","6.790983941173529"
"2021-10-24T21:44:51.604+05:00","20.01415909355092"
"2021-10-24T21:44:52.105+05:00","8.365358313661986"
"2021-10-24T21:44:52.606+05:00","16.197188019572508"
"2021-10-24T21:44:53.107+05:00","12.299691974136701"
"2021-10-24T21:44:53.611+05:00","3.9686503793777446"
"2021-10-24T21:44:54.112+05:00","3.3694366107219396"
"2021-10-24T21:44:54.613+05:00","1.3615823014033466"
"2021-10-24T21:44:55.115+05:00","1.3517548052348414"
"2021-10-24T21:44:55.615+05:00","2.035155613425663"
"2021-10-24T21:44:56.116+05:00","0.3351123984951179"
"2021-10-24T21:44:56.617+05:00","1.1462440077776652"
"2021-10-24T21:44:57.118+05:00","0.24301408606601244"
"2021-10-24T21:44:57.620+05:00","2.083387957273597"
"2021-10-24T21:44:58.122+05:00","1.5637606865569202"
"2021-10-24T21:44:58.624+05:00","0.33956029865057913"
"2021-10-24T21:44:59.126+05:00","1.1625752315879188"
"2021-10-24T21:44:59.629+05:00","0.8149066927482408"
"2021-10-24T21:45:00.132+05:00","0.14015942296010042"
"2021-10-24T21:45:01.137+05:00","0.8307656045814797"
"2021-10-24T21:45:01.640+05:00","0.7528204681863749"
"2021-10-24T21:45:02.142+05:00","4.392850613376106"
"2021-10-24T21:45:02.644+05:00","5.373187202558136"
"2021-10-24T21:45:03.145+05:00","0.5986892096236721"
"2021-10-24T21:45:03.648+05:00","0.5232599557966602"
"2021-10-24T21:45:04.150+05:00","0.7204541852447842"
"2021-10-24T21:45:04.652+05:00","0.6050983071696808"
"2021-10-24T21:45:05.153+05:00","5.818211128842812"
"2021-10-24T21:45:05.655+05:00","7.319071612499341"
"2021-10-24T21:45:06.157+05:00","1.2000100822014776"
"2021-10-24T21:45:06.659+05:00","0.9329070145417817"
"2021-10-24T21:45:07.160+05:00","1.5646891725921819"
"2021-10-24T21:45:07.661+05:00","20.176645417259024"
"2021-10-24T21:45:08.163+05:00","2.9787707316094587"
"2021-10-24T21:45:08.664+05:00","21.26576171399437"
"2021-10-24T21:45:09.165+05:00","27.361947849064034"
"2021-10-24T21:45:09.668+05:00","8.198081222156812"
"2021-10-24T21:45:10.169+05:00","15.93581546815562"
"2021-10-24T21:45:10.669+05:00","5.327722717635983"
"2021-10-24T21:45:11.170+05:00","5.080839857421249"
"2021-10-24T21:45:11.671+05:00","3.217214742236255"
"2021-10-24T21:45:12.172+05:00","5.133517545143633"
"2021-10-24T21:45:12.673+05:00","4.847553277553615"
"2021-10-24T21:45:13.174+05:00","6.162590554867456"
"2021-10-24T21:45:13.675+05:00","3.9296753961666218"
"2021-10-24T21:45:14.179+05:00","5.2948853943174345"
"2021-10-24T21:45:14.680+05:00","5.291076618487177"
"2021-10-24T21:45:15.181+05:00","5.395426363370865"
"2021-10-24T21:45:15.682+05:00","3.1207145651666153"
"2021-10-24T21:45:16.182+05:00","5.969103854313099"
"2021-10-24T21:45:16.683+05:00","11.24323114764445"
"2021-10-24T21:45:17.184+05:00","6.937301014559302"
"2021-10-24T21:45:17.685+05:00","6.573826269951813"
"2021-10-24T21:45:18.186+05:00","8.493240723591464"
"2021-10-24T21:45:18.687+05:00","4.8587502585415185"
"2021-10-24T21:45:19.188+05:00","6.421605591174256"
"2021-10-24T21:45:19.689+05:00","3.3553554685605858"
"2021-10-24T21:45:20.189+05:00","9.169521372566201"
"2021-10-24T21:45:20.690+05:00","7.943438861695192"
"2021-10-24T21:45:21.191+05:00","11.289298014546297"
"2021-10-24T21:45:21.692+05:00","16.626427675485846"
"2021-10-24T21:45:22.193+05:00","17.205702130065518"
"2021-10-24T21:45:22.694+05:00","14.49666388298169"
"2021-10-24T21:45:23.195+05:00","18.63965597663091"
"2021-10-24T21:45:23.696+05:00","4.8841494874592355"
"2021-10-24T21:45:24.197+05:00","0.7366128349289262"
"2021-10-24T21:45:24.698+05:00","17.540131501588718"
"2021-10-24T21:45:25.199+05:00","2.026719952415357"
"2021-10-24T21:45:25.700+05:00","7.320987270756634"
"2021-10-24T21:45:26.201+05:00","10.713297463181526"
"2021-10-24T21:45:26.701+05:00","18.735143311893573"
"2021-10-24T21:45:27.203+05:00","18.10478213633108"
"2021-10-24T21:45:27.705+05:00","13.097425181591436"
"2021-10-24T21:45:28.207+05:00","2.6767289481406067"
"2021-10-24T21:45:28.709+05:00","2.9780780518314627"
"2021-10-24T21:45:29.212+05:00","0.8293156687755688"
"2021-10-24T21:45:29.714+05:00","0.7789699345690412"
"2021-10-24T21:45:30.215+05:00","2.0050241597211698"
"2021-10-24T21:45:30.718+05:00","0.7254735417781404"
"2021-10-24T21:45:31.220+05:00","6.3662479748215475"
"2021-10-24T21:45:32.223+05:00","7.135885400448002"
"2021-10-24T21:45:32.725+05:00","0.6719699989676653"
"2021-10-24T21:45:33.226+05:00","0.9294129870405238"
"2021-10-24T21:45:33.729+05:00","0.2508175881794869"
"2021-10-24T21:45:34.230+05:00","0.4839090852962314"
"2021-10-24T21:45:34.732+05:00","0.46675428923739876"
"2021-10-24T21:45:35.240+05:00","0.7359641414005924"
"2021-10-24T21:45:35.742+05:00","0.8286995147737649"
"2021-10-24T21:45:36.244+05:00","1.1946258514490709"
"2021-10-24T21:45:36.747+05:00","0.12457124353685622"
"2021-10-24T21:45:37.249+05:00","1.5610280448708607"
"2021-10-24T21:45:37.752+05:00","2.6456285980730776"
"2021-10-24T21:45:38.757+05:00","0.679098389403569"
"2021-10-24T21:45:39.760+05:00","8.486738427122358"
"2021-10-24T21:45:40.262+05:00","0.22789904859637078"
"2021-10-24T21:45:40.763+05:00","1.2427628609608263"
"2021-10-24T21:45:41.265+05:00","0.37009931043657435"
"2021-10-24T21:45:41.766+05:00","22.001293550430294"
"2021-10-24T21:45:42.267+05:00","13.07718263220959"
"2021-10-24T21:45:42.768+05:00","7.4001994855736"
"2021-10-24T21:45:43.269+05:00","2.495568066952491"
"2021-10-24T21:45:43.770+05:00","13.484878971608811"
"2021-10-24T21:45:44.270+05:00","11.356255334648822"
"2021-10-24T21:45:44.771+05:00","10.325174703590699"
"2021-10-24T21:45:45.272+05:00","11.52836330977261"
"2021-10-24T21:45:45.773+05:00","13.117532440698007"
"2021-10-24T21:45:46.273+05:00","22.200942118541455"
"2021-10-24T21:45:46.774+05:00","2.622131927705971"
"2021-10-24T21:45:47.275+05:00","7.795076934506004"
"2021-10-24T21:45:47.776+05:00","2.939597763024743"
"2021-10-24T21:45:48.277+05:00","3.398658661826413"
"2021-10-24T21:45:48.778+05:00","2.5009312817168112"
"2021-10-24T21:45:49.279+05:00","15.647944717364403"
"2021-10-24T21:45:49.780+05:00","10.59003412168817"
"2021-10-24T21:45:50.281+05:00","5.556433862114381"
"2021-10-24T21:45:50.782+05:00","7.210999640865075"
"2021-10-24T21:45:51.283+05:00","13.026498027844704"
"2021-10-24T21:45:51.784+05:00","14.57457650550609"
"2021-10-24T21:45:52.285+05:00","12.114695602239571"
"2021-10-24T21:45:52.786+05:00","6.649716258861228"
"2021-10-24T21:45:53.286+05:00","12.821185380235676"
"2021-10-24T21:45:53.787+05:00","11.256662921468926"
"2021-10-24T21:45:54.288+05:00","9.015801020769217"
"2021-10-24T21:45:54.789+05:00","11.34688928429653"
"2021-10-24T21:45:55.291+05:00","21.09908263723215"
"2021-10-24T21:45:55.793+05:00","9.145571659303021"
"2021-10-24T21:45:56.294+05:00","7.816291528070732"
"2021-10-24T21:45:56.795+05:00","19.841329954943575"
"2021-10-24T21:45:57.297+05:00","2.429774478055874"
"2021-10-24T21:45:57.799+05:00","2.051396991861926"
"2021-10-24T21:45:58.300+05:00","0.958467411471424"
"2021-10-24T21:45:58.802+05:00","18.2998324599626"
"2021-10-24T21:45:59.303+05:00","4.7203669240673145"
"2021-10-24T21:45:59.804+05:00","18.87547654732582"
"2021-10-24T21:46:00.307+05:00","14.03332444600589"
"2021-10-24T21:46:00.808+05:00","2.4120731962194335"
"2021-10-24T21:46:01.310+05:00","1.036461667384236"
"2021-10-24T21:46:01.812+05:00","0.3609390117264424"
"2021-10-24T21:46:02.315+05:00","0.9448769055677642"
"2021-10-24T21:46:02.818+05:00","0.20430784825406417"
"2021-10-24T21:46:03.320+05:00","0.2563628501352554"
"2021-10-24T21:46:03.822+05:00","0.2014252614368432"
"2021-10-24T21:46:04.325+05:00","0.35014943106750535"
"2021-10-24T21:46:04.827+05:00","0.5978520512314098"
"2021-10-24T21:46:05.330+05:00","0.4811584464232629"
"2021-10-24T21:46:05.832+05:00","0.01431210165198207"
"2021-10-24T21:46:06.334+05:00","0.08754664031396765"
"2021-10-24T21:46:06.837+05:00","0.07897417639181709"
"2021-10-24T21:46:07.339+05:00","0.538258100544915"
"2021-10-24T21:46:07.842+05:00","1.7764027977283563"
"2021-10-24T21:46:08.345+05:00","0.42003912963556767"
"2021-10-24T21:46:08.848+05:00","0.4448119268982189"
"2021-10-24T21:46:09.351+05:00","2.5940667685837493"
"2021-10-24T21:46:09.853+05:00","5.977141158120354"
"2021-10-24T21:46:10.356+05:00","0.15537401363715697"
"2021-10-24T21:46:10.858+05:00","0.09476722591455239"
"2021-10-24T21:46:11.361+05:00","0.18352824547762825"
"2021-10-24T21:46:11.863+05:00","0.09517159801100772"
"2021-10-24T21:46:12.366+05:00","0.08569551016916135"
"2021-10-24T21:46:12.869+05:00","0.10981997910535511"
"2021-10-24T21:46:13.369+05:00","1.9470118064009572"
"2021-10-24T21:46:13.871+05:00","13.246544731400391"
"2021-10-24T21:46:14.372+05:00","0.7633092166409711"
"2021-10-24T21:46:14.874+05:00","1.076666824346024"
"2021-10-24T21:46:15.376+05:00","0.2393093557781122"
"2021-10-24T21:46:15.877+05:00","17.23579748886728"
"2021-10-24T21:46:16.387+05:00","4.0261977835368485"
"2021-10-24T21:46:16.888+05:00","5.433265660242941"
"2021-10-24T21:46:17.390+05:00","4.3583182296738645"
"2021-10-24T21:46:17.891+05:00","3.799733362150308"
"2021-10-24T21:46:18.392+05:00","19.909047420859366"
"2021-10-24T21:46:18.894+05:00","4.102823175543937"
"2021-10-24T21:46:19.395+05:00","6.088156199603011"
"2021-10-24T21:46:19.897+05:00","4.838298487294899"
"2021-10-24T21:46:20.398+05:00","16.706426525323494"
"2021-10-24T21:46:20.899+05:00","9.467836319231822"
"2021-10-24T21:46:21.400+05:00","12.374427607626492"
"2021-10-24T21:46:21.902+05:00","4.802250168162807"
"2021-10-24T21:46:22.403+05:00","17.49059993047858"
"2021-10-24T21:46:22.905+05:00","10.330019000891621"
"2021-10-24T21:46:23.406+05:00","5.337660149983192"
"2021-10-24T21:46:23.908+05:00","3.860426163277441"
"2021-10-24T21:46:24.409+05:00","3.332886197261411"
"2021-10-24T21:46:24.911+05:00","3.7076198670898464"
"2021-10-24T21:46:25.413+05:00","6.302070674994023"
"2021-10-24T21:46:25.915+05:00","4.470343762528138"
"2021-10-24T21:46:26.417+05:00","6.0701848588862815"
"2021-10-24T21:46:26.919+05:00","3.9983231484990562"
"2021-10-24T21:46:27.421+05:00","4.370526945072084"
"2021-10-24T21:46:27.922+05:00","7.9051261498654695"
"2021-10-24T21:46:28.424+05:00","6.019985849437687"
"2021-10-24T21:46:28.926+05:00","4.330199639206911"
"2021-10-24T21:46:29.428+05:00","8.59960581772689"
"2021-10-24T21:46:29.929+05:00","5.682611941313896"
"2021-10-24T21:46:30.431+05:00","6.616880952418914"
"2021-10-24T21:46:30.933+05:00","10.28494158964597"
"2021-10-24T21:46:31.436+05:00","0.47341643209200485"
"2021-10-24T21:46:31.939+05:00","1.074025907187571"
"2021-10-24T21:46:32.441+05:00","0.9421526237042145"
"2021-10-24T21:46:32.942+05:00","17.173675203503507"
"2021-10-24T21:46:33.443+05:00","3.2627079313857275"
"2021-10-24T21:46:33.945+05:00","4.978512996307032"
"2021-10-24T21:46:34.446+05:00","20.944658702898895"
"2021-10-24T21:46:34.947+05:00","19.897624042265768"
"2021-10-24T21:46:35.449+05:00","13.422741996525044"
"2021-10-24T21:46:35.949+05:00","7.856416008761965"
"2021-10-24T21:46:36.458+05:00","9.840525568067955"
"2021-10-24T21:46:36.959+05:00","10.337931322588998"
"2021-10-24T21:46:37.460+05:00","14.424211892714384"
"2021-10-24T21:46:37.961+05:00","23.173463341732237"
"2021-10-24T21:46:38.462+05:00","11.245373510365877"
"2021-10-24T21:46:38.962+05:00","37.58925137352672"
"2021-10-24T21:46:39.939+05:00","36.05564212158595"
"2021-10-24T21:46:40.440+05:00","8.336016648524812"
"2021-10-24T21:46:40.941+05:00","7.663918174614717"
"2021-10-24T21:46:41.442+05:00","7.550313739334042"
"2021-10-24T21:46:41.943+05:00","8.891830504418762"
"2021-10-24T21:46:42.444+05:00","10.843262633820114"
"2021-10-24T21:46:42.945+05:00","8.098071885201247"
"2021-10-24T21:46:43.446+05:00","3.1416132765111247"
"2021-10-24T21:46:43.947+05:00","2.022863766007318"
"2021-10-24T21:46:44.449+05:00","14.740180692617056"
"2021-10-24T21:46:44.950+05:00","8.211741541838542"
"2021-10-24T21:46:45.451+05:00","8.922540496094204"
"2021-10-24T21:46:45.952+05:00","9.406750862425477"
"2021-10-24T21:46:46.453+05:00","2.5147645774374885"
"2021-10-24T21:46:46.955+05:00","5.031075131438051"
"2021-10-24T21:46:47.456+05:00","4.0237794521332395"
"2021-10-24T21:46:47.958+05:00","16.40477407759812"
"2021-10-24T21:46:48.461+05:00","4.369554408759585"
"2021-10-24T21:46:48.964+05:00","2.1868845053717587"
"2021-10-24T21:46:49.467+05:00","0.4647267017093408"
"2021-10-24T21:46:49.968+05:00","18.231002288174587"
"2021-10-24T21:46:50.470+05:00","3.208598245008734"
"2021-10-24T21:46:50.971+05:00","5.289882608454013"
"2021-10-24T21:46:51.472+05:00","3.2486509657580838"
"2021-10-24T21:46:51.973+05:00","16.770490941535407"
"2021-10-24T21:46:52.474+05:00","16.423895557933804"
"2021-10-24T21:46:52.975+05:00","17.94374786462037"
"2021-10-24T21:46:53.476+05:00","9.60336985041712"
"2021-10-24T21:46:53.977+05:00","11.507645189473353"
"2021-10-24T21:46:54.478+05:00","28.486355168697905"
"2021-10-24T21:46:54.979+05:00","14.993126001921027"
"2021-10-24T21:46:55.480+05:00","9.848993292947963"
"2021-10-24T21:46:55.981+05:00","26.70944721734126"
"2021-10-24T21:46:56.482+05:00","15.175069838499724"
"2021-10-24T21:46:56.986+05:00","21.345810244066815"
"2021-10-24T21:46:57.487+05:00","17.077464731265938"
"2021-10-24T21:46:57.988+05:00","21.71798193332175"
"2021-10-24T21:46:58.490+05:00","11.16993498104551"
"2021-10-24T21:46:58.991+05:00","22.01217182951604"
"2021-10-24T21:46:59.492+05:00","18.04126055716698"
"2021-10-24T21:46:59.994+05:00","15.867693474970684"
"2021-10-24T21:47:00.496+05:00","4.298756271272257"
"2021-10-24T21:47:00.998+05:00","6.335052031873319"
"2021-10-24T21:47:01.500+05:00","4.822055949309645"
"2021-10-24T21:47:02.002+05:00","12.090273644764702"
"2021-10-24T21:47:02.504+05:00","4.312828906493676"
"2021-10-24T21:47:03.006+05:00","3.2806326439484796"
"2021-10-24T21:47:03.508+05:00","2.649735657803213"
"2021-10-24T21:47:04.009+05:00","5.085098898485482"
"2021-10-24T21:47:04.512+05:00","4.154104658692892"
"2021-10-24T21:47:05.013+05:00","15.540985501785812"
"2021-10-24T21:47:05.516+05:00","3.3056277171420336"
"2021-10-24T21:47:06.018+05:00","0.970043874499785"
"2021-10-24T21:47:06.521+05:00","0.6837916004989235"
"2021-10-24T21:47:07.022+05:00","3.2872735280895222"
"2021-10-24T21:47:07.523+05:00","16.48205193266037"
"2021-10-24T21:47:08.025+05:00","4.2161180158650815"
"2021-10-24T21:47:08.527+05:00","3.22632265565665"
"2021-10-24T21:47:09.028+05:00","3.414477747170595"
"2021-10-24T21:47:09.530+05:00","10.137235462336687"
"2021-10-24T21:47:10.031+05:00","20.952792001076897"
"2021-10-24T21:47:10.532+05:00","9.1796082888677"
"2021-10-24T21:47:11.033+05:00","8.72224712908724"
"2021-10-24T21:47:11.534+05:00","8.387793500844229"
"2021-10-24T21:47:12.035+05:00","16.59847361914965"
"2021-10-24T21:47:12.536+05:00","14.217051135658892"
"2021-10-24T21:47:13.037+05:00","19.515600941768405"
"2021-10-24T21:47:13.538+05:00","8.635253188878266"
"2021-10-24T21:47:14.041+05:00","1.5409848564468356"
"2021-10-24T21:47:14.542+05:00","1.4763039457822884"
"2021-10-24T21:47:15.044+05:00","0.2869043558906378"
"2021-10-24T21:47:15.546+05:00","0.41805825503164207"
"2021-10-24T21:47:16.047+05:00","0.554259239153392"
"2021-10-24T21:47:16.548+05:00","0.016676427510459717"
"2021-10-24T21:47:17.049+05:00","0.42876301459834865"
"2021-10-24T21:47:17.553+05:00","0.1565397229922468"
"2021-10-24T21:47:18.054+05:00","0.22145063721638872"
"2021-10-24T21:47:18.555+05:00","0.10973686751544681"
"2021-10-24T21:47:19.057+05:00","1.121602659184624"
"2021-10-24T21:47:19.558+05:00","1.5667184192693786"
"2021-10-24T21:47:20.061+05:00","3.8717443309075943"
"2021-10-24T21:47:20.562+05:00","2.567355480315791"
"2021-10-24T21:47:21.063+05:00","0.15066884960755222"
"2021-10-24T21:47:21.565+05:00","0.49449263563802565"
"2021-10-24T21:47:22.066+05:00","10.374409242030712"
"2021-10-24T21:47:22.569+05:00","0.4175552335430179"
"2021-10-24T21:47:23.070+05:00","1.0580011942072116"
"2021-10-24T21:47:23.573+05:00","0.26206732974946156"
"2021-10-24T21:47:24.075+05:00","16.488316573960034"
"2021-10-24T21:47:24.576+05:00","5.464807816171655"
"2021-10-24T21:47:25.077+05:00","4.888426346907958"
"2021-10-24T21:47:25.578+05:00","13.176797984342258"
"2021-10-24T21:47:26.079+05:00","13.747578499049098"
"2021-10-24T21:47:26.580+05:00","8.067511501622885"
"2021-10-24T21:47:27.081+05:00","13.420222065836613"
"2021-10-24T21:47:27.582+05:00","10.704720934157425"
"2021-10-24T21:47:28.083+05:00","7.888062171607603"
"2021-10-24T21:47:28.584+05:00","13.909679756973377"
"2021-10-24T21:47:29.085+05:00","15.436578205093959"
"2021-10-24T21:47:29.586+05:00","9.305898336798665"
"2021-10-24T21:47:30.086+05:00","10.944094251604659"
"2021-10-24T21:47:30.587+05:00","13.389129013351354"
"2021-10-24T21:47:31.088+05:00","33.79327612801843"
"2021-10-24T21:47:31.589+05:00","27.559272154316496"
"2021-10-24T21:47:32.090+05:00","15.382248412479186"
"2021-10-24T21:47:32.591+05:00","15.782553228897319"
"2021-10-24T21:47:33.092+05:00","9.941976661223585"
"2021-10-24T21:47:33.593+05:00","8.330839263637111"
"2021-10-24T21:47:34.094+05:00","8.604781954640458"
"2021-10-24T21:47:34.595+05:00","7.7707579644446465"
"2021-10-24T21:47:35.096+05:00","5.686443956719396"
"2021-10-24T21:47:35.598+05:00","6.434647116666017"
"2021-10-24T21:47:36.100+05:00","1.224934243362467"
"2021-10-24T21:47:36.602+05:00","1.8437323006077586"
"2021-10-24T21:47:37.103+05:00","1.25180777441691"
"2021-10-24T21:47:37.605+05:00","2.455924885024988"
"2021-10-24T21:47:38.108+05:00","0.856396836456357"
"2021-10-24T21:47:38.612+05:00","0.7461673966542544"
"2021-10-24T21:47:39.113+05:00","13.935999955471193"
"2021-10-24T21:47:39.614+05:00","2.80192909718481"
"2021-10-24T21:47:40.116+05:00","0.7779080431463358"
"2021-10-24T21:47:40.619+05:00","0.8218024302491732"
"2021-10-24T21:47:41.120+05:00","16.21771387129792"
"2021-10-24T21:47:41.621+05:00","7.343149169173944"
"2021-10-24T21:47:42.122+05:00","2.7448458228605386"
"2021-10-24T21:47:42.623+05:00","8.108026746428111"
"2021-10-24T21:47:43.124+05:00","27.313466937795763"
"2021-10-24T21:47:43.625+05:00","9.839282764864443"
"2021-10-24T21:47:44.126+05:00","18.31010152728577"
"2021-10-24T21:47:44.627+05:00","29.257718589694385"
"2021-10-24T21:47:45.128+05:00","10.948821845584707"
"2021-10-24T21:47:45.629+05:00","6.921719818611081"
"2021-10-24T21:47:46.130+05:00","11.330434514276567"
"2021-10-24T21:47:46.630+05:00","20.19174849981196"
"2021-10-24T21:47:47.131+05:00","8.57954999574141"
"2021-10-24T21:47:47.632+05:00","12.063257764435832"
"2021-10-24T21:47:48.133+05:00","16.780988475376873"
"2021-10-24T21:47:48.634+05:00","22.56704440433653"
"2021-10-24T21:47:49.136+05:00","16.850233267615934"
"2021-10-24T21:47:49.637+05:00","12.836872351300968"
"2021-10-24T21:47:50.138+05:00","24.64469264753662"
"2021-10-24T21:47:50.639+05:00","21.387740593224628"
"2021-10-24T21:47:51.141+05:00","7.517574990208734"
"2021-10-24T21:47:51.643+05:00","1.0445045063202865"
"2021-10-24T21:47:52.145+05:00","4.492685995455454"
"2021-10-24T21:47:52.648+05:00","5.466211142454929"
"2021-10-24T21:47:53.149+05:00","4.951671751438564"
"2021-10-24T21:47:53.650+05:00","9.491065450335155"
"2021-10-24T21:47:54.152+05:00","1.9177707850843957"
"2021-10-24T21:47:54.653+05:00","1.9659176137664482"
"2021-10-24T21:47:55.154+05:00","2.7883153773230873"
"2021-10-24T21:47:55.655+05:00","0.5452779187721115"
"2021-10-24T21:47:56.156+05:00","12.818744979430868"
"2021-10-24T21:47:56.658+05:00","2.723327131747743"
"2021-10-24T21:47:57.159+05:00","1.1440738524752705"
"2021-10-24T21:47:57.661+05:00","0.20429329395103754"
"2021-10-24T21:47:58.162+05:00","16.40342745596679"
"2021-10-24T21:47:58.663+05:00","5.600993933799699"
"2021-10-24T21:47:59.164+05:00","3.6038189686522846"
"2021-10-24T21:47:59.668+05:00","5.109103209626622"
"2021-10-24T21:48:00.170+05:00","2.881837288242706"
"2021-10-24T21:48:00.671+05:00","14.391311328054515"
"2021-10-24T21:48:01.171+05:00","18.597482180326004"
"2021-10-24T21:48:01.672+05:00","15.01589063210143"
"2021-10-24T21:48:02.173+05:00","12.223173564779078"
"2021-10-24T21:48:02.675+05:00","9.601401542981957"
"2021-10-24T21:48:03.176+05:00","7.738520485405268"
"2021-10-24T21:48:03.677+05:00","20.552917774474196"
"2021-10-24T21:48:04.178+05:00","27.406451802953335"
"2021-10-24T21:48:04.679+05:00","22.469155224803085"
"2021-10-24T21:48:05.180+05:00","15.97983188284573"
"2021-10-24T21:48:05.681+05:00","20.436305297796935"
"2021-10-24T21:48:06.181+05:00","32.21858056295147"
"2021-10-24T21:48:06.682+05:00","24.018512259091388"
"2021-10-24T21:48:07.286+05:00","51.517939007621784"
"2021-10-24T21:48:07.787+05:00","31.270318109176966"
"2021-10-24T21:48:08.288+05:00","19.579478565174394"
"2021-10-24T21:48:08.790+05:00","7.03114112708888"
"2021-10-24T21:48:09.290+05:00","7.309289895553896"
"2021-10-24T21:48:09.791+05:00","7.407519692763634"
"2021-10-24T21:48:10.293+05:00","2.86074073360306"
"2021-10-24T21:48:10.795+05:00","2.759210538575274"
"2021-10-24T21:48:11.296+05:00","3.1404742338522933"
"2021-10-24T21:48:11.798+05:00","1.8774282453665512"
"2021-10-24T21:48:12.299+05:00","3.5531899773565283"
"2021-10-24T21:48:12.800+05:00","3.9084643315656247"
"2021-10-24T21:48:13.301+05:00","1.857589955907541"
"2021-10-24T21:48:13.803+05:00","19.954073044450503"
"2021-10-24T21:48:14.391+05:00","1.0596664137767045"
"2021-10-24T21:48:14.893+05:00","2.804299785636513"
"2021-10-24T21:48:15.395+05:00","0.6534022520716972"
"2021-10-24T21:48:15.896+05:00","2.39620226229624"
"2021-10-24T21:48:16.397+05:00","2.4120013042497535"
"2021-10-24T21:48:16.898+05:00","4.850843391997523"
"2021-10-24T21:48:17.398+05:00","7.699542331229264"
"2021-10-24T21:48:17.899+05:00","2.5189189900794218"
"2021-10-24T21:48:18.400+05:00","14.325373540006268"
"2021-10-24T21:48:18.901+05:00","7.764668965621368"
"2021-10-24T21:48:19.402+05:00","8.089621040741479"
"2021-10-24T21:48:19.906+05:00","20.597794470776165"
"2021-10-24T21:48:20.407+05:00","5.157451807562347"
"2021-10-24T21:48:20.908+05:00","4.299987379878253"
"2021-10-24T21:48:21.409+05:00","15.483356804518912"
"2021-10-24T21:48:21.910+05:00","22.528154675542602"
"2021-10-24T21:48:22.411+05:00","10.884751609071916"
"2021-10-24T21:48:22.912+05:00","11.168710621953757"
"2021-10-24T21:48:23.413+05:00","14.577714017006386"
"2021-10-24T21:48:23.914+05:00","14.073270823842806"
"2021-10-24T21:48:24.416+05:00","2.969343623396834"
"2021-10-24T21:48:24.917+05:00","4.903686777492751"
"2021-10-24T21:48:25.419+05:00","1.4634804644771346"
"2021-10-24T21:48:25.921+05:00","3.6333049897528102"
"2021-10-24T21:48:26.422+05:00","2.9614237278158733"
"2021-10-24T21:48:26.924+05:00","3.356682081382428"
"2021-10-24T21:48:27.425+05:00","0.22632479286619414"
"2021-10-24T21:48:27.926+05:00","0.2697329696108648"
"2021-10-24T21:48:28.428+05:00","0.4021910074530405"
"2021-10-24T21:48:28.929+05:00","0.8748132589535501"
"2021-10-24T21:48:29.430+05:00","0.12703031750691848"
"2021-10-24T21:48:29.932+05:00","0.22435505472430894"
"2021-10-24T21:48:30.435+05:00","0.09675540937780472"
"2021-10-24T21:48:30.937+05:00","0.36509075136375624"
"2021-10-24T21:48:31.438+05:00","3.6788489947880882"
"2021-10-24T21:48:31.939+05:00","14.040023595231666"
"2021-10-24T21:48:32.441+05:00","1.0279551298445206"
"2021-10-24T21:48:32.943+05:00","1.643222050749181"
"2021-10-24T21:48:33.444+05:00","0.27852945162037424"
"2021-10-24T21:48:33.945+05:00","16.02350682066942"
"2021-10-24T21:48:34.446+05:00","4.492668138691944"
"2021-10-25T05:58:51.151+05:00","0.7530354074047005"
"2021-10-25T05:58:52.662+05:00","0.08544023824360984"
"2021-10-25T05:58:53.166+05:00","0.10460393456118465"
"2021-10-25T05:58:54.678+05:00","0.19073106892478842"
"2021-10-25T05:58:55.182+05:00","0.4555536931362022"
"2021-10-25T05:58:55.684+05:00","0.14798036598460515"
"2021-10-25T05:58:56.691+05:00","0.5708116636319811"
"2021-10-25T05:58:57.195+05:00","0.18803077080045608"
"2021-10-25T05:58:57.698+05:00","0.654563789747544"
"2021-10-25T05:58:58.202+05:00","0.042552918283803906"
"2021-10-25T05:58:59.209+05:00","0.04589832749601345"
"2021-10-25T05:58:59.712+05:00","0.15693338732831807"
"2021-10-25T05:59:00.720+05:00","0.8607155735444976"
"2021-10-25T05:59:01.224+05:00","0.04871671039138381"
"2021-10-25T05:59:01.728+05:00","0.2798044759536366"
"2021-10-25T05:59:02.232+05:00","0.03968326401433931"
"2021-10-25T05:59:02.736+05:00","0.07650058046774715"
"2021-10-25T05:59:03.240+05:00","0.07485129165585196"
"2021-10-25T05:59:03.743+05:00","0.15021881187015773"
"2021-10-25T05:59:04.247+05:00","0.10233087839302912"
"2021-10-25T05:59:04.750+05:00","0.03786002208958306"
"2021-10-25T05:59:05.254+05:00","0.1034588321519779"
"2021-10-25T05:59:06.262+05:00","0.5321337451846929"
"2021-10-25T05:59:06.765+05:00","0.18914411912418316"
"2021-10-25T05:59:07.268+05:00","1.5635541590837687"
"2021-10-25T05:59:08.275+05:00","0.05747185300090631"
"2021-10-25T05:59:13.789+05:00","7.354500785643465"
"2021-10-25T05:59:15.797+05:00","21.309614426362035"
"2021-10-25T05:59:16.298+05:00","24.156711821910434"
"2021-10-25T05:59:19.812+05:00","3.4997426932520885"
"2021-10-25T05:59:21.319+05:00","9.748151479635705"
"2021-10-25T05:59:22.326+05:00","7.51282527962964"
"2021-10-25T05:59:22.830+05:00","9.387482190746947"
"2021-10-25T05:59:25.344+05:00","5.840334322345698"
"2021-10-25T05:59:25.848+05:00","0.5612005135365972"
"2021-10-25T05:59:31.372+05:00","2.749243505483441"
"2021-10-25T05:59:33.887+05:00","1.0481306330147167"
"2021-10-25T05:59:35.398+05:00","0.5739586458694033"
"2021-10-25T05:59:35.901+05:00","0.9597289988243523"
"2021-10-25T05:59:36.405+05:00","0.4002104044804804"
"2021-10-25T05:59:36.908+05:00","0.5706123793232921"
"2021-10-25T05:59:37.410+05:00","1.0782297787103357"
"2021-10-25T05:59:37.914+05:00","1.5517275253108933"
"2021-10-25T05:59:38.418+05:00","0.40163113219691315"
"2021-10-25T05:59:38.922+05:00","0.5923312233098817"
"2021-10-25T05:59:40.427+05:00","0.5749465735470991"
"2021-10-25T05:59:40.931+05:00","0.3400490458429972"
"2021-10-25T05:59:43.441+05:00","0.3798117571461195"
"2021-10-25T05:59:43.944+05:00","19.418061835630496"
"2021-10-25T05:59:45.449+05:00","16.301653374247984"
"2021-10-25T05:59:47.962+05:00","0.675938989442065"
"2021-10-25T05:59:48.968+05:00","0.36571102389551996"
"2021-10-25T05:59:49.471+05:00","0.8843623227976278"
"2021-10-25T05:59:49.975+05:00","0.36585955615065746"
"2021-10-25T05:59:50.980+05:00","2.9866991818932083"
"2021-10-25T05:59:51.988+05:00","0.1789280615979891"
"2021-10-25T05:59:52.994+05:00","0.36863640046350143"
"2021-10-25T05:59:53.497+05:00","0.35771173030141745"
"2021-10-25T05:59:54.001+05:00","1.6317322198062627"
"2021-10-25T05:59:54.504+05:00","0.48675730818255486"
"2021-10-25T05:59:55.006+05:00","11.079417659752064"
"2021-10-25T05:59:55.508+05:00","4.108627709447876"
"2021-10-25T05:59:57.013+05:00","2.0059009945862907"
"2021-10-25T05:59:57.517+05:00","0.2578551741223481"
"2021-10-25T05:59:58.020+05:00","0.3052717832216163"
"2021-10-25T05:59:58.524+05:00","0.15263389668244212"
"2021-10-25T05:59:59.028+05:00","0.44467470175291174"
"2021-10-25T05:59:59.531+05:00","0.0676445512347013"
"2021-10-25T06:00:00.536+05:00","1.8427874306003438"
"2021-10-25T06:00:01.039+05:00","0.5060906115271226"
"2021-10-25T06:00:01.542+05:00","0.1329806812141801"
"2021-10-25T06:00:02.044+05:00","0.18994181390665224"
"2021-10-25T06:00:02.547+05:00","0.025953649234455204"
"2021-10-25T06:00:03.050+05:00","0.0616308618261242"
"2021-10-25T06:00:03.553+05:00","0.03077235208687315"
"2021-10-25T06:00:04.056+05:00","0.07268910582163866"
"2021-10-25T06:00:04.558+05:00","0.035124756199780324"
"2021-10-25T06:00:05.060+05:00","0.017349367805832433"
"2021-10-25T06:00:05.563+05:00","0.05235276251253792"
"2021-10-25T06:00:06.064+05:00","0.21206356974538548"
"2021-10-25T06:00:06.567+05:00","0.04973692227667874"
"2021-10-25T06:00:07.069+05:00","1.2365819005220013"
"2021-10-25T06:00:08.077+05:00","0.01954291692548877"
"2021-10-25T06:00:08.581+05:00","0.2792436914814703"
"2021-10-25T06:00:09.084+05:00","0.09210863411456169"
"2021-10-25T06:00:09.588+05:00","0.1222534689765005"
"2021-10-25T06:00:10.593+05:00","0.03877216451573696"
"2021-10-25T06:00:11.095+05:00","2.7472033099975635"
"2021-10-25T06:00:12.598+05:00","0.09905691597280118"
"2021-10-25T06:00:13.102+05:00","0.0330663021246296"
"2021-10-25T06:00:13.605+05:00","0.08154766413682539"
"2021-10-25T06:00:14.610+05:00","0.11999720537178404"
"2021-10-25T06:00:15.113+05:00","0.11710725358531456"
"2021-10-25T06:00:15.615+05:00","0.01458305785601169"
"2021-10-25T06:00:16.119+05:00","0.1091383798433003"
"2021-10-25T06:00:16.622+05:00","0.06599191111933793"
"2021-10-25T06:00:17.126+05:00","0.4788250218099106"
"2021-10-25T06:00:17.629+05:00","0.3321494581287884"
"2021-10-25T06:00:18.131+05:00","0.24873105991875244"
"2021-10-25T06:00:19.137+05:00","1.3096256234734092"
"2021-10-25T06:00:19.640+05:00","0.06889082951567094"
"2021-10-25T06:00:20.143+05:00","0.35636583440772773"
"2021-10-25T06:00:20.647+05:00","0.25472091879929676"
"2021-10-25T06:00:21.149+05:00","0.5020518036066154"
"2021-10-25T06:00:21.651+05:00","0.16126107558924752"
"2021-10-25T06:00:22.154+05:00","0.018205104749363356"
"2021-10-25T06:00:22.658+05:00","0.06385382568065563"
"2021-10-25T06:00:23.161+05:00","0.03985327341069499"
"2021-10-25T06:00:23.664+05:00","0.057899499363571263"
"2021-10-25T06:00:24.168+05:00","0.1524650703091628"
"2021-10-25T06:00:24.670+05:00","4.173594894332324"
"2021-10-25T06:00:25.172+05:00","6.698289381386937"
"2021-10-25T06:00:25.675+05:00","2.7210148295340764"
"2021-10-25T06:00:26.179+05:00","0.061925763699008325"
"2021-10-25T06:00:26.683+05:00","0.2701012379378715"
"2021-10-25T06:00:27.185+05:00","0.12483061567535729"
"2021-10-25T06:00:27.686+05:00","0.24780505708758943"
"2021-10-25T06:00:28.190+05:00","0.04797000545749061"
"2021-10-25T06:00:28.693+05:00","0.4568249984698108"
"2021-10-25T06:00:29.197+05:00","0.029484401703669318"
"2021-10-25T06:00:29.701+05:00","0.13602297916281375"
"2021-10-25T06:00:30.204+05:00","0.30022461222848834"
"2021-10-25T06:00:31.209+05:00","0.027735309511637583"
"2021-10-25T06:00:31.713+05:00","0.18468201331390294"
"2021-10-25T06:00:32.217+05:00","0.02782154007860766"
"2021-10-25T06:00:32.720+05:00","0.05652084359264859"
"2021-10-25T06:00:33.222+05:00","0.08925356774327751"
"2021-10-25T06:00:33.723+05:00","0.07781540852372401"
"2021-10-25T06:00:34.227+05:00","0.03891151909329166"
"2021-10-25T06:00:35.231+05:00","0.014911675792661977"
"2021-10-25T06:00:35.735+05:00","0.0583244079000454"
"2021-10-25T06:00:36.238+05:00","0.09109653618846071"
"2021-10-25T06:00:36.742+05:00","0.06839190436075951"
"2021-10-25T06:00:37.245+05:00","0.47727644544365994"
"2021-10-25T06:00:37.749+05:00","2.434669235938957"
"2021-10-25T06:00:38.251+05:00","0.08096621572056809"
"2021-10-25T06:00:38.755+05:00","0.16105348360229327"
"2021-10-25T06:00:39.256+05:00","0.20515512763005536"
"2021-10-25T06:00:39.757+05:00","0.10782860929369201"
"2021-10-25T06:00:40.260+05:00","0.048171010775300414"
"2021-10-25T06:00:40.764+05:00","0.29558304266046"
"2021-10-25T06:00:41.267+05:00","0.04235839778035068"
"2021-10-25T06:00:41.770+05:00","0.18046817949345906"
"2021-10-25T06:00:42.273+05:00","0.13666721912840962"
"2021-10-25T06:00:42.775+05:00","0.15520599497460275"
"2021-10-25T06:00:43.277+05:00","0.054588540399520366"
"2021-10-25T06:00:43.780+05:00","0.030332632109560834"
"2021-10-25T06:00:44.283+05:00","0.09702181053886803"
"2021-10-25T06:00:44.785+05:00","0.044779279501337615"
"2021-10-25T06:00:45.288+05:00","0.16587749032994367"
"2021-10-25T06:00:45.789+05:00","0.03190234821761885"
"2021-10-25T06:00:46.792+05:00","0.06040580898968484"
"2021-10-25T06:00:47.293+05:00","0.12706804437646277"
"2021-10-25T06:00:47.796+05:00","0.10002272086855689"
"2021-10-25T06:00:48.297+05:00","0.3977746197336839"
"2021-10-25T06:00:48.798+05:00","0.12021710584119631"
"2021-10-25T06:00:49.802+05:00","0.012623166915635338"
"2021-10-25T06:00:50.807+05:00","0.056838346712052096"
"2021-10-25T06:00:51.309+05:00","2.0535385993979207"
"2021-10-25T06:00:52.312+05:00","0.05206993881640725"
"2021-10-25T06:00:52.816+05:00","0.0314421579928144"
"2021-10-25T06:00:53.318+05:00","0.14845040049236366"
"2021-10-25T06:00:54.323+05:00","0.31092413544439457"
"2021-10-25T06:00:54.824+05:00","0.03222526515544541"
"2021-10-25T06:00:55.828+05:00","0.024731083834439976"
"2021-10-25T06:00:56.331+05:00","0.09278063277583613"
"2021-10-25T06:00:56.833+05:00","0.06316924860164394"
"2021-10-25T06:00:57.335+05:00","0.05493287023578594"
"2021-10-25T06:00:57.836+05:00","0.05423908831067912"
"2021-10-25T06:00:59.842+05:00","0.038574878818397884"
"2021-10-25T06:01:00.844+05:00","0.0584490947321128"
"2021-10-25T06:01:01.346+05:00","0.1139241038475725"
"2021-10-25T06:01:01.848+05:00","0.028441947246373937"
"2021-10-25T06:01:02.349+05:00","0.040795710558374096"
"2021-10-25T06:01:02.851+05:00","0.009597471120186923"
"2021-10-25T06:01:03.354+05:00","0.10574857196782361"
"2021-10-25T06:01:03.855+05:00","0.029357548352246167"
"2021-10-25T06:01:04.357+05:00","0.07835852150101988"
"2021-10-25T06:01:05.865+05:00","0.033502163950138185"
"2021-10-25T06:01:06.870+05:00","0.83161162965747"
"2021-10-25T06:01:07.372+05:00","3.1868056942062752"
"2021-10-25T06:01:08.378+05:00","1.4994606826032608"
"2021-10-25T06:01:08.882+05:00","0.3875551253162599"
"2021-10-25T06:01:09.386+05:00","0.21284166062691984"
"2021-10-25T06:01:11.892+05:00","7.857415282031232"
"2021-10-25T06:01:12.393+05:00","9.643307068311705"
"2021-10-25T06:01:12.895+05:00","6.092428583754633"
"2021-10-25T06:01:13.408+05:00","0.133582311407421"
"2021-10-25T06:01:13.910+05:00","1.6162400943012187"
"2021-10-25T06:01:14.914+05:00","2.5491953088480463"
"2021-10-25T06:01:15.417+05:00","0.23615118805145002"
"2021-10-25T06:01:15.920+05:00","0.3037384794468432"
"2021-10-25T06:01:16.422+05:00","0.07371100201539259"
"2021-10-25T06:01:16.925+05:00","0.10863730627372603"
"2021-10-25T06:01:17.426+05:00","4.141384209747529"
"2021-10-25T06:01:17.929+05:00","0.43195182442480806"
"2021-10-25T06:01:18.431+05:00","4.590180334815602"
"2021-10-25T06:01:18.934+05:00","3.1115556378453255"
"2021-10-25T06:01:19.436+05:00","1.0046281949525306"
"2021-10-25T06:01:19.939+05:00","1.324594052541155"
"2021-10-25T06:01:21.445+05:00","1.1463044152182977"
"2021-10-25T06:01:21.948+05:00","0.027740191776467894"
"2021-10-25T06:01:22.450+05:00","0.10896311160901433"
"2021-10-25T06:01:22.953+05:00","0.088919528566749"
"2021-10-25T06:01:23.455+05:00","0.05653016081873564"
"2021-10-25T06:01:23.957+05:00","0.09556099230939984"
"2021-10-25T06:01:24.459+05:00","0.1121776660061772"
"2021-10-25T06:01:25.465+05:00","0.0861061260881551"
"2021-10-25T06:01:25.965+05:00","0.016701215005407215"
"2021-10-25T06:01:26.468+05:00","0.09641762052747083"
"2021-10-25T06:01:26.970+05:00","0.09704619301369874"
"2021-10-25T06:01:27.472+05:00","0.011136658637341819"
"2021-10-25T06:01:27.973+05:00","3.5146439482110514"
"2021-10-25T06:01:28.476+05:00","0.024366745262773742"
"2021-10-25T06:01:29.481+05:00","0.041481020319394046"
"2021-10-25T06:01:29.984+05:00","0.19472467398610524"
"2021-10-25T06:01:30.487+05:00","0.011969574234885857"
"2021-10-25T06:01:31.492+05:00","0.10551957980249194"
"2021-10-25T06:01:31.996+05:00","0.07045691727352373"
"2021-10-25T06:01:32.498+05:00","0.031890243426881376"
"2021-10-25T06:01:33.504+05:00","0.011144605251592573"
"2021-10-25T06:01:34.006+05:00","0.0917002461279954"
"2021-10-25T06:01:34.518+05:00","0.004701566978766685"
"2021-10-25T06:01:35.019+05:00","0.030493731011519098"
"2021-10-25T06:01:35.522+05:00","0.02186725795989265"
"2021-10-25T06:01:36.023+05:00","0.1629859365159262"
"2021-10-25T06:01:36.526+05:00","0.009794443068740253"
"2021-10-25T06:01:37.028+05:00","0.04806783435712504"
"2021-10-25T06:01:37.529+05:00","1.7382768944276306"
"2021-10-25T06:01:38.031+05:00","0.05298534283822055"
"2021-10-25T06:01:38.534+05:00","0.12233207691901632"
"2021-10-25T06:01:39.037+05:00","0.09286962866358427"
"2021-10-25T06:01:39.540+05:00","0.10989021000824434"
"2021-10-25T06:01:40.041+05:00","0.18622322147174375"
"2021-10-25T06:01:40.543+05:00","0.4317510032408699"
"2021-10-25T06:01:41.046+05:00","0.03319869147787806"
"2021-10-25T06:01:41.549+05:00","0.14550759289916898"
"2021-10-25T06:01:42.052+05:00","0.13568584384566226"
"2021-10-25T06:01:42.554+05:00","0.08450677663450272"
"2021-10-25T06:01:43.057+05:00","0.03468856786566234"
"2021-10-25T06:01:43.560+05:00","0.04056333565078864"
"2021-10-25T06:01:44.062+05:00","0.09964457900582768"
"2021-10-25T06:01:44.564+05:00","0.06721824853636013"
"2021-10-25T06:01:45.067+05:00","0.28837964209339806"
"2021-10-25T06:01:45.569+05:00","0.025966278312299133"
"2021-10-25T06:01:46.574+05:00","0.06084226414789127"
"2021-10-25T06:01:47.077+05:00","0.03329371295150024"
"2021-10-25T06:01:47.579+05:00","0.1187491862555912"
"2021-10-25T06:01:48.081+05:00","0.5285484654417809"
"2021-10-25T06:01:48.584+05:00","0.10700105205699101"
"2021-10-25T06:01:49.085+05:00","0.05894800101683473"
"2021-10-25T06:01:49.587+05:00","0.01751620784485356"
"2021-10-25T06:01:50.090+05:00","0.05613020841851343"
"2021-10-25T06:01:50.591+05:00","18.163008677603717"
"2021-10-25T06:01:51.594+05:00","3.9558834124842686"
"2021-10-25T06:01:52.596+05:00","29.4967608817511"
"2021-10-25T06:01:53.097+05:00","37.352184880015855"
"2021-10-25T06:01:56.107+05:00","8.65368844402405"
"2021-10-25T06:01:56.609+05:00","3.189529369814938"
"2021-10-25T06:01:57.613+05:00","3.5553172545690694"
"2021-10-25T06:01:58.114+05:00","5.487861153372665"
"2021-10-25T06:01:58.616+05:00","1.5832698161778205"
"2021-10-25T06:01:59.118+05:00","0.6307332363334105"
"2021-10-25T06:01:59.620+05:00","1.8599816379585508"
"2021-10-25T06:02:00.122+05:00","7.537727005167827"
"2021-10-25T06:02:00.623+05:00","4.954099074805783"
"2021-10-25T06:02:01.125+05:00","1.4812579486297035"
"2021-10-25T06:02:01.627+05:00","1.706703103455591"
"2021-10-25T06:02:02.128+05:00","1.5224399420733707"
"2021-10-25T06:02:02.631+05:00","3.2825800437020627"
"2021-10-25T06:02:03.636+05:00","6.639096456254919"
"2021-10-25T06:02:04.138+05:00","2.531959216705192"
"2021-10-25T06:02:04.641+05:00","1.8918189196394826"
"2021-10-25T06:02:05.143+05:00","0.5375905942148489"
"2021-10-25T06:02:05.646+05:00","1.2855740436264873"
"2021-10-25T06:02:06.148+05:00","1.354714040578318"
"2021-10-25T06:02:06.650+05:00","1.1169094134742648"
"2021-10-25T06:02:07.152+05:00","0.6934597993426231"
"2021-10-25T06:02:07.655+05:00","4.946886628430891"
"2021-10-25T06:02:08.157+05:00","1.3554282054006583"
"2021-10-25T06:02:08.660+05:00","1.405697715313589"
"2021-10-25T06:02:09.664+05:00","5.9036579849156485"
"2021-10-25T06:02:11.673+05:00","2.1495798819120284"
"2021-10-25T06:02:12.174+05:00","0.3391307349410718"
"2021-10-25T06:02:13.678+05:00","28.070165898928575"
"2021-10-25T06:02:14.681+05:00","7.152733856903694"
"2021-10-25T06:02:15.695+05:00","0.6426395541524279"
"2021-10-25T06:02:16.197+05:00","1.8752564239244964"
"2021-10-25T06:02:16.700+05:00","2.4284201069878866"
"2021-10-25T06:02:17.704+05:00","3.128215019547581"
"2021-10-25T06:02:18.207+05:00","0.838008509150416"
"2021-10-25T06:02:18.709+05:00","0.6466414646568704"
"2021-10-25T06:02:19.715+05:00","3.3414327580795726"
"2021-10-25T06:02:20.217+05:00","1.5521137460864514"
"2021-10-25T06:02:20.720+05:00","1.1380527701944205"
"2021-10-25T06:02:21.223+05:00","0.6220131871049951"
"2021-10-25T06:02:21.725+05:00","1.9617754445664297"
"2021-10-25T06:02:22.228+05:00","0.3687362225302327"
"2021-10-25T06:02:22.729+05:00","0.690204506081386"
"2021-10-25T06:02:24.736+05:00","0.5993066120401487"
"2021-10-25T06:02:25.238+05:00","2.394459936453034"
"2021-10-25T06:02:25.741+05:00","0.6612454729708138"
"2021-10-25T06:02:26.243+05:00","0.3372861195116875"
"2021-10-25T06:02:26.746+05:00","0.46379160586568124"
"2021-10-25T06:02:27.248+05:00","0.5914664818695743"
"2021-10-25T06:02:27.751+05:00","0.3653076472111842"
"2021-10-25T06:02:28.253+05:00","0.4418141606473602"
"2021-10-25T06:02:28.756+05:00","0.3573926878110071"
"2021-10-25T06:02:29.258+05:00","1.8095345687885502"
"2021-10-25T06:02:30.263+05:00","2.4801982847266917"
"2021-10-25T06:02:30.766+05:00","0.47454012200461293"
"2021-10-25T06:02:31.268+05:00","0.5948570013977833"
"2021-10-25T06:02:31.770+05:00","2.6561221319748416"
"2021-10-25T06:02:32.272+05:00","0.5160561628822941"
"2021-10-25T06:02:32.773+05:00","12.652962475727165"
"2021-10-25T06:02:33.276+05:00","3.4298817462254103"
"2021-10-25T06:02:33.779+05:00","1.5923272583195622"
"2021-10-25T06:02:34.281+05:00","1.0950185476495053"
"2021-10-25T06:02:35.785+05:00","25.787754492445558"
"2021-10-25T06:02:36.286+05:00","24.09873974747956"
"2021-10-25T06:02:37.297+05:00","10.623314579713286"
"2021-10-25T06:02:37.800+05:00","5.678233019155799"
"2021-10-25T06:02:38.302+05:00","3.19409256598391"
"2021-10-25T06:02:38.805+05:00","1.2626397470912731"
"2021-10-25T06:02:39.809+05:00","0.6766776730621378"
"2021-10-25T06:02:40.312+05:00","0.30942428427203256"
"2021-10-25T06:02:40.815+05:00","0.2235799548197393"
"2021-10-25T06:02:41.317+05:00","0.5155109641661596"
"2021-10-25T06:02:41.818+05:00","0.17422617060148646"
"2021-10-25T06:02:42.321+05:00","0.16496718500288463"
"2021-10-25T06:02:42.824+05:00","1.3278036156367394"
"2021-10-25T06:02:43.325+05:00","0.45923264078188264"
"2021-10-25T06:02:43.827+05:00","0.377131307242896"
"2021-10-25T06:02:44.330+05:00","0.4547941849872818"
"2021-10-25T06:02:44.832+05:00","0.10395171893679808"
"2021-10-25T06:02:45.335+05:00","0.33864579118060373"
"2021-10-25T06:02:45.837+05:00","0.129264179559253"
"2021-10-25T06:02:46.339+05:00","0.5974436763577875"
"2021-10-25T06:02:46.842+05:00","0.15553777163393426"
"2021-10-25T06:02:47.345+05:00","0.18960194459856144"
"2021-10-25T06:02:47.848+05:00","0.15499092119043661"
"2021-10-25T06:02:48.351+05:00","0.4484578940411001"
"2021-10-25T06:02:48.854+05:00","0.07934561165326372"
"2021-10-25T06:02:49.356+05:00","0.3208589728650185"
"2021-10-25T06:02:49.859+05:00","0.07248041631531742"
"2021-10-25T06:02:50.864+05:00","0.1967562484489528"
"2021-10-25T06:02:51.367+05:00","0.32365275442359664"
"2021-10-25T06:02:51.870+05:00","2.815186823991066"
"2021-10-25T06:02:52.372+05:00","0.9541829628753005"
"2021-10-25T06:02:52.873+05:00","0.10435872022228705"
"2021-10-25T06:02:53.874+05:00","0.7049803753224013"
"2021-10-25T06:02:54.376+05:00","0.3344776637511784"
"2021-10-25T06:02:54.877+05:00","17.245224386530914"
"2021-10-25T06:02:55.880+05:00","2.7273759186414464"
"2021-10-25T06:02:56.383+05:00","1.1249772713284434"
"2021-10-25T06:02:57.385+05:00","16.15323944912839"
"2021-10-25T06:02:57.886+05:00","8.936650857209116"
"2021-10-25T06:02:58.388+05:00","8.828990746517857"
"2021-10-25T06:02:58.889+05:00","4.108209358306559"
"2021-10-25T06:02:59.390+05:00","16.888878400132338"
"2021-10-25T06:02:59.891+05:00","20.55816100493111"
"2021-10-25T06:03:00.893+05:00","39.23879120202857"
"2021-10-25T06:03:01.895+05:00","25.91868992739235"
"2021-10-25T06:03:02.897+05:00","12.168055924607309"
"2021-10-25T06:03:03.398+05:00","28.062854439838233"
"2021-10-25T06:03:03.899+05:00","31.19070493093307"
"2021-10-25T06:03:04.902+05:00","13.842968471219045"
"2021-10-25T06:03:05.905+05:00","12.761990277299244"
"2021-10-25T06:03:06.407+05:00","5.5883393667757355"
"2021-10-25T06:03:06.909+05:00","29.497476487920355"
"2021-10-25T06:03:07.410+05:00","21.199533263536516"
"2021-10-25T06:03:07.912+05:00","21.70231279870955"
"2021-10-25T06:03:08.414+05:00","16.712857585883096"
"2021-10-25T06:03:08.917+05:00","13.132923635974965"
"2021-10-25T06:03:09.418+05:00","13.212731939873304"
"2021-10-25T06:03:09.919+05:00","8.367142221963174"
"2021-10-25T06:03:10.421+05:00","4.238934067307047"
"2021-10-25T06:03:10.923+05:00","3.115483689220389"
"2021-10-25T06:03:11.425+05:00","2.732289870457134"
"2021-10-25T06:03:11.927+05:00","5.084994278128983"
"2021-10-25T06:03:12.428+05:00","5.302322345660109"
"2021-10-25T06:03:12.931+05:00","3.20841416576825"
"2021-10-25T06:03:13.934+05:00","4.9638057993413165"
"2021-10-25T06:03:14.436+05:00","3.1111091837656684"
"2021-10-25T06:03:14.938+05:00","10.52034571067991"
"2021-10-25T06:03:15.439+05:00","14.761379815409388"
"2021-10-25T06:03:15.940+05:00","14.071386531273689"
"2021-10-25T06:03:16.443+05:00","5.327853619505945"
"2021-10-25T06:03:17.447+05:00","6.534823445968577"
"2021-10-25T06:03:17.958+05:00","4.453806978182135"
"2021-10-25T06:03:18.458+05:00","2.2557381536976067"
"2021-10-25T06:03:18.959+05:00","4.090343323985844"
"2021-10-25T06:03:19.460+05:00","26.972147534511567"
"2021-10-25T06:03:19.962+05:00","19.334711006311732"
"2021-10-25T06:03:20.464+05:00","1.6258993575141933"
"2021-10-25T06:03:20.965+05:00","6.588787585127779"
"2021-10-25T06:03:21.468+05:00","1.6584126893475633"
"2021-10-25T06:03:21.969+05:00","1.6777785035100103"
"2021-10-25T06:03:22.469+05:00","0.4784565813812646"
"2021-10-25T06:03:22.972+05:00","1.585637943674335"
"2021-10-25T06:03:23.473+05:00","0.4131001069345952"
"2021-10-25T06:03:24.475+05:00","3.711637515070748"
"2021-10-25T06:03:24.977+05:00","3.9195069696133973"
"2021-10-25T06:03:25.478+05:00","0.15928349224890517"
"2021-10-25T06:03:25.979+05:00","1.1339307300682324"
"2021-10-25T06:03:26.480+05:00","0"
"2021-10-25T06:03:26.981+05:00","1.4005840980077682"
"2021-10-25T06:03:27.482+05:00","0"
"2021-10-25T06:03:27.983+05:00","0.41153746744666025"
"2021-10-25T06:03:28.484+05:00","0.25404081585026705"
"2021-10-25T06:03:28.986+05:00","5.112187167132446"
"2021-10-25T06:03:29.989+05:00","0.3856361332549154"
"2021-10-25T06:03:30.492+05:00","0.026230390790976957"
"2021-10-25T06:03:30.994+05:00","0.19906315648552692"
"2021-10-25T06:03:31.496+05:00","0.11728970915552876"
"2021-10-25T06:03:31.998+05:00","0.10669212307471009"
"2021-10-25T06:03:32.499+05:00","0.003383540845319357"
"2021-10-25T06:03:33.000+05:00","0.15670260035015912"
"2021-10-25T06:03:33.502+05:00","0.17993869115698286"
"2021-10-25T06:03:34.004+05:00","0.219511851006659"
"2021-10-25T06:03:34.505+05:00","0.009596430782632096"
"2021-10-25T06:03:35.006+05:00","2.215984508697744"
"2021-10-25T06:03:35.508+05:00","0.3272274511299463"
"2021-10-25T06:03:36.009+05:00","3.8077179124531773"
"2021-10-25T06:03:36.511+05:00","0.0641632979322241"
"2021-10-25T06:03:37.012+05:00","0.13985501083693724"
"2021-10-25T06:03:37.513+05:00","1.7582866785122468"
"2021-10-25T06:03:38.015+05:00","0.7455670851788297"
"2021-10-25T06:03:38.516+05:00","0.5622024823659648"
"2021-10-25T06:03:39.527+05:00","4.099341559595778"
"2021-10-25T06:03:40.028+05:00","0.2812087952282556"
"2021-10-25T06:03:40.529+05:00","0.5803796836226817"
"2021-10-25T06:03:41.030+05:00","4.738975060128379"
"2021-10-25T06:03:42.032+05:00","19.327231181468346"
"2021-10-25T06:03:42.533+05:00","15.760712561184583"
"2021-10-25T06:03:43.034+05:00","11.522347198573282"
"2021-10-25T06:03:43.535+05:00","7.868452374585597"
"2021-10-25T06:03:44.037+05:00","3.803604809169049"
"2021-10-25T06:03:44.537+05:00","2.7019183858659246"
"2021-10-25T06:03:45.039+05:00","2.2700539898717667"
"2021-10-25T06:03:45.541+05:00","2.1671635932543403"
"2021-10-25T06:03:46.043+05:00","5.166221849138275"
"2021-10-25T06:03:46.545+05:00","1.1542244370174488"
"2021-10-25T06:03:47.046+05:00","0.9942893925850794"
"2021-10-25T06:03:47.548+05:00","0.7582246816597253"
"2021-10-25T06:03:48.050+05:00","1.9565959528659884"
"2021-10-25T06:03:48.552+05:00","1.2628968696974663"
"2021-10-25T06:03:49.055+05:00","1.2698143521372476"
"2021-10-25T06:03:49.558+05:00","0.9675539128035975"
"2021-10-25T06:03:50.060+05:00","0.7185114686920212"
"2021-10-25T06:03:50.563+05:00","0.38215057707700545"
"2021-10-25T06:03:51.065+05:00","0.8471444517804955"
"2021-10-25T06:03:51.568+05:00","0.8760244619803513"
"2021-10-25T06:03:52.071+05:00","3.894587014125158"
"2021-10-25T06:03:52.572+05:00","6.058889252813117"
"2021-10-25T06:03:53.074+05:00","1.3259129411701696"
"2021-10-25T06:03:53.577+05:00","2.595343412625019"
"2021-10-25T06:03:54.080+05:00","2.159090900837966"
"2021-10-25T06:03:54.582+05:00","1.226405376005187"
"2021-10-25T06:03:55.085+05:00","0.7994713287654811"
"2021-10-25T06:03:55.587+05:00","4.453278500350748"
"2021-10-25T06:03:56.090+05:00","1.7054859104851292"
"2021-10-25T06:03:56.593+05:00","0.13297284881272992"
"2021-10-25T06:03:57.095+05:00","0.7594573517831558"
"2021-10-25T06:03:57.597+05:00","1.8977130850061756"
"2021-10-25T06:03:58.600+05:00","0.7714950097268092"
"2021-10-25T06:03:59.103+05:00","0.7760472264881574"
"2021-10-25T06:03:59.605+05:00","0.6290776486593413"
"2021-10-25T06:04:00.107+05:00","0.9372544432095642"
"2021-10-25T06:04:00.609+05:00","0.5474674850607179"
"2021-10-25T06:04:01.612+05:00","4.8168678759242685"
"2021-10-25T06:04:02.114+05:00","1.749973165255227"
"2021-10-25T06:04:02.616+05:00","1.1978793827971066"
"2021-10-25T06:04:04.121+05:00","6.893720151949346"
"2021-10-25T06:04:04.623+05:00","3.59666270510449"
"2021-10-25T06:04:05.124+05:00","7.070097867594057"
"2021-10-25T06:04:05.625+05:00","22.473087614071318"
"2021-10-25T06:04:06.629+05:00","21.443762414354914"
"2021-10-25T06:04:07.131+05:00","10.320711996767255"
"2021-10-25T06:04:07.633+05:00","15.216796954336875"
"2021-10-25T06:04:08.636+05:00","8.229361538421621"
"2021-10-25T06:04:09.138+05:00","6.559758923338582"
"2021-10-25T06:04:09.640+05:00","4.764371958110839"
"2021-10-25T06:04:10.142+05:00","9.61287319208859"
"2021-10-25T06:04:10.644+05:00","4.854709593903332"
"2021-10-25T06:04:11.146+05:00","4.292621594500702"
"2021-10-25T06:04:11.647+05:00","5.839677223169086"
"2021-10-25T06:04:12.149+05:00","2.9739278738676878"
"2021-10-25T06:04:12.651+05:00","3.732451205199677"
"2021-10-25T06:04:13.153+05:00","6.317984531341669"
"2021-10-25T06:04:13.654+05:00","6.379445963348649"
"2021-10-25T06:04:14.157+05:00","8.676935021146702"
"2021-10-25T06:04:14.658+05:00","5.116314017453349"
"2021-10-25T06:04:15.160+05:00","5.186347757654371"
"2021-10-25T06:04:15.661+05:00","6.13420238276001"
"2021-10-25T06:04:16.163+05:00","8.091385704982685"
"2021-10-25T06:04:16.665+05:00","9.625434972435476"
"2021-10-25T06:04:17.167+05:00","10.296671691491309"
"2021-10-25T06:04:17.668+05:00","5.236632740175342"
"2021-10-25T06:04:18.170+05:00","4.973007533516499"
"2021-10-25T06:04:18.672+05:00","5.087031499046656"
"2021-10-25T06:04:19.174+05:00","8.737608074351638"
"2021-10-25T06:04:19.676+05:00","5.166264007162075"
"2021-10-25T06:04:20.186+05:00","6.459580717923425"
"2021-10-25T06:04:20.688+05:00","5.367441181126788"
"2021-10-25T06:04:21.190+05:00","5.264638994903478"
"2021-10-25T06:04:21.692+05:00","5.242065895346346"
"2021-10-25T06:04:22.193+05:00","5.8641072076497816"
"2021-10-25T06:04:22.694+05:00","5.580254481260496"
"2021-10-25T06:04:23.196+05:00","21.13144045154229"
"2021-10-25T06:04:23.699+05:00","2.975654935554903"
"2021-10-25T06:04:24.202+05:00","0.8463258756681835"
"2021-10-25T06:04:24.704+05:00","1.029548232128695"
"2021-10-25T06:04:25.205+05:00","8.825716477096073"
"2021-10-25T06:04:25.707+05:00","12.884337727395371"
"2021-10-25T06:04:26.208+05:00","13.171753463214957"
"2021-10-25T06:04:26.710+05:00","11.884172473222716"
"2021-10-25T06:04:27.211+05:00","30.599845417171807"
"2021-10-25T06:04:27.712+05:00","11.387044753301998"
"2021-10-25T06:04:29.217+05:00","4.34827583254797"
"2021-10-25T06:04:29.718+05:00","5.733231536958006"
"2021-10-25T06:04:30.219+05:00","6.601319267832404"
"2021-10-25T06:04:30.721+05:00","1.7318767305838991"
"2021-10-25T06:04:31.224+05:00","15.456823703400534"
"2021-10-25T06:04:31.726+05:00","2.427214211322666"
"2021-10-25T06:04:32.228+05:00","3.4381518803765956"
"2021-10-25T06:04:32.730+05:00","2.0908166870592826"
"2021-10-25T06:04:33.232+05:00","1.2934768571364723"
"2021-10-25T06:04:33.733+05:00","0.21608099561948818"
"2021-10-25T06:04:34.234+05:00","0.58423125875027"
"2021-10-25T06:04:34.736+05:00","0.15923394999151602"
"2021-10-25T06:04:35.238+05:00","0.4411672978404717"
"2021-10-25T06:04:35.740+05:00","0.7323628816117767"
"2021-10-25T06:04:36.243+05:00","0.19816364639139233"
"2021-10-25T06:04:36.745+05:00","0.10899807723235583"
"2021-10-25T06:04:37.247+05:00","1.161947220463062"
"2021-10-25T06:04:37.750+05:00","1.6340624648077546"
"2021-10-25T06:04:38.252+05:00","0.5093898630181468"
"2021-10-25T06:04:38.755+05:00","0.13223967383426066"
"2021-10-25T06:04:39.257+05:00","4.914988875644566"
"2021-10-25T06:04:39.759+05:00","3.2655180344249293"
"2021-10-25T06:04:40.261+05:00","1.0969994658087239"
"2021-10-25T06:04:40.763+05:00","0.10537846829177115"
"2021-10-25T06:04:41.275+05:00","0.07336305534113084"
"2021-10-25T06:04:41.776+05:00","1.756599252045359"
"2021-10-25T06:04:42.278+05:00","0.3651686211130826"
"2021-10-25T06:04:42.781+05:00","4.670985764862005"
"2021-10-25T06:04:43.284+05:00","5.984270746651946"
"2021-10-25T06:04:43.787+05:00","3.9103421731410704"
"2021-10-25T06:04:44.288+05:00","0.988651498251177"
"2021-10-25T06:04:44.790+05:00","0.17937695062263048"
"2021-10-25T06:04:45.291+05:00","13.341630257306296"
"2021-10-25T06:04:45.793+05:00","1.3673734903556547"
"2021-10-25T06:04:46.296+05:00","0.95513668372436"
"2021-10-25T06:04:46.799+05:00","1.0487409972627364"
"2021-10-25T06:04:47.301+05:00","7.127936031409456"
"2021-10-25T06:04:47.802+05:00","12.024957112142971"
"2021-10-25T06:04:48.304+05:00","4.555676756523857"
"2021-10-25T06:04:48.805+05:00","16.431191922659405"
"2021-10-25T06:04:49.306+05:00","22.675129531473736"
"2021-10-25T06:04:49.807+05:00","20.873856966572216"
"2021-10-25T06:04:50.308+05:00","19.100181070780657"
"2021-10-25T06:04:50.810+05:00","22.227729847653187"
"2021-10-25T06:04:51.311+05:00","13.994490920525026"
"2021-10-25T06:04:51.814+05:00","4.889877106361451"
"2021-10-25T06:04:52.316+05:00","1.3536105830316854"
"2021-10-25T06:04:52.819+05:00","3.5919567760042113"
"2021-10-25T06:04:53.321+05:00","0.4087719129441884"
"2021-10-25T06:04:53.823+05:00","0.5755084228116858"
"2021-10-25T06:04:54.326+05:00","0.2687021845413429"
"2021-10-25T06:04:54.829+05:00","5.875552435142387"
"2021-10-25T06:04:55.331+05:00","1.0520123005298991"
"2021-10-25T06:04:55.834+05:00","0.399231109708503"
"2021-10-25T06:04:56.337+05:00","0.25796933083342155"
"2021-10-25T06:04:56.839+05:00","0.5480169916252369"
"2021-10-25T06:04:57.341+05:00","0.4185174020788459"
"2021-10-25T06:04:57.844+05:00","0.3768274214124368"
"2021-10-25T06:04:58.346+05:00","0.05054982493816698"
"2021-10-25T06:04:58.849+05:00","0.38252052042840107"
"2021-10-25T06:04:59.351+05:00","0.9855545185919068"
"2021-10-25T06:04:59.854+05:00","0.16602721123553957"
"2021-10-25T06:05:00.356+05:00","0.062075727635769906"
"2021-10-25T06:05:00.860+05:00","0.7369008264707043"
"2021-10-25T06:05:01.363+05:00","0.36728009564183817"
"2021-10-25T06:05:02.369+05:00","0.07389451247221245"
"2021-10-25T06:05:02.871+05:00","0.16287497859319236"
"2021-10-25T06:05:03.374+05:00","0.036629202181794246"
"2021-10-25T06:05:03.876+05:00","0.11826796685416671"
"2021-10-25T06:05:04.379+05:00","0.03127334126024929"
"2021-10-25T06:05:04.882+05:00","0.16341783790912287"
"2021-10-25T06:05:05.385+05:00","0.10305913857392607"
"2021-10-25T06:05:05.887+05:00","0.09606292543523108"
"2021-10-25T06:05:06.388+05:00","2.0656702616527514"
"2021-10-25T06:05:06.890+05:00","0.6711669213399216"
"2021-10-25T06:05:07.391+05:00","16.30150405214795"
"2021-10-25T06:05:07.892+05:00","2.419622527274774"
"2021-10-25T06:05:08.394+05:00","1.4546087341550975"
"2021-10-25T06:05:08.896+05:00","0.7109129618793063"
"2021-10-25T06:05:09.397+05:00","4.973760985174811"
"2021-10-25T06:05:10.399+05:00","7.937348452513872"
"2021-10-25T06:05:10.900+05:00","24.83799544301283"
"2021-10-25T06:05:11.401+05:00","19.422832745112633"
"2021-10-25T06:05:11.902+05:00","25.518735460049342"
"2021-10-25T06:05:12.403+05:00","17.895521849605107"
"2021-10-25T06:05:12.904+05:00","15.518760423526205"
"2021-10-25T06:05:13.405+05:00","10.58483714428268"
"2021-10-25T06:05:13.905+05:00","31.201819242475693"
"2021-10-25T06:05:14.407+05:00","33.53746186034861"
"2021-10-25T06:05:14.907+05:00","19.583613402494592"
"2021-10-25T06:05:15.409+05:00","22.698531379911508"
"2021-10-25T06:05:15.911+05:00","1.992122518092772"
"2021-10-25T06:05:16.413+05:00","1.7807650790240348"
"2021-10-25T06:05:16.915+05:00","1.770771757697874"
"2021-10-25T06:05:17.416+05:00","2.1352907826493825"
"2021-10-25T06:05:17.918+05:00","1.4023484051673734"
"2021-10-25T06:05:18.420+05:00","0.774224362643434"
"2021-10-25T06:05:18.923+05:00","2.481369682733713"
"2021-10-25T06:05:19.425+05:00","2.164391771753277"
"2021-10-25T06:05:19.927+05:00","1.168123967963705"
"2021-10-25T06:05:20.430+05:00","0.39492670359184556"
"2021-10-25T06:05:20.934+05:00","0.4690463771893284"
"2021-10-25T06:05:21.436+05:00","1.2999492761311582"
"2021-10-25T06:05:21.939+05:00","1.2497207537290163"
"2021-10-25T06:05:22.441+05:00","0.9058258319881684"
"2021-10-25T06:05:22.944+05:00","1.2748422498458698"
"2021-10-25T06:05:23.447+05:00","10.748869247422036"
"2021-10-25T06:05:23.948+05:00","8.39516960726861"
"2021-10-25T06:05:24.450+05:00","0.5957606069078213"
"2021-10-25T06:05:24.953+05:00","0.9235875913474048"
"2021-10-25T06:05:25.455+05:00","2.9764142006280094"
"2021-10-25T06:05:25.958+05:00","1.2065993378981126"
"2021-10-25T06:05:26.460+05:00","0.3988408237854601"
"2021-10-25T06:05:26.962+05:00","8.626334124449482"
"2021-10-25T06:05:27.463+05:00","6.846912069874644"
"2021-10-25T06:05:27.965+05:00","1.0705051087973123"
"2021-10-25T06:05:28.467+05:00","0.5454088786773115"
"2021-10-25T06:05:28.969+05:00","0.8365344134443434"
"2021-10-25T06:05:29.470+05:00","13.405224814250436"
"2021-10-25T06:05:29.973+05:00","4.329959102933698"
"2021-10-25T06:05:30.475+05:00","0.7859732867054271"
"2021-10-25T06:05:30.978+05:00","0.9398526473886111"
"2021-10-25T06:05:31.479+05:00","5.809265315793236"
"2021-10-25T06:05:31.980+05:00","11.014109130252622"
"2021-10-25T06:05:32.480+05:00","2.7599541424664866"
"2021-10-25T06:05:32.982+05:00","4.646659717255929"
"2021-10-25T06:05:33.483+05:00","22.54440644070985"
"2021-10-25T06:05:33.984+05:00","11.36033232368854"
"2021-10-25T06:05:34.486+05:00","26.803330044937148"
"2021-10-25T06:05:35.488+05:00","21.740441568687448"
"2021-10-25T06:05:35.989+05:00","19.719052537515566"
"2021-10-25T06:05:36.490+05:00","14.019301998220545"
"2021-10-25T06:05:36.992+05:00","10.932215023513553"
"2021-10-25T06:05:37.493+05:00","9.969431776127392"
"2021-10-25T06:05:37.994+05:00","10.014087144572471"
"2021-10-25T06:05:38.495+05:00","7.235024670019318"
"2021-10-25T06:05:38.997+05:00","14.322791820651373"
"2021-10-25T06:05:39.498+05:00","10.969385573704457"
"2021-10-25T06:05:40.000+05:00","9.772017785564142"
"2021-10-25T06:05:40.501+05:00","9.783937760618935"
"2021-10-25T06:05:41.003+05:00","17.97940264029076"
"2021-10-25T06:05:41.504+05:00","12.19350624319057"
"2021-10-25T06:05:42.009+05:00","7.614777372808008"
"2021-10-25T06:05:42.510+05:00","6.344402261319168"
"2021-10-25T06:05:43.011+05:00","7.544929580213363"
"2021-10-25T06:05:43.512+05:00","7.594570892761237"
"2021-10-25T06:05:44.013+05:00","6.693344456716169"
"2021-10-25T06:05:44.515+05:00","7.7499665530156605"
"2021-10-25T06:05:45.016+05:00","11.084505123334251"
"2021-10-25T06:05:45.517+05:00","6.730021088607834"
"2021-10-25T06:05:46.019+05:00","9.51005722128571"
"2021-10-25T06:05:46.520+05:00","9.741276809588276"
"2021-10-25T06:05:47.022+05:00","7.548149070399294"
"2021-10-25T06:05:47.523+05:00","11.406785723727118"
"2021-10-25T06:05:48.025+05:00","8.030039489863253"
"2021-10-25T06:05:48.526+05:00","9.44510186194941"
"2021-10-25T06:05:49.027+05:00","9.893127195510445"
"2021-10-25T06:05:49.529+05:00","10.076364120620985"
"2021-10-25T06:05:50.030+05:00","8.377800242039415"
"2021-10-25T06:05:50.531+05:00","8.20306255887903"
"2021-10-25T06:05:51.032+05:00","8.127407603000725"
"2021-10-25T06:05:51.534+05:00","19.228371491672604"
"2021-10-25T06:05:52.037+05:00","3.0953692738784198"
"2021-10-25T06:05:52.538+05:00","0.3913813217525182"
"2021-10-25T06:05:53.039+05:00","0.47749844803208763"
"2021-10-25T06:05:53.540+05:00","3.422370759808455"
"2021-10-25T06:05:54.041+05:00","13.218238437183643"
"2021-10-25T06:05:54.543+05:00","2.3345608246616907"
"2021-10-25T06:05:55.045+05:00","2.6319334009708597"
"2021-10-25T06:05:55.546+05:00","20.424985406510945"
"2021-10-25T06:05:56.047+05:00","4.514631109387214"
"2021-10-25T06:05:56.548+05:00","9.541510548251924"
"2021-10-25T06:05:57.049+05:00","10.223081921322425"
"2021-10-25T06:05:57.550+05:00","7.073108822124308"
"2021-10-25T06:05:58.050+05:00","9.086805097525174"
"2021-10-25T06:05:58.551+05:00","19.231599908406942"
"2021-10-25T06:05:59.052+05:00","19.36360389182463"
"2021-10-25T06:05:59.553+05:00","14.888452654652998"
"2021-10-25T06:06:00.056+05:00","20.426132833987356"
"2021-10-25T06:06:00.557+05:00","18.774105474432016"
"2021-10-25T06:06:01.057+05:00","17.42389756152629"
"2021-10-25T06:06:02.059+05:00","12.971565288841816"
"2021-10-25T06:06:02.561+05:00","13.055681340984389"
"2021-10-25T06:06:03.065+05:00","8.778013235928944"
"2021-10-25T06:06:03.567+05:00","14.189544502009365"
"2021-10-25T06:06:04.068+05:00","13.086627992711664"
"2021-10-25T06:06:04.569+05:00","11.98220828085198"
"2021-10-25T06:06:05.070+05:00","15.125904449200267"
"2021-10-25T06:06:05.572+05:00","11.049103222634125"
"2021-10-25T06:06:06.073+05:00","7.398386599974628"
"2021-10-25T06:06:06.575+05:00","6.501694510179654"
"2021-10-25T06:06:07.076+05:00","7.447681719843015"
"2021-10-25T06:06:07.577+05:00","6.716414013937057"
"2021-10-25T06:06:08.079+05:00","7.033560994407475"
"2021-10-25T06:06:08.580+05:00","7.636627457411806"
"2021-10-25T06:06:09.081+05:00","5.424568387604512"
"2021-10-25T06:06:09.583+05:00","7.002695109865444"
"2021-10-25T06:06:10.084+05:00","11.70248556864252"
"2021-10-25T06:06:10.585+05:00","11.957546764409091"
"2021-10-25T06:06:11.086+05:00","8.875632980635546"
"2021-10-25T06:06:11.587+05:00","6.586882941444285"
"2021-10-25T06:06:12.089+05:00","3.8183922976743014"
"2021-10-25T06:06:12.589+05:00","7.292781517747079"
"2021-10-25T06:06:13.090+05:00","5.5971444016689"
"2021-10-25T06:06:13.591+05:00","10.909323433138898"
"2021-10-25T06:06:14.093+05:00","3.5389249199400457"
"2021-10-25T06:06:14.595+05:00","0.26522683162675786"
"2021-10-25T06:06:15.096+05:00","1.6116515063715244"
"2021-10-25T06:06:15.597+05:00","4.682106106943458"
"2021-10-25T06:06:16.098+05:00","13.75784095462432"
"2021-10-25T06:06:16.600+05:00","3.6683002956469397"
"2021-10-25T06:06:17.101+05:00","2.83837380978791"
"2021-10-25T06:06:17.603+05:00","3.618864910456984"
"2021-10-25T06:06:18.104+05:00","22.631077960918923"
"2021-10-25T06:06:18.605+05:00","7.906528765246246"
"2021-10-25T06:06:19.106+05:00","3.4391060293748597"
"2021-10-25T06:06:19.607+05:00","1.5954422672034096"
"2021-10-25T06:06:20.108+05:00","3.3951295926625873"
"2021-10-25T06:06:20.609+05:00","3.1115069577735226"
"2021-10-25T06:06:21.109+05:00","3.1872165347611228"
"2021-10-25T06:06:21.610+05:00","2.8657592804193155"
"2021-10-25T06:06:22.111+05:00","3.3760697911600914"
"2021-10-25T06:06:22.612+05:00","3.403573067940096"
"2021-10-25T06:06:23.116+05:00","3.1377937820370665"
"2021-10-25T06:06:23.617+05:00","3.1238447250752306"
"2021-10-25T06:06:24.118+05:00","21.206725912193022"
"2021-10-25T06:06:24.619+05:00","7.958584679502399"
"2021-10-25T06:06:25.120+05:00","11.12639084517167"
"2021-10-25T06:06:25.621+05:00","2.4853685323875627"
"2021-10-25T06:06:26.122+05:00","4.448722009325579"
"2021-10-25T06:06:26.623+05:00","1.1986277033210533"
"2021-10-25T06:06:27.124+05:00","0.18438794336499367"
"2021-10-25T06:06:27.627+05:00","1.0583411674893528"
"2021-10-25T06:06:28.128+05:00","1.7278889717109998"
"2021-10-25T06:06:28.629+05:00","0.04214127811398798"
"2021-10-25T06:06:29.130+05:00","0.17208016321846084"
"2021-10-25T06:06:29.631+05:00","0.030671616316236144"
"2021-10-25T06:06:30.132+05:00","0.2208165082733009"
"2021-10-25T06:06:30.633+05:00","0.023846498317070645"
"2021-10-25T06:06:31.136+05:00","0.10032961523061203"
"2021-10-25T06:06:31.637+05:00","0.48615462262207954"
"2021-10-25T06:06:32.139+05:00","0.8018650338114574"
"2021-10-25T06:06:32.640+05:00","0.013936332765311423"
"2021-10-25T06:06:33.141+05:00","0.09557976914994441"
"2021-10-25T06:06:33.643+05:00","0.01493565135786498"
"2021-10-25T06:06:34.144+05:00","3.0962675918504075"
"2021-10-25T06:06:34.645+05:00","2.27795366124248"
"2021-10-25T06:06:35.146+05:00","0.2516400321871938"
"2021-10-25T06:06:35.647+05:00","9.159523145387373"
"2021-10-25T06:06:36.148+05:00","3.505054903710389"
"2021-10-25T06:06:36.649+05:00","0.6310898653050072"
"2021-10-25T06:06:37.150+05:00","0.6744951622654509"
"2021-10-25T06:06:37.651+05:00","5.648144559183107"
"2021-10-25T06:06:38.152+05:00","15.392025953405781"
"2021-10-25T06:06:38.654+05:00","4.799393198951343"
"2021-10-25T06:06:39.154+05:00","19.734616375187457"
"2021-10-25T06:06:39.655+05:00","9.863961249738741"
"2021-10-25T06:06:40.156+05:00","12.060702981704722"
"2021-10-25T06:06:40.657+05:00","13.23246899252653"
"2021-10-25T06:06:41.158+05:00","11.954231915913246"
"2021-10-25T06:06:41.659+05:00","11.723934738224202"
"2021-10-25T06:06:42.160+05:00","11.732430843825313"
"2021-10-25T06:06:42.660+05:00","9.778751701059228"
"2021-10-25T06:06:43.161+05:00","4.549335262045022"
"2021-10-25T06:06:43.662+05:00","3.9381263245332723"
"2021-10-25T06:06:44.166+05:00","5.678276407712191"
"2021-10-25T06:06:44.667+05:00","2.947840608577736"
"2021-10-25T06:06:45.168+05:00","3.584036809322124"
"2021-10-25T06:06:45.669+05:00","1.0870965112121946"
"2021-10-25T06:06:46.170+05:00","1.1372421847264087"
"2021-10-25T06:06:46.671+05:00","1.2129549102410693"
"2021-10-25T06:06:47.173+05:00","2.3140167400197957"
"2021-10-25T06:06:47.674+05:00","3.2474758767001655"
"2021-10-25T06:06:48.176+05:00","1.0869431453772345"
"2021-10-25T06:06:48.678+05:00","2.372244482527032"
"2021-10-25T06:06:49.180+05:00","1.8570417004490054"
"2021-10-25T06:06:49.682+05:00","1.7846288902217453"
"2021-10-25T06:06:50.185+05:00","1.787814354382861"
"2021-10-25T06:06:50.687+05:00","3.5022431202280413"
"2021-10-25T06:06:51.189+05:00","1.1585354447212646"
"2021-10-25T06:06:51.692+05:00","2.4949538603439576"
"2021-10-25T06:06:52.193+05:00","0.8766221192856328"
"2021-10-25T06:06:52.695+05:00","0.9177673152041232"
"2021-10-25T06:06:53.197+05:00","0.9765716075902406"
"2021-10-25T06:06:53.698+05:00","8.794911830683708"
"2021-10-25T06:06:54.200+05:00","1.2230887130205774"
"2021-10-25T06:06:54.703+05:00","2.1207056941919853"
"2021-10-25T06:06:55.205+05:00","0.6733315904995251"
"2021-10-25T06:06:55.707+05:00","1.5838847013913302"
"2021-10-25T06:06:56.210+05:00","2.518073117914271"
"2021-10-25T06:06:56.711+05:00","5.950445636262779"
"2021-10-25T06:06:57.213+05:00","1.5728211306289714"
"2021-10-25T06:06:57.715+05:00","9.513499235962977"
"2021-10-25T06:06:58.216+05:00","4.395513719369396"
"2021-10-25T06:06:58.718+05:00","2.522314960841227"
"2021-10-25T06:06:59.221+05:00","1.0044334266343586"
"2021-10-25T06:06:59.722+05:00","3.562086790011094"
"2021-10-25T06:07:00.222+05:00","14.361085659299885"
"2021-10-25T06:07:00.724+05:00","4.2685738430168225"
"2021-10-25T06:07:01.226+05:00","15.786900448349202"
"2021-10-25T06:07:01.727+05:00","17.122695713989728"
"2021-10-25T06:07:02.230+05:00","1.1424368839958943"
"2021-10-25T06:07:02.732+05:00","2.5832160557094985"
"2021-10-25T06:07:03.234+05:00","0.08429132848759746"
"2021-10-25T06:07:03.735+05:00","0.5051096651307194"
"2021-10-25T06:07:04.237+05:00","0.5435748956197349"
"2021-10-25T06:07:04.745+05:00","0.018084923816901317"
"2021-10-25T06:07:05.248+05:00","0.5319012612768483"
"2021-10-25T06:07:05.750+05:00","0.4216492785216249"
"2021-10-25T06:07:06.252+05:00","0.20133620094291954"
"2021-10-25T06:07:06.753+05:00","1.0125894451336148"
"2021-10-25T06:07:07.254+05:00","0.31271622740335575"
"2021-10-25T06:07:07.755+05:00","1.2181974744053248"
"2021-10-25T06:07:08.257+05:00","0.032008191268250885"
"2021-10-25T06:07:08.760+05:00","0.6999989975675316"
"2021-10-25T06:07:09.263+05:00","0.07989237499318165"
"2021-10-25T06:07:09.765+05:00","0.19502359611491296"
"2021-10-25T06:07:10.268+05:00","5.9965082990158916"
"2021-10-25T06:07:10.771+05:00","2.086516370798617"
"2021-10-25T06:07:11.274+05:00","2.2294112517110203"
"2021-10-25T06:07:11.776+05:00","0.5636468629723378"
"2021-10-25T06:07:12.277+05:00","0.14219882455036287"
"2021-10-25T06:07:12.780+05:00","0.08673519869918374"
"2021-10-25T06:07:13.282+05:00","0.06347803426449478"
"2021-10-25T06:07:13.785+05:00","0.916777102259556"
"2021-10-25T06:07:14.288+05:00","1.8316012034477966"
"2021-10-25T06:07:14.790+05:00","0.057586083256563295"
"2021-10-25T06:07:15.293+05:00","0.38365278102539824"
"2021-10-25T06:07:15.796+05:00","0.17668369677607343"
"2021-10-25T06:07:16.299+05:00","0.04286534534884153"
"2021-10-25T06:07:16.801+05:00","2.289418350814591"
"2021-10-25T06:07:17.304+05:00","0.016522339493022738"
"2021-10-25T06:07:17.805+05:00","0.1684606450726404"
"2021-10-25T06:07:18.307+05:00","0.07218648244011441"
"2021-10-25T06:07:18.810+05:00","0.030527969602993532"
"2021-10-25T06:07:19.313+05:00","0.8100355495772087"
"2021-10-25T06:07:19.814+05:00","13.221238837860948"
"2021-10-25T06:07:20.316+05:00","2.877168987828518"
"2021-10-25T06:07:20.818+05:00","1.3327018052275075"
"2021-10-25T06:07:21.320+05:00","0.5415357559890837"
"2021-10-25T06:07:21.821+05:00","3.8641672923474877"
"2021-10-25T06:07:22.322+05:00","15.483163032545363"
"2021-10-25T06:07:22.824+05:00","4.093048745648755"
"2021-10-25T06:07:23.325+05:00","11.316067596403313"
"2021-10-25T06:07:23.826+05:00","17.224687613505093"
"2021-10-25T06:07:24.327+05:00","5.4806402303409865"
"2021-10-25T06:07:24.831+05:00","14.926378304991962"
"2021-10-25T06:07:25.332+05:00","8.665317093862546"
"2021-10-25T06:07:25.833+05:00","8.451814785327903"
"2021-10-25T06:07:26.334+05:00","10.569805947266728"
"2021-10-25T06:07:26.835+05:00","12.753255801138572"
"2021-10-25T06:07:27.336+05:00","10.809444807233263"
"2021-10-25T06:07:27.837+05:00","9.290557315408376"
"2021-10-25T06:07:28.338+05:00","6.391847314814862"
"2021-10-25T06:07:28.839+05:00","9.839141452960526"
"2021-10-25T06:07:29.340+05:00","17.5344733273923"
"2021-10-25T06:07:29.840+05:00","7.661941025604427"
"2021-10-25T06:07:30.341+05:00","24.042280030791346"
"2021-10-25T06:07:30.842+05:00","17.096398414924842"
"2021-10-25T06:07:31.344+05:00","3.4020628828443353"
"2021-10-25T06:07:31.846+05:00","1.2060281364271748"
"2021-10-25T06:07:32.348+05:00","1.7006026023217597"
"2021-10-25T06:07:32.851+05:00","0.6871562854922247"
"2021-10-25T06:07:33.352+05:00","4.970838588222655"
"2021-10-25T06:07:33.854+05:00","0.20186204239583672"
"2021-10-25T06:07:34.356+05:00","0.4038511187361032"
"2021-10-25T06:07:34.859+05:00","0.7772002792522086"
"2021-10-25T06:07:35.362+05:00","1.4565291196539236"
"2021-10-25T06:07:35.864+05:00","0.5923654115529422"
"2021-10-25T06:07:36.367+05:00","0.5011698300968187"
"2021-10-25T06:07:36.868+05:00","5.35372379688875"
"2021-10-25T06:07:37.371+05:00","0.7084666937108943"
"2021-10-25T06:07:37.873+05:00","3.747243779148565"
"2021-10-25T06:07:38.375+05:00","4.994006224513738"
"2021-10-25T06:07:38.877+05:00","5.503262019959706"
"2021-10-25T06:07:39.379+05:00","1.8665582946411259"
"2021-10-25T06:07:39.880+05:00","6.241970353513546"
"2021-10-25T06:07:40.383+05:00","3.5357091765088677"
"2021-10-25T06:07:40.885+05:00","1.0577324711012144"
"2021-10-25T06:07:41.388+05:00","1.0462110656085712"
"2021-10-25T06:07:41.889+05:00","11.6939600763275"
"2021-10-25T06:07:42.392+05:00","3.205302756338974"
"2021-10-25T06:07:42.894+05:00","1.0049663539512481"
"2021-10-25T06:07:43.395+05:00","0.30655548101218666"
"2021-10-25T06:07:43.896+05:00","3.0340090704627882"
"2021-10-25T06:07:44.397+05:00","15.02767166795319"
"2021-10-25T06:07:44.898+05:00","12.837308930009822"
"2021-10-25T06:07:45.399+05:00","10.514020181709842"
"2021-10-25T06:07:45.904+05:00","11.11987669392207"
"2021-10-25T06:07:46.406+05:00","18.17988520861002"
"2021-10-25T06:07:46.908+05:00","4.0566029462745465"
"2021-10-25T06:07:47.411+05:00","4.411479869831711"
"2021-10-25T06:07:47.913+05:00","2.0239997317736678"
"2021-10-25T06:07:48.416+05:00","1.355759678817965"
"2021-10-25T06:07:48.918+05:00","3.926120939347729"
"2021-10-25T06:07:49.420+05:00","0.2151266158418152"
"2021-10-25T06:07:49.922+05:00","0.15776825852031343"
"2021-10-25T06:07:50.425+05:00","5.498509536099624"
"2021-10-25T06:07:50.928+05:00","6.10285944886237"
"2021-10-25T06:07:51.431+05:00","0.8645838379630185"
"2021-10-25T06:07:51.932+05:00","1.042849667531484"
"2021-10-25T06:07:52.433+05:00","0.5462114407603036"
"2021-10-25T06:07:52.935+05:00","0.3224684095614244"
"2021-10-25T06:07:53.438+05:00","0.3602916475487521"
"2021-10-25T06:07:53.939+05:00","0.34343623992638683"
"2021-10-25T06:07:54.441+05:00","1.2798644847767873"
"2021-10-25T06:07:54.944+05:00","0.49740978199590535"
"2021-10-25T06:07:55.446+05:00","0.4157918337707898"
"2021-10-25T06:07:55.949+05:00","1.230919510851661"
"2021-10-25T06:07:56.450+05:00","0.4700345653643665"
"2021-10-25T06:07:56.952+05:00","2.102831861435696"
"2021-10-25T06:07:57.455+05:00","0.2264140193473575"
"2021-10-25T06:07:57.957+05:00","0.7994082661899714"
"2021-10-25T06:07:58.460+05:00","0.9044303710407829"
"2021-10-25T06:07:58.962+05:00","0.16121898089458558"
"2021-10-25T06:07:59.464+05:00","0.1778950207989014"
"2021-10-25T06:07:59.967+05:00","1.8191141933539945"
"2021-10-25T06:08:00.469+05:00","0.10382835305882353"
"2021-10-25T06:08:00.972+05:00","0.3177811931816021"
"2021-10-25T06:08:01.474+05:00","4.846798323761628"
"2021-10-25T06:08:01.977+05:00","3.228885737311632"
"2021-10-25T06:08:02.479+05:00","1.4057126513977156"
"2021-10-25T06:08:02.982+05:00","0.2980743250144373"
"2021-10-25T06:08:03.483+05:00","0.8275029045578811"
"2021-10-25T06:08:03.984+05:00","10.091125815965828"
"2021-10-25T06:08:04.487+05:00","2.5395537854937342"
"2021-10-25T06:08:04.988+05:00","1.3096971895132488"
"2021-10-25T06:08:05.491+05:00","0.1878133483514785"
"2021-10-25T06:08:05.992+05:00","4.533464155873265"
"2021-10-25T06:08:06.493+05:00","17.921535760855022"
"2021-10-25T06:08:06.998+05:00","3.0919779493224118"
"2021-10-25T06:08:07.499+05:00","3.7374405649393734"
"2021-10-25T06:08:08.000+05:00","15.309821679428168"
"2021-10-25T06:08:08.501+05:00","21.602966257269262"
"2021-10-25T06:08:09.002+05:00","9.948306749495046"
"2021-10-25T06:08:09.503+05:00","6.097659261357053"
"2021-10-25T06:08:10.004+05:00","12.838821776405865"
"2021-10-25T06:08:10.505+05:00","5.75521719150163"
"2021-10-25T06:08:11.006+05:00","19.432150556084643"
"2021-10-25T06:08:11.507+05:00","1.6863157868586303"
"2021-10-25T06:08:12.008+05:00","1.3854693044083375"
"2021-10-25T06:08:12.509+05:00","4.85450401864063"
"2021-10-25T06:08:13.010+05:00","4.217738233244418"
"2021-10-25T06:08:13.511+05:00","7.601903635857498"
"2021-10-25T06:08:14.012+05:00","8.188816261393232"
"2021-10-25T06:08:14.513+05:00","7.697977629119182"
"2021-10-25T06:08:15.014+05:00","2.412141452730915"
"2021-10-25T06:08:15.514+05:00","7.543223459645538"
"2021-10-25T06:08:16.015+05:00","9.046864741483192"
"2021-10-25T06:08:16.516+05:00","8.469360694737183"
"2021-10-25T06:08:17.017+05:00","8.757939373516336"
"2021-10-25T06:08:17.518+05:00","8.051431036860574"
"2021-10-25T06:08:18.019+05:00","9.811527772312996"
"2021-10-25T06:08:18.520+05:00","8.098435457038981"
"2021-10-25T06:08:19.021+05:00","9.233702995877902"
"2021-10-25T06:08:19.522+05:00","15.597534304724038"
"2021-10-25T06:08:20.023+05:00","8.094774034241297"
"2021-10-25T06:08:20.524+05:00","10.353154535520062"
"2021-10-25T06:08:21.025+05:00","9.489329768600612"
"2021-10-25T06:08:21.526+05:00","11.85333358589857"
"2021-10-25T06:08:22.026+05:00","8.442878063341908"
"2021-10-25T06:08:22.527+05:00","19.049635577868344"
"2021-10-25T06:08:23.028+05:00","12.022139899370996"
"2021-10-25T06:08:23.529+05:00","8.951526039397152"
"2021-10-25T06:08:24.030+05:00","8.460031423212014"
"2021-10-25T06:08:24.532+05:00","10.541829702227862"
"2021-10-25T06:08:25.033+05:00","16.78978474038307"
"2021-10-25T06:08:25.534+05:00","25.950391373620512"
"2021-10-25T06:08:26.035+05:00","21.339450633103866"
"2021-10-25T06:08:26.536+05:00","7.480110158125188"
"2021-10-25T06:08:27.037+05:00","4.21177472611151"
"2021-10-25T06:08:27.538+05:00","2.724301407431439"
"2021-10-25T06:08:28.039+05:00","6.760819636766599"
"2021-10-25T06:08:28.540+05:00","17.18031543290322"
"2021-10-25T06:08:29.041+05:00","19.46838352351148"
"2021-10-25T06:08:29.542+05:00","9.934063805093354"
"2021-10-25T06:08:30.043+05:00","13.088289116798114"
"2021-10-25T06:08:30.544+05:00","14.520959906204698"
"2021-10-25T06:08:31.046+05:00","4.196072106658242"
"2021-10-25T06:08:31.549+05:00","4.588356568720788"
"2021-10-25T06:08:32.051+05:00","3.1782202211544557"
"2021-10-25T06:08:32.553+05:00","1.7702606730907258"
"2021-10-25T06:08:33.055+05:00","9.384042991835043"
"2021-10-25T06:08:33.557+05:00","2.1993416313850513"
"2021-10-25T06:08:34.059+05:00","3.96409178183458"
"2021-10-25T06:08:34.561+05:00","1.544220204461484"
"2021-10-25T06:08:35.064+05:00","3.7194504895797906"
"2021-10-25T06:08:35.566+05:00","0.2490183693562991"
"2021-10-25T06:08:36.068+05:00","1.6063973085462981"
"2021-10-25T06:08:36.570+05:00","0.5201571488494465"
"2021-10-25T06:08:37.071+05:00","0.32585784704606335"
"2021-10-25T06:08:37.574+05:00","1.126292572233295"
"2021-10-25T06:08:38.077+05:00","0.2807143972916466"
"2021-10-25T06:08:38.578+05:00","1.5715632636835573"
"2021-10-25T06:08:39.081+05:00","0.3071831236174347"
"2021-10-25T06:08:39.583+05:00","0.6155869620051204"
"2021-10-25T06:08:40.085+05:00","0.36997262350671184"
"2021-10-25T06:08:40.587+05:00","1.7168086043128155"
"2021-10-25T06:08:41.089+05:00","1.7861554172655343"
"2021-10-25T06:08:41.592+05:00","0.25059900658335493"
"2021-10-25T06:08:42.094+05:00","0.4594037684408657"
"2021-10-25T06:08:42.596+05:00","0.7393239364042201"
"2021-10-25T06:08:43.098+05:00","0.7852246867499192"
"2021-10-25T06:08:43.599+05:00","0.04877013100939722"
"2021-10-25T06:08:44.102+05:00","0.22581648801783205"
"2021-10-25T06:08:44.604+05:00","1.0315001623882027"
"2021-10-25T06:08:45.106+05:00","0.32425435528505436"
"2021-10-25T06:08:45.607+05:00","3.636064652553173"
"2021-10-25T06:08:46.109+05:00","4.00500877675196"
"2021-10-25T06:08:46.612+05:00","0.3358142304114367"
"2021-10-25T06:08:47.124+05:00","0.36307095683413204"
"2021-10-25T06:08:47.626+05:00","0.28318396309396254"
"2021-10-25T06:08:48.127+05:00","10.82394466056206"
"2021-10-25T06:08:48.630+05:00","3.389942069259742"
"2021-10-25T06:08:49.132+05:00","1.3236656914316076"
"2021-10-25T06:08:49.633+05:00","0.5852638613016018"
"2021-10-25T06:08:50.134+05:00","3.314988379763684"
"2021-10-25T06:08:50.636+05:00","17.102266366179897"
"2021-10-25T06:08:51.137+05:00","12.675944047966864"
"2021-10-25T06:08:51.638+05:00","11.493173193841134"
"2021-10-25T06:08:52.138+05:00","7.874689399453206"
"2021-10-25T06:08:52.639+05:00","16.513472420025813"
"2021-10-25T06:08:53.140+05:00","8.79257789641671"
"2021-10-25T06:08:53.641+05:00","7.588462399354083"
"2021-10-25T06:08:54.142+05:00","7.840504125965965"
"2021-10-25T06:08:54.643+05:00","12.702513397111314"
"2021-10-25T06:08:55.144+05:00","11.353883433663821"
"2021-10-25T06:08:55.645+05:00","11.245910073175637"
"2021-10-25T06:08:56.145+05:00","2.097604144817764"
"2021-10-25T06:08:56.646+05:00","2.327225260891595"
"2021-10-25T06:08:57.148+05:00","7.1165050414585895"
"2021-10-25T06:08:57.648+05:00","2.437016162707259"
"2021-10-25T06:08:58.150+05:00","7.682262279647212"
"2021-10-25T06:08:58.652+05:00","8.50356941653311"
"2021-10-25T06:08:59.153+05:00","14.561691607539174"
"2021-10-25T06:08:59.654+05:00","6.63585010439906"
"2021-10-25T06:09:00.155+05:00","13.40372617595651"
"2021-10-25T06:09:00.655+05:00","6.403270122325672"
"2021-10-25T06:09:01.156+05:00","4.530628517309544"
"2021-10-25T06:09:01.657+05:00","6.9411805742068395"
"2021-10-25T06:09:02.158+05:00","18.664170902768245"
"2021-10-25T06:09:03.160+05:00","16.04006406516832"
"2021-10-25T06:09:03.661+05:00","18.541172459226658"
"2021-10-25T06:09:04.162+05:00","2.5624976433298614"
"2021-10-25T06:09:04.663+05:00","7.540518794664626"
"2021-10-25T06:09:05.163+05:00","6.869802559780108"
"2021-10-25T06:09:05.664+05:00","13.961574010390962"
"2021-10-25T06:09:06.165+05:00","8.603288099014378"
"2021-10-25T06:09:06.666+05:00","10.27069710805102"
"2021-10-25T06:09:07.167+05:00","16.062828389139053"
"2021-10-25T06:09:07.668+05:00","18.193271815337912"
"2021-10-25T06:09:08.177+05:00","6.181946603125863"
"2021-10-25T06:09:08.677+05:00","20.687342469018397"
"2021-10-25T06:09:09.179+05:00","10.522688236975704"
"2021-10-25T06:09:09.681+05:00","6.840833586474528"
"2021-10-25T06:09:10.182+05:00","15.694609212662723"
"2021-10-25T06:09:10.683+05:00","6.9701525595339096"
"2021-10-25T06:09:11.185+05:00","2.981340295261095"
"2021-10-25T06:09:11.687+05:00","0.27305723971943674"
"2021-10-25T06:09:12.188+05:00","5.541502503937239"
"2021-10-25T06:09:12.690+05:00","15.08119422256543"
"2021-10-25T06:09:13.191+05:00","2.0722160045413474"
"2021-10-25T06:09:13.692+05:00","2.0680346774484395"
"2021-10-25T06:09:14.193+05:00","20.3563611615687"
"2021-10-25T06:09:14.694+05:00","9.015050523196258"
"2021-10-25T06:09:15.195+05:00","0.15066447885449324"
"2021-10-25T06:09:15.696+05:00","6.788482651866024"
"2021-10-25T06:09:16.197+05:00","4.901147280970792"
"2021-10-25T06:09:16.697+05:00","6.730467079384639"
"2021-10-25T06:09:17.199+05:00","6.6690458401074455"
"2021-10-25T06:09:17.699+05:00","1.9340388015798806"
"2021-10-25T06:09:18.200+05:00","14.84197807701408"
"2021-10-25T06:09:18.701+05:00","13.652327488286243"
"2021-10-25T06:09:19.202+05:00","8.82545850525117"
"2021-10-25T06:09:19.703+05:00","8.277318486075295"
"2021-10-25T06:09:20.204+05:00","6.200833809056423"
"2021-10-25T06:09:20.706+05:00","1.0030819376341227"
"2021-10-25T06:09:21.209+05:00","2.54170509582121"
"2021-10-25T06:09:21.712+05:00","0.9031020275589696"
"2021-10-25T06:09:22.214+05:00","1.2145168594330562"
"2021-10-25T06:09:22.716+05:00","3.4622343334119687"
"2021-10-25T06:09:23.219+05:00","1.0088361469439346"
"2021-10-25T06:09:23.721+05:00","0.5167348183594771"
"2021-10-25T06:09:24.223+05:00","2.322521097647331"
"2021-10-25T06:09:24.725+05:00","0.7217704035916254"
"2021-10-25T06:09:25.226+05:00","1.8205380552305366"
"2021-10-25T06:09:25.727+05:00","0.8255233312935966"
"2021-10-25T06:09:26.230+05:00","2.109360049971246"
"2021-10-25T06:09:26.732+05:00","1.7747800136919774"
"2021-10-25T06:09:27.233+05:00","2.368605819127728"
"2021-10-25T06:09:27.735+05:00","5.895603310863861"
"2021-10-25T06:09:28.237+05:00","2.7163925653918652"
"2021-10-25T06:09:28.746+05:00","4.04862869893303"
"2021-10-25T06:09:29.248+05:00","1.708754949524411"
"2021-10-25T06:09:29.749+05:00","0.4907757077361811"
"2021-10-25T06:09:30.250+05:00","0.6935814415428558"
"2021-10-25T06:09:30.753+05:00","3.262488103701811"
"2021-10-25T06:09:31.255+05:00","1.0992227318113703"
"2021-10-25T06:09:31.757+05:00","0.5551510697492208"
"2021-10-25T06:09:32.258+05:00","7.991280449634143"
"2021-10-25T06:09:32.759+05:00","1.214976414435218"
"2021-10-25T06:09:33.261+05:00","0.37439300533156894"
"2021-10-25T06:09:33.764+05:00","0.13251956306045817"
"2021-10-25T06:09:34.265+05:00","4.950345260717412"
"2021-10-25T06:09:34.767+05:00","15.36941066037532"
"2021-10-25T06:09:35.268+05:00","5.0074952638317765"
"2021-10-25T06:09:35.770+05:00","4.326318018735906"
"2021-10-25T06:09:36.271+05:00","4.69858301121158"
"2021-10-25T06:09:36.773+05:00","14.312668455059097"
"2021-10-25T06:09:37.274+05:00","12.566699268205209"
"2021-10-25T06:09:37.775+05:00","3.4904303642627292"
"2021-10-25T06:09:38.277+05:00","4.672879732720551"
"2021-10-25T06:09:38.779+05:00","5.3003641808796695"
"2021-10-25T06:09:39.280+05:00","3.99024440816799"
"2021-10-25T06:09:39.781+05:00","21.615579584126465"
"2021-10-25T06:09:40.283+05:00","3.3895527850688603"
"2021-10-25T06:09:40.784+05:00","9.943655829487955"
"2021-10-25T06:09:41.285+05:00","9.875298942561916"
"2021-10-25T06:09:41.786+05:00","7.8538679207034345"
"2021-10-25T06:09:42.287+05:00","11.176978038165334"
"2021-10-25T06:09:42.789+05:00","12.932084697594837"
"2021-10-25T06:09:43.290+05:00","4.548844729819925"
"2021-10-25T06:09:43.792+05:00","2.92178125833277"
"2021-10-25T06:09:44.294+05:00","5.2753267457353985"
"2021-10-25T06:09:44.796+05:00","4.868132854986653"
"2021-10-25T06:09:45.298+05:00","5.2115202850331475"
"2021-10-25T06:09:45.800+05:00","5.675417043461391"
"2021-10-25T06:09:46.302+05:00","2.3908971302346016"
"2021-10-25T06:09:46.803+05:00","4.863665570613394"
"2021-10-25T06:09:47.305+05:00","5.238520250316706"
"2021-10-25T06:09:47.806+05:00","3.387416364604879"
"2021-10-25T06:09:48.307+05:00","4.741179299811744"
"2021-10-25T06:09:48.809+05:00","2.476966246739113"
"2021-10-25T06:09:49.310+05:00","4.882051532464246"
"2021-10-25T06:09:49.815+05:00","3.8624671778179254"
"2021-10-25T06:09:50.317+05:00","3.808802099379556"
"2021-10-25T06:09:50.819+05:00","4.983434752582792"
"2021-10-25T06:09:51.321+05:00","4.916774567772327"
"2021-10-25T06:09:51.822+05:00","4.592218213110513"
"2021-10-25T06:09:52.323+05:00","2.956981697541155"
"2021-10-25T06:09:52.824+05:00","2.710043776080686"
"2021-10-25T06:09:53.326+05:00","8.2205912322514"
"2021-10-25T06:09:53.828+05:00","7.656512003238156"
"2021-10-25T06:09:54.330+05:00","12.198451026952466"
"2021-10-25T06:09:54.832+05:00","3.883234980627731"
"2021-10-25T06:09:55.334+05:00","1.2978250120825834"
"2021-10-25T06:09:55.836+05:00","0.6007266014567084"
"2021-10-25T06:09:56.337+05:00","4.5132396539524535"
"2021-10-25T06:09:56.838+05:00","15.39366896463406"
"2021-10-25T06:09:57.339+05:00","3.1393137235041175"
"2021-10-25T06:09:57.840+05:00","16.515337274665427"
"2021-10-25T06:09:58.341+05:00","12.788834622799577"
"2021-10-25T06:09:58.842+05:00","2.6142673651821515"
"2021-10-25T06:09:59.343+05:00","11.344711006028234"
"2021-10-25T06:09:59.844+05:00","8.911034201806029"
"2021-10-25T06:10:00.345+05:00","14.60477481478788"
"2021-10-25T06:10:00.846+05:00","3.482018369748039"
"2021-10-25T06:10:01.347+05:00","11.0632709775284"
"2021-10-25T06:10:01.848+05:00","9.230079271598875"
"2021-10-25T06:10:02.350+05:00","7.109184473855974"
"2021-10-25T06:10:02.851+05:00","8.632613063480681"
"2021-10-25T06:10:03.352+05:00","13.479781997357263"
"2021-10-25T06:10:03.852+05:00","21.868788623883592"
"2021-10-25T06:10:04.353+05:00","8.853567556577229"
"2021-10-25T06:10:04.854+05:00","21.179512412111944"
"2021-10-25T06:10:05.355+05:00","14.386314500936406"
"2021-10-25T06:10:05.856+05:00","20.52373588967119"
"2021-10-25T06:10:06.357+05:00","12.746577382297929"
"2021-10-25T06:10:06.858+05:00","10.94250636060222"
"2021-10-25T06:10:07.359+05:00","7.157323856580643"
"2021-10-25T06:10:07.860+05:00","7.862433419175915"
"2021-10-25T06:10:08.361+05:00","12.54319134490024"
"2021-10-25T06:10:08.862+05:00","7.3424598104144145"
"2021-10-25T06:10:09.363+05:00","10.715785802219129"
"2021-10-25T06:10:09.864+05:00","6.870173994428868"
"2021-10-25T06:10:10.365+05:00","11.097274724935879"
"2021-10-25T06:10:10.869+05:00","1.7228807663034955"
"2021-10-25T06:10:11.370+05:00","2.1527120432893665"
"2021-10-25T06:10:11.871+05:00","2.20190598876773"
"2021-10-25T06:10:12.372+05:00","7.575122253291328"
"2021-10-25T06:10:12.873+05:00","7.930027452930731"
"2021-10-25T06:10:13.374+05:00","6.3722299974755785"
"2021-10-25T06:10:13.875+05:00","8.624368676655081"
"2021-10-25T06:10:14.376+05:00","8.795523280588078"
"2021-10-25T06:10:14.876+05:00","4.868706181310392"
"2021-10-25T06:10:15.377+05:00","4.870312451982008"
"2021-10-25T06:10:15.878+05:00","3.065449932334768"
"2021-10-25T06:10:16.379+05:00","10.963669491625097"
"2021-10-25T06:10:16.880+05:00","5.505957467617426"
"2021-10-25T06:10:17.383+05:00","3.3678244576175267"
"2021-10-25T06:10:17.884+05:00","1.0880543653069021"
"2021-10-25T06:10:18.385+05:00","0.5921557713773601"
"2021-10-25T06:10:18.886+05:00","16.26050000519846"
"2021-10-25T06:10:19.388+05:00","5.600187089240797"
"2021-10-25T06:10:19.889+05:00","4.3937582313273404"
"2021-10-25T06:10:20.390+05:00","2.613479338367921"
"2021-10-25T06:10:20.891+05:00","19.944969195353767"
"2021-10-25T06:10:21.392+05:00","18.352513409989292"
"2021-10-25T06:10:21.893+05:00","14.23448994906389"
"2021-10-25T06:10:22.394+05:00","24.33418778255908"
"2021-10-25T06:10:22.895+05:00","15.8599781374248"
"2021-10-25T06:10:23.396+05:00","19.791157074307087"
"2021-10-25T06:10:23.898+05:00","24.856263856481597"
"2021-10-25T06:10:24.399+05:00","26.515684588333265"
"2021-10-25T06:10:24.899+05:00","19.566021920213082"
"2021-10-25T06:10:25.401+05:00","26.891594841718604"
"2021-10-25T06:10:25.903+05:00","4.357010803495269"
"2021-10-25T06:10:26.404+05:00","11.093835361355216"
"2021-10-25T06:10:26.905+05:00","19.848332064735015"
"2021-10-25T06:10:27.407+05:00","9.505515232292156"
"2021-10-25T06:10:27.908+05:00","3.8071326011039037"
"2021-10-25T06:10:28.409+05:00","1.6865343951675151"
"2021-10-25T06:10:28.911+05:00","5.904131246719836"
"2021-10-25T06:10:29.413+05:00","2.584132786275214"
"2021-10-25T06:10:29.914+05:00","4.305963692534458"
"2021-10-25T06:10:30.415+05:00","2.428811412596476"
"2021-10-25T06:10:30.924+05:00","4.279446060300395"
"2021-10-25T06:10:31.425+05:00","4.148916749683402"
"2021-10-25T06:10:31.926+05:00","4.011043505657582"
"2021-10-25T06:10:32.427+05:00","5.3140071720511015"
"2021-10-25T06:10:32.929+05:00","9.313163514655344"
"2021-10-25T06:10:33.431+05:00","4.5331386520479136"
"2021-10-25T06:10:33.932+05:00","3.4222041310107914"
"2021-10-25T06:10:34.433+05:00","1.8525182261230673"
"2021-10-25T06:10:34.935+05:00","5.870309964281185"
"2021-10-25T06:10:35.436+05:00","8.26199393801078"
"2021-10-25T06:10:35.937+05:00","6.992934950134733"
"2021-10-25T06:10:36.438+05:00","1.5041935094427763"
"2021-10-25T06:10:36.940+05:00","5.080733604181031"
"2021-10-25T06:10:37.442+05:00","4.467252597907881"
"2021-10-25T06:10:37.943+05:00","2.784098360104905"
"2021-10-25T06:10:38.444+05:00","11.065876736737362"
"2021-10-25T06:10:38.945+05:00","5.974589488587101"
"2021-10-25T06:10:39.447+05:00","0.9253404601847602"
"2021-10-25T06:10:39.948+05:00","1.256518788564842"
"2021-10-25T06:10:40.449+05:00","3.071505075062838"
"2021-10-25T06:10:40.950+05:00","16.438472896255448"
"2021-10-25T06:10:41.452+05:00","3.866925635396306"
"2021-10-25T06:10:41.954+05:00","2.512816344520977"
"2021-10-25T06:10:42.455+05:00","4.397168935530551"
"2021-10-25T06:10:42.957+05:00","4.706816921837173"
"2021-10-25T06:10:43.458+05:00","4.4268004512748265"
"2021-10-25T06:10:43.959+05:00","14.356379829072388"
"2021-10-25T06:10:44.460+05:00","14.714232650247238"
"2021-10-25T06:10:44.960+05:00","9.254607101547172"
"2021-10-25T06:10:45.461+05:00","10.61698473640438"
"2021-10-25T06:10:45.962+05:00","17.982085842300243"
"2021-10-25T06:10:46.464+05:00","19.10868702759081"
"2021-10-25T06:10:46.966+05:00","13.1309061163389"
"2021-10-25T06:10:47.467+05:00","11.025411281457915"
"2021-10-25T06:10:47.968+05:00","2.789210699834881"
"2021-10-25T06:10:48.469+05:00","1.3722717371126398"
"2021-10-25T06:10:48.970+05:00","0.14791337370481525"
"2021-10-25T06:10:49.472+05:00","0.9419825959989023"
"2021-10-25T06:10:49.973+05:00","2.8893945364955522"
"2021-10-25T06:10:50.474+05:00","0.108305327765775"
"2021-10-25T06:10:50.975+05:00","1.3368135632782103"
"2021-10-25T06:10:51.476+05:00","1.3278654093677793"
"2021-10-25T06:10:51.982+05:00","0.7096299325077101"
"2021-10-25T06:10:52.483+05:00","0.14423382628876125"
"2021-10-25T06:10:52.985+05:00","0.342211660826704"
"2021-10-25T06:10:53.486+05:00","0.31492156481178507"
"2021-10-25T06:10:53.987+05:00","1.7288706519200383"
"2021-10-25T06:10:54.488+05:00","1.7125541196048084"
"2021-10-25T06:10:54.988+05:00","1.2238237040354525"
"2021-10-25T06:10:55.490+05:00","0.24910555260116488"
"2021-10-25T06:10:55.992+05:00","0.44876603536217563"
"2021-10-25T06:10:56.493+05:00","0.13723269939911323"
"2021-10-25T06:10:56.996+05:00","0.1022171343227435"
"2021-10-25T06:10:57.498+05:00","0.40145193368859294"
"2021-10-25T06:10:58.000+05:00","0.18444460848071215"
"2021-10-25T06:10:58.503+05:00","0.12062815973185306"
"2021-10-25T06:10:59.004+05:00","0.11186397388950182"
"2021-10-25T06:10:59.506+05:00","0.2970744833472821"
"2021-10-25T06:11:00.007+05:00","2.2631381864022133"
"2021-10-25T06:11:00.508+05:00","13.600152596679077"
"2021-10-25T06:11:01.010+05:00","2.4490011559359175"
"2021-10-25T06:11:01.512+05:00","1.3092527689318947"
"2021-10-25T06:11:02.015+05:00","0.9912214938709644"
"2021-10-25T06:11:02.516+05:00","3.862492323224315"
"2021-10-25T06:11:03.017+05:00","15.0506792579549"
"2021-10-25T06:11:03.519+05:00","4.5836637569637535"
"2021-10-25T06:11:04.020+05:00","15.56748864375011"
"2021-10-25T06:11:04.521+05:00","9.107353381563042"
"2021-10-25T06:11:05.022+05:00","12.112478091528896"
"2021-10-25T06:11:05.523+05:00","12.204841890212666"
"2021-10-25T06:11:06.024+05:00","10.728559698684203"
"2021-10-25T06:11:06.525+05:00","4.827855159800961"
"2021-10-25T06:11:07.027+05:00","9.350599726255098"
"2021-10-25T06:11:07.528+05:00","18.191254542504577"
"2021-10-25T06:11:08.029+05:00","11.341325717399219"
"2021-10-25T06:11:08.531+05:00","4.176316193140334"
"2021-10-25T06:11:09.033+05:00","5.468161489562727"
"2021-10-25T06:11:09.534+05:00","4.996029951852932"
"2021-10-25T06:11:10.035+05:00","8.335704628005207"
"2021-10-25T06:11:10.536+05:00","2.1497054246831726"
"2021-10-25T06:11:11.038+05:00","3.1407106327997623"
"2021-10-25T06:11:11.540+05:00","5.040259211214555"
"2021-10-25T06:11:12.041+05:00","4.123316148177972"
"2021-10-25T06:11:12.543+05:00","2.555224796253656"
"2021-10-25T06:11:13.054+05:00","4.787886807048006"
"2021-10-25T06:11:13.556+05:00","4.629351517276163"
"2021-10-25T06:11:14.058+05:00","5.896543512100081"
"2021-10-25T06:11:14.559+05:00","1.7590012347052295"
"2021-10-25T06:11:15.060+05:00","4.831058569354926"
"2021-10-25T06:11:15.563+05:00","9.772745702970294"
"2021-10-25T06:11:16.065+05:00","9.802373791123566"
"2021-10-25T06:11:16.566+05:00","2.070977958856915"
"2021-10-25T06:11:17.068+05:00","4.632343211859409"
"2021-10-25T06:11:17.570+05:00","4.758744767591418"
"2021-10-25T06:11:18.071+05:00","4.750869383300209"
"2021-10-25T06:11:18.572+05:00","2.471895050648631"
"2021-10-25T06:11:19.074+05:00","4.952210095141339"
"2021-10-25T06:11:19.576+05:00","3.5002160925092527"
"2021-10-25T06:11:20.077+05:00","4.627201324617854"
"2021-10-25T06:11:20.579+05:00","2.3748160612095677"
"2021-10-25T06:11:21.080+05:00","4.813450057011111"
"2021-10-25T06:11:21.582+05:00","4.526455424378115"
"2021-10-25T06:11:22.083+05:00","3.0049908212082723"
"2021-10-25T06:11:22.584+05:00","11.408640166547967"
"2021-10-25T06:11:23.087+05:00","4.129897348916664"
"2021-10-25T06:11:23.589+05:00","2.2008381459898585"
"2021-10-25T06:11:24.092+05:00","1.166457904891402"
"2021-10-25T06:11:24.593+05:00","4.660236133456136"
"2021-10-25T06:11:25.095+05:00","16.409324051133012"
"2021-10-25T06:11:25.597+05:00","4.46559748761177"
"2021-10-25T06:11:26.099+05:00","4.633416902360651"
"2021-10-25T06:11:26.600+05:00","21.020911446804533"
"2021-10-25T06:11:27.101+05:00","14.583111024955771"
"2021-10-25T06:11:27.602+05:00","15.908310446178994"
"2021-10-25T06:11:28.102+05:00","25.413774586921058"
"2021-10-25T06:11:28.603+05:00","15.98650687998665"
"2021-10-25T06:11:29.104+05:00","7.799832094709707"
"2021-10-25T06:11:29.606+05:00","17.82972811898643"
"2021-10-25T06:11:30.107+05:00","11.45759306775325"
"2021-10-25T06:11:30.608+05:00","12.465519753700693"
"2021-10-25T06:11:31.109+05:00","11.749230239965712"
"2021-10-25T06:11:31.610+05:00","12.823399014797983"
"2021-10-25T06:11:32.112+05:00","18.393236994922788"
"2021-10-25T06:11:32.613+05:00","7.048412501271059"
"2021-10-25T06:11:33.113+05:00","11.934044840293076"
"2021-10-25T06:11:33.614+05:00","8.92492475704564"
"2021-10-25T06:11:34.115+05:00","11.208467548755218"
"2021-10-25T06:11:34.616+05:00","19.3330141999858"
"2021-10-25T06:11:35.118+05:00","12.559034578949754"
"2021-10-25T06:11:35.620+05:00","15.923063489342228"
"2021-10-25T06:11:36.122+05:00","9.904667252436518"
"2021-10-25T06:11:36.624+05:00","9.734819789199205"
"2021-10-25T06:11:37.126+05:00","10.492650192408083"
"2021-10-25T06:11:37.627+05:00","6.00945241439538"
"2021-10-25T06:11:38.130+05:00","1.6303441822985405"
"2021-10-25T06:11:38.633+05:00","0.8835834379130153"
"2021-10-25T06:11:39.135+05:00","3.086348843421368"
"2021-10-25T06:11:39.638+05:00","1.9302925175550198"
"2021-10-25T06:11:40.140+05:00","8.354743982045024"
"2021-10-25T06:11:40.641+05:00","13.666803691357924"
"2021-10-25T06:11:41.144+05:00","4.669092840712007"
"2021-10-25T06:11:41.646+05:00","0.7114454521119548"
"2021-10-25T06:11:42.149+05:00","2.6953753860148884"
"2021-10-25T06:11:42.652+05:00","0.14821678638277846"
"2021-10-25T06:11:43.153+05:00","4.126719115709432"
"2021-10-25T06:11:43.656+05:00","3.648144234196989"
"2021-10-25T06:11:44.159+05:00","5.553003645665449"
"2021-10-25T06:11:44.660+05:00","13.70894397195564"
"2021-10-25T06:11:45.163+05:00","6.726972827172951"
"2021-10-25T06:11:45.665+05:00","2.7431461862393784"
"2021-10-25T06:11:46.168+05:00","1.605574975693468"
"2021-10-25T06:11:46.670+05:00","4.3347380878612976"
"2021-10-25T06:11:47.171+05:00","15.531681023648975"
"2021-10-25T06:11:47.672+05:00","13.534491162113754"
"2021-10-25T06:11:48.173+05:00","17.327700364929765"
"2021-10-25T06:11:48.674+05:00","7.111963721693861"
"2021-10-25T06:11:49.175+05:00","9.929149897743883"
"2021-10-25T06:11:49.676+05:00","15.830162049108452"
"2021-10-25T06:11:50.177+05:00","8.215192084950075"
"2021-10-25T06:11:50.678+05:00","7.935188326204122"
"2021-10-25T06:11:51.179+05:00","7.658609080190689"
"2021-10-25T06:11:51.680+05:00","8.529833762014889"
"2021-10-25T06:11:52.181+05:00","7.828378863187305"
"2021-10-25T06:11:52.682+05:00","7.816104879076043"
"2021-10-25T06:11:53.183+05:00","7.713889272736258"
"2021-10-25T06:11:53.684+05:00","7.744187799303393"
"2021-10-25T06:11:54.189+05:00","7.224639478775267"
"2021-10-25T06:11:54.690+05:00","8.066452580477515"
"2021-10-25T06:11:55.191+05:00","9.099047619297043"
"2021-10-25T06:11:55.692+05:00","16.689507686637878"
"2021-10-25T06:11:56.193+05:00","19.302062475013912"
"2021-10-25T06:11:56.695+05:00","21.259862425720172"
"2021-10-25T06:11:57.196+05:00","16.275057197381813"
"2021-10-25T06:11:57.696+05:00","13.692101214908718"
"2021-10-25T06:11:58.197+05:00","11.929094026358186"
"2021-10-25T06:11:58.698+05:00","13.76741292209616"
"2021-10-25T06:11:59.199+05:00","14.511134876261483"
"2021-10-25T06:11:59.700+05:00","10.841525825517476"
"2021-10-25T06:12:00.201+05:00","14.258237501265995"
"2021-10-25T06:12:00.703+05:00","36.29624629792368"
"2021-10-25T06:12:01.205+05:00","48.7663940698467"
"2021-10-25T06:12:01.706+05:00","32.58595827670386"
"2021-10-25T06:12:02.207+05:00","14.478044155209702"
"2021-10-25T06:12:02.708+05:00","18.375146287841815"
"2021-10-25T06:12:03.210+05:00","6.0262790254192495"
"2021-10-25T06:12:03.711+05:00","7.643428022074928"
"2021-10-25T06:12:04.213+05:00","3.4788337871132486"
"2021-10-25T06:12:04.715+05:00","2.9598057157997713"
"2021-10-25T06:12:05.216+05:00","2.8716781558003444"
"2021-10-25T06:12:05.718+05:00","6.275490491510982"
"2021-10-25T06:12:06.219+05:00","4.020714637172805"
"2021-10-25T06:12:06.720+05:00","16.78008597051354"
"2021-10-25T06:12:07.223+05:00","7.9511514505429535"
"2021-10-25T06:12:07.724+05:00","1.400379330923901"
"2021-10-25T06:12:08.226+05:00","2.844887416948971"
"2021-10-25T06:12:08.727+05:00","4.308139021911575"
"2021-10-25T06:12:09.228+05:00","15.467442420616418"
"2021-10-25T06:12:09.730+05:00","18.90759445298276"
"2021-10-25T06:12:10.231+05:00","21.31453721338277"
"2021-10-25T06:12:10.732+05:00","17.756983206430476"
"2021-10-25T06:12:11.232+05:00","12.42638194743331"
"2021-10-25T06:12:11.733+05:00","11.042675364051073"
"2021-10-25T06:12:12.234+05:00","4.066841192023963"
"2021-10-25T06:12:12.735+05:00","8.065619103290878"
"2021-10-25T06:12:13.237+05:00","8.589419193560637"
"2021-10-25T06:12:13.738+05:00","8.789270643943393"
"2021-10-25T06:12:14.239+05:00","9.113198025498907"
"2021-10-25T06:12:14.740+05:00","9.205512340122997"
"2021-10-25T06:12:15.245+05:00","8.278405208594034"
"2021-10-25T06:12:15.746+05:00","9.23575490042402"
"2021-10-25T06:12:16.247+05:00","8.52736766069269"
"2021-10-25T06:12:16.748+05:00","7.984781258860747"
"2021-10-25T06:12:17.249+05:00","10.922847279080084"
"2021-10-25T06:12:17.750+05:00","2.413595064360396"
"2021-10-25T06:12:18.252+05:00","4.443431061126883"
"2021-10-25T06:12:18.754+05:00","0.0811659389181566"
"2021-10-25T06:12:19.257+05:00","1.5227790910066457"
"2021-10-25T06:12:19.760+05:00","1.6850666110966128"
"2021-10-25T06:12:20.261+05:00","0.24115926795094217"
"2021-10-25T06:12:20.763+05:00","1.4855480986696217"
"2021-10-25T06:12:21.266+05:00","1.7571813287807723"
"2021-10-25T06:12:21.769+05:00","0.2014815542214048"
"2021-10-25T06:12:22.272+05:00","0.738291488423154"
"2021-10-25T06:12:22.774+05:00","0.18978910253715606"
"2021-10-25T06:12:23.277+05:00","0.2209813500341929"
"2021-10-25T06:12:23.778+05:00","2.058899669728298"
"2021-10-25T06:12:24.280+05:00","5.118299599678722"
"2021-10-25T06:12:24.782+05:00","0.8536168151391149"
"2021-10-25T06:12:25.284+05:00","3.7637247917616627"
"2021-10-25T06:12:25.787+05:00","4.559930823576413"
"2021-10-25T06:12:26.290+05:00","5.97813234526605"
"2021-10-25T06:12:26.792+05:00","6.294573770978175"
"2021-10-25T06:12:27.293+05:00","4.543281322143717"
"2021-10-25T06:12:27.795+05:00","3.15126640852218"
"2021-10-25T06:12:28.297+05:00","4.006014620756972"
"2021-10-25T06:12:28.798+05:00","9.691118802965256"
"2021-10-25T06:12:29.299+05:00","1.8671949229112466"
"2021-10-25T06:12:29.802+05:00","1.4636060896424423"
"2021-10-25T06:12:30.304+05:00","0.19433245313965808"
"2021-10-25T06:12:30.806+05:00","4.219023468586577"
"2021-10-25T06:12:31.307+05:00","27.09493446659853"
"2021-10-25T06:12:31.809+05:00","18.362268787314413"
"2021-10-25T06:12:32.312+05:00","0.6855752893648736"
"2021-10-25T06:12:32.814+05:00","3.783378829850173"
"2021-10-25T06:12:33.316+05:00","0.14119565953012023"
"2021-10-25T06:12:33.817+05:00","0.3345202298348548"
"2021-10-25T06:12:34.319+05:00","0.3557701570802144"
"2021-10-25T06:12:34.822+05:00","0.04851120960309664"
"2021-10-25T06:12:35.325+05:00","1.189884750132999"
"2021-10-25T06:12:35.828+05:00","0.0431303312030707"
"2021-10-25T06:12:36.330+05:00","0.5917706113139877"
"2021-10-25T06:12:36.833+05:00","0.7600227634676817"
"2021-10-25T06:12:37.336+05:00","0.8367691518557789"
"2021-10-25T06:12:37.837+05:00","1.0081986063011066"
"2021-10-25T06:12:38.338+05:00","1.1934100803444734"
"2021-10-25T06:12:38.839+05:00","0.08894352789633816"
"2021-10-25T06:12:39.341+05:00","0.032397649008313475"
"2021-10-25T06:12:39.843+05:00","1.9533685467464714"
"2021-10-25T06:12:40.345+05:00","1.003111808660631"
"2021-10-25T06:12:40.847+05:00","1.8992030269804134"
"2021-10-25T06:12:41.349+05:00","2.2254464648923133"
"2021-10-25T06:12:41.851+05:00","1.974044848295229"
"2021-10-25T06:12:42.353+05:00","0.09945179502166222"
"2021-10-25T06:12:42.855+05:00","0.08011475408960458"
"2021-10-25T06:12:43.356+05:00","0.25684414994261656"
"2021-10-25T06:12:43.859+05:00","0.36606734279449715"
"2021-10-25T06:12:44.361+05:00","0.4164961519136066"
"2021-10-25T06:12:44.864+05:00","0.05048763040270622"
"2021-10-25T06:12:45.367+05:00","0.07689964311713152"
"2021-10-25T06:12:45.870+05:00","0.22200554297558495"
"2021-10-25T06:12:46.373+05:00","0.06484818736247958"
"2021-10-25T06:12:46.874+05:00","0.7355084377572241"
"2021-10-25T06:12:47.376+05:00","0.4362788124275063"
"2021-10-25T06:12:47.878+05:00","0.16930727029584533"
"2021-10-25T06:12:48.380+05:00","0.20593805812740787"
"2021-10-25T06:12:48.883+05:00","0.05216962249191992"
"2021-10-25T06:12:49.385+05:00","1.7281038085953428"
"2021-10-25T06:12:49.887+05:00","0.4178033803384116"
"2021-10-25T06:12:50.390+05:00","0.4507395877560041"
"2021-10-25T06:12:50.891+05:00","10.287946533959778"
"2021-10-25T06:12:51.393+05:00","4.197450491149784"
"2021-10-25T06:12:51.896+05:00","1.9171739526473686"
"2021-10-25T06:12:52.399+05:00","1.4478248895606296"
"2021-10-25T06:12:52.900+05:00","8.758809382606298"
"2021-10-25T06:12:53.401+05:00","15.563809425449229"
"2021-10-25T06:12:53.902+05:00","6.8549231946347025"
"2021-10-25T06:12:54.403+05:00","20.594788436507347"
"2021-10-25T06:12:54.904+05:00","14.590543281147657"
"2021-10-25T06:12:55.405+05:00","6.5249610133239155"
"2021-10-25T06:12:55.906+05:00","16.276841797640408"
"2021-10-25T06:12:56.410+05:00","11.789226570145203"
"2021-10-25T06:12:56.911+05:00","12.300594560776542"
"2021-10-25T06:12:57.412+05:00","8.292682125762681"
"2021-10-25T06:12:57.913+05:00","7.603503884683683"
"2021-10-25T06:12:58.414+05:00","7.4649221325102975"
"2021-10-25T06:12:58.915+05:00","8.813645491930778"
"2021-10-25T06:12:59.416+05:00","10.03184127334297"
"2021-10-25T06:12:59.917+05:00","10.236285333038886"
"2021-10-25T06:13:00.418+05:00","8.979755822455097"
"2021-10-25T06:13:00.919+05:00","23.265707536351346"
"2021-10-25T06:13:01.420+05:00","13.987935187615353"
"2021-10-25T06:13:01.921+05:00","9.292586295122847"
"2021-10-25T06:13:02.422+05:00","11.225649302335656"
"2021-10-25T06:13:02.923+05:00","12.927326459964206"
"2021-10-25T06:13:03.424+05:00","29.193456520334365"
"2021-10-25T06:13:03.926+05:00","14.76976543802655"
"2021-10-25T06:13:04.428+05:00","13.204202346526559"
"2021-10-25T06:13:04.929+05:00","5.824107010604087"
"2021-10-25T06:13:05.431+05:00","7.590304013747413"
"2021-10-25T06:13:05.933+05:00","5.764065502314296"
"2021-10-25T06:13:06.436+05:00","1.7681179470772623"
"2021-10-25T06:13:06.938+05:00","1.2564918865125565"
"2021-10-25T06:13:07.439+05:00","3.283702942803105"
"2021-10-25T06:13:07.941+05:00","0.5076251750083038"
"2021-10-25T06:13:08.444+05:00","0.7062903799209037"
"2021-10-25T06:13:08.945+05:00","0.11810279219408898"
"2021-10-25T06:13:09.446+05:00","0.9371404275946391"
"2021-10-25T06:13:09.947+05:00","4.192791502479039"
"2021-10-25T06:13:10.449+05:00","1.4098070709773332"
"2021-10-25T06:13:10.950+05:00","0.5598872741014596"
"2021-10-25T06:13:11.452+05:00","0.6542233411942553"
"2021-10-25T06:13:11.953+05:00","3.8952154723712242"
"2021-10-25T06:13:12.455+05:00","1.0223127214261936"
"2021-10-25T06:13:12.957+05:00","10.184087303165644"
"2021-10-25T06:13:13.458+05:00","3.8827280901444015"
"2021-10-25T06:13:13.959+05:00","2.129001664392397"
"2021-10-25T06:13:14.461+05:00","0.38648409276005186"
"2021-10-25T06:13:14.962+05:00","2.9291044388753282"
"2021-10-25T06:13:15.463+05:00","9.775142716990603"
"2021-10-25T06:13:15.965+05:00","4.66329228872189"
"2021-10-25T06:13:16.467+05:00","4.385068065227745"
"2021-10-25T06:13:16.969+05:00","19.39039601881719"
"2021-10-25T06:13:17.474+05:00","7.44918212912829"
"2021-10-25T06:13:17.975+05:00","12.790815957921952"
"2021-10-25T06:13:18.476+05:00","10.7937752973396"
"2021-10-25T06:13:18.977+05:00","15.183243104590193"
"2021-10-25T06:13:19.478+05:00","12.910684531490256"
"2021-10-25T06:13:19.979+05:00","20.348476721817544"
"2021-10-25T06:13:20.481+05:00","20.88749111576673"
"2021-10-25T06:13:20.982+05:00","14.941084867213863"
"2021-10-25T06:13:21.483+05:00","13.215609060781627"
"2021-10-25T06:13:21.984+05:00","22.59087641044802"
"2021-10-25T06:13:22.485+05:00","23.324066582908372"
"2021-10-25T06:13:22.986+05:00","12.667013585852517"
"2021-10-25T06:13:23.487+05:00","18.967993975767058"
"2021-10-25T06:13:23.988+05:00","45.91086214012019"
"2021-10-25T06:13:24.489+05:00","21.423146369615672"
"2021-10-25T06:13:24.990+05:00","20.392402042326296"
"2021-10-25T06:13:25.491+05:00","19.176482006719116"
"2021-10-25T06:13:25.993+05:00","12.958280013450937"
"2021-10-25T06:13:26.494+05:00","11.598864047731944"
"2021-10-25T06:13:26.994+05:00","10.232821963636201"
"2021-10-25T06:13:27.495+05:00","15.93386437912716"
"2021-10-25T06:13:27.997+05:00","18.71766061650068"
"2021-10-25T06:13:28.498+05:00","10.965851101608083"
"2021-10-25T06:13:29.000+05:00","14.958876752981325"
"2021-10-25T06:13:29.501+05:00","13.316249204621734"
"2021-10-25T06:13:30.006+05:00","15.162625049492828"
"2021-10-25T06:13:30.508+05:00","13.205272813358022"
"2021-10-25T06:13:31.008+05:00","9.962286863582463"
"2021-10-25T06:13:31.509+05:00","14.032384163069079"
"2021-10-25T06:13:32.011+05:00","16.889140914034385"
"2021-10-25T06:13:32.512+05:00","16.011123353046486"
"2021-10-25T06:13:33.013+05:00","9.978099556185427"
"2021-10-25T06:13:33.515+05:00","10.965324633390171"
"2021-10-25T06:13:34.016+05:00","11.900794919774945"
"2021-10-25T06:13:34.518+05:00","15.445266262051334"
"2021-10-25T06:13:35.019+05:00","22.628632944733095"
"2021-10-25T06:13:35.522+05:00","6.00954314506466"
"2021-10-25T06:13:36.025+05:00","2.0291076553530982"
"2021-10-25T06:13:36.527+05:00","1.0148764605888223"
"2021-10-25T06:13:37.028+05:00","6.326302563391278"
"2021-10-25T06:13:37.529+05:00","15.480330279582939"
"2021-10-25T06:13:38.034+05:00","19.975692243497754"
"2021-10-25T06:13:38.535+05:00","12.219813518842843"
"2021-10-25T06:13:39.036+05:00","10.187936694649103"
"2021-10-25T06:13:39.537+05:00","10.05949336047851"
"2021-10-25T06:13:40.038+05:00","14.874113653340018"
"2021-10-25T06:13:40.539+05:00","19.0327029242143"
"2021-10-25T06:13:41.041+05:00","22.62920644849464"
"2021-10-25T06:13:41.542+05:00","18.08472147718214"
"2021-10-25T06:13:42.043+05:00","16.51737226991689"
"2021-10-25T06:13:42.544+05:00","13.491771454782082"
"2021-10-25T06:13:43.045+05:00","16.3320151304002"
"2021-10-25T06:13:43.546+05:00","12.16955563077529"
"2021-10-25T06:13:44.047+05:00","18.518486030960368"
"2021-10-25T06:13:44.548+05:00","10.114841062620922"
"2021-10-25T06:13:45.049+05:00","5.37422019271524"
"2021-10-25T06:13:45.550+05:00","6.4451123149153755"
"2021-10-25T06:13:46.052+05:00","7.463259873555649"
"2021-10-25T06:13:46.554+05:00","7.061029045985633"
"2021-10-25T06:13:47.056+05:00","6.816839160104777"
"2021-10-25T06:13:47.558+05:00","5.901288532683364"
"2021-10-25T06:13:48.060+05:00","6.417688169864191"
"2021-10-25T06:13:48.561+05:00","6.738853451343147"
"2021-10-25T06:13:49.063+05:00","6.886981526655595"
"2021-10-25T06:13:49.565+05:00","6.790974488580861"
"2021-10-25T06:13:50.065+05:00","7.009429225494502"
"2021-10-25T06:13:50.568+05:00","6.766694260252859"
"2021-10-25T06:13:51.069+05:00","5.823601233552289"
"2021-10-25T06:13:51.571+05:00","6.132364383396236"
"2021-10-25T06:13:52.073+05:00","6.579819706754906"
"2021-10-25T06:13:52.574+05:00","10.779258526397795"
"2021-10-25T06:13:53.075+05:00","8.039355334141717"
"2021-10-25T06:13:53.576+05:00","9.87872882186186"
"2021-10-25T06:13:54.077+05:00","4.456379245484781"
"2021-10-25T06:13:54.578+05:00","3.9761067478096614"
"2021-10-25T06:13:55.079+05:00","4.830771451773474"
"2021-10-25T06:13:55.581+05:00","6.347186625104076"
"2021-10-25T06:13:56.083+05:00","5.764108071653088"
"2021-10-25T06:13:56.584+05:00","6.2384666765199235"
"2021-10-25T06:13:57.086+05:00","15.705534011514324"
"2021-10-25T06:13:57.587+05:00","5.0168270728934985"
"2021-10-25T06:13:58.088+05:00","2.154782977456043"
"2021-10-25T06:13:58.590+05:00","1.5385405670870587"
"2021-10-25T06:13:59.096+05:00","4.896461328699757"
"2021-10-25T06:13:59.597+05:00","18.747399821358414"
"2021-10-25T06:14:00.098+05:00","12.192670264230335"
"2021-10-25T06:14:00.599+05:00","17.082603237486083"
"2021-10-25T06:14:01.100+05:00","22.218980245562076"
"2021-10-25T06:14:01.601+05:00","21.022898732459957"
"2021-10-25T06:14:02.102+05:00","15.773595360216111"
"2021-10-25T06:14:02.603+05:00","16.674752314062765"
"2021-10-25T06:14:03.104+05:00","12.201065956376222"
"2021-10-25T06:14:03.605+05:00","9.133537095569832"
"2021-10-25T06:14:04.106+05:00","10.531648767962448"
"2021-10-25T06:14:04.607+05:00","10.345813138594462"
"2021-10-25T06:14:05.108+05:00","10.11555792014681"
"2021-10-25T06:14:05.609+05:00","9.140458702903276"
"2021-10-25T06:14:06.110+05:00","19.54957273024523"
"2021-10-25T06:14:06.611+05:00","11.747593420282229"
"2021-10-25T06:14:07.111+05:00","17.685810193858863"
"2021-10-25T06:14:07.612+05:00","16.500371597441852"
"2021-10-25T06:14:08.113+05:00","12.79572266405112"
"2021-10-25T06:14:08.614+05:00","11.125338393968772"
"2021-10-25T06:14:09.115+05:00","9.81063933230977"
"2021-10-25T06:14:09.616+05:00","9.158149739741805"
"2021-10-25T06:14:10.117+05:00","19.287760697894893"
"2021-10-25T06:14:10.618+05:00","0.7966673734447117"
"2021-10-25T06:14:11.119+05:00","3.5833789311180277"
"2021-10-25T06:14:11.622+05:00","0.45747165984609117"
"2021-10-25T06:14:12.123+05:00","3.4872263257673493"
"2021-10-25T06:14:12.625+05:00","0.23153268590412976"
"2021-10-25T06:14:13.128+05:00","0.9425707468775031"
"2021-10-25T06:14:13.631+05:00","0.15461626184390734"
"2021-10-25T06:14:14.132+05:00","4.2017736985460274"
"2021-10-25T06:14:14.634+05:00","0.10421023525513866"
"2021-10-25T06:14:15.135+05:00","1.0576197356977235"
"2021-10-25T06:14:15.635+05:00","0.15443492786004354"
"2021-10-25T06:14:16.136+05:00","1.6954786396506738"
"2021-10-25T06:14:16.639+05:00","0.06858659267190179"
"2021-10-25T06:14:17.141+05:00","0.9763480695579695"
"2021-10-25T06:14:17.644+05:00","1.1449458646441948"
"2021-10-25T06:14:18.145+05:00","0.419223372358763"
"2021-10-25T06:14:18.647+05:00","2.1780711679020732"
"2021-10-25T06:14:19.147+05:00","8.90107834634064"
"2021-10-25T06:14:19.650+05:00","2.648663290082085"
"2021-10-25T06:14:20.155+05:00","0.44562411780396305"
"2021-10-25T06:14:20.656+05:00","1.5570549572144408"
"2021-10-25T06:14:21.157+05:00","3.3105775645117577"
"2021-10-25T06:14:21.658+05:00","16.03289915841484"
"2021-10-25T06:14:22.159+05:00","14.98255541471838"
"2021-10-25T06:14:22.660+05:00","17.120789341914715"
"2021-10-25T06:14:23.161+05:00","7.876784709002529"
"2021-10-25T06:14:23.662+05:00","15.939720335516945"
"2021-10-25T06:14:24.163+05:00","9.583993332279709"
"2021-10-25T06:14:24.665+05:00","11.25023968939973"
"2021-10-25T06:14:25.166+05:00","10.674244340948293"
"2021-10-25T06:14:25.667+05:00","2.759381550603108"
"2021-10-25T06:14:26.168+05:00","2.447988089786199"
"2021-10-25T06:14:26.668+05:00","0.8477828419325305"
"2021-10-25T06:14:27.169+05:00","0.3658594116724716"
"2021-10-25T06:14:27.671+05:00","0.2129388578728424"
"2021-10-25T06:14:28.173+05:00","1.3344493357234053"
"2021-10-25T06:14:28.674+05:00","0.31558059050889936"
"2021-10-25T06:14:29.176+05:00","0.46477907487260184"
"2021-10-25T06:14:29.679+05:00","0.28156608912248327"
"2021-10-25T06:14:30.179+05:00","1.2060101672536692"
"2021-10-25T06:14:30.680+05:00","0.8400706211657957"
"2021-10-25T06:14:31.181+05:00","0.2316064583694277"
"2021-10-25T06:14:31.682+05:00","0.2237808669722709"
"2021-10-25T06:14:32.184+05:00","4.042129094575785"
"2021-10-25T06:14:32.685+05:00","4.5511485205219735"
"2021-10-25T06:14:33.186+05:00","0.09280599150257943"
"2021-10-25T06:14:33.687+05:00","0.8648667664414471"
"2021-10-25T06:14:34.188+05:00","0.14222077079836254"
"2021-10-25T06:14:34.689+05:00","0.2198987709472107"
"2021-10-25T06:14:35.190+05:00","0.2807587273940729"
"2021-10-25T06:14:35.691+05:00","0.054419127995931904"
"2021-10-25T06:14:36.192+05:00","0.15107284213906141"
"2021-10-25T06:14:36.694+05:00","0.1651147879343235"
"2021-10-25T06:14:37.195+05:00","1.0007670952617211"
"2021-10-25T06:14:37.696+05:00","3.4725686926828154"
"2021-10-25T06:14:38.197+05:00","0.19423885483192"
"2021-10-25T06:14:38.699+05:00","0.34293736328624563"
"2021-10-25T06:14:39.203+05:00","0.22430119274071125"
"2021-10-25T06:14:39.705+05:00","0.4798184815795942"
"2021-10-25T06:14:40.207+05:00","2.7633630327224954"
"2021-10-25T06:14:40.709+05:00","0.5329623600051645"
"2021-10-25T06:14:41.210+05:00","10.017008203098682"
"2021-10-25T06:14:41.711+05:00","1.7159006079271633"
"2021-10-25T06:14:42.213+05:00","3.160821289137073"
"2021-10-25T06:14:42.715+05:00","2.9066477323720026"
"2021-10-25T06:14:43.216+05:00","4.71880042590483"
"2021-10-25T06:14:43.717+05:00","14.461508449699874"
"2021-10-25T06:14:44.218+05:00","12.759663540083618"
"2021-10-25T06:14:44.720+05:00","15.934897219995543"
"2021-10-25T06:14:45.221+05:00","15.706314742246963"
"2021-10-25T06:14:45.722+05:00","3.935449645371209"
"2021-10-25T06:14:46.224+05:00","1.208029657594129"
"2021-10-25T06:14:46.725+05:00","1.3583715056226824"
"2021-10-25T06:14:47.226+05:00","1.534989769615279"
"2021-10-25T06:14:47.727+05:00","0.2295749541839432"
"2021-10-25T06:14:48.229+05:00","1.934842461851779"
"2021-10-25T06:14:48.730+05:00","0.7517083695660202"
"2021-10-25T06:14:49.231+05:00","0.4785171881610371"
"2021-10-25T06:14:49.733+05:00","1.1948903601606102"
"2021-10-25T06:14:50.234+05:00","1.1677770234987401"
"2021-10-25T06:14:50.736+05:00","1.4088959562011467"
"2021-10-25T06:14:51.237+05:00","2.925646488336484"
"2021-10-25T06:14:51.738+05:00","1.735092249735638"
"2021-10-25T06:14:52.240+05:00","2.0647735164006473"
"2021-10-25T06:14:52.742+05:00","1.230419251554013"
"2021-10-25T06:14:53.245+05:00","0.17118989875286134"
"2021-10-25T06:14:53.747+05:00","4.020156053755476"
"2021-10-25T06:14:54.248+05:00","4.634357310784432"
"2021-10-25T06:14:54.750+05:00","1.8560267910066652"
"2021-10-25T06:14:55.253+05:00","0.8627755707627353"
"2021-10-25T06:14:55.756+05:00","0.6873692854143016"
"2021-10-25T06:14:56.258+05:00","0.6469746194554179"
"2021-10-25T06:14:56.759+05:00","0.4403927472469449"
"2021-10-25T06:14:57.260+05:00","2.043816281823287"
"2021-10-25T06:14:57.763+05:00","0.25864284937243864"
"2021-10-25T06:14:58.266+05:00","0.724401255647416"
"2021-10-25T06:14:58.769+05:00","0.660600978626717"
"2021-10-25T06:14:59.276+05:00","0.3029913876051505"
"2021-10-25T06:14:59.778+05:00","0.09692421987003227"
"2021-10-25T06:15:00.281+05:00","2.483779447260369"
"2021-10-25T06:15:00.783+05:00","0.6558114141250976"
"2021-10-25T06:15:01.286+05:00","1.123664163612538"
"2021-10-25T06:15:01.789+05:00","1.3334565561172067"
"2021-10-25T06:15:02.291+05:00","1.3631326049484112"
"2021-10-25T06:15:02.793+05:00","0.06578024219104614"
"2021-10-25T06:15:03.295+05:00","10.671170153251484"
"2021-10-25T06:15:03.798+05:00","2.3177973333036146"
"2021-10-25T06:15:04.299+05:00","1.6463527510655445"
"2021-10-25T06:15:04.801+05:00","1.447024551221949"
"2021-10-25T06:15:05.302+05:00","4.5743901128802555"
"2021-10-25T06:15:05.803+05:00","15.75766935433039"
"2021-10-25T06:15:06.304+05:00","7.641969692990556"
"2021-10-25T06:15:06.806+05:00","4.776213853340963"
"2021-10-25T06:15:07.308+05:00","5.231460613664564"
"2021-10-25T06:15:07.810+05:00","2.9329471842837114"
"2021-10-25T06:15:08.312+05:00","13.647025488990725"
"2021-10-25T06:15:08.812+05:00","12.547306463164531"
"2021-10-25T06:15:09.313+05:00","16.490215789459334"
"2021-10-25T06:15:09.814+05:00","16.730722655716963"
"2021-10-25T06:15:10.315+05:00","26.27928433122561"
"2021-10-25T06:15:10.816+05:00","12.755629911892106"
"2021-10-25T06:15:11.317+05:00","14.299795453385894"
"2021-10-25T06:15:11.818+05:00","15.883125029263697"
"2021-10-25T06:15:12.319+05:00","13.01730194679784"
"2021-10-25T06:15:12.820+05:00","11.71499181657228"
"2021-10-25T06:15:13.321+05:00","14.204657886680495"
"2021-10-25T06:15:13.822+05:00","27.791922336720518"
"2021-10-25T06:15:14.323+05:00","19.046276981670964"
"2021-10-25T06:15:14.824+05:00","27.3242329917176"
"2021-10-25T06:15:15.325+05:00","10.222993547105585"
"2021-10-25T06:15:15.826+05:00","11.342169915405318"
"2021-10-25T06:15:16.327+05:00","28.661816613858996"
"2021-10-25T06:15:16.828+05:00","29.495660414286796"
"2021-10-25T06:15:17.329+05:00","35.791304742541044"
"2021-10-25T06:15:17.831+05:00","10.885358930837855"
"2021-10-25T06:15:18.333+05:00","7.264587374811106"
"2021-10-25T06:15:18.834+05:00","5.899689695411249"
"2021-10-25T06:15:19.336+05:00","6.638189455114036"
"2021-10-25T06:15:19.837+05:00","3.4500754523483987"
"2021-10-25T06:15:20.342+05:00","8.929041211286208"
"2021-10-25T06:15:20.843+05:00","3.774086277446471"
"2021-10-25T06:15:21.346+05:00","6.087454643960761"
"2021-10-25T06:15:21.848+05:00","3.4889355754199034"
"2021-10-25T06:15:22.350+05:00","6.250659444630236"
"2021-10-25T06:15:22.852+05:00","6.54652582525609"
"2021-10-25T06:15:23.353+05:00","6.3371615927672895"
"2021-10-25T06:15:23.855+05:00","5.581854733541123"
"2021-10-25T06:15:24.357+05:00","5.79181070038409"
"2021-10-25T06:15:24.859+05:00","5.031149856060283"
"2021-10-25T06:15:25.360+05:00","5.330682771541638"
"2021-10-25T06:15:25.862+05:00","24.905324877360307"
"2021-10-25T06:15:26.364+05:00","3.9395622455950763"
"2021-10-25T06:15:26.867+05:00","2.201773008482931"
"2021-10-25T06:15:27.370+05:00","1.3045788218217906"
"2021-10-25T06:15:27.871+05:00","17.21746982105931"
"2021-10-25T06:15:28.372+05:00","8.858487215462947"
"2021-10-25T06:15:28.874+05:00","2.601015395633466"
"2021-10-25T06:15:29.376+05:00","4.7134589497473485"
"2021-10-25T06:15:29.877+05:00","16.413726449653378"
"2021-10-25T06:15:30.378+05:00","12.47310559642898"
"2021-10-25T06:15:30.879+05:00","19.1968400670526"
"2021-10-25T06:15:31.380+05:00","21.18171722297336"
"2021-10-25T06:15:31.881+05:00","14.052744245110217"
"2021-10-25T06:15:32.382+05:00","11.465200433363917"
"2021-10-25T06:15:32.883+05:00","16.01986667126524"
"2021-10-25T06:15:33.384+05:00","18.528730163373506"
"2021-10-25T06:15:33.885+05:00","11.125835374642756"
"2021-10-25T06:15:34.386+05:00","9.674774738157339"
"2021-10-25T06:15:34.887+05:00","14.05287590790253"
"2021-10-25T06:15:35.389+05:00","13.855384534069259"
"2021-10-25T06:15:35.890+05:00","13.15621420581714"
"2021-10-25T06:15:36.391+05:00","17.627172816301396"
"2021-10-25T06:15:36.892+05:00","5.44829532041424"
"2021-10-25T06:15:37.393+05:00","6.460862957387673"
"2021-10-25T06:15:37.896+05:00","2.3025462143401665"
"2021-10-25T06:15:38.398+05:00","1.9535829926627752"
"2021-10-25T06:15:38.901+05:00","4.259190847013174"
"2021-10-25T06:15:39.403+05:00","2.54205094472998"
"2021-10-25T06:15:39.905+05:00","2.6758743290177813"
"2021-10-25T06:15:40.407+05:00","4.722203355733837"
"2021-10-25T06:15:40.910+05:00","4.326914350009123"
"2021-10-25T06:15:41.419+05:00","2.955196473750746"
"2021-10-25T06:15:41.921+05:00","1.2545782756127448"
"2021-10-25T06:15:42.423+05:00","2.6927410749363863"
"2021-10-25T06:15:42.924+05:00","2.0982264486409283"
"2021-10-25T06:15:43.425+05:00","1.8705490947408445"
"2021-10-25T06:15:43.927+05:00","0.4884836021222116"
"2021-10-25T06:15:44.429+05:00","4.890202751268791"
"2021-10-25T06:15:44.931+05:00","4.490078887286742"
"2021-10-25T06:15:45.433+05:00","2.9849284538826764"
"2021-10-25T06:15:45.936+05:00","1.6959928765437478"
"2021-10-25T06:15:46.439+05:00","1.8816123161755978"
"2021-10-25T06:15:46.941+05:00","3.0388966518945444"
"2021-10-25T06:15:47.444+05:00","3.2854410321599268"
"2021-10-25T06:15:47.946+05:00","10.3664435887411"
"2021-10-25T06:15:48.447+05:00","2.544410669185528"
"2021-10-25T06:15:48.948+05:00","0.42854415311232874"
"2021-10-25T06:15:49.451+05:00","1.2934551871501705"
"2021-10-25T06:15:49.952+05:00","16.747414213383387"
"2021-10-25T06:15:50.453+05:00","5.236190659460023"
"2021-10-25T06:15:50.955+05:00","20.211616420582235"
"2021-10-25T06:15:51.455+05:00","12.893884077875331"
"2021-10-25T06:15:51.956+05:00","2.56543805462225"
"2021-10-25T06:15:52.457+05:00","9.43766349559033"
"2021-10-25T06:15:52.958+05:00","12.254032335665263"
"2021-10-25T06:15:53.459+05:00","12.262096843281283"
"2021-10-25T06:15:53.960+05:00","13.9360492641154"
"2021-10-25T06:15:54.461+05:00","13.376055614103313"
"2021-10-25T06:15:54.962+05:00","12.751149116654862"
"2021-10-25T06:15:55.464+05:00","18.09220503988706"
"2021-10-25T06:15:55.965+05:00","10.483447440450675"
"2021-10-25T06:15:56.466+05:00","0.8010318585698339"
"2021-10-25T06:15:56.967+05:00","10.305189225243538"
"2021-10-25T06:15:57.469+05:00","1.9544439447647906"
"2021-10-25T06:15:57.972+05:00","2.1074676859130235"
"2021-10-25T06:15:58.475+05:00","1.5132395248761905"
"2021-10-25T06:15:58.978+05:00","2.9369053339803934"
"2021-10-25T06:15:59.480+05:00","1.0815939005443718"
"2021-10-25T06:15:59.983+05:00","0.45429532965997105"
"2021-10-25T06:16:00.484+05:00","1.443340745059889"
"2021-10-25T06:16:00.996+05:00","1.0556699929753006"
"2021-10-25T06:16:01.497+05:00","0.5654238805055698"
"2021-10-25T06:16:02.000+05:00","0.22903784230028634"
"2021-10-25T06:16:02.502+05:00","0.8165279219632624"
"2021-10-25T06:16:03.004+05:00","0.8636733710783521"
"2021-10-25T06:16:03.505+05:00","1.7962025888948108"
"2021-10-25T06:16:04.008+05:00","3.21220479342558"
"2021-10-25T06:16:04.509+05:00","0.8085238149770587"
"2021-10-25T06:16:05.011+05:00","0.16228882703533046"
"2021-10-25T06:16:05.513+05:00","0.39301135036720064"
"2021-10-25T06:16:06.015+05:00","0.32416775335115894"
"2021-10-25T06:16:06.518+05:00","0.9113293958206944"
"2021-10-25T06:16:07.019+05:00","0.8495436663265274"
"2021-10-25T06:16:07.521+05:00","1.5188173609512268"
"2021-10-25T06:16:08.024+05:00","0.5517679349529605"
"2021-10-25T06:16:08.527+05:00","3.240004108599473"
"2021-10-25T06:16:09.028+05:00","1.0708440363311844"
"2021-10-25T06:16:09.530+05:00","0.5952184407262271"
"2021-10-25T06:16:10.032+05:00","16.82699279677621"
"2021-10-25T06:16:10.534+05:00","0.8176626004680614"
"2021-10-25T06:16:11.037+05:00","2.097691843378771"
"2021-10-25T06:16:11.539+05:00","0.5860621882851189"
"2021-10-25T06:16:12.040+05:00","16.963010505623974"
"2021-10-25T06:16:12.542+05:00","7.739473994148947"
"2021-10-25T06:16:13.043+05:00","18.579757889919946"
"2021-10-25T06:16:13.544+05:00","10.232470098858979"
"2021-10-25T06:16:14.045+05:00","20.55087438569187"
"2021-10-25T06:16:14.546+05:00","9.811877135915068"
"2021-10-25T06:16:15.047+05:00","10.926043278189658"
"2021-10-25T06:16:15.549+05:00","8.6127066130129"
"2021-10-25T06:16:16.049+05:00","8.57866997272326"
"2021-10-25T06:16:16.550+05:00","10.423046152712491"
"2021-10-25T06:16:17.052+05:00","20.875593408790166"
"2021-10-25T06:16:17.553+05:00","25.44509338764889"
"2021-10-25T06:16:18.054+05:00","14.11890627262445"
"2021-10-25T06:16:18.555+05:00","9.804716990365106"
"2021-10-25T06:16:19.056+05:00","10.41559946108763"
"2021-10-25T06:16:19.556+05:00","14.619825108924779"
"2021-10-25T06:16:20.057+05:00","13.174298667131929"
"2021-10-25T06:16:20.558+05:00","23.460734709189232"
"2021-10-25T06:16:21.059+05:00","14.872061372798168"
"2021-10-25T06:16:21.560+05:00","18.000163818713162"
"2021-10-25T06:16:22.065+05:00","22.444253539849317"
"2021-10-25T06:16:22.566+05:00","18.74564177265272"
"2021-10-25T06:16:23.068+05:00","12.287009691964872"
"2021-10-25T06:16:23.570+05:00","6.343037609013298"
"2021-10-25T06:16:24.071+05:00","14.923030591646297"
"2021-10-25T06:16:24.571+05:00","11.766644191180553"
"2021-10-25T06:16:25.073+05:00","10.326095066291437"
"2021-10-25T06:16:25.574+05:00","8.25617004964049"
"2021-10-25T06:16:26.075+05:00","7.902736328943536"
"2021-10-25T06:16:26.576+05:00","9.417629727906567"
"2021-10-25T06:16:27.078+05:00","8.675352754059256"
"2021-10-25T06:16:27.579+05:00","8.779733106920876"
"2021-10-25T06:16:28.080+05:00","8.623911835007405"
"2021-10-25T06:16:28.582+05:00","10.132489633056714"
"2021-10-25T06:16:29.084+05:00","7.919648332592769"
"2021-10-25T06:16:29.585+05:00","10.856500765850418"
"2021-10-25T06:16:30.087+05:00","12.713662339320141"
"2021-10-25T06:16:30.588+05:00","9.715242417257178"
"2021-10-25T06:16:31.089+05:00","8.052427157744297"
"2021-10-25T06:16:31.590+05:00","9.391006956720467"
"2021-10-25T06:16:32.092+05:00","18.561234967674363"
"2021-10-25T06:16:32.594+05:00","8.739965174097"
"2021-10-25T06:16:33.097+05:00","2.6610734693250384"
"2021-10-25T06:16:33.599+05:00","1.7902094198259066"
"2021-10-25T06:16:34.101+05:00","16.787860532056726"
"2021-10-25T06:16:34.602+05:00","4.704189180149045"
"2021-10-25T06:16:35.104+05:00","4.442814689403233"
"2021-10-25T06:16:35.606+05:00","4.237044872483601"
"2021-10-25T06:16:36.108+05:00","20.312588394424974"
"2021-10-25T06:16:36.609+05:00","12.581553910704551"
"2021-10-25T06:16:37.110+05:00","18.410560040517705"
"2021-10-25T06:16:37.611+05:00","22.488783616728277"
"2021-10-25T06:16:38.112+05:00","22.847070851037493"
"2021-10-25T06:16:38.613+05:00","19.153073476709373"
"2021-10-25T06:16:39.114+05:00","8.293952081251906"
"2021-10-25T06:16:39.615+05:00","9.634033890608258"
"2021-10-25T06:16:40.116+05:00","9.133213868000809"
"2021-10-25T06:16:40.617+05:00","13.813380060399357"
"2021-10-25T06:16:41.118+05:00","6.8667959098516915"
"2021-10-25T06:16:41.619+05:00","6.5170808881798425"
"2021-10-25T06:16:42.120+05:00","9.315242102593967"
"2021-10-25T06:16:42.621+05:00","10.878105809883033"
"2021-10-25T06:16:43.125+05:00","6.023869946356809"
"2021-10-25T06:16:43.626+05:00","20.84966606638868"
"2021-10-25T06:16:44.127+05:00","13.66577837007239"
"2021-10-25T06:16:44.628+05:00","10.705690779521419"
"2021-10-25T06:16:45.129+05:00","7.632220035058193"
"2021-10-25T06:16:45.630+05:00","8.485715539744557"
"2021-10-25T06:16:46.131+05:00","13.890178410327028"
"2021-10-25T06:16:46.632+05:00","12.284322014575888"
"2021-10-25T06:16:47.132+05:00","20.0421438705786"
"2021-10-25T06:16:47.635+05:00","13.786390331995623"
"2021-10-25T06:16:48.136+05:00","17.683218480544312"
"2021-10-25T06:16:48.637+05:00","23.795464277877826"
"2021-10-25T06:16:49.138+05:00","22.37611496193174"
"2021-10-25T06:16:49.640+05:00","12.406793437276715"
"2021-10-25T06:16:50.142+05:00","1.3911485168874265"
"2021-10-25T06:16:50.644+05:00","5.101590552674787"
"2021-10-25T06:16:51.145+05:00","9.93462401188892"
"2021-10-25T06:16:51.646+05:00","2.066941291904061"
"2021-10-25T06:16:52.147+05:00","8.569443739977041"
"2021-10-25T06:16:52.648+05:00","4.678001472558719"
"2021-10-25T06:16:53.151+05:00","3.545263383495"
"2021-10-25T06:16:53.652+05:00","4.020080842285447"
"2021-10-25T06:16:54.153+05:00","15.515307214408622"
"2021-10-25T06:16:54.655+05:00","2.4821143754924795"
"2021-10-25T06:16:55.157+05:00","3.555168878052474"
"2021-10-25T06:16:55.660+05:00","0.6668945380025701"
"2021-10-25T06:16:56.163+05:00","17.48379337374192"
"2021-10-25T06:16:56.665+05:00","4.636591816267439"
"2021-10-25T06:16:57.167+05:00","2.3667849762115045"
"2021-10-25T06:16:57.668+05:00","9.264303943303023"
"2021-10-25T06:16:58.169+05:00","17.05629593378767"
"2021-10-25T06:16:58.670+05:00","9.194815475155373"
"2021-10-25T06:16:59.171+05:00","23.49941257304069"
"2021-10-25T06:16:59.672+05:00","13.294854676242098"
"2021-10-25T06:17:00.173+05:00","8.887735749306174"
"2021-10-25T06:17:00.674+05:00","8.923138953290419"
"2021-10-25T06:17:01.175+05:00","9.738149042516909"
"2021-10-25T06:17:01.676+05:00","10.083500922306197"
"2021-10-25T06:17:02.177+05:00","9.699754109679253"
"2021-10-25T06:17:02.678+05:00","3.7246819578616943"
"2021-10-25T06:17:03.183+05:00","23.370415056850923"
"2021-10-25T06:17:03.684+05:00","10.299622031366194"
"2021-10-25T06:17:04.185+05:00","6.678554615576106"
"2021-10-25T06:17:04.686+05:00","10.98244626505278"
"2021-10-25T06:17:05.187+05:00","11.881926585716286"
"2021-10-25T06:17:05.688+05:00","11.08865291989096"
"2021-10-25T06:17:06.189+05:00","21.418527390233905"
"2021-10-25T06:17:06.690+05:00","13.808274690602317"
"2021-10-25T06:17:07.191+05:00","10.867915086375252"
"2021-10-25T06:17:07.692+05:00","12.183804491434696"
"2021-10-25T06:17:08.193+05:00","17.165069364263484"
"2021-10-25T06:17:08.695+05:00","9.981015491639036"
"2021-10-25T06:17:09.196+05:00","3.852179231154675"
"2021-10-25T06:17:09.697+05:00","5.099604559505928"
"2021-10-25T06:17:10.198+05:00","9.376333525303846"
"2021-10-25T06:17:10.700+05:00","2.1766778940667053"
"2021-10-25T06:17:11.202+05:00","2.153288265353198"
"2021-10-25T06:17:11.703+05:00","3.327276079181633"
"2021-10-25T06:17:12.205+05:00","1.3085316563573104"
"2021-10-25T06:17:12.707+05:00","0.5079735293714704"
"2021-10-25T06:17:13.208+05:00","4.574479443743215"
"2021-10-25T06:17:13.710+05:00","5.517265747491329"
"2021-10-25T06:17:14.213+05:00","10.26872249115221"
"2021-10-25T06:17:14.715+05:00","4.754486980887102"
"2021-10-25T06:17:15.217+05:00","1.4398645448624738"
"2021-10-25T06:17:15.719+05:00","0.7162902503135389"
"2021-10-25T06:17:16.222+05:00","13.988095846085773"
"2021-10-25T06:17:16.724+05:00","3.4188333498248613"
"2021-10-25T06:17:17.226+05:00","1.6751270094356312"
"2021-10-25T06:17:17.727+05:00","0.8669890177680039"
"2021-10-25T06:17:18.228+05:00","17.040640928077657"
"2021-10-25T06:17:18.730+05:00","5.206868562067518"
"2021-10-25T06:17:19.231+05:00","17.904628046089535"
"2021-10-25T06:17:19.732+05:00","14.079021735643568"
"2021-10-25T06:17:20.232+05:00","9.015868832494757"
"2021-10-25T06:17:20.733+05:00","10.04444170977451"
"2021-10-25T06:17:21.234+05:00","12.722936051942968"
"2021-10-25T06:17:21.735+05:00","8.158621880202197"
"2021-10-25T06:17:22.236+05:00","12.304660013793185"
"2021-10-25T06:17:22.736+05:00","11.009805722939312"
"2021-10-25T06:17:23.237+05:00","18.088093755884884"
"2021-10-25T06:17:23.739+05:00","22.179368578025652"
"2021-10-25T06:17:24.244+05:00","24.844800771680134"
"2021-10-25T06:17:24.745+05:00","14.711439413750844"
"2021-10-25T06:17:25.245+05:00","15.605792476771683"
"2021-10-25T06:17:25.746+05:00","19.95780649497454"
"2021-10-25T06:17:26.247+05:00","23.239642997366268"
"2021-10-25T06:17:26.748+05:00","10.068943849898712"
"2021-10-25T06:17:27.249+05:00","18.57261446893117"
"2021-10-25T06:17:27.750+05:00","12.86060999992291"
"2021-10-25T06:17:28.251+05:00","15.610032078275207"
"2021-10-25T06:17:28.752+05:00","15.875415286822356"
"2021-10-25T06:17:29.253+05:00","10.455189382433463"
"2021-10-25T06:17:29.754+05:00","6.657548625859711"
"2021-10-25T06:17:30.255+05:00","4.156552090056558"
"2021-10-25T06:17:30.756+05:00","7.110359780920513"
"2021-10-25T06:17:31.257+05:00","5.064307653015112"
"2021-10-25T06:17:31.759+05:00","1.7255427321016048"
"2021-10-25T06:17:32.261+05:00","3.231038668970375"
"2021-10-25T06:17:32.763+05:00","4.006360444268674"
"2021-10-25T06:17:33.265+05:00","2.0638862197305547"
"2021-10-25T06:17:33.767+05:00","1.444189443375364"
"2021-10-25T06:17:34.270+05:00","4.540820841862922"
"2021-10-25T06:17:34.773+05:00","5.49262299154036"
"2021-10-25T06:17:35.276+05:00","1.1992256270821635"
"2021-10-25T06:17:35.778+05:00","1.5624774706256048"
"2021-10-25T06:17:36.281+05:00","0.4290809645078084"
"2021-10-25T06:17:36.783+05:00","1.0318956409819948"
"2021-10-25T06:17:37.286+05:00","9.00967894409087"
"2021-10-25T06:17:37.787+05:00","5.493551478996904"
"2021-10-25T06:17:38.288+05:00","23.58575202907228"
"2021-10-25T06:17:38.790+05:00","2.570433508841382"
"2021-10-25T06:17:39.293+05:00","1.9792255236596112"
"2021-10-25T06:17:39.796+05:00","0.7105344674597381"
"2021-10-25T06:17:40.298+05:00","16.93225919529517"
"2021-10-25T06:17:40.800+05:00","4.2356581606009875"
"2021-10-25T06:17:41.301+05:00","9.02398861107722"
"2021-10-25T06:17:41.802+05:00","17.287067167152443"
"2021-10-25T06:17:42.303+05:00","3.0214904940922676"
"2021-10-25T06:17:42.805+05:00","4.139670328311596"
"2021-10-25T06:17:43.306+05:00","13.18734927215581"
"2021-10-25T06:17:43.807+05:00","24.46915993971488"
"2021-10-25T06:17:44.308+05:00","12.755010000415808"
"2021-10-25T06:17:44.809+05:00","10.662244426676247"
"2021-10-25T06:17:45.315+05:00","23.256933091349246"
"2021-10-25T06:17:45.816+05:00","12.566096439713915"
"2021-10-25T06:17:46.317+05:00","15.29871876057701"
"2021-10-25T06:17:46.818+05:00","22.61864082912613"
"2021-10-25T06:17:47.319+05:00","25.823291842363226"
"2021-10-25T06:17:47.820+05:00","20.536036963811554"
"2021-10-25T06:17:48.322+05:00","5.476167306363809"
"2021-10-25T06:17:48.824+05:00","5.689488274115757"
"2021-10-25T06:17:49.327+05:00","5.718264203607687"
"2021-10-25T06:17:49.828+05:00","4.196942067087148"
"2021-10-25T06:17:50.329+05:00","3.7230897779528136"
"2021-10-25T06:17:50.831+05:00","6.4499510958508885"
"2021-10-25T06:17:51.332+05:00","5.0130809823745075"
"2021-10-25T06:17:51.834+05:00","4.713821673984535"
"2021-10-25T06:17:52.336+05:00","4.113516356996984"
"2021-10-25T06:17:52.838+05:00","4.386510378519343"
"2021-10-25T06:17:53.340+05:00","5.199189667807513"
"2021-10-25T06:17:53.842+05:00","4.049262631027183"
"2021-10-25T06:17:54.343+05:00","5.324325699509423"
"2021-10-25T06:17:54.845+05:00","6.256847442339819"
"2021-10-25T06:17:55.347+05:00","11.71276454653405"
"2021-10-25T06:17:55.849+05:00","5.494262990489043"
"2021-10-25T06:17:56.350+05:00","4.513299205289451"
"2021-10-25T06:17:56.852+05:00","4.227273113049156"
"2021-10-25T06:17:57.353+05:00","5.5769233182040825"
"2021-10-25T06:17:57.855+05:00","4.308413977939555"
"2021-10-25T06:17:58.356+05:00","4.799163362562252"
"2021-10-25T06:17:58.858+05:00","5.018332092932028"
"2021-10-25T06:17:59.360+05:00","5.318541538089301"
"2021-10-25T06:17:59.861+05:00","5.0670887681804295"
"2021-10-25T06:18:00.362+05:00","18.058196768028974"
"2021-10-25T06:18:00.863+05:00","1.943506386982108"
"2021-10-25T06:18:01.364+05:00","3.0813570444352094"
"2021-10-25T06:18:01.866+05:00","2.3974392165169753"
"2021-10-25T06:18:02.368+05:00","17.225573268349933"
"2021-10-25T06:18:02.871+05:00","4.742167228792551"
"2021-10-25T06:18:03.372+05:00","22.51531879083074"
"2021-10-25T06:18:03.873+05:00","8.735819520062282"
"2021-10-25T06:18:04.375+05:00","4.686682440163483"
"2021-10-25T06:18:04.887+05:00","4.875588015429662"
"2021-10-25T06:18:05.388+05:00","22.321540388373418"
"2021-10-25T06:18:05.889+05:00","33.962418128676056"
"2021-10-25T06:18:06.390+05:00","24.70964015029194"
"2021-10-25T06:18:06.891+05:00","7.757737209291691"
"2021-10-25T06:18:07.392+05:00","16.034790587934914"
"2021-10-25T06:18:07.894+05:00","9.114979617507082"
"2021-10-25T06:18:08.395+05:00","15.788353127184795"
"2021-10-25T06:18:08.896+05:00","14.058286012690779"
"2021-10-25T06:18:09.397+05:00","14.939773142376527"
"2021-10-25T06:18:09.897+05:00","16.581215205007293"
"2021-10-25T06:18:10.398+05:00","16.147485701128478"
"2021-10-25T06:18:10.899+05:00","12.629999513726194"
"2021-10-25T06:18:11.401+05:00","4.706747232874966"
"2021-10-25T06:18:11.902+05:00","3.610321851535462"
"2021-10-25T06:18:12.403+05:00","7.6106493206813735"
"2021-10-25T06:18:12.905+05:00","1.6538751113334436"
"2021-10-25T06:18:13.407+05:00","3.987532269578386"
"2021-10-25T06:18:13.909+05:00","5.768001770070676"
"2021-10-25T06:18:14.410+05:00","5.285961961377172"
"2021-10-25T06:18:14.912+05:00","6.210929553137131"
"2021-10-25T06:18:15.414+05:00","8.013387176358007"
"2021-10-25T06:18:15.915+05:00","7.914026168446961"
"2021-10-25T06:18:16.416+05:00","6.600269579092442"
"2021-10-25T06:18:16.917+05:00","6.084896504308238"
"2021-10-25T06:18:17.418+05:00","8.379758019034458"
"2021-10-25T06:18:17.919+05:00","6.798393431111957"
"2021-10-25T06:18:18.420+05:00","3.1087617890040713"
"2021-10-25T06:18:18.922+05:00","2.354766029730529"
"2021-10-25T06:18:19.424+05:00","3.486010318386173"
"2021-10-25T06:18:19.926+05:00","3.1576981541992595"
"2021-10-25T06:18:20.427+05:00","3.689651912743441"
"2021-10-25T06:18:20.929+05:00","1.1746777091935816"
"2021-10-25T06:18:21.431+05:00","3.7056428806585573"
"2021-10-25T06:18:21.932+05:00","4.402418808575188"
"2021-10-25T06:18:22.433+05:00","9.893919873921469"
"2021-10-25T06:18:22.935+05:00","1.2330259775014318"
"2021-10-25T06:18:23.438+05:00","2.012303307335725"
"2021-10-25T06:18:23.941+05:00","0.8650666044737783"
"2021-10-25T06:18:24.442+05:00","16.55666034626706"
"2021-10-25T06:18:24.943+05:00","5.5428505519743965"
"2021-10-25T06:18:25.444+05:00","20.462118428902087"
"2021-10-25T06:18:25.949+05:00","7.975024702256565"
"2021-10-25T06:18:26.450+05:00","11.12373747620924"
"2021-10-25T06:18:26.951+05:00","23.807569466976183"
"2021-10-25T06:18:27.452+05:00","14.464875492136311"
"2021-10-25T06:18:27.954+05:00","3.2029079859730323"
"2021-10-25T06:18:28.455+05:00","2.910833089958696"
"2021-10-25T06:18:28.957+05:00","3.1964030372697727"
"2021-10-25T06:18:29.458+05:00","3.4493599749930106"
"2021-10-25T06:18:29.960+05:00","1.6612775772667505"
"2021-10-25T06:18:30.461+05:00","0.5001426660818824"
"2021-10-25T06:18:30.962+05:00","1.0531118604729852"
"2021-10-25T06:18:31.464+05:00","3.9314825599705303"
"2021-10-25T06:18:31.965+05:00","0.5850399230317004"
"2021-10-25T06:18:32.466+05:00","0.1930740908870264"
"2021-10-25T06:18:32.967+05:00","1.9132200207099943"
"2021-10-25T06:18:33.469+05:00","2.5836832394165676"
"2021-10-25T06:18:33.971+05:00","1.0113631329337391"
"2021-10-25T06:18:34.472+05:00","1.2918917326793493"
"2021-10-25T06:18:34.973+05:00","1.2775076450619114"
"2021-10-25T06:18:35.474+05:00","0.4692508883348677"
"2021-10-25T06:18:35.976+05:00","1.552551405599483"
"2021-10-25T06:18:36.477+05:00","0.620258867600149"
"2021-10-25T06:18:36.979+05:00","1.5748480386316601"
"2021-10-25T06:18:37.480+05:00","3.868450309487078"
"2021-10-25T06:18:37.982+05:00","1.7938323658931916"
"2021-10-25T06:18:38.483+05:00","0.7092005476424172"
"2021-10-25T06:18:38.985+05:00","0.8406445885149402"
"2021-10-25T06:18:39.487+05:00","1.0773361084442317"
"2021-10-25T06:18:39.989+05:00","0.9901812282601893"
"2021-10-25T06:18:40.490+05:00","1.0718523956603947"
"2021-10-25T06:18:40.991+05:00","1.4155526688228908"
"2021-10-25T06:18:41.492+05:00","4.4124827547523005"
"2021-10-25T06:18:41.993+05:00","4.462940775678108"
"2021-10-25T06:18:42.495+05:00","1.5468808448555151"
"2021-10-25T06:18:42.995+05:00","2.891579981102955"
"2021-10-25T06:18:43.497+05:00","2.6084868617938106"
"2021-10-25T06:18:44.000+05:00","1.4216888547251263"
"2021-10-25T06:18:44.501+05:00","12.981273703065145"
"2021-10-25T06:18:45.004+05:00","2.759178838924843"
"2021-10-25T06:18:45.506+05:00","1.9497660322199437"
"2021-10-25T06:18:46.008+05:00","1.2838672933530724"
"2021-10-25T06:18:46.509+05:00","17.646375206763082"
"2021-10-25T06:18:47.018+05:00","3.3681686278163174"
"2021-10-25T06:18:47.520+05:00","5.328119472473219"
"2021-10-25T06:18:48.022+05:00","2.5766930692654535"
"2021-10-25T06:18:48.523+05:00","2.3159412264454025"
"2021-10-25T06:18:49.024+05:00","4.344719864130884"
"2021-10-25T06:18:49.525+05:00","4.436881951797588"
"2021-10-25T06:18:50.026+05:00","4.283916016732967"
"2021-10-25T06:18:50.527+05:00","4.3253140238123375"
"2021-10-25T06:18:51.029+05:00","3.753962298459681"
"2021-10-25T06:18:51.530+05:00","4.488642136296843"
"2021-10-25T06:18:52.031+05:00","4.494629584988107"
"2021-10-25T06:18:52.532+05:00","4.13627118711082"
"2021-10-25T06:18:53.033+05:00","3.986000691728487"
"2021-10-25T06:18:53.534+05:00","4.352243044364224"
"2021-10-25T06:18:54.036+05:00","4.40261688991345"
"2021-10-25T06:18:54.537+05:00","4.689323887508012"
"2021-10-25T06:18:55.039+05:00","4.236369135422613"
"2021-10-25T06:18:55.540+05:00","4.407426966070852"
"2021-10-25T06:18:56.041+05:00","4.846666323512125"
"2021-10-25T06:18:56.542+05:00","4.1036743713156545"
"2021-10-25T06:18:57.043+05:00","5.291655331911747"
"2021-10-25T06:18:57.545+05:00","4.789743851578033"
"2021-10-25T06:18:58.047+05:00","4.7704269979136384"
"2021-10-25T06:18:58.548+05:00","3.8504123461852946"
"2021-10-25T06:18:59.049+05:00","2.719645112207716"
"2021-10-25T06:18:59.551+05:00","4.825319440852899"
"2021-10-25T06:19:00.052+05:00","4.753023409418541"
"2021-10-25T06:19:00.553+05:00","3.9432465448524523"
"2021-10-25T06:19:01.054+05:00","3.9034613852569127"
"2021-10-25T06:19:01.555+05:00","4.943620489507403"
"2021-10-25T06:19:02.057+05:00","4.585668788170307"
"2021-10-25T06:19:02.558+05:00","3.7093358946979835"
"2021-10-25T06:19:03.059+05:00","4.434669179646351"
"2021-10-25T06:19:03.560+05:00","1.3125009950109747"
"2021-10-25T06:19:04.062+05:00","1.6536785666706417"
"2021-10-25T06:19:04.563+05:00","4.555164054364949"
"2021-10-25T06:19:05.064+05:00","4.236262155570055"
"2021-10-25T06:19:05.566+05:00","4.744728043132209"
"2021-10-25T06:19:06.067+05:00","4.828067484764455"
"2021-10-25T06:19:06.570+05:00","9.582630465444572"
"2021-10-25T06:19:07.076+05:00","1.1532988831468587"
"2021-10-25T06:19:07.577+05:00","4.387446083410943"
"2021-10-25T06:19:08.080+05:00","0.9659448741345062"
"2021-10-25T06:19:08.582+05:00","17.647017369536616"
"2021-10-25T06:19:09.083+05:00","14.971901671412912"
"2021-10-25T06:19:09.584+05:00","12.706644990743577"
"2021-10-25T06:19:10.085+05:00","11.400356792039977"
"2021-10-25T06:19:10.587+05:00","6.222961441597784"
"2021-10-25T06:19:11.088+05:00","8.544355696524347"
"2021-10-25T06:19:11.589+05:00","3.8152842840098953"
"2021-10-25T06:19:12.091+05:00","5.019848642748288"
"2021-10-25T06:19:12.592+05:00","4.585215164035291"
"2021-10-25T06:19:13.093+05:00","15.058852727922503"
"2021-10-25T06:19:13.593+05:00","6.788866264864191"
"2021-10-25T06:19:14.094+05:00","7.556094569460528"
"2021-10-25T06:19:14.595+05:00","20.514626577849242"
"2021-10-25T06:19:15.096+05:00","14.751757408169926"
"2021-10-25T06:19:15.597+05:00","10.935183300205383"
"2021-10-25T06:19:16.099+05:00","12.54224121487454"
"2021-10-25T06:19:16.600+05:00","21.51953740583123"
"2021-10-25T06:19:17.102+05:00","23.845039051417864"
"2021-10-25T06:19:17.603+05:00","27.276040692601285"
"2021-10-25T06:19:18.104+05:00","16.76653359520515"
"2021-10-25T06:19:18.605+05:00","38.41587697763658"
"2021-10-25T06:19:19.107+05:00","28.281033066721683"
"2021-10-25T06:19:19.609+05:00","21.517795236300238"
"2021-10-25T06:19:20.110+05:00","14.825760250806411"
"2021-10-25T06:19:20.611+05:00","9.917178376640575"
"2021-10-25T06:19:21.114+05:00","13.211693402443075"
"2021-10-25T06:19:21.616+05:00","9.72613484482098"
"2021-10-25T06:19:22.117+05:00","9.753629223720232"
"2021-10-25T06:19:22.619+05:00","10.546010765312708"
"2021-10-25T06:19:23.120+05:00","11.679689235318346"
"2021-10-25T06:19:23.621+05:00","10.398123898729862"
"2021-10-25T06:19:24.122+05:00","10.951082607904446"
"2021-10-25T06:19:24.624+05:00","10.519644082755288"
"2021-10-25T06:19:25.125+05:00","10.658455530206785"
"2021-10-25T06:19:25.627+05:00","10.38600840566458"
"2021-10-25T06:19:26.130+05:00","9.774488742554375"
"2021-10-25T06:19:26.632+05:00","16.170295448777402"
"2021-10-25T06:19:27.134+05:00","10.94097941218858"
"2021-10-25T06:19:27.635+05:00","19.598694149309182"
"2021-10-25T06:19:28.144+05:00","11.035461545033565"
"2021-10-25T06:19:28.646+05:00","17.33795224084992"
"2021-10-25T06:19:29.149+05:00","2.6450525416544837"
"2021-10-25T06:19:29.652+05:00","1.5462563254586632"
"2021-10-25T06:19:30.153+05:00","3.04851857456923"
"2021-10-25T06:19:30.655+05:00","17.514152800077166"
"2021-10-25T06:19:31.156+05:00","12.457031209997186"
"2021-10-25T06:19:31.658+05:00","12.162018438335046"
"2021-10-25T06:19:32.159+05:00","22.248845514551412"
"2021-10-25T06:19:32.660+05:00","11.462526810655763"
"2021-10-25T06:19:33.161+05:00","11.827218251448748"
"2021-10-25T06:19:33.662+05:00","10.185889444919372"
"2021-10-25T06:19:34.163+05:00","11.416118590328015"
"2021-10-25T06:19:34.665+05:00","9.590813602533764"
"2021-10-25T06:19:35.166+05:00","9.156822492439971"
"2021-10-25T06:19:35.667+05:00","9.950574560009038"
"2021-10-25T06:19:36.168+05:00","18.127551846867025"
"2021-10-25T06:19:36.669+05:00","19.92716396266951"
"2021-10-25T06:19:37.171+05:00","7.9799283546757405"
"2021-10-25T06:19:37.673+05:00","15.415390021460734"
"2021-10-25T06:19:38.175+05:00","13.788926178824012"
"2021-10-25T06:19:38.676+05:00","16.28745466255242"
"2021-10-25T06:19:39.178+05:00","6.203891020536707"
"2021-10-25T06:19:39.680+05:00","3.836730096430768"
"2021-10-25T06:19:40.182+05:00","3.882215292539666"
"2021-10-25T06:19:40.684+05:00","4.107686357413606"
"2021-10-25T06:19:41.186+05:00","3.3536671179387736"
"2021-10-25T06:19:41.688+05:00","2.721162744253249"
"2021-10-25T06:19:42.190+05:00","4.791809299561745"
"2021-10-25T06:19:42.692+05:00","2.8730730983460866"
"2021-10-25T06:19:43.194+05:00","2.4875461987954735"
"2021-10-25T06:19:43.696+05:00","6.42967693489126"
"2021-10-25T06:19:44.198+05:00","4.971758709231748"
"2021-10-25T06:19:44.701+05:00","3.019165309517061"
"2021-10-25T06:19:45.203+05:00","4.6392454076939575"
"2021-10-25T06:19:45.706+05:00","5.358386199628191"
"2021-10-25T06:19:46.208+05:00","2.584377030548809"
"2021-10-25T06:19:46.711+05:00","5.721725832470342"
"2021-10-25T06:19:47.213+05:00","4.932697815317774"
"2021-10-25T06:19:47.716+05:00","3.3206060588465687"
"2021-10-25T06:19:48.218+05:00","3.715646767068696"
"2021-10-25T06:19:48.720+05:00","3.644394129520564"
"2021-10-25T06:19:49.231+05:00","2.0278926971784275"
"2021-10-25T06:19:49.733+05:00","4.832272126120694"
"2021-10-25T06:19:50.234+05:00","8.09055194251842"
"2021-10-25T06:19:50.736+05:00","8.521677150420917"
"2021-10-25T06:19:51.238+05:00","2.9768034074856073"
"2021-10-25T06:19:51.739+05:00","1.4795863912042735"
"2021-10-25T06:19:52.241+05:00","2.163668234952455"
"2021-10-25T06:19:52.742+05:00","17.275368644087635"
"2021-10-25T06:19:53.243+05:00","25.14175263411196"
"2021-10-25T06:19:53.745+05:00","0.6971067168295046"
"2021-10-25T06:19:54.248+05:00","4.914348017354131"
"2021-10-25T06:19:54.751+05:00","0.4563519099777495"
"2021-10-25T06:19:55.253+05:00","0.9682173886931328"
"2021-10-25T06:19:55.756+05:00","0.9124279748335725"
"2021-10-25T06:19:56.257+05:00","0.7109719544986913"
"2021-10-25T06:19:56.759+05:00","1.5561201788815362"
"2021-10-25T06:19:57.261+05:00","0.13621990708071377"
"2021-10-25T06:19:57.764+05:00","0.9325795000970533"
"2021-10-25T06:19:58.266+05:00","0.7637375294790724"
"2021-10-25T06:19:58.769+05:00","0.6011665117447481"
"2021-10-25T06:19:59.272+05:00","0.38737976201318863"
"2021-10-25T06:19:59.774+05:00","0.06594997780744362"
"2021-10-25T06:20:00.276+05:00","2.530079891966685"
"2021-10-25T06:20:00.778+05:00","0.6360601034844804"
"2021-10-25T06:20:01.281+05:00","0.7161165529486939"
"2021-10-25T06:20:01.783+05:00","0.9141807759120626"
"2021-10-25T06:20:02.286+05:00","4.9349027138514625"
"2021-10-25T06:20:02.788+05:00","4.178708513496396"
"2021-10-25T06:20:03.290+05:00","0.5905466541387182"
"2021-10-25T06:20:03.793+05:00","0.14726671369346078"
"2021-10-25T06:20:04.296+05:00","0.42060202774764666"
"2021-10-25T06:20:04.799+05:00","0.23847120330649205"
"2021-10-25T06:20:05.302+05:00","0.19412017405395543"
"2021-10-25T06:20:05.803+05:00","0.2112441862252582"
"2021-10-25T06:20:06.806+05:00","0.03940884665207169"
"2021-10-25T06:20:07.307+05:00","0.21460781414772184"
"2021-10-25T06:20:07.808+05:00","0.9247317952302503"
"2021-10-25T06:20:08.310+05:00","0.45283607006882165"
"2021-10-25T06:20:08.813+05:00","1.5340609532993883"
"2021-10-25T06:20:09.323+05:00","0.22875309229964041"
"2021-10-25T06:20:09.825+05:00","0.34298400193302697"
"2021-10-25T06:20:10.326+05:00","4.153950899605142"
"2021-10-25T06:20:10.828+05:00","0.4235907780980156"
"2021-10-25T06:20:11.331+05:00","0.68335157398923"
"2021-10-25T06:20:11.832+05:00","2.126695773686736"
"2021-10-25T06:20:12.334+05:00","5.977236995478024"
"2021-10-25T06:20:12.836+05:00","7.756024461369665"
"2021-10-25T06:20:13.338+05:00","0.9592790122034057"
"2021-10-25T06:20:13.841+05:00","2.1009948285303564"
"2021-10-25T06:20:14.342+05:00","4.662418421833307"
"2021-10-25T06:20:14.843+05:00","18.727750955157823"
"2021-10-25T06:20:15.344+05:00","19.7376536749087"
"2021-10-25T06:20:15.846+05:00","3.7884633489067228"
"2021-10-25T06:20:16.348+05:00","4.705254055420328"
"2021-10-25T06:20:16.850+05:00","5.416235247822466"
"2021-10-25T06:20:17.351+05:00","11.78848026939669"
"2021-10-25T06:20:17.852+05:00","6.998845827477465"
"2021-10-25T06:20:18.353+05:00","7.330521010718846"
"2021-10-25T06:20:18.854+05:00","7.951275567152889"
"2021-10-25T06:20:19.355+05:00","8.293664713558396"
"2021-10-25T06:20:19.856+05:00","7.817378245897147"
"2021-10-25T06:20:20.357+05:00","7.891083723170878"
"2021-10-25T06:20:20.858+05:00","7.6254156430567015"
"2021-10-25T06:20:21.359+05:00","7.871304047528451"
"2021-10-25T06:20:21.861+05:00","7.513514475362723"
"2021-10-25T06:20:22.361+05:00","17.702548250920273"
"2021-10-25T06:20:22.863+05:00","13.123024980188928"
"2021-10-25T06:20:23.364+05:00","9.737432458652798"
"2021-10-25T06:20:23.865+05:00","8.416439232918606"
"2021-10-25T06:20:24.366+05:00","9.016380747081328"
"2021-10-25T06:20:24.867+05:00","8.595000722911823"
"2021-10-25T06:20:25.368+05:00","8.611976170295032"
"2021-10-25T06:20:25.868+05:00","8.896265059623445"
"2021-10-25T06:20:26.369+05:00","9.543487455832096"
"2021-10-25T06:20:26.870+05:00","11.938646343598357"
"2021-10-25T06:20:27.372+05:00","13.173877777876124"
"2021-10-25T06:20:27.873+05:00","11.543094181305356"
"2021-10-25T06:20:28.374+05:00","5.05800228119813"
"2021-10-25T06:20:28.875+05:00","8.79056518940434"
"2021-10-25T06:20:29.376+05:00","7.884391188821118"
"2021-10-25T06:20:29.877+05:00","9.328521618781256"
"2021-10-25T06:20:30.385+05:00","7.872567414603436"
"2021-10-25T06:20:30.887+05:00","9.96899100811751"
"2021-10-25T06:20:31.388+05:00","11.096792073619351"
"2021-10-25T06:20:31.890+05:00","6.877483874751668"
"2021-10-25T06:20:32.392+05:00","9.764924071100314"
"2021-10-25T06:20:32.894+05:00","6.3343740095040975"
"2021-10-25T06:20:33.395+05:00","4.604950171155405"
"2021-10-25T06:20:33.897+05:00","5.555605282575085"
"2021-10-25T06:20:34.398+05:00","11.873744770532948"
"2021-10-25T06:20:34.900+05:00","7.17285311337033"
"2021-10-25T06:20:35.402+05:00","0.9531070517813727"
"2021-10-25T06:20:35.904+05:00","2.4685884008333496"
"2021-10-25T06:20:36.405+05:00","5.828422927997858"
"2021-10-25T06:20:36.906+05:00","17.605815684101202"
"2021-10-25T06:20:37.407+05:00","5.760723126440728"
"2021-10-25T06:20:37.909+05:00","5.096456522776458"
"2021-10-25T06:20:38.411+05:00","4.349825341348174"
"2021-10-25T06:20:38.912+05:00","9.616141938975744"
"2021-10-25T06:20:39.413+05:00","16.37154274940994"
"2021-10-25T06:20:39.914+05:00","14.917795101647908"
"2021-10-25T06:20:40.415+05:00","12.358797093905231"
"2021-10-25T06:20:40.917+05:00","6.125409123620582"
"2021-10-25T06:20:41.418+05:00","5.471572521731506"
"2021-10-25T06:20:41.919+05:00","18.82524479131818"
"2021-10-25T06:20:42.422+05:00","18.332935936591525"
"2021-10-25T06:20:42.923+05:00","8.628550243657"
"2021-10-25T06:20:43.424+05:00","8.432973698135537"
"2021-10-25T06:20:43.926+05:00","3.242997950963162"
"2021-10-25T06:20:44.427+05:00","4.21458339222877"
"2021-10-25T06:20:44.928+05:00","4.831312539512046"
"2021-10-25T06:20:45.429+05:00","11.32654923188613"
"2021-10-25T06:20:45.932+05:00","5.3437879668289"
"2021-10-25T06:20:46.434+05:00","2.5969770713745395"
"2021-10-25T06:20:46.935+05:00","5.307025860635971"
"2021-10-25T06:20:47.438+05:00","2.577263624454446"
"2021-10-25T06:20:47.940+05:00","1.0993412974777688"
"2021-10-25T06:20:48.441+05:00","6.760696787880743"
"2021-10-25T06:20:48.942+05:00","6.565203804741904"
"2021-10-25T06:20:49.444+05:00","1.0983337577307064"
"2021-10-25T06:20:49.947+05:00","1.8936411125383823"
"2021-10-25T06:20:50.449+05:00","2.456388537210765"
"2021-10-25T06:20:50.951+05:00","1.7081587789186292"
"2021-10-25T06:20:51.460+05:00","3.9787858843476753"
"2021-10-25T06:20:51.962+05:00","6.223725121404787"
"2021-10-25T06:20:52.463+05:00","1.331934938203085"
"2021-10-25T06:20:52.964+05:00","3.2163718154504184"
"2021-10-25T06:20:53.467+05:00","1.169025935971661"
"2021-10-25T06:20:53.968+05:00","3.1484119269597888"
"2021-10-25T06:20:54.471+05:00","0.21181553443393425"
"2021-10-25T06:20:54.973+05:00","8.227720492352748"
"2021-10-25T06:20:55.474+05:00","4.708276227169785"
"2021-10-25T06:20:55.977+05:00","3.2164906809078353"
"2021-10-25T06:20:56.478+05:00","6.898412386921112"
"2021-10-25T06:20:56.981+05:00","6.011257376892859"
"2021-10-25T06:20:57.483+05:00","1.1185516276222112"
"2021-10-25T06:20:57.986+05:00","1.9660382201357403"
"2021-10-25T06:20:58.487+05:00","1.6631980536610074"
"2021-10-25T06:20:58.988+05:00","16.66019750282922"
"2021-10-25T06:20:59.490+05:00","3.784780925150719"
"2021-10-25T06:20:59.992+05:00","4.896685144315127"
"2021-10-25T06:21:00.495+05:00","4.410845803385149"
"2021-10-25T06:21:00.996+05:00","10.518600444435531"
"2021-10-25T06:21:01.497+05:00","15.713689160574505"
"2021-10-25T06:21:01.998+05:00","16.038944206862816"
"2021-10-25T06:21:02.499+05:00","9.111314636511981"
"2021-10-25T06:21:03.000+05:00","10.68241868499737"
"2021-10-25T06:21:03.501+05:00","8.984634162226378"
"2021-10-25T06:21:04.002+05:00","8.80984185341371"
"2021-10-25T06:21:04.503+05:00","8.396440340050788"
"2021-10-25T06:21:05.004+05:00","22.3775665259127"
"2021-10-25T06:21:05.505+05:00","12.229681937725807"
"2021-10-25T06:21:06.006+05:00","9.413125613746587"
"2021-10-25T06:21:06.507+05:00","9.086402161979336"
"2021-10-25T06:21:07.008+05:00","12.735617158679368"
"2021-10-25T06:21:07.509+05:00","9.545195904225954"
"2021-10-25T06:21:08.010+05:00","10.897308507942531"
"2021-10-25T06:21:08.511+05:00","8.731605937299356"
"2021-10-25T06:21:09.012+05:00","8.851250343491635"
"2021-10-25T06:21:09.513+05:00","8.062030933612524"
"2021-10-25T06:21:10.014+05:00","11.938326400170347"
"2021-10-25T06:21:10.515+05:00","8.660471087425089"
"2021-10-25T06:21:11.016+05:00","12.691886268963188"
"2021-10-25T06:21:12.024+05:00","16.243431489733158"
"2021-10-25T06:21:12.525+05:00","9.449794867189777"
"2021-10-25T06:21:13.026+05:00","14.332484076580757"
"2021-10-25T06:21:13.527+05:00","14.095645842809166"
"2021-10-25T06:21:14.028+05:00","10.713614347407244"
"2021-10-25T06:21:14.529+05:00","9.77592186270055"
"2021-10-25T06:21:15.030+05:00","10.5331607161655"
"2021-10-25T06:21:15.531+05:00","17.624288256811518"
"2021-10-25T06:21:16.031+05:00","15.318545467845336"
"2021-10-25T06:21:16.532+05:00","28.494480260538054"
"2021-10-25T06:21:17.034+05:00","14.272098343655495"
"2021-10-25T06:21:17.535+05:00","17.926619398895866"
"2021-10-25T06:21:18.037+05:00","41.87071924400418"
"2021-10-25T06:21:18.538+05:00","18.486004213216134"
"2021-10-25T06:21:19.038+05:00","14.848253600304922"
"2021-10-25T06:21:19.540+05:00","5.038685768491466"
"2021-10-25T06:21:20.042+05:00","4.0277014665776765"
"2021-10-25T06:21:20.543+05:00","1.6608535214118492"
"2021-10-25T06:21:21.044+05:00","16.769907874984547"
"2021-10-25T06:21:21.545+05:00","3.3099396549521884"
"2021-10-25T06:21:22.047+05:00","5.331822478163204"
"2021-10-25T06:21:22.549+05:00","4.55913346160213"
"2021-10-25T06:21:23.051+05:00","4.6092775283175715"
"2021-10-25T06:21:23.552+05:00","14.153778164258721"
"2021-10-25T06:21:24.053+05:00","20.636271473664756"
"2021-10-25T06:21:24.554+05:00","15.595376330560704"
"2021-10-25T06:21:25.056+05:00","11.187902393905024"
"2021-10-25T06:21:25.557+05:00","15.308835630842655"
"2021-10-25T06:21:26.058+05:00","17.56591702862613"
"2021-10-25T06:21:26.560+05:00","9.900912852407341"
"2021-10-25T06:21:27.063+05:00","7.337630129458185"
"2021-10-25T06:21:27.565+05:00","5.834967848876224"
"2021-10-25T06:21:28.067+05:00","5.289274498637477"
"2021-10-25T06:21:28.569+05:00","5.491799284523401"
"2021-10-25T06:21:29.071+05:00","6.6739924680378575"
"2021-10-25T06:21:29.573+05:00","6.187158745700422"
"2021-10-25T06:21:30.074+05:00","5.442670385504497"
"2021-10-25T06:21:30.576+05:00","6.009155197759912"
"2021-10-25T06:21:31.077+05:00","8.864997454691824"
"2021-10-25T06:21:31.578+05:00","6.71082726792763"
"2021-10-25T06:21:32.079+05:00","2.422517189661602"
"2021-10-25T06:21:32.589+05:00","6.171730205310112"
"2021-10-25T06:21:33.091+05:00","5.518905355016249"
"2021-10-25T06:21:33.592+05:00","4.080500219957908"
"2021-10-25T06:21:34.094+05:00","5.4198525743994"
"2021-10-25T06:21:34.596+05:00","5.191931838010316"
"2021-10-25T06:21:35.098+05:00","5.613774323753461"
"2021-10-25T06:21:35.600+05:00","4.7713468021897105"
"2021-10-25T06:21:36.103+05:00","5.354037185158384"
"2021-10-25T06:21:36.605+05:00","5.461452589893603"
"2021-10-25T06:21:37.106+05:00","5.432615229938868"
"2021-10-25T06:21:37.608+05:00","5.420549320518893"
"2021-10-25T06:21:38.110+05:00","5.346584043141676"
"2021-10-25T06:21:38.612+05:00","5.538524825205633"
"2021-10-25T06:21:39.114+05:00","5.189864693570618"
"2021-10-25T06:21:39.616+05:00","6.462575872716787"
"2021-10-25T06:21:40.118+05:00","8.498741487215604"
"2021-10-25T06:21:40.620+05:00","7.9383317908321605"
"2021-10-25T06:21:41.123+05:00","13.594228595405294"
"2021-10-25T06:21:41.624+05:00","0.6271276971175973"
"2021-10-25T06:21:42.126+05:00","0.872481691472569"
"2021-10-25T06:21:42.629+05:00","1.9223524138967825"
"2021-10-25T06:21:43.131+05:00","15.952829680071382"
"2021-10-25T06:21:43.632+05:00","3.969666261687944"
"2021-10-25T06:21:44.133+05:00","18.95632166947747"
"2021-10-25T06:21:44.634+05:00","13.21347658245675"
"2021-10-25T06:21:45.135+05:00","13.22550398079278"
"2021-10-25T06:21:45.636+05:00","12.441682962252226"
"2021-10-25T06:21:46.137+05:00","19.763218491505647"
"2021-10-25T06:21:46.638+05:00","17.464485242614067"
"2021-10-25T06:21:47.139+05:00","20.18258535097886"
"2021-10-25T06:21:47.640+05:00","17.930794329734177"
"2021-10-25T06:21:48.141+05:00","17.62249418913533"
"2021-10-25T06:21:48.643+05:00","11.096077180358899"
"2021-10-25T06:21:49.144+05:00","16.502238554498884"
"2021-10-25T06:21:49.644+05:00","22.78941511962894"
"2021-10-25T06:21:50.146+05:00","4.732296139391384"
"2021-10-25T06:21:50.648+05:00","7.805830069746215"
"2021-10-25T06:21:51.149+05:00","21.742010829466942"
"2021-10-25T06:21:51.651+05:00","5.149469992114859"
"2021-10-25T06:21:52.153+05:00","7.229890851358963"
"2021-10-25T06:21:52.654+05:00","5.622159296471186"
"2021-10-25T06:21:53.156+05:00","5.512654187575253"
"2021-10-25T06:21:53.668+05:00","4.027105003433717"
"2021-10-25T06:21:54.170+05:00","5.09024778959766"
"2021-10-25T06:21:54.672+05:00","4.961753755862302"
"2021-10-25T06:21:55.174+05:00","5.034622040611225"
"2021-10-25T06:21:55.675+05:00","4.254039303129925"
"2021-10-25T06:21:56.178+05:00","5.444677179727641"
"2021-10-25T06:21:56.680+05:00","5.059542148343593"
"2021-10-25T06:21:57.182+05:00","4.872744827564746"
"2021-10-25T06:21:57.684+05:00","4.11049405108257"
"2021-10-25T06:21:58.185+05:00","6.2782107032179315"
"2021-10-25T06:21:58.687+05:00","5.917907282641778"
"2021-10-25T06:21:59.189+05:00","6.378388976053914"
"2021-10-25T06:21:59.690+05:00","6.5346528635238705"
"2021-10-25T06:22:00.192+05:00","5.232710992221909"
"2021-10-25T06:22:00.693+05:00","5.004957662164363"
"2021-10-25T06:22:01.196+05:00","5.170276700287794"
"2021-10-25T06:22:01.697+05:00","4.1935053967251035"
"2021-10-25T06:22:02.198+05:00","5.296703574622255"
"2021-10-25T06:22:02.701+05:00","4.8179103795126235"
"2021-10-25T06:22:03.202+05:00","12.908510654959752"
"2021-10-25T06:22:03.703+05:00","5.713391703447318"
"2021-10-25T06:22:04.205+05:00","1.687497003771326"
"2021-10-25T06:22:04.707+05:00","0.6425094546150844"
"2021-10-25T06:22:05.209+05:00","16.592490914807232"
"2021-10-25T06:22:05.711+05:00","4.236872410684331"
"2021-10-25T06:22:06.213+05:00","4.272023195277296"
"2021-10-25T06:22:06.714+05:00","4.2164659799939805"
"2021-10-25T06:22:07.217+05:00","4.350169259357132"
"2021-10-25T06:22:07.719+05:00","5.157659007293306"
"2021-10-25T06:22:08.221+05:00","4.455212184876151"
"2021-10-25T06:22:08.723+05:00","4.14478339330563"
"2021-10-25T06:22:09.225+05:00","4.1776652118344675"
"2021-10-25T06:22:09.726+05:00","4.404707778438954"
"2021-10-25T06:22:10.228+05:00","8.01622205210062"
"2021-10-25T06:22:10.730+05:00","3.1862815508064246"
"2021-10-25T06:22:11.232+05:00","4.333667079574846"
"2021-10-25T06:22:11.734+05:00","3.7363385948744723"
"2021-10-25T06:22:12.235+05:00","5.454872761589108"
"2021-10-25T06:22:12.737+05:00","4.286097654736455"
"2021-10-25T06:22:13.240+05:00","5.1591870841186065"
"2021-10-25T06:22:13.742+05:00","4.009813454013049"
"2021-10-25T06:22:14.252+05:00","4.675877052222981"
"2021-10-25T06:22:14.753+05:00","4.854710873168216"
"2021-10-25T06:22:15.255+05:00","4.622225199544792"
"2021-10-25T06:22:15.757+05:00","3.8775039998124585"
"2021-10-25T06:22:16.259+05:00","4.354502684853685"
"2021-10-25T06:22:16.761+05:00","4.091450490535523"
"2021-10-25T06:22:17.262+05:00","4.49612787516034"
"2021-10-25T06:22:17.764+05:00","4.149161078568904"
"2021-10-25T06:22:18.266+05:00","4.331521685743892"
"2021-10-25T06:22:18.767+05:00","4.4192065853189"
"2021-10-25T06:22:19.269+05:00","5.817989928666783"
"2021-10-25T06:22:19.771+05:00","4.393780695093561"
"2021-10-25T06:22:20.272+05:00","5.3680122053818895"
"2021-10-25T06:22:20.774+05:00","4.3580829626002355"
"2021-10-25T06:22:21.275+05:00","4.60481348079043"
"2021-10-25T06:22:21.776+05:00","20.00427480473123"
"2021-10-25T06:22:22.277+05:00","8.78238044606478"
"2021-10-25T06:22:22.779+05:00","7.138421470459871"
"2021-10-25T06:22:23.280+05:00","9.081218381885122"
"2021-10-25T06:22:23.781+05:00","7.85514528432265"
"2021-10-25T06:22:24.283+05:00","6.280581525353557"
"2021-10-25T06:22:24.785+05:00","5.092248986604549"
"2021-10-25T06:22:25.287+05:00","14.475399328282565"
"2021-10-25T06:22:25.790+05:00","1.7568537483446607"
"2021-10-25T06:22:26.293+05:00","3.4945527482338266"
"2021-10-25T06:22:26.794+05:00","1.0254085577244403"
"2021-10-25T06:22:27.295+05:00","17.79934087983884"
"2021-10-25T06:22:27.797+05:00","5.085579621155205"
"2021-10-25T06:22:28.298+05:00","20.625496678526442"
"2021-10-25T06:22:28.799+05:00","9.481110113032258"
"2021-10-25T06:22:29.300+05:00","22.153071329772324"
"2021-10-25T06:22:29.801+05:00","18.028789490557013"
"2021-10-25T06:22:30.302+05:00","17.333964308914663"
"2021-10-25T06:22:30.804+05:00","12.298301571692159"
"2021-10-25T06:22:31.305+05:00","19.745351027689928"
"2021-10-25T06:22:31.807+05:00","12.952628132361285"
"2021-10-25T06:22:32.309+05:00","7.128285988427281"
"2021-10-25T06:22:32.811+05:00","6.748395896920776"
"2021-10-25T06:22:33.314+05:00","6.9400407824998736"
"2021-10-25T06:22:33.816+05:00","6.522726940061486"
"2021-10-25T06:22:34.318+05:00","6.937375567479981"
"2021-10-25T06:22:34.819+05:00","7.715799375654166"
"2021-10-25T06:22:35.326+05:00","5.297580927637502"
"2021-10-25T06:22:35.828+05:00","5.7829915686206315"
"2021-10-25T06:22:36.330+05:00","6.080631642703896"
"2021-10-25T06:22:36.832+05:00","6.286045135839714"
"2021-10-25T06:22:37.333+05:00","6.377951312636881"
"2021-10-25T06:22:37.835+05:00","6.795845806780568"
"2021-10-25T06:22:38.337+05:00","8.32685530276597"
"2021-10-25T06:22:38.839+05:00","6.510721251883112"
"2021-10-25T06:22:39.341+05:00","7.1833781681442685"
"2021-10-25T06:22:39.843+05:00","7.176637057917804"
"2021-10-25T06:22:40.345+05:00","7.383156320828164"
"2021-10-25T06:22:40.846+05:00","6.3594068508968125"
"2021-10-25T06:22:41.348+05:00","6.28718397886262"
"2021-10-25T06:22:41.849+05:00","5.314400460736284"
"2021-10-25T06:22:42.350+05:00","6.725998071467382"
"2021-10-25T06:22:42.852+05:00","5.901510394224587"
"2021-10-25T06:22:43.353+05:00","6.153840851644345"
"2021-10-25T06:22:43.855+05:00","5.994975755085444"
"2021-10-25T06:22:44.357+05:00","8.9446286391971"
"2021-10-25T06:22:44.859+05:00","6.415212053291194"
"2021-10-25T06:22:45.361+05:00","5.753980213033232"
"2021-10-25T06:22:45.863+05:00","5.461610591673462"
"2021-10-25T06:22:46.364+05:00","6.002091289922253"
"2021-10-25T06:22:46.865+05:00","5.902083029241018"
"2021-10-25T06:22:47.367+05:00","16.34253361151999"
"2021-10-25T06:22:47.868+05:00","0.8388164849877375"
"2021-10-25T06:22:48.370+05:00","1.8949961934505315"
"2021-10-25T06:22:48.873+05:00","0.628279664566172"
"2021-10-25T06:22:49.375+05:00","17.56440185768377"
"2021-10-25T06:22:49.876+05:00","9.080145544769987"
"2021-10-25T06:22:50.377+05:00","17.657466201989454"
"2021-10-25T06:22:50.878+05:00","12.012216656932123"
"2021-10-25T06:22:51.379+05:00","12.27487436836946"
"2021-10-25T06:22:51.880+05:00","11.628593265744279"
"2021-10-25T06:22:52.381+05:00","15.477743631505396"
"2021-10-25T06:22:52.882+05:00","20.655264737417127"
"2021-10-25T06:22:53.385+05:00","17.18294649955341"
"2021-10-25T06:22:53.887+05:00","16.70485414085299"
"2021-10-25T06:22:54.389+05:00","18.544641221816995"
"2021-10-25T06:22:54.890+05:00","23.87915847989236"
"2021-10-25T06:22:55.391+05:00","19.1262241214"
"2021-10-25T06:22:55.892+05:00","16.963118903522094"
"2021-10-25T06:22:56.398+05:00","17.20189444071972"
"2021-10-25T06:22:56.899+05:00","21.310809245934927"
"2021-10-25T06:22:57.401+05:00","18.02228399748995"
"2021-10-25T06:22:57.901+05:00","18.783856234847647"
"2021-10-25T06:22:58.403+05:00","19.49303644296986"
"2021-10-25T06:22:58.905+05:00","33.13088182505747"
"2021-10-25T06:22:59.406+05:00","29.600371597997782"
"2021-10-25T06:22:59.908+05:00","20.965216844397126"
"2021-10-25T06:23:00.410+05:00","18.48119676565046"
"2021-10-25T06:23:00.912+05:00","17.29038467653485"
"2021-10-25T06:23:01.413+05:00","20.450254700902143"
"2021-10-25T06:23:01.915+05:00","17.051015908368175"
"2021-10-25T06:23:02.417+05:00","16.953043172896212"
"2021-10-25T06:23:02.918+05:00","18.404291845316777"
"2021-10-25T06:23:03.419+05:00","31.203118017496813"
"2021-10-25T06:23:03.921+05:00","26.065138568138597"
"2021-10-25T06:23:04.422+05:00","14.321409874274053"
"2021-10-25T06:23:04.923+05:00","21.1511641371059"
"2021-10-25T06:23:05.424+05:00","14.961371072066731"
"2021-10-25T06:23:05.926+05:00","19.197807477111517"
"2021-10-25T06:23:06.428+05:00","21.71091677563087"
"2021-10-25T06:23:06.929+05:00","16.086323040024567"
"2021-10-25T06:23:07.430+05:00","15.341505524508928"
"2021-10-25T06:23:07.931+05:00","18.444133849461856"
"2021-10-25T06:23:08.433+05:00","14.822519248539418"
"2021-10-25T06:23:08.935+05:00","14.262611250699784"
"2021-10-25T06:23:09.437+05:00","20.047076003698173"
"2021-10-25T06:23:09.938+05:00","6.94235451841357"
"2021-10-25T06:23:10.439+05:00","6.28371832392312"
"2021-10-25T06:23:10.941+05:00","1.5949915044934455"
"2021-10-25T06:23:11.443+05:00","17.665453240820682"
"2021-10-25T06:23:11.944+05:00","16.397451123024656"
"2021-10-25T06:23:12.446+05:00","20.04083096605195"
"2021-10-25T06:23:12.947+05:00","14.95417065945256"
"2021-10-25T06:23:13.449+05:00","11.455178515154152"
"2021-10-25T06:23:13.950+05:00","10.622082373420042"
"2021-10-25T06:23:14.451+05:00","2.2390497916877408"
"2021-10-25T06:23:14.952+05:00","2.3308799038494885"
"2021-10-25T06:23:15.454+05:00","0.5332357477845999"
"2021-10-25T06:23:15.955+05:00","1.7971435971349445"
"2021-10-25T06:23:16.459+05:00","0.1689625704059697"
"2021-10-25T06:23:16.961+05:00","0.8028733504652257"
"2021-10-25T06:23:17.462+05:00","0.9157449012439508"
"2021-10-25T06:23:17.963+05:00","2.249068173563101"
"2021-10-25T06:23:18.465+05:00","0.23600635609456033"
"2021-10-25T06:23:18.968+05:00","0.5629169384604263"
"2021-10-25T06:23:19.470+05:00","3.2717252832522123"
"2021-10-25T06:23:19.971+05:00","0.4596112436737188"
"2021-10-25T06:23:20.472+05:00","0.6305663742273392"
"2021-10-25T06:23:20.973+05:00","0.38747624406229647"
"2021-10-25T06:23:21.474+05:00","1.3202287939108213"
"2021-10-25T06:23:21.975+05:00","1.1108565093789013"
"2021-10-25T06:23:22.476+05:00","5.728653444526211"
"2021-10-25T06:23:22.977+05:00","9.450218364862689"
"2021-10-25T06:23:23.480+05:00","1.4698328336301085"
"2021-10-25T06:23:23.981+05:00","23.006837443299865"
"2021-10-25T06:23:24.482+05:00","6.979608108493808"
"2021-10-25T06:23:24.983+05:00","11.9557363234741"
"2021-10-25T06:23:25.484+05:00","11.427767229676435"
"2021-10-25T06:23:25.985+05:00","10.810970449162642"
"2021-10-25T06:23:26.486+05:00","8.096581736013"
"2021-10-25T06:23:26.987+05:00","8.400377210952431"
"2021-10-25T06:23:27.488+05:00","9.491004611089988"
"2021-10-25T06:23:27.989+05:00","8.84038119182692"
"2021-10-25T06:23:28.490+05:00","8.677590309484675"
"2021-10-25T06:23:28.991+05:00","15.249920776075886"
"2021-10-25T06:23:29.492+05:00","25.18701657297714"
"2021-10-25T06:23:29.993+05:00","19.329762060312213"
"2021-10-25T06:23:30.494+05:00","15.094269750370348"
"2021-10-25T06:23:30.996+05:00","15.618045910605383"
"2021-10-25T06:23:31.497+05:00","13.556569899248045"
"2021-10-25T06:23:31.998+05:00","4.151552482383072"
"2021-10-25T06:23:32.500+05:00","2.6032676626638684"
"2021-10-25T06:23:33.001+05:00","1.2296834751902643"
"2021-10-25T06:23:33.503+05:00","16.8518145198111"
"2021-10-25T06:23:34.004+05:00","4.595368731843622"
"2021-10-25T06:23:34.506+05:00","4.272258118007992"
"2021-10-25T06:23:35.007+05:00","20.153670549476104"
"2021-10-25T06:23:35.508+05:00","8.940664028025848"
"2021-10-25T06:23:36.009+05:00","20.04467456989323"
"2021-10-25T06:23:36.510+05:00","13.028737057118787"
"2021-10-25T06:23:37.011+05:00","15.936412947677448"
"2021-10-25T06:23:37.517+05:00","13.24831149108146"
"2021-10-25T06:23:38.018+05:00","8.598243897050246"
"2021-10-25T06:23:38.519+05:00","8.44573560788725"
"2021-10-25T06:23:39.019+05:00","10.323755219179116"
"2021-10-25T06:23:39.521+05:00","19.09539586425472"
"2021-10-25T06:23:40.022+05:00","22.88394390968567"
"2021-10-25T06:23:40.523+05:00","9.80997538983312"
"2021-10-25T06:23:41.024+05:00","5.49626715352967"
"2021-10-25T06:23:41.525+05:00","4.344812416274113"
"2021-10-25T06:23:42.026+05:00","4.00152583807731"
"2021-10-25T06:23:42.527+05:00","6.105819793814214"
"2021-10-25T06:23:43.028+05:00","7.085916783802146"
"2021-10-25T06:23:43.529+05:00","21.317712271901996"
"2021-10-25T06:23:44.030+05:00","21.528648789245857"
"2021-10-25T06:23:44.531+05:00","17.89188940673965"
"2021-10-25T06:23:45.033+05:00","19.087471449224225"
"2021-10-25T06:23:45.534+05:00","16.480624201453043"
"2021-10-25T06:23:46.036+05:00","20.235010781985658"
"2021-10-25T06:23:46.537+05:00","19.895991908384623"
"2021-10-25T06:23:47.038+05:00","20.135529472141577"
"2021-10-25T06:23:47.539+05:00","18.37307047501364"
"2021-10-25T06:23:48.041+05:00","17.41921404147657"
"2021-10-25T06:23:48.542+05:00","15.655563591576794"
"2021-10-25T06:23:49.044+05:00","17.762240376620504"
"2021-10-25T06:23:49.546+05:00","17.73422430043532"
"2021-10-25T06:23:50.047+05:00","17.653378804213688"
"2021-10-25T06:23:50.548+05:00","17.140275224622556"
"2021-10-25T06:23:51.050+05:00","16.30126423120349"
"2021-10-25T06:23:51.551+05:00","22.181305367499988"
"2021-10-25T06:23:52.052+05:00","21.760902577236067"
"2021-10-25T06:23:52.553+05:00","21.038033229465285"
"2021-10-25T06:23:53.055+05:00","18.323096236737754"
"2021-10-25T06:23:53.557+05:00","20.85735507698159"
"2021-10-25T06:23:54.058+05:00","0.673232439698791"
"2021-10-25T06:23:54.559+05:00","2.789108626519431"
"2021-10-25T06:23:55.061+05:00","1.870373600262258"
"2021-10-25T06:23:55.562+05:00","18.951153278470276"
"2021-10-25T06:23:56.063+05:00","4.131267485533179"
"2021-10-25T06:23:56.564+05:00","17.726422274743214"
"2021-10-25T06:23:57.065+05:00","17.956314376068274"
"2021-10-25T06:23:57.566+05:00","10.958887519106554"
"2021-10-25T06:23:58.067+05:00","11.50828616673137"
"2021-10-25T06:23:58.572+05:00","9.763399430738922"
"2021-10-25T06:23:59.073+05:00","7.970279909705922"
"2021-10-25T06:23:59.574+05:00","15.75498429504837"
"2021-10-25T06:24:00.075+05:00","12.189514271638432"
"2021-10-25T06:24:00.576+05:00","8.74559375529015"
"2021-10-25T06:24:01.077+05:00","12.505524422017846"
"2021-10-25T06:24:01.579+05:00","23.53463495431056"
"2021-10-25T06:24:02.080+05:00","15.627230546884428"
"2021-10-25T06:24:02.581+05:00","20.112201108487213"
"2021-10-25T06:24:03.081+05:00","15.208065834706963"
"2021-10-25T06:24:03.582+05:00","25.243964210450564"
"2021-10-25T06:24:04.083+05:00","24.389609752170454"
"2021-10-25T06:24:04.584+05:00","12.67199943281177"
"2021-10-25T06:24:05.086+05:00","25.43711446097356"
"2021-10-25T06:24:05.587+05:00","12.823789891014442"
"2021-10-25T06:24:06.089+05:00","7.9249311810009075"
"2021-10-25T06:24:06.591+05:00","10.584683415256311"
"2021-10-25T06:24:07.093+05:00","9.149927481496611"
"2021-10-25T06:24:07.595+05:00","10.154043206157471"
"2021-10-25T06:24:08.097+05:00","11.675192951706464"
"2021-10-25T06:24:08.599+05:00","10.953417799198967"
"2021-10-25T06:24:09.101+05:00","10.368810046360064"
"2021-10-25T06:24:09.603+05:00","11.292797369025735"
"2021-10-25T06:24:10.105+05:00","14.30556063233708"
"2021-10-25T06:24:10.607+05:00","10.65532746044223"
"2021-10-25T06:24:11.108+05:00","9.704341733538762"
"2021-10-25T06:24:11.610+05:00","11.911185468725208"
"2021-10-25T06:24:12.111+05:00","13.26989013640084"
"2021-10-25T06:24:12.612+05:00","16.069352219103905"
"2021-10-25T06:24:13.113+05:00","11.194704264557718"
"2021-10-25T06:24:13.615+05:00","11.266382916225083"
"2021-10-25T06:24:14.116+05:00","10.875679140919772"
"2021-10-25T06:24:14.617+05:00","10.368419248195819"
"2021-10-25T06:24:15.118+05:00","11.076178308363684"
"2021-10-25T06:24:15.619+05:00","13.398496591988854"
"2021-10-25T06:24:16.120+05:00","17.51148477430008"
"2021-10-25T06:24:16.622+05:00","2.4238526670048133"
"2021-10-25T06:24:17.124+05:00","3.8335034357784856"
"2021-10-25T06:24:17.635+05:00","0.5618142308856914"
"2021-10-25T06:24:18.136+05:00","2.2011071110330547"
"2021-10-25T06:24:18.637+05:00","1.9352709046909609"
"2021-10-25T06:24:19.139+05:00","6.137106524593604"
"2021-10-25T06:24:19.640+05:00","2.8127322825515733"
"2021-10-25T06:24:20.141+05:00","4.56341293419907"
"2021-10-25T06:24:20.642+05:00","2.1834323770960746"
"2021-10-25T06:24:21.143+05:00","3.373338833478789"
"2021-10-25T06:24:21.644+05:00","2.597321965729046"
"2021-10-25T06:24:22.145+05:00","8.556958189730311"
"2021-10-25T06:24:22.647+05:00","14.011976624261234"
"2021-10-25T06:24:23.148+05:00","19.851830772302193"
"2021-10-25T06:24:23.649+05:00","11.883318125486923"
"2021-10-25T06:24:24.150+05:00","9.383677986783432"
"2021-10-25T06:24:24.651+05:00","12.059495570711837"
"2021-10-25T06:24:25.153+05:00","18.604212353301353"
"2021-10-25T06:24:25.655+05:00","19.050212851066522"
"2021-10-25T06:24:26.158+05:00","14.791409600440769"
"2021-10-25T06:24:26.659+05:00","13.323698795758641"
"2021-10-25T06:24:27.160+05:00","13.18860415645605"
"2021-10-25T06:24:27.662+05:00","12.643044564239027"
"2021-10-25T06:24:28.164+05:00","12.43170020972212"
"2021-10-25T06:24:28.666+05:00","12.1691119377179"
"2021-10-25T06:24:29.167+05:00","13.322297464414499"
"2021-10-25T06:24:29.669+05:00","11.203233624709773"
"2021-10-25T06:24:30.170+05:00","13.540368235047072"
"2021-10-25T06:24:30.672+05:00","10.8860829832877"
"2021-10-25T06:24:31.173+05:00","11.246774786939191"
"2021-10-25T06:24:31.674+05:00","13.151056641047488"
"2021-10-25T06:24:32.176+05:00","12.665656813250042"
"2021-10-25T06:24:32.677+05:00","13.710024552831644"
"2021-10-25T06:24:33.178+05:00","11.851036711009822"
"2021-10-25T06:24:33.679+05:00","12.218571625757477"
"2021-10-25T06:24:34.181+05:00","10.881472780700854"
"2021-10-25T06:24:34.684+05:00","11.976790176414195"
"2021-10-25T06:24:35.186+05:00","12.820550418955811"
"2021-10-25T06:24:35.688+05:00","10.31774653106972"
"2021-10-25T06:24:36.189+05:00","11.894477115730105"
"2021-10-25T06:24:36.691+05:00","12.182479288232077"
"2021-10-25T06:24:37.192+05:00","13.168737033530762"
"2021-10-25T06:24:37.694+05:00","13.015747037254322"
"2021-10-25T06:24:38.201+05:00","15.730382762376259"
"2021-10-25T06:24:38.704+05:00","3.56302517619693"
"2021-10-25T06:24:39.206+05:00","1.498294584441727"
"2021-10-25T06:24:39.709+05:00","1.0717232154130365"
"2021-10-25T06:24:40.211+05:00","7.110408707373302"
"2021-10-25T06:24:40.712+05:00","16.15590254988983"
"2021-10-25T06:24:41.214+05:00","4.309086902016492"
"2021-10-25T06:24:41.716+05:00","4.013830055472727"
"2021-10-25T06:24:42.217+05:00","18.866315188664576"
"2021-10-25T06:24:42.718+05:00","21.83852953950373"
"2021-10-25T06:24:43.219+05:00","11.799669912942168"
"2021-10-25T06:24:43.720+05:00","10.217757199318942"
"2021-10-25T06:24:44.221+05:00","21.906386103096057"
"2021-10-25T06:24:44.722+05:00","27.20617779705711"
"2021-10-25T06:24:45.223+05:00","22.46635337236072"
"2021-10-25T06:24:45.725+05:00","12.79697548133952"
"2021-10-25T06:24:46.226+05:00","17.595762057164798"
"2021-10-25T06:24:46.727+05:00","10.299364664899727"
"2021-10-25T06:24:47.228+05:00","8.573252219697006"
"2021-10-25T06:24:47.729+05:00","11.963784305266227"
"2021-10-25T06:24:48.230+05:00","19.593870367319667"
"2021-10-25T06:24:48.731+05:00","9.073185882094863"
"2021-10-25T06:24:49.233+05:00","5.40173050540046"
"2021-10-25T06:24:49.735+05:00","4.80273669762179"
"2021-10-25T06:24:50.236+05:00","7.820259096493439"
"2021-10-25T06:24:50.738+05:00","9.09407775723868"
"2021-10-25T06:24:51.240+05:00","4.701663993658444"
"2021-10-25T06:24:51.742+05:00","4.872709184499892"
"2021-10-25T06:24:52.244+05:00","4.505062638692244"
"2021-10-25T06:24:52.746+05:00","4.782781826332457"
"2021-10-25T06:24:53.247+05:00","5.0137402947692875"
"2021-10-25T06:24:53.749+05:00","4.949275764850637"
"2021-10-25T06:24:54.252+05:00","4.928664736416778"
"2021-10-25T06:24:54.754+05:00","3.964224114101952"
"2021-10-25T06:24:55.256+05:00","4.319497883789639"
"2021-10-25T06:24:55.759+05:00","4.5188732437512655"
"2021-10-25T06:24:56.260+05:00","6.53894672082581"
"2021-10-25T06:24:56.762+05:00","5.6441252200742"
"2021-10-25T06:24:57.263+05:00","4.7226022536527275"
"2021-10-25T06:24:57.765+05:00","4.708791126451123"
"2021-10-25T06:24:58.273+05:00","4.675690161968326"
"2021-10-25T06:24:58.774+05:00","4.335175163522029"
"2021-10-25T06:24:59.275+05:00","5.319908544483464"
"2021-10-25T06:24:59.778+05:00","5.180440235927499"
"2021-10-25T06:25:00.280+05:00","14.449319927752837"
"2021-10-25T06:25:00.782+05:00","5.11894495921554"
"2021-10-25T06:25:01.285+05:00","1.605618404686471"
"2021-10-25T06:25:01.786+05:00","1.4860107944083703"
"2021-10-25T06:25:02.287+05:00","7.170288373784149"
"2021-10-25T06:25:02.789+05:00","14.501700745419743"
"2021-10-25T06:25:03.291+05:00","5.004395558877544"
"2021-10-25T06:25:03.794+05:00","4.364369921481264"
"2021-10-25T06:25:04.295+05:00","4.7803611335498175"
"2021-10-25T06:25:04.796+05:00","5.835938556473908"
"2021-10-25T06:25:05.297+05:00","21.65735804391949"
"2021-10-25T06:25:05.798+05:00","6.146182107838889"
"2021-10-25T06:25:06.299+05:00","6.786278929198603"
"2021-10-25T06:25:06.801+05:00","13.943592288050269"
"2021-10-25T06:25:07.302+05:00","19.71798941535363"
"2021-10-25T06:25:07.803+05:00","8.08559216879505"
"2021-10-25T06:25:08.304+05:00","8.854078078623205"
"2021-10-25T06:25:08.805+05:00","7.297870591408014"
"2021-10-25T06:25:09.306+05:00","11.510943914479164"
"2021-10-25T06:25:09.807+05:00","8.06457548041079"
"2021-10-25T06:25:10.308+05:00","10.326708855149471"
"2021-10-25T06:25:10.809+05:00","7.4742055574303405"
"2021-10-25T06:25:11.310+05:00","6.772653064602284"
"2021-10-25T06:25:11.811+05:00","6.28037993282775"
"2021-10-25T06:25:12.312+05:00","5.899140986414119"
"2021-10-25T06:25:12.813+05:00","4.714985134979045"
"2021-10-25T06:25:13.314+05:00","10.216662508442901"
"2021-10-25T06:25:13.815+05:00","4.765532717432778"
"2021-10-25T06:25:14.316+05:00","10.319235591262409"
"2021-10-25T06:25:14.817+05:00","8.961198209823856"
"2021-10-25T06:25:15.318+05:00","6.804625320695185"
"2021-10-25T06:25:15.819+05:00","6.785709771255968"
"2021-10-25T06:25:16.320+05:00","7.240863569612741"
"2021-10-25T06:25:16.821+05:00","6.296184589645214"
"2021-10-25T06:25:17.322+05:00","8.123544764113246"
"2021-10-25T06:25:17.823+05:00","11.689062186815725"
"2021-10-25T06:25:18.324+05:00","8.21327244833114"
"2021-10-25T06:25:18.825+05:00","6.069231572734071"
"2021-10-25T06:25:19.329+05:00","8.854486682681683"
"2021-10-25T06:25:19.830+05:00","7.0760513250452775"
"2021-10-25T06:25:20.331+05:00","5.662009257512432"
"2021-10-25T06:25:20.832+05:00","13.27946052591284"
"2021-10-25T06:25:21.333+05:00","24.884219220391525"
"2021-10-25T06:25:21.834+05:00","10.816896928745962"
"2021-10-25T06:25:22.335+05:00","12.908605065358586"
"2021-10-25T06:25:22.838+05:00","4.8236481637609945"
"2021-10-25T06:25:23.341+05:00","3.1863947894465348"
"2021-10-25T06:25:23.844+05:00","2.5342870746984563"
"2021-10-25T06:25:24.345+05:00","7.0490755813726516"
"2021-10-25T06:25:24.846+05:00","15.321189662012173"
"2021-10-25T06:25:25.348+05:00","5.370138585038337"
"2021-10-25T06:25:25.849+05:00","17.788976235259526"
"2021-10-25T06:25:26.351+05:00","23.060676849442704"
"2021-10-25T06:25:26.852+05:00","21.85116913926924"
"2021-10-25T06:25:27.353+05:00","8.530340174465044"
"2021-10-25T06:25:27.854+05:00","7.481545151547727"
"2021-10-25T06:25:28.355+05:00","7.921326796500426"
"2021-10-25T06:25:28.856+05:00","8.48415185356307"
"2021-10-25T06:25:29.357+05:00","7.323577437277282"
"2021-10-25T06:25:29.858+05:00","7.214469562526395"
"2021-10-25T06:25:30.359+05:00","7.384258163759405"
"2021-10-25T06:25:30.860+05:00","9.977948490387913"
"2021-10-25T06:25:31.361+05:00","11.70250348326078"
"2021-10-25T06:25:31.862+05:00","7.307290159002078"
"2021-10-25T06:25:32.363+05:00","7.6200373749158254"
"2021-10-25T06:25:32.864+05:00","8.697766125105563"
"2021-10-25T06:25:33.365+05:00","29.853949745688464"
"2021-10-25T06:25:33.866+05:00","29.858412232115363"
"2021-10-25T06:25:34.367+05:00","11.210985767097034"
"2021-10-25T06:25:34.868+05:00","12.172346327919763"
"2021-10-25T06:25:35.369+05:00","12.344995691753173"
"2021-10-25T06:25:35.870+05:00","20.41881080912691"
"2021-10-25T06:25:36.372+05:00","18.77041922677572"
"2021-10-25T06:25:36.874+05:00","11.332950543061973"
"2021-10-25T06:25:37.375+05:00","14.518191495649717"
"2021-10-25T06:25:37.876+05:00","15.815213098857154"
"2021-10-25T06:25:38.377+05:00","15.242652792652727"
"2021-10-25T06:25:38.878+05:00","8.77091108036101"
"2021-10-25T06:25:39.385+05:00","7.281523636180281"
"2021-10-25T06:25:39.887+05:00","8.085964961375577"
"2021-10-25T06:25:40.388+05:00","7.6578616807988205"
"2021-10-25T06:25:40.889+05:00","11.297927408594106"
"2021-10-25T06:25:41.391+05:00","7.796439981712378"
"2021-10-25T06:25:41.892+05:00","7.646517608472093"
"2021-10-25T06:25:42.394+05:00","7.183965224145453"
"2021-10-25T06:25:42.895+05:00","7.027799262878277"
"2021-10-25T06:25:43.396+05:00","9.74955025119023"
"2021-10-25T06:25:43.898+05:00","11.035453174245697"
"2021-10-25T06:25:44.400+05:00","14.525696789652823"
"2021-10-25T06:25:44.902+05:00","6.346997338291461"
"2021-10-25T06:25:45.405+05:00","1.560576660643904"
"2021-10-25T06:25:45.908+05:00","1.5051478137317746"
"2021-10-25T06:25:46.409+05:00","6.53597078787849"
"2021-10-25T06:25:46.910+05:00","15.089422158379033"
"2021-10-25T06:25:47.411+05:00","5.278321781234876"
"2021-10-25T06:25:47.912+05:00","3.2171772506607375"
"2021-10-25T06:25:48.413+05:00","19.40992203609109"
"2021-10-25T06:25:48.916+05:00","14.927228936029163"
"2021-10-25T06:25:49.417+05:00","4.470434952134024"
"2021-10-25T06:25:49.919+05:00","3.8875069273940346"
"2021-10-25T06:25:50.422+05:00","1.298843450496157"
"2021-10-25T06:25:50.924+05:00","0.8174039173877348"
"2021-10-25T06:25:51.928+05:00","0.8528407706824703"
"2021-10-25T06:25:52.430+05:00","1.4647185566796206"
"2021-10-25T06:25:52.933+05:00","0.1279314222016671"
"2021-10-25T06:25:53.434+05:00","1.1602419443118588"
"2021-10-25T06:25:53.937+05:00","1.0259030861066798"
"2021-10-25T06:25:54.438+05:00","3.0498336966876525"
"2021-10-25T06:25:54.939+05:00","0.5723386333501668"
"2021-10-25T06:25:55.440+05:00","0.22936924549578347"
"2021-10-25T06:25:55.942+05:00","0.5017183381749943"
"2021-10-25T06:25:56.445+05:00","0.22220511560860598"
"2021-10-25T06:25:56.948+05:00","1.1401234950376815"
"2021-10-25T06:25:57.451+05:00","0.19314609981979267"
"2021-10-25T06:25:57.953+05:00","4.929127213824485"
"2021-10-25T06:25:58.455+05:00","5.005749237972298"
"2021-10-25T06:25:58.958+05:00","0.4780804205349837"
"2021-10-25T06:25:59.461+05:00","0.6766929177027069"
"2021-10-25T06:25:59.963+05:00","0.5146064833449713"
"2021-10-25T06:26:00.476+05:00","0.1721439827725747"
"2021-10-25T06:26:00.978+05:00","0.23232829865383164"
"2021-10-25T06:26:01.481+05:00","0.42606251648845817"
"2021-10-25T06:26:01.983+05:00","0.6599746861281525"
"2021-10-25T06:26:02.486+05:00","0.09386010312255844"
"2021-10-25T06:26:02.989+05:00","0.17082561554314538"
"2021-10-25T06:26:03.490+05:00","0.3651672869548803"
"2021-10-25T06:26:03.992+05:00","2.2442668831351833"
"2021-10-25T06:26:04.495+05:00","0.3348667650624421"
"2021-10-25T06:26:04.996+05:00","1.631471264884993"
"2021-10-25T06:26:05.497+05:00","0.16249677584908537"
"2021-10-25T06:26:05.999+05:00","0.45060133950150466"
"2021-10-25T06:26:06.500+05:00","11.976441016786197"
"2021-10-25T06:26:07.002+05:00","3.1740863148154284"
"2021-10-25T06:26:07.505+05:00","4.132893961112127"
"2021-10-25T06:26:08.007+05:00","1.168460020326297"
"2021-10-25T06:26:08.508+05:00","7.017717074606799"
"2021-10-25T06:26:09.010+05:00","14.104258967633703"
"2021-10-25T06:26:09.511+05:00","19.275177557173592"
"2021-10-25T06:26:10.012+05:00","16.902555858908517"
"2021-10-25T06:26:10.513+05:00","7.879279266157726"
"2021-10-25T06:26:11.015+05:00","12.684494842520241"
"2021-10-25T06:26:11.516+05:00","14.305058156210668"
"2021-10-25T06:26:12.017+05:00","13.355497583589273"
"2021-10-25T06:26:12.517+05:00","10.83488186932096"
"2021-10-25T06:26:13.018+05:00","11.89409772358471"
"2021-10-25T06:26:13.519+05:00","10.457836029732562"
"2021-10-25T06:26:14.020+05:00","12.05744308249339"
"2021-10-25T06:26:14.521+05:00","22.676491995874727"
"2021-10-25T06:26:15.022+05:00","21.708228381504878"
"2021-10-25T06:26:15.524+05:00","20.54571569605807"
"2021-10-25T06:26:16.025+05:00","23.969897858744908"
"2021-10-25T06:26:16.527+05:00","27.485275739266253"
"2021-10-25T06:26:17.028+05:00","35.118494217159615"
"2021-10-25T06:26:17.529+05:00","19.529786827520144"
"2021-10-25T06:26:18.031+05:00","17.01432498653696"
"2021-10-25T06:26:18.533+05:00","16.333144403000972"
"2021-10-25T06:26:19.034+05:00","17.79571171550823"
"2021-10-25T06:26:19.536+05:00","17.323239412626794"
"2021-10-25T06:26:20.037+05:00","15.786313830047558"
"2021-10-25T06:26:20.538+05:00","15.192310648114617"
"2021-10-25T06:26:21.040+05:00","19.46569401718298"
"2021-10-25T06:26:21.550+05:00","12.618106508126544"
"2021-10-25T06:26:22.051+05:00","15.059382837393983"
"2021-10-25T06:26:22.552+05:00","12.248467754504915"
"2021-10-25T06:26:23.053+05:00","15.906190058439943"
"2021-10-25T06:26:23.555+05:00","14.577361969726084"
"2021-10-25T06:26:24.056+05:00","12.770896385372478"
"2021-10-25T06:26:24.558+05:00","12.380990072843035"
"2021-10-25T06:26:25.059+05:00","16.680502364531076"
"2021-10-25T06:26:25.561+05:00","16.96893862993361"
"2021-10-25T06:26:26.062+05:00","13.942063545575088"
"2021-10-25T06:26:26.564+05:00","13.12851888079043"
"2021-10-25T06:26:27.066+05:00","13.705333485983989"
"2021-10-25T06:26:27.567+05:00","12.851882379876908"
"2021-10-25T06:26:28.068+05:00","11.828943055605336"
"2021-10-25T06:26:28.569+05:00","17.580465582552087"
"2021-10-25T06:26:29.071+05:00","6.055639929200609"
"2021-10-25T06:26:29.574+05:00","1.9271081480255836"
"2021-10-25T06:26:30.075+05:00","1.9500273889346016"
"2021-10-25T06:26:30.576+05:00","1.4566497823406248"
"2021-10-25T06:26:31.077+05:00","1.8156292944394643"
"2021-10-25T06:26:31.578+05:00","3.8828119923680617"
"2021-10-25T06:26:32.079+05:00","8.763075881589423"
"2021-10-25T06:26:32.580+05:00","5.935878435145024"
"2021-10-25T06:26:33.081+05:00","14.130168943433308"
"2021-10-25T06:26:33.583+05:00","4.450857742808672"
"2021-10-25T06:26:34.084+05:00","18.909455192521182"
"2021-10-25T06:26:34.585+05:00","9.479977461972123"
"2021-10-25T06:26:35.086+05:00","10.806829632556735"
"2021-10-25T06:26:35.587+05:00","6.547591945051053"
"2021-10-25T06:26:36.088+05:00","8.687006039186954"
"2021-10-25T06:26:36.589+05:00","6.576574338755533"
"2021-10-25T06:26:37.090+05:00","6.595558179417611"
"2021-10-25T06:26:37.591+05:00","6.906714977559684"
"2021-10-25T06:26:38.092+05:00","22.035638085768234"
"2021-10-25T06:26:38.593+05:00","11.545914359787112"
"2021-10-25T06:26:39.094+05:00","9.126213905175488"
"2021-10-25T06:26:39.595+05:00","10.206563328597884"
"2021-10-25T06:26:40.096+05:00","13.75974370763778"
"2021-10-25T06:26:40.597+05:00","8.951268575842075"
"2021-10-25T06:26:41.098+05:00","8.508267016573356"
"2021-10-25T06:26:41.605+05:00","11.986831229969777"
"2021-10-25T06:26:42.107+05:00","27.222935093824233"
"2021-10-25T06:26:42.608+05:00","26.62300038333965"
"2021-10-25T06:26:43.109+05:00","25.800621450600186"
"2021-10-25T06:26:43.611+05:00","21.27478620429239"
"2021-10-25T06:26:44.112+05:00","21.168439604570338"
"2021-10-25T06:26:44.613+05:00","26.08894423060263"
"2021-10-25T06:26:45.114+05:00","15.054393815437127"
"2021-10-25T06:26:45.615+05:00","12.913800838716645"
"2021-10-25T06:26:46.117+05:00","13.931165225220884"
"2021-10-25T06:26:46.618+05:00","13.672949962419647"
"2021-10-25T06:26:47.119+05:00","13.949679042257484"
"2021-10-25T06:26:47.620+05:00","12.241957930969441"
"2021-10-25T06:26:48.122+05:00","11.713683569266689"
"2021-10-25T06:26:48.623+05:00","10.637306434596795"
"2021-10-25T06:26:49.125+05:00","11.99957057201463"
"2021-10-25T06:26:49.627+05:00","10.63736971753117"
"2021-10-25T06:26:50.129+05:00","13.687709759307795"
"2021-10-25T06:26:50.630+05:00","11.5669647994912"
"2021-10-25T06:26:51.132+05:00","16.1663902750037"
"2021-10-25T06:26:51.633+05:00","5.95988223954469"
"2021-10-25T06:26:52.134+05:00","4.126778463109993"
"2021-10-25T06:26:52.637+05:00","1.9374491244515244"
"2021-10-25T06:26:53.138+05:00","6.472611109421404"
"2021-10-25T06:26:53.640+05:00","16.648624784951025"
"2021-10-25T06:26:54.141+05:00","4.369542074026278"
"2021-10-25T06:26:54.642+05:00","4.67770862520769"
"2021-10-25T06:26:55.144+05:00","3.242974110098074"
"2021-10-25T06:26:55.647+05:00","4.124679949483065"
"2021-10-25T06:26:56.149+05:00","4.602190651301186"
"2021-10-25T06:26:56.650+05:00","4.516567261930657"
"2021-10-25T06:26:57.152+05:00","7.789943257860296"
"2021-10-25T06:26:57.653+05:00","22.62257014731344"
"2021-10-25T06:26:58.154+05:00","13.180971519739725"
"2021-10-25T06:26:58.655+05:00","21.053951574057738"
"2021-10-25T06:26:59.156+05:00","8.554977995688908"
"2021-10-25T06:26:59.657+05:00","6.235257119289152"
"2021-10-25T06:27:00.158+05:00","13.560215372440508"
"2021-10-25T06:27:00.660+05:00","4.4772990914170006"
"2021-10-25T06:27:01.161+05:00","3.2217444150720165"
"2021-10-25T06:27:01.664+05:00","1.5225848216144395"
"2021-10-25T06:27:02.167+05:00","1.7007194694793375"
"2021-10-25T06:27:02.680+05:00","2.7562102390560086"
"2021-10-25T06:27:03.183+05:00","1.718847324337352"
"2021-10-25T06:27:03.684+05:00","12.894908451592553"
"2021-10-25T06:27:04.186+05:00","22.18441999220685"
"2021-10-25T06:27:04.688+05:00","3.9138196544459345"
"2021-10-25T06:27:05.190+05:00","3.0141691966578468"
"2021-10-25T06:27:05.692+05:00","0.3264234088857242"
"2021-10-25T06:27:06.195+05:00","1.2136882414900176"
"2021-10-25T06:27:06.698+05:00","0.0702349262562297"
"2021-10-25T06:27:07.200+05:00","1.1969750261463485"
"2021-10-25T06:27:07.702+05:00","4.332459402969369"
"2021-10-25T06:27:08.204+05:00","1.5629686131558882"
"2021-10-25T06:27:08.706+05:00","0.5634625278890365"
"2021-10-25T06:27:09.208+05:00","0.41103692982001766"
"2021-10-25T06:27:09.710+05:00","0.1652326187587922"
"2021-10-25T06:27:10.211+05:00","6.703914354033689"
"2021-10-25T06:27:10.713+05:00","5.022349774041215"
"2021-10-25T06:27:11.215+05:00","0.2742895381556373"
"2021-10-25T06:27:11.717+05:00","0.43467592984315956"
"2021-10-25T06:27:12.218+05:00","9.15676157597715"
"2021-10-25T06:27:12.719+05:00","2.5649927558587713"
"2021-10-25T06:27:13.221+05:00","13.094777677099188"
"2021-10-25T06:27:13.723+05:00","6.223261170436616"
"2021-10-25T06:27:14.224+05:00","4.355559347940537"
"2021-10-25T06:27:14.726+05:00","0.724364663439704"
"2021-10-25T06:27:15.227+05:00","7.158092954797355"
"2021-10-25T06:27:15.729+05:00","13.90539994973976"
"2021-10-25T06:27:16.232+05:00","4.179484616666624"
"2021-10-25T06:27:16.734+05:00","4.712383992644538"
"2021-10-25T06:27:17.236+05:00","15.490468932905717"
"2021-10-25T06:27:17.737+05:00","14.763175342145958"
"2021-10-25T06:27:18.238+05:00","14.896173891429214"
"2021-10-25T06:27:18.739+05:00","16.477831491459426"
"2021-10-25T06:27:19.241+05:00","15.370872136872807"
"2021-10-25T06:27:19.742+05:00","11.759787035377599"
"2021-10-25T06:27:20.243+05:00","11.462209209311963"
"2021-10-25T06:27:20.745+05:00","6.483958627527496"
"2021-10-25T06:27:21.246+05:00","5.775609273706557"
"2021-10-25T06:27:21.747+05:00","5.637986634168488"
"2021-10-25T06:27:22.249+05:00","5.074347233261788"
"2021-10-25T06:27:22.750+05:00","4.4943342669742705"
"2021-10-25T06:27:23.251+05:00","7.582376771403819"
"2021-10-25T06:27:23.758+05:00","5.214433462318482"
"2021-10-25T06:27:24.260+05:00","5.139007281116628"
"2021-10-25T06:27:24.762+05:00","5.1687014296238"
"2021-10-25T06:27:25.263+05:00","6.733367534753689"
"2021-10-25T06:27:25.765+05:00","20.55271856458799"
"2021-10-25T06:27:26.266+05:00","9.642512995745399"
"2021-10-25T06:27:26.768+05:00","27.66876536634124"
"2021-10-25T06:27:27.269+05:00","26.04410006101972"
"2021-10-25T06:27:27.772+05:00","6.022945369367488"
"2021-10-25T06:27:28.274+05:00","6.306178533954046"
"2021-10-25T06:27:28.776+05:00","4.691090631953182"
"2021-10-25T06:27:29.277+05:00","4.941328926137752"
"2021-10-25T06:27:29.780+05:00","4.666322753753434"
"2021-10-25T06:27:30.282+05:00","5.615770444228306"
"2021-10-25T06:27:30.784+05:00","4.6491244801934055"
"2021-10-25T06:27:31.286+05:00","4.822595778597655"
"2021-10-25T06:27:31.787+05:00","4.298282538236878"
"2021-10-25T06:27:32.289+05:00","4.94191900676174"
"2021-10-25T06:27:32.791+05:00","4.953121068079822"
"2021-10-25T06:27:33.293+05:00","4.018938389890677"
"2021-10-25T06:27:33.795+05:00","6.0628870988776615"
"2021-10-25T06:27:34.297+05:00","4.67801458457256"
"2021-10-25T06:27:34.798+05:00","5.176809577101227"
"2021-10-25T06:27:35.300+05:00","16.548943175071507"
"2021-10-25T06:27:35.802+05:00","5.906848507762093"
"2021-10-25T06:27:36.304+05:00","1.468724031984423"
"2021-10-25T06:27:36.807+05:00","1.1226153335805609"
"2021-10-25T06:27:37.308+05:00","8.668621255396598"
"2021-10-25T06:27:37.809+05:00","15.13933321387466"
"2021-10-25T06:27:38.312+05:00","4.7776093653112"
"2021-10-25T06:27:38.813+05:00","13.8249826553883"
"2021-10-25T06:27:39.315+05:00","19.11502527895494"
"2021-10-25T06:27:39.816+05:00","13.73626340584129"
"2021-10-25T06:27:40.318+05:00","10.842818498040636"
"2021-10-25T06:27:40.819+05:00","2.2704151344313908"
"2021-10-25T06:27:41.320+05:00","1.701137993781215"
"2021-10-25T06:27:41.821+05:00","1.6961859972319628"
"2021-10-25T06:27:42.322+05:00","2.5791340663387223"
"2021-10-25T06:27:42.825+05:00","1.1919430247763152"
"2021-10-25T06:27:43.331+05:00","0.3126098577342043"
"2021-10-25T06:27:43.833+05:00","0.2730236787175925"
"2021-10-25T06:27:44.336+05:00","0.46877907069345054"
"2021-10-25T06:27:44.839+05:00","0.30298447247949567"
"2021-10-25T06:27:45.340+05:00","2.0399906236332046"
"2021-10-25T06:27:45.841+05:00","0.08542863570894595"
"2021-10-25T06:27:46.342+05:00","1.5597380577619635"
"2021-10-25T06:27:46.845+05:00","0.6617050951679349"
"2021-10-25T06:27:47.348+05:00","0.23751802029056537"
"2021-10-25T06:27:47.850+05:00","1.7049751583793087"
"2021-10-25T06:27:48.353+05:00","0.9066326549504004"
"2021-10-25T06:27:48.856+05:00","0.36291692425057853"
"2021-10-25T06:27:49.357+05:00","0.5958912933448"
"2021-10-25T06:27:49.858+05:00","0.177716510566435"
"2021-10-25T06:27:50.359+05:00","1.8029021457985388"
"2021-10-25T06:27:50.860+05:00","0.17324270596806376"
"2021-10-25T06:27:51.361+05:00","0.5716437030185855"
"2021-10-25T06:27:51.862+05:00","0.030649608631130375"
"2021-10-25T06:27:52.363+05:00","0.6262793870308048"
"2021-10-25T06:27:52.866+05:00","0.02361761862231489"
"2021-10-25T06:27:53.368+05:00","0.20553670753264047"
"2021-10-25T06:27:53.870+05:00","0.025213929483379693"
"2021-10-25T06:27:54.371+05:00","0.2546864600506965"
"2021-10-25T06:27:54.872+05:00","0"
"2021-10-25T06:27:55.373+05:00","6.921453634949537"
"2021-10-25T06:27:55.874+05:00","5.047198161504422"
"2021-10-25T06:27:56.375+05:00","2.2312365185761003"
"2021-10-25T06:27:56.876+05:00","0.1589350475374953"
"2021-10-25T06:27:57.377+05:00","11.620952965035311"
"2021-10-25T06:27:57.880+05:00","3.9205232947116477"
"2021-10-25T06:27:58.383+05:00","1.7494943241093974"
"2021-10-25T06:27:58.884+05:00","0.7438584869869544"
"2021-10-25T06:27:59.385+05:00","7.747827488121913"
"2021-10-25T06:27:59.887+05:00","14.591516353324192"
"2021-10-25T06:28:00.388+05:00","4.508343149030146"
"2021-10-25T06:28:00.890+05:00","4.459552612072782"
"2021-10-25T06:28:01.391+05:00","18.345957747035698"
"2021-10-25T06:28:01.892+05:00","9.307641341727564"
"2021-10-25T06:28:02.393+05:00","22.244233954009502"
"2021-10-25T06:28:02.894+05:00","12.536960584663849"
"2021-10-25T06:28:03.395+05:00","11.176584559053872"
"2021-10-25T06:28:03.896+05:00","14.308413971641539"
"2021-10-25T06:28:04.401+05:00","10.532979011714835"
"2021-10-25T06:28:04.902+05:00","9.712428677953216"
"2021-10-25T06:28:05.403+05:00","10.24703077142454"
"2021-10-25T06:28:05.904+05:00","9.657850058023442"
"2021-10-25T06:28:06.405+05:00","11.82098504604636"
"2021-10-25T06:28:06.906+05:00","29.292111585603823"
"2021-10-25T06:28:07.407+05:00","13.713160797223697"
"2021-10-25T06:28:07.908+05:00","10.4494133600909"
"2021-10-25T06:28:08.408+05:00","7.5301625694817735"
"2021-10-25T06:28:08.909+05:00","10.731965407145143"
"2021-10-25T06:28:09.410+05:00","8.32154480281736"
"2021-10-25T06:28:09.911+05:00","8.596146207188402"
"2021-10-25T06:28:10.412+05:00","10.15563504145965"
"2021-10-25T06:28:10.913+05:00","7.201932860759758"
"2021-10-25T06:28:11.414+05:00","8.795665935136938"
"2021-10-25T06:28:11.915+05:00","7.404944288947103"
"2021-10-25T06:28:12.416+05:00","7.56945001076328"
"2021-10-25T06:28:12.917+05:00","7.299606254261969"
"2021-10-25T06:28:13.418+05:00","7.253922621750609"
"2021-10-25T06:28:13.919+05:00","7.111724000484326"
"2021-10-25T06:28:14.420+05:00","8.100403579270756"
"2021-10-25T06:28:14.921+05:00","8.651784346136562"
"2021-10-25T06:28:15.423+05:00","8.958204811015362"
"2021-10-25T06:28:15.925+05:00","7.238946721512806"
"2021-10-25T06:28:16.426+05:00","7.6164822606039"
"2021-10-25T06:28:16.928+05:00","10.963976795993746"
"2021-10-25T06:28:17.429+05:00","9.275189902325582"
"2021-10-25T06:28:17.930+05:00","6.82293308521374"
"2021-10-25T06:28:18.432+05:00","7.174536139952217"
"2021-10-25T06:28:18.933+05:00","7.598656743663536"
"2021-10-25T06:28:19.434+05:00","15.117246825612213"
"2021-10-25T06:28:19.935+05:00","4.9929828527040065"
"2021-10-25T06:28:20.436+05:00","4.345550366734624"
"2021-10-25T06:28:20.937+05:00","1.4815813000594371"
"2021-10-25T06:28:21.438+05:00","7.266656383401166"
"2021-10-25T06:28:21.940+05:00","14.813522252110326"
"2021-10-25T06:28:22.442+05:00","4.996595961352497"
"2021-10-25T06:28:22.943+05:00","13.01108880330992"
"2021-10-25T06:28:23.444+05:00","16.11228166915707"
"2021-10-25T06:28:23.945+05:00","6.740089894927202"
"2021-10-25T06:28:24.446+05:00","14.231033001919691"
"2021-10-25T06:28:24.947+05:00","8.774504586016487"
"2021-10-25T06:28:25.454+05:00","20.50039846977417"
"2021-10-25T06:28:25.956+05:00","21.32284078881914"
"2021-10-25T06:28:26.457+05:00","13.471837717367158"
"2021-10-25T06:28:26.958+05:00","14.284005856758764"
"2021-10-25T06:28:27.459+05:00","15.392345469303903"
"2021-10-25T06:28:27.960+05:00","7.392848206954195"
"2021-10-25T06:28:28.462+05:00","5.9669466896495456"
"2021-10-25T06:28:28.963+05:00","6.185979841219024"
"2021-10-25T06:28:29.464+05:00","3.5981900781253895"
"2021-10-25T06:28:29.966+05:00","1.8296859298118833"
"2021-10-25T06:28:30.467+05:00","3.3172846329798515"
"2021-10-25T06:28:30.970+05:00","7.323538169810545"
"2021-10-25T06:28:31.471+05:00","2.4147626719522437"
"2021-10-25T06:28:31.972+05:00","2.4163970992087593"
"2021-10-25T06:28:32.474+05:00","8.422465505401998"
"2021-10-25T06:28:32.977+05:00","2.2367295388699007"
"2021-10-25T06:28:33.478+05:00","2.702577477854622"
"2021-10-25T06:28:33.980+05:00","0.8866647131770882"
"2021-10-25T06:28:34.481+05:00","2.328459815921761"
"2021-10-25T06:28:34.984+05:00","2.5395528445676554"
"2021-10-25T06:28:35.486+05:00","1.907476126150707"
"2021-10-25T06:28:35.988+05:00","1.9779421145034193"
"2021-10-25T06:28:36.490+05:00","2.2158802097671275"
"2021-10-25T06:28:36.991+05:00","2.5174367469671015"
"2021-10-25T06:28:37.492+05:00","5.171509165336731"
"2021-10-25T06:28:37.995+05:00","2.2746759116275763"
"2021-10-25T06:28:38.496+05:00","2.5131912048504175"
"2021-10-25T06:28:38.998+05:00","2.3814863184145834"
"2021-10-25T06:28:39.499+05:00","1.5548625491012558"
"2021-10-25T06:28:40.000+05:00","1.535842042262855"
"2021-10-25T06:28:40.501+05:00","8.567115883568032"
"2021-10-25T06:28:41.003+05:00","7.273691874908314"
"2021-10-25T06:28:41.504+05:00","10.884165158781393"
"2021-10-25T06:28:42.005+05:00","6.907590137142503"
"2021-10-25T06:28:42.508+05:00","2.4009846120849025"
"2021-10-25T06:28:43.009+05:00","1.1414424851559624"
"2021-10-25T06:28:43.510+05:00","7.760725808016016"
"2021-10-25T06:28:44.011+05:00","15.110826517093724"
"2021-10-25T06:28:44.512+05:00","4.601133008053483"
"2021-10-25T06:28:45.014+05:00","3.9926183064172216"
"2021-10-25T06:28:45.523+05:00","3.9722336323767893"
"2021-10-25T06:28:46.025+05:00","3.669533016481471"
"2021-10-25T06:28:46.526+05:00","6.0927744289301256"
"2021-10-25T06:28:47.027+05:00","24.48685838247534"
"2021-10-25T06:28:47.528+05:00","7.120702696061479"
"2021-10-25T06:28:48.029+05:00","6.577522643982383"
"2021-10-25T06:28:48.530+05:00","6.884332818475906"
"2021-10-25T06:28:49.031+05:00","6.993008244931068"
"2021-10-25T06:28:49.532+05:00","6.845291246753496"
"2021-10-25T06:28:50.033+05:00","6.981406657289543"
"2021-10-25T06:28:50.534+05:00","8.853376414410148"
"2021-10-25T06:28:51.035+05:00","8.991808042305673"
"2021-10-25T06:28:51.536+05:00","8.092285393162053"
"2021-10-25T06:28:52.037+05:00","8.499656256162801"
"2021-10-25T06:28:52.538+05:00","7.895613282460624"
"2021-10-25T06:28:53.039+05:00","7.960558278767389"
"2021-10-25T06:28:53.541+05:00","7.56665812407938"
"2021-10-25T06:28:54.041+05:00","7.508223531161647"
"2021-10-25T06:28:54.543+05:00","7.934152141609003"
"2021-10-25T06:28:55.044+05:00","10.579307644327951"
"2021-10-25T06:28:55.544+05:00","21.40382544500902"
"2021-10-25T06:28:56.045+05:00","11.055200849029132"
"2021-10-25T06:28:56.546+05:00","8.145171021412576"
"2021-10-25T06:28:57.047+05:00","7.882167995694594"
"2021-10-25T06:28:57.549+05:00","10.139635489356454"
"2021-10-25T06:28:58.050+05:00","9.328094744103469"
"2021-10-25T06:28:58.550+05:00","9.0113846250817"
"2021-10-25T06:28:59.051+05:00","8.476034333266725"
"2021-10-25T06:28:59.552+05:00","6.45009118407864"
"2021-10-25T06:29:00.054+05:00","7.128760258922878"
"2021-10-25T06:29:00.555+05:00","8.106471745571284"
"2021-10-25T06:29:01.056+05:00","7.903734887388486"
"2021-10-25T06:29:01.557+05:00","8.55449576864801"
"2021-10-25T06:29:02.057+05:00","7.744047974204425"
"2021-10-25T06:29:02.558+05:00","7.712952857507968"
"2021-10-25T06:29:03.059+05:00","8.01757035186677"
"2021-10-25T06:29:03.561+05:00","15.118003708799208"
"2021-10-25T06:29:04.062+05:00","6.855460071474441"
"2021-10-25T06:29:04.563+05:00","2.8265800433539456"
"2021-10-25T06:29:05.064+05:00","2.8851950702544844"
"2021-10-25T06:29:05.565+05:00","8.767021715288234"
"2021-10-25T06:29:06.066+05:00","15.651409269611804"
"2021-10-25T06:29:06.572+05:00","5.847945260245766"
"2021-10-25T06:29:07.073+05:00","6.409731648228853"
"2021-10-25T06:29:07.574+05:00","8.441339905100431"
"2021-10-25T06:29:08.075+05:00","6.527889517521951"
"2021-10-25T06:29:08.576+05:00","6.009058023361832"
"2021-10-25T06:29:09.077+05:00","6.542032893714812"
"2021-10-25T06:29:09.578+05:00","6.039672475055512"
"2021-10-25T06:29:10.079+05:00","9.897015189495821"
"2021-10-25T06:29:10.580+05:00","4.676929640082797"
"2021-10-25T06:29:11.081+05:00","16.0170405362129"
"2021-10-25T06:29:11.582+05:00","14.670125260703646"
"2021-10-25T06:29:12.084+05:00","16.782308949159123"
"2021-10-25T06:29:12.585+05:00","10.544903665852477"
"2021-10-25T06:29:13.087+05:00","5.777759399741932"
"2021-10-25T06:29:13.588+05:00","8.180018952572485"
"2021-10-25T06:29:14.088+05:00","11.649838283602515"
"2021-10-25T06:29:14.589+05:00","12.652261266317456"
"2021-10-25T06:29:15.090+05:00","16.945248530009476"
"2021-10-25T06:29:15.592+05:00","16.73840159162078"
"2021-10-25T06:29:16.095+05:00","4.825409483949807"
"2021-10-25T06:29:16.596+05:00","7.4050429495555825"
"2021-10-25T06:29:17.098+05:00","2.5589803457251423"
"2021-10-25T06:29:17.601+05:00","0.49622584523021596"
"2021-10-25T06:29:18.104+05:00","4.988088832875814"
"2021-10-25T06:29:18.607+05:00","1.047561550432261"
"2021-10-25T06:29:19.108+05:00","8.507591878852214"
"2021-10-25T06:29:19.611+05:00","0.4914663780166436"
"2021-10-25T06:29:20.112+05:00","0.9666807145111486"
"2021-10-25T06:29:20.615+05:00","11.473337358608855"
"2021-10-25T06:29:21.117+05:00","5.131273412742229"
"2021-10-25T06:29:21.620+05:00","1.905524817238003"
"2021-10-25T06:29:22.122+05:00","2.199670081960206"
"2021-10-25T06:29:22.625+05:00","0.18308142287484044"
"2021-10-25T06:29:23.128+05:00","1.5422344478700116"
"2021-10-25T06:29:23.631+05:00","0.3836120751162862"
"2021-10-25T06:29:24.134+05:00","0.21594073436878658"
"2021-10-25T06:29:24.637+05:00","0.6061033877914032"
"2021-10-25T06:29:25.140+05:00","2.9125039732766567"
"2021-10-25T06:29:25.641+05:00","10.528552132827535"
"2021-10-25T06:29:26.142+05:00","5.328001845085824"
"2021-10-25T06:29:26.645+05:00","3.3485415873142528"
"2021-10-25T06:29:27.148+05:00","1.0182782100108703"
"2021-10-25T06:29:27.653+05:00","6.726342058336833"
"2021-10-25T06:29:28.154+05:00","15.882818860738432"
"2021-10-25T06:29:28.656+05:00","4.819478334804963"
"2021-10-25T06:29:29.157+05:00","18.360226196688288"
"2021-10-25T06:29:29.659+05:00","17.247990900513624"
"2021-10-25T06:29:30.161+05:00","4.32859225141009"
"2021-10-25T06:29:30.662+05:00","18.160977820825973"
"2021-10-25T06:29:31.163+05:00","7.180549953180858"
"2021-10-25T06:29:31.664+05:00","8.71503142223932"
"2021-10-25T06:29:32.165+05:00","7.943639862352007"
"2021-10-25T06:29:32.666+05:00","7.98043084358091"
"2021-10-25T06:29:33.167+05:00","10.119726893676606"
"2021-10-25T06:29:33.668+05:00","18.201217226258414"
"2021-10-25T06:29:34.169+05:00","9.738629618554658"
"2021-10-25T06:29:34.670+05:00","15.835343261835853"
"2021-10-25T06:29:35.172+05:00","12.19608313213353"
"2021-10-25T06:29:35.673+05:00","15.529647416707636"
"2021-10-25T06:29:36.174+05:00","29.90698683504597"
"2021-10-25T06:29:36.675+05:00","12.139460735670564"
"2021-10-25T06:29:37.176+05:00","16.30476471478026"
"2021-10-25T06:29:37.678+05:00","36.439755104399325"
"2021-10-25T06:29:38.179+05:00","18.900736901758496"
"2021-10-25T06:29:38.681+05:00","38.76719841681651"
"2021-10-25T06:29:39.182+05:00","24.192396739503153"
"2021-10-25T06:29:39.684+05:00","10.111054095805894"
"2021-10-25T06:29:40.186+05:00","20.107593905367413"
"2021-10-25T06:29:40.687+05:00","16.480048976652917"
"2021-10-25T06:29:41.189+05:00","13.498213337036152"
"2021-10-25T06:29:41.690+05:00","4.3034032448200215"
"2021-10-25T06:29:42.191+05:00","4.747169068315756"
"2021-10-25T06:29:42.693+05:00","5.20754776735253"
"2021-10-25T06:29:43.194+05:00","2.6336158821322626"
"2021-10-25T06:29:43.696+05:00","3.364260054192433"
"2021-10-25T06:29:44.197+05:00","1.4846322515281016"
"2021-10-25T06:29:44.699+05:00","4.796710905098718"
"2021-10-25T06:29:45.201+05:00","1.113858233544842"
"2021-10-25T06:29:45.704+05:00","0.9925639570845597"
"2021-10-25T06:29:46.205+05:00","1.1588397196665992"
"2021-10-25T06:29:46.708+05:00","6.949671886379449"
"2021-10-25T06:29:47.209+05:00","7.937569771066186"
"2021-10-25T06:29:47.718+05:00","14.66403749266102"
"2021-10-25T06:29:48.219+05:00","6.897077737702953"
"2021-10-25T06:29:48.720+05:00","5.6586537606556195"
"2021-10-25T06:29:49.223+05:00","3.4125160728900634"
"2021-10-25T06:29:49.724+05:00","6.625362290126284"
"2021-10-25T06:29:50.225+05:00","15.699648195497915"
"2021-10-25T06:29:50.727+05:00","4.487414076643006"
"2021-10-25T06:29:51.228+05:00","21.601058385423947"
"2021-10-25T06:29:51.729+05:00","10.815983181171386"
"2021-10-25T06:29:52.230+05:00","13.321336963768825"
"2021-10-25T06:29:52.732+05:00","20.862302849340992"
"2021-10-25T06:29:53.233+05:00","17.54639435176328"
"2021-10-25T06:29:53.734+05:00","21.914631164531542"
"2021-10-25T06:29:54.235+05:00","11.55046952019433"
"2021-10-25T06:29:54.736+05:00","14.174467117830666"
"2021-10-25T06:29:55.237+05:00","9.312370887406352"
"2021-10-25T06:29:55.738+05:00","9.390876065129351"
"2021-10-25T06:29:56.239+05:00","11.221345229508707"
"2021-10-25T06:29:56.740+05:00","10.374805722172932"
"2021-10-25T06:29:57.241+05:00","10.879175154685328"
"2021-10-25T06:29:57.742+05:00","11.650407220380103"
"2021-10-25T06:29:58.243+05:00","11.50238442076223"
"2021-10-25T06:29:58.744+05:00","13.078397293536387"
"2021-10-25T06:29:59.246+05:00","8.372990456018023"
"2021-10-25T06:29:59.747+05:00","7.469275158856601"
"2021-10-25T06:30:00.248+05:00","15.415516865528406"
"2021-10-25T06:30:00.750+05:00","5.691576527456597"
"2021-10-25T06:30:01.251+05:00","5.149198842157695"
"2021-10-25T06:30:01.753+05:00","5.272107152620195"
"2021-10-25T06:30:02.256+05:00","4.130544378549663"
"2021-10-25T06:30:02.759+05:00","1.0601661377472793"
"2021-10-25T06:30:03.262+05:00","4.0713648937153835"
"2021-10-25T06:30:03.764+05:00","1.9001643088535494"
"2021-10-25T06:30:04.267+05:00","0.667215470467412"
"2021-10-25T06:30:04.770+05:00","1.3627213990704152"
"2021-10-25T06:30:05.272+05:00","2.2263189887750103"
"2021-10-25T06:30:05.774+05:00","0.7384167547958129"
"2021-10-25T06:30:06.277+05:00","0.5598989665221602"
"2021-10-25T06:30:06.778+05:00","4.35016073695168"
"2021-10-25T06:30:07.281+05:00","3.340444287091178"
"2021-10-25T06:30:07.782+05:00","4.204083241419438"
"2021-10-25T06:30:08.285+05:00","1.0246064722774446"
"2021-10-25T06:30:08.796+05:00","1.0065240266434512"
"2021-10-25T06:30:09.299+05:00","1.145435330166065"
"2021-10-25T06:30:09.800+05:00","13.63001145734463"
"2021-10-25T06:30:10.301+05:00","11.443441393886982"
"2021-10-25T06:30:10.802+05:00","3.237104085157327"
"2021-10-25T06:30:11.304+05:00","1.7179502877311985"
"2021-10-25T06:30:11.805+05:00","5.943189387254335"
"2021-10-25T06:30:12.306+05:00","16.302043865588036"
"2021-10-25T06:30:12.808+05:00","4.136981803481999"
"2021-10-25T06:30:13.309+05:00","16.228393161928015"
"2021-10-25T06:30:13.811+05:00","12.938194523455817"
"2021-10-25T06:30:14.312+05:00","8.266144759668396"
"2021-10-25T06:30:14.813+05:00","11.48979188343089"
"2021-10-25T06:30:15.314+05:00","22.057557741976044"
"2021-10-25T06:30:15.815+05:00","21.602682733746676"
"2021-10-25T06:30:16.316+05:00","24.523698337219976"
"2021-10-25T06:30:16.818+05:00","13.70578539731093"
"2021-10-25T06:30:17.319+05:00","19.901530124713368"
"2021-10-25T06:30:17.821+05:00","7.9072255379009375"
"2021-10-25T06:30:18.322+05:00","9.576304741878397"
"2021-10-25T06:30:18.823+05:00","19.348610917971094"
"2021-10-25T06:30:19.325+05:00","10.950646552560293"
"2021-10-25T06:30:19.826+05:00","7.2207603108022616"
"2021-10-25T06:30:20.329+05:00","6.285882162575141"
"2021-10-25T06:30:20.831+05:00","9.993199659606326"
"2021-10-25T06:30:21.332+05:00","9.14334341261107"
"2021-10-25T06:30:21.833+05:00","11.616454048544071"
"2021-10-25T06:30:22.335+05:00","10.744485764205649"
"2021-10-25T06:30:22.836+05:00","6.602265422590118"
"2021-10-25T06:30:23.337+05:00","7.038667565582759"
"2021-10-25T06:30:23.839+05:00","7.004522239818961"
"2021-10-25T06:30:24.340+05:00","6.401910165282258"
"2021-10-25T06:30:24.842+05:00","7.117395114275521"
"2021-10-25T06:30:25.343+05:00","7.2887452072702805"
"2021-10-25T06:30:25.846+05:00","6.815125580752804"
"2021-10-25T06:30:26.348+05:00","10.27672093901095"
"2021-10-25T06:30:26.849+05:00","12.750956747679615"
"2021-10-25T06:30:27.350+05:00","6.98181821143177"
"2021-10-25T06:30:27.852+05:00","6.844256696040621"
"2021-10-25T06:30:28.354+05:00","6.215628753343098"
"2021-10-25T06:30:28.856+05:00","6.94098248935911"
"2021-10-25T06:30:29.357+05:00","6.753699360247385"
"2021-10-25T06:30:29.865+05:00","6.781535796313486"
"2021-10-25T06:30:30.367+05:00","6.836735668732626"
"2021-10-25T06:30:30.868+05:00","6.765521557566829"
"2021-10-25T06:30:31.370+05:00","7.349520591395231"
"2021-10-25T06:30:31.871+05:00","11.991510654955036"
"2021-10-25T06:30:32.374+05:00","3.391759563915704"
"2021-10-25T06:30:32.877+05:00","1.3807713408962468"
"2021-10-25T06:30:33.379+05:00","1.2383978359433234"
"2021-10-25T06:30:33.880+05:00","6.813299586234644"
"2021-10-25T06:30:34.382+05:00","14.686425308669655"
"2021-10-25T06:30:34.884+05:00","4.385483714233024"
"2021-10-25T06:30:35.385+05:00","20.750420396280077"
"2021-10-25T06:30:35.886+05:00","9.247686508038148"
"2021-10-25T06:30:36.388+05:00","18.371096790895592"
"2021-10-25T06:30:36.889+05:00","10.276353422953598"
"2021-10-25T06:30:37.390+05:00","17.261428912192805"
"2021-10-25T06:30:37.891+05:00","15.738730413309218"
"2021-10-25T06:30:38.393+05:00","22.77842796688276"
"2021-10-25T06:30:38.894+05:00","14.690860706292408"
"2021-10-25T06:30:39.395+05:00","21.47333759688248"
"2021-10-25T06:30:39.896+05:00","8.103550504244867"
"2021-10-25T06:30:40.397+05:00","10.968598990449792"
"2021-10-25T06:30:40.898+05:00","12.599706476108402"
"2021-10-25T06:30:41.400+05:00","13.110027397834973"
"2021-10-25T06:30:41.901+05:00","7.798542154509665"
"2021-10-25T06:30:42.402+05:00","12.763096806064748"
"2021-10-25T06:30:42.903+05:00","12.448323373105573"
"2021-10-25T06:30:43.404+05:00","11.487211629645374"
"2021-10-25T06:30:43.905+05:00","10.982244318042728"
"2021-10-25T06:30:44.406+05:00","10.734153667395884"
"2021-10-25T06:30:44.906+05:00","8.3988466665051"
"2021-10-25T06:30:45.408+05:00","7.724952579552728"
"2021-10-25T06:30:45.910+05:00","8.746033521508693"
"2021-10-25T06:30:46.411+05:00","7.492719323354262"
"2021-10-25T06:30:46.913+05:00","6.774838463967187"
"2021-10-25T06:30:47.414+05:00","6.948807499283345"
"2021-10-25T06:30:47.915+05:00","8.077862933509497"
"2021-10-25T06:30:48.417+05:00","6.529824803420729"
"2021-10-25T06:30:48.919+05:00","6.93055811424032"
"2021-10-25T06:30:49.421+05:00","7.267222718481213"
"2021-10-25T06:30:49.922+05:00","7.13161860900681"
"2021-10-25T06:30:50.432+05:00","7.04523849541731"
"2021-10-25T06:30:50.934+05:00","6.769656833007543"
"2021-10-25T06:30:51.436+05:00","10.842479749670018"
"2021-10-25T06:30:51.938+05:00","9.988737054675607"
"2021-10-25T06:30:52.440+05:00","6.582606967975991"
"2021-10-25T06:30:52.942+05:00","7.4350717883973925"
"2021-10-25T06:30:53.443+05:00","7.444496407917267"
"2021-10-25T06:30:53.945+05:00","11.867764398655508"
"2021-10-25T06:30:54.448+05:00","4.000755904447859"
"2021-10-25T06:30:54.950+05:00","1.3489546515979256"
"2021-10-25T06:30:55.453+05:00","1.0934626643019345"
"2021-10-25T06:30:55.955+05:00","7.289698063226588"
"2021-10-25T06:30:56.456+05:00","15.843922749307763"
"2021-10-25T06:30:56.957+05:00","4.399026449798559"
"2021-10-25T06:30:57.458+05:00","22.92103932277663"
"2021-10-25T06:30:57.960+05:00","15.948583876944642"
"2021-10-25T06:30:58.461+05:00","11.460398210544877"
"2021-10-25T06:30:58.962+05:00","9.56548833433368"
"2021-10-25T06:30:59.463+05:00","23.25504187524933"
"2021-10-25T06:30:59.964+05:00","14.100163605856345"
"2021-10-25T06:31:00.466+05:00","27.905546883943355"
"2021-10-25T06:31:00.967+05:00","12.472924212091511"
"2021-10-25T06:31:01.469+05:00","10.970711339349148"
"2021-10-25T06:31:01.971+05:00","6.982939925125972"
"2021-10-25T06:31:02.472+05:00","5.579583500159094"
"2021-10-25T06:31:02.974+05:00","8.515529943565713"
"2021-10-25T06:31:03.475+05:00","5.066106725901404"
"2021-10-25T06:31:03.976+05:00","4.54356666395206"
"2021-10-25T06:31:04.477+05:00","3.3022976830737414"
"2021-10-25T06:31:04.979+05:00","2.3289524647025015"
"2021-10-25T06:31:05.481+05:00","5.102124169434105"
"2021-10-25T06:31:05.983+05:00","1.7528023077821875"
"2021-10-25T06:31:06.484+05:00","1.5729999173815532"
"2021-10-25T06:31:06.986+05:00","2.210831712899769"
"2021-10-25T06:31:07.488+05:00","7.506201859384717"
"2021-10-25T06:31:07.990+05:00","6.446274941734801"
"2021-10-25T06:31:08.492+05:00","1.2299433690190322"
"2021-10-25T06:31:08.993+05:00","3.806345949711721"
"2021-10-25T06:31:09.495+05:00","2.7838799528833142"
"2021-10-25T06:31:09.997+05:00","7.357021254338108"
"2021-10-25T06:31:10.498+05:00","23.778589857960398"
"2021-10-25T06:31:10.999+05:00","11.745765117985709"
"2021-10-25T06:31:11.504+05:00","14.897284369591135"
"2021-10-25T06:31:12.005+05:00","14.587232368233439"
"2021-10-25T06:31:12.506+05:00","9.237880952372429"
"2021-10-25T06:31:13.007+05:00","7.1401854978678445"
"2021-10-25T06:31:13.508+05:00","2.630588981797772"
"2021-10-25T06:31:14.011+05:00","4.902344134340512"
"2021-10-25T06:31:14.513+05:00","1.034697678486132"
"2021-10-25T06:31:15.015+05:00","3.549900046997885"
"2021-10-25T06:31:15.517+05:00","3.7731458916521774"
"2021-10-25T06:31:16.019+05:00","11.927351404576896"
"2021-10-25T06:31:16.520+05:00","5.240224606099839"
"2021-10-25T06:31:17.022+05:00","2.378732885023163"
"2021-10-25T06:31:17.525+05:00","0.6940420119668753"
"2021-10-25T06:31:18.026+05:00","6.161719652786811"
"2021-10-25T06:31:18.527+05:00","17.006715570148856"
"2021-10-25T06:31:19.028+05:00","18.871619839465275"
"2021-10-25T06:31:19.530+05:00","11.827839110242092"
"2021-10-25T06:31:20.031+05:00","13.865050991977592"
"2021-10-25T06:31:20.532+05:00","8.675753242668883"
"2021-10-25T06:31:21.033+05:00","8.590882551254795"
"2021-10-25T06:31:21.534+05:00","12.771340412367017"
"2021-10-25T06:31:22.035+05:00","7.890865914957321"
"2021-10-25T06:31:22.536+05:00","7.5012310905843655"
"2021-10-25T06:31:23.037+05:00","8.032181926535934"
"2021-10-25T06:31:23.538+05:00","7.718242199580724"
"2021-10-25T06:31:24.039+05:00","9.247506683515466"
"2021-10-25T06:31:24.540+05:00","9.155052676377764"
"2021-10-25T06:31:25.041+05:00","8.427130228790904"
"2021-10-25T06:31:25.542+05:00","8.433866050666508"
"2021-10-25T06:31:26.043+05:00","9.819070983672923"
"2021-10-25T06:31:26.544+05:00","9.873231685337887"
"2021-10-25T06:31:27.046+05:00","8.92457359785987"
"2021-10-25T06:31:27.547+05:00","10.265027187805856"
"2021-10-25T06:31:28.048+05:00","10.448876052876887"
"2021-10-25T06:31:28.549+05:00","22.9131921700356"
"2021-10-25T06:31:29.050+05:00","8.74045871013114"
"2021-10-25T06:31:29.551+05:00","8.880150625265433"
"2021-10-25T06:31:30.052+05:00","10.755913854557221"
"2021-10-25T06:31:30.554+05:00","2.9850474304155457"
"2021-10-25T06:31:31.057+05:00","1.9051275817649886"
"2021-10-25T06:31:31.560+05:00","0.5998956748880444"
"2021-10-25T06:31:32.063+05:00","2.005585651656264"
"2021-10-25T06:31:32.575+05:00","0.4254585090551654"
"2021-10-25T06:31:33.078+05:00","4.5952852815966345"
"2021-10-25T06:31:33.580+05:00","0.6038323246758874"
"2021-10-25T06:31:34.083+05:00","0.9373121440330839"
"2021-10-25T06:31:34.585+05:00","13.525684387563143"
"2021-10-25T06:31:35.086+05:00","19.366276817081612"
"2021-10-25T06:31:35.587+05:00","11.465446857848828"
"2021-10-25T06:31:36.088+05:00","3.9089098816304793"
"2021-10-25T06:31:36.590+05:00","3.17193121719258"
"2021-10-25T06:31:37.091+05:00","3.6739463909615324"
"2021-10-25T06:31:37.593+05:00","4.986974471118141"
"2021-10-25T06:31:38.095+05:00","10.053283521253167"
"2021-10-25T06:31:38.597+05:00","4.030576213898236"
"2021-10-25T06:31:39.099+05:00","2.339057751734467"
"2021-10-25T06:31:39.601+05:00","1.4605070891005356"
"2021-10-25T06:31:40.102+05:00","6.35079797574747"
"2021-10-25T06:31:40.604+05:00","15.710465808622619"
"2021-10-25T06:31:41.105+05:00","16.655867914148082"
"2021-10-25T06:31:41.606+05:00","20.517065244483497"
"2021-10-25T06:31:42.107+05:00","12.876789168751003"
"2021-10-25T06:31:42.608+05:00","12.189286082419542"
"2021-10-25T06:31:43.109+05:00","4.806185972257926"
"2021-10-25T06:31:43.612+05:00","5.956556169250447"
"2021-10-25T06:31:44.115+05:00","2.1253890118560435"
"2021-10-25T06:31:44.616+05:00","0.8723976597788853"
"2021-10-25T06:31:45.118+05:00","3.62292435319216"
"2021-10-25T06:31:45.621+05:00","0.9735522018951666"
"2021-10-25T06:31:46.122+05:00","1.2865400020890227"
"2021-10-25T06:31:46.623+05:00","1.1465384113928652"
"2021-10-25T06:31:47.124+05:00","4.080222802017506"
"2021-10-25T06:31:47.625+05:00","2.6085510309472277"
"2021-10-25T06:31:48.126+05:00","4.002147778455165"
"2021-10-25T06:31:48.628+05:00","1.120843513365891"
"2021-10-25T06:31:49.131+05:00","1.7844800564538907"
"2021-10-25T06:31:49.633+05:00","0.7463937011257941"
"2021-10-25T06:31:50.136+05:00","1.2943880610491239"
"2021-10-25T06:31:50.639+05:00","0.9793508962515338"
"2021-10-25T06:31:51.142+05:00","2.1829327607595514"
"2021-10-25T06:31:51.644+05:00","2.0265040279639526"
"2021-10-25T06:31:52.147+05:00","1.1109030900622925"
"2021-10-25T06:31:52.656+05:00","0.513720946945404"
"2021-10-25T06:31:53.158+05:00","1.2540330480371231"
"2021-10-25T06:31:53.659+05:00","2.2825889381008166"
"2021-10-25T06:31:54.160+05:00","1.609023286585758"
"2021-10-25T06:31:54.662+05:00","0.7360608420845404"
"2021-10-25T06:31:55.165+05:00","0.8506950226659948"
"2021-10-25T06:31:55.667+05:00","0.7697321517430524"
"2021-10-25T06:31:56.170+05:00","0.14557216483505392"
"2021-10-25T06:31:56.671+05:00","0.666859350492565"
"2021-10-25T06:31:57.172+05:00","5.603825023252775"
"2021-10-25T06:31:57.673+05:00","5.29528338667572"
"2021-10-25T06:31:58.174+05:00","5.887312479262005"
"2021-10-25T06:31:58.675+05:00","1.4846686579724"
"2021-10-25T06:31:59.176+05:00","0.3164076201454598"
"2021-10-25T06:31:59.678+05:00","0.7362716884810626"
"2021-10-25T06:32:00.179+05:00","11.84352431149068"
"2021-10-25T06:32:00.681+05:00","4.224236347064773"
"2021-10-25T06:32:01.183+05:00","1.4153665382504272"
"2021-10-25T06:32:01.685+05:00","3.0145930335033753"
"2021-10-25T06:32:02.185+05:00","7.442936314122195"
"2021-10-25T06:32:02.686+05:00","15.506102159789782"
"2021-10-25T06:32:03.187+05:00","5.27055662768747"
"2021-10-25T06:32:03.688+05:00","4.86295128550821"
"2021-10-25T06:32:04.189+05:00","19.32596477672076"
"2021-10-25T06:32:04.690+05:00","17.39160868675905"
"2021-10-25T06:32:05.191+05:00","23.959549452767256"
"2021-10-25T06:32:05.692+05:00","21.32901272692319"
"2021-10-25T06:32:06.194+05:00","18.315629184582466"
"2021-10-25T06:32:06.695+05:00","17.09713185317397"
"2021-10-25T06:32:07.196+05:00","16.790302191901844"
"2021-10-25T06:32:07.697+05:00","16.364718624681792"
"2021-10-25T06:32:08.198+05:00","15.563185732944252"
"2021-10-25T06:32:08.699+05:00","15.077513422179583"
"2021-10-25T06:32:09.200+05:00","16.59551112908808"
"2021-10-25T06:32:09.702+05:00","22.697150840374448"
"2021-10-25T06:32:10.203+05:00","13.859301577127898"
"2021-10-25T06:32:10.704+05:00","9.321454978172314"
"2021-10-25T06:32:11.205+05:00","8.990027582577511"
"2021-10-25T06:32:11.706+05:00","9.952488558303681"
"2021-10-25T06:32:12.207+05:00","12.301796382389416"
"2021-10-25T06:32:12.708+05:00","10.0135452886351"
"2021-10-25T06:32:13.210+05:00","9.254878945383222"
"2021-10-25T06:32:13.718+05:00","9.548510760913512"
"2021-10-25T06:32:14.219+05:00","10.738874300983525"
"2021-10-25T06:32:14.721+05:00","9.135864325628393"
"2021-10-25T06:32:15.222+05:00","8.78692401284114"
"2021-10-25T06:32:15.723+05:00","8.686448417495791"
"2021-10-25T06:32:16.225+05:00","9.329795485246189"
"2021-10-25T06:32:16.726+05:00","8.737160329190992"
"2021-10-25T06:32:17.227+05:00","8.478134919302995"
"2021-10-25T06:32:17.728+05:00","8.546999611488868"
"2021-10-25T06:32:18.230+05:00","8.824159340117248"
"2021-10-25T06:32:18.731+05:00","8.85166348333986"
"2021-10-25T06:32:19.232+05:00","13.322242092357621"
"2021-10-25T06:32:19.733+05:00","12.104306859220525"
"2021-10-25T06:32:20.235+05:00","12.072938456121813"
"2021-10-25T06:32:20.736+05:00","10.698750445456762"
"2021-10-25T06:32:21.237+05:00","8.46763594184932"
"2021-10-25T06:32:21.738+05:00","8.914079441724478"
"2021-10-25T06:32:22.239+05:00","13.475598483384308"
"2021-10-25T06:32:22.740+05:00","2.850312047898273"
"2021-10-25T06:32:23.241+05:00","1.8693965125781373"
"2021-10-25T06:32:23.742+05:00","2.032795465895515"
"2021-10-25T06:32:24.243+05:00","6.759141091843101"
"2021-10-25T06:32:24.744+05:00","20.80255798643652"
"2021-10-25T06:32:25.246+05:00","2.6389315069592634"
"2021-10-25T06:32:25.748+05:00","6.713709957474879"
"2021-10-25T06:32:26.249+05:00","1.0332152631239724"
"2021-10-25T06:32:26.750+05:00","0.8349722073886174"
"2021-10-25T06:32:27.251+05:00","0.796867336953702"
"2021-10-25T06:32:27.752+05:00","1.02953367143061"
"2021-10-25T06:32:28.253+05:00","0.49408912227832247"
"2021-10-25T06:32:28.754+05:00","1.7236478587185113"
"2021-10-25T06:32:29.255+05:00","0.18064781670001245"
"2021-10-25T06:32:29.757+05:00","0.9662574131415337"
"2021-10-25T06:32:30.260+05:00","0.45971359674007095"
"2021-10-25T06:32:30.761+05:00","6.531989510479959"
"2021-10-25T06:32:31.262+05:00","0.11286129851151376"
"2021-10-25T06:32:31.764+05:00","0.42004834310244255"
"2021-10-25T06:32:32.266+05:00","3.0241172545038517"
"2021-10-25T06:32:32.767+05:00","0.24082885214410596"
"2021-10-25T06:32:33.268+05:00","0.5127864126703978"
"2021-10-25T06:32:33.769+05:00","1.8968247099597788"
"2021-10-25T06:32:34.270+05:00","0.41365296077421465"
"2021-10-25T06:32:34.777+05:00","0.33996930028662"
"2021-10-25T06:32:35.278+05:00","0.20212415224162666"
"2021-10-25T06:32:35.780+05:00","0.16991622266486725"
"2021-10-25T06:32:36.283+05:00","0.15063581756237393"
"2021-10-25T06:32:36.784+05:00","0.06627364935091667"
"2021-10-25T06:32:37.286+05:00","0.7760003274658633"
"2021-10-25T06:32:37.788+05:00","3.260013539920747"
"2021-10-25T06:32:38.290+05:00","0.06803999053269363"
"2021-10-25T06:32:38.791+05:00","1.1662527883071063"
"2021-10-25T06:32:39.293+05:00","0.0342641136748589"
"2021-10-25T06:32:39.796+05:00","2.255065587552792"
"2021-10-25T06:32:40.299+05:00","0.9520092341186427"
"2021-10-25T06:32:40.800+05:00","0.14273127363462684"
"2021-10-25T06:32:41.301+05:00","0.1511704921792275"
"2021-10-25T06:32:41.803+05:00","0.12965138023920603"
"2021-10-25T06:32:42.304+05:00","0.23359976527725673"
"2021-10-25T06:32:42.805+05:00","0.15425132255346538"
"2021-10-25T06:32:43.306+05:00","0.17735747566946466"
"2021-10-25T06:32:43.808+05:00","2.4952022201600714"
"2021-10-25T06:32:44.309+05:00","12.214181997370959"
"2021-10-25T06:32:44.810+05:00","3.1551434656294566"
"2021-10-25T06:32:45.311+05:00","0.9254181336118776"
"2021-10-25T06:32:45.812+05:00","1.3020389524611153"
"2021-10-25T06:32:46.313+05:00","5.822563188628689"
"2021-10-25T06:32:46.815+05:00","14.129301705525123"
"2021-10-25T06:32:47.316+05:00","3.820017815559223"
"2021-10-25T06:32:47.818+05:00","4.691496555149369"
"2021-10-25T06:32:48.320+05:00","4.898570618617145"
"2021-10-25T06:32:48.821+05:00","4.408462570273214"
"2021-10-25T06:32:49.323+05:00","3.5384110577304315"
"2021-10-25T06:32:49.825+05:00","4.62577343775288"
"2021-10-25T06:32:50.326+05:00","4.713774137258266"
"2021-10-25T06:32:50.827+05:00","4.441301396638378"
"2021-10-25T06:32:51.328+05:00","6.492432325657479"
"2021-10-25T06:32:51.830+05:00","4.106261557275614"
"2021-10-25T06:32:52.331+05:00","3.9424069786466496"
"2021-10-25T06:32:52.832+05:00","3.8464261904456576"
"2021-10-25T06:32:53.334+05:00","3.5491629509049467"
"2021-10-25T06:32:53.835+05:00","4.3027441067381975"
"2021-10-25T06:32:54.337+05:00","4.8594101062254405"
"2021-10-25T06:32:54.844+05:00","4.1063120629670475"
"2021-10-25T06:32:55.346+05:00","3.723122489909935"
"2021-10-25T06:32:55.848+05:00","4.751029187133675"
"2021-10-25T06:32:56.349+05:00","4.08988930000336"
"2021-10-25T06:32:56.851+05:00","4.683466111548325"
"2021-10-25T06:32:57.354+05:00","3.638582800513764"
"2021-10-25T06:32:57.855+05:00","3.9825256904200965"
"2021-10-25T06:32:58.357+05:00","3.8609482952016005"
"2021-10-25T06:32:58.859+05:00","4.26211895926472"
"2021-10-25T06:32:59.361+05:00","3.524527175851277"
"2021-10-25T06:32:59.863+05:00","4.497417587049515"
"2021-10-25T06:33:00.365+05:00","4.845645148564273"
"2021-10-25T06:33:00.867+05:00","4.297043940069703"
"2021-10-25T06:33:01.368+05:00","2.8104592411553115"
"2021-10-25T06:33:01.870+05:00","5.688221747590855"
"2021-10-25T06:33:02.371+05:00","5.252926790202521"
"2021-10-25T06:33:02.873+05:00","3.8874278156158564"
"2021-10-25T06:33:03.375+05:00","2.8062985123510087"
"2021-10-25T06:33:03.878+05:00","4.684456068398929"
"2021-10-25T06:33:04.380+05:00","3.9706411781172726"
"2021-10-25T06:33:04.882+05:00","4.588502219270076"
"2021-10-25T06:33:05.384+05:00","2.8447019993097094"
"2021-10-25T06:33:05.886+05:00","5.034791230945945"
"2021-10-25T06:33:06.387+05:00","9.550324908599091"
"2021-10-25T06:33:06.890+05:00","5.034569115556897"
"2021-10-25T06:33:07.393+05:00","1.0860599460649025"
"2021-10-25T06:33:07.894+05:00","3.909336192561147"
"2021-10-25T06:33:08.395+05:00","5.918508624702331"
"2021-10-25T06:33:08.896+05:00","14.651288162813728"
"2021-10-25T06:33:09.398+05:00","11.234283521349248"
"2021-10-25T06:33:09.899+05:00","0.329694600140148"
"2021-10-25T06:33:10.401+05:00","10.389859287533843"
"2021-10-25T06:33:10.904+05:00","0.04838879253003165"
"2021-10-25T06:33:11.407+05:00","0.4033361470966503"
"2021-10-25T06:33:11.910+05:00","3.2975646228793036"
"2021-10-25T06:33:12.412+05:00","1.3614975699026397"
"2021-10-25T06:33:12.914+05:00","0.027381102865049356"
"2021-10-25T06:33:13.416+05:00","0.5837760735105482"
"2021-10-25T06:33:13.919+05:00","1.1642568958977637"
"2021-10-25T06:33:14.422+05:00","3.7783910919233117"
"2021-10-25T06:33:14.924+05:00","0.2874986825479961"
"2021-10-25T06:33:15.427+05:00","6.261930397980762"
"2021-10-25T06:33:15.939+05:00","0.07853834339804855"
"2021-10-25T06:33:16.440+05:00","3.5861092086597424"
"2021-10-25T06:33:16.943+05:00","0.45585947763918516"
"2021-10-25T06:33:17.445+05:00","0.3097308891772819"
"2021-10-25T06:33:17.948+05:00","0.635677777707849"
"2021-10-25T06:33:18.450+05:00","0.17884755246239437"
"2021-10-25T06:33:18.951+05:00","1.2187092065820435"
"2021-10-25T06:33:19.454+05:00","1.3854795954381427"
"2021-10-25T06:33:19.956+05:00","0.43808259629291135"
"2021-10-25T06:33:20.459+05:00","1.430471899818154"
"2021-10-25T06:33:20.961+05:00","0.6845038622366768"
"2021-10-25T06:33:21.464+05:00","0.44190469409915584"
"2021-10-25T06:33:21.966+05:00","0.09457391193398981"
"2021-10-25T06:33:22.467+05:00","0.08531808741981652"
"2021-10-25T06:33:22.969+05:00","0.7040125734460497"
"2021-10-25T06:33:23.470+05:00","0.04219644734140554"
"2021-10-25T06:33:23.973+05:00","1.1987894718007879"
"2021-10-25T06:33:24.475+05:00","3.4001295319840086"
"2021-10-25T06:33:24.978+05:00","0.13612411001750152"
"2021-10-25T06:33:25.481+05:00","1.6121720483747086"
"2021-10-25T06:33:25.984+05:00","0.1319867978750201"
"2021-10-25T06:33:26.487+05:00","0.01715976371223206"
"2021-10-25T06:33:26.989+05:00","0.06430849272033913"
"2021-10-25T06:33:27.491+05:00","0.05856830325189907"
"2021-10-25T06:33:27.993+05:00","0.36817163575730355"
"2021-10-25T06:33:28.494+05:00","10.165837856084648"
"2021-10-25T06:33:28.996+05:00","4.46913824879849"
"2021-10-25T06:33:29.498+05:00","0.5922968897456502"
"2021-10-25T06:33:30.001+05:00","1.002114114556248"
"2021-10-25T06:33:30.502+05:00","7.126898099210115"
"2021-10-25T06:33:31.003+05:00","15.7757317920147"
"2021-10-25T06:33:31.505+05:00","4.0946894962160325"
"2021-10-25T06:33:32.007+05:00","4.925792057910675"
"2021-10-25T06:33:32.508+05:00","7.913739811556272"
"2021-10-25T06:33:33.010+05:00","18.13955946098536"
"2021-10-25T06:33:33.511+05:00","5.778290355914575"
"2021-10-25T06:33:34.012+05:00","18.88401621197591"
"2021-10-25T06:33:34.513+05:00","14.485882959822757"
"2021-10-25T06:33:35.014+05:00","26.93973462529935"
"2021-10-25T06:33:35.519+05:00","13.727619284611004"
"2021-10-25T06:33:36.021+05:00","13.147445371205512"
"2021-10-25T06:33:36.522+05:00","9.547885475898877"
"2021-10-25T06:33:37.023+05:00","15.545090345024851"
"2021-10-25T06:33:37.524+05:00","17.00310323150328"
"2021-10-25T06:33:38.025+05:00","16.840110972871933"
"2021-10-25T06:33:38.526+05:00","18.647558432630237"
"2021-10-25T06:33:39.028+05:00","14.727994550575033"
"2021-10-25T06:33:39.529+05:00","12.603847191798918"
"2021-10-25T06:33:40.031+05:00","16.263255358964205"
"2021-10-25T06:33:40.532+05:00","27.611769279376727"
"2021-10-25T06:33:41.033+05:00","13.602813934516167"
"2021-10-25T06:33:41.534+05:00","12.458861420235024"
"2021-10-25T06:33:42.035+05:00","13.787129376717148"
"2021-10-25T06:33:42.536+05:00","18.937316387969805"
"2021-10-25T06:33:43.037+05:00","14.346099715871423"
"2021-10-25T06:33:43.538+05:00","14.395520003172464"
"2021-10-25T06:33:44.039+05:00","14.238177582404806"
"2021-10-25T06:33:44.540+05:00","15.229671627318464"
"2021-10-25T06:33:45.042+05:00","17.287966324298147"
"2021-10-25T06:33:45.543+05:00","21.105047544338195"
"2021-10-25T06:33:46.044+05:00","9.003929966249432"
"2021-10-25T06:33:46.546+05:00","11.117107714803538"
"2021-10-25T06:33:47.047+05:00","9.940181051522009"
"2021-10-25T06:33:47.548+05:00","11.740842003965248"
"2021-10-25T06:33:48.049+05:00","12.122771635688437"
"2021-10-25T06:33:48.549+05:00","14.47653752102641"
"2021-10-25T06:33:49.051+05:00","12.399263066835267"
"2021-10-25T06:33:49.552+05:00","13.03460372547792"
"2021-10-25T06:33:50.053+05:00","14.683491303703164"
"2021-10-25T06:33:50.554+05:00","11.464744771300783"
"2021-10-25T06:33:51.056+05:00","5.329855762751162"
"2021-10-25T06:33:51.557+05:00","2.154441974909051"
"2021-10-25T06:33:52.060+05:00","1.296131054413751"
"2021-10-25T06:33:52.561+05:00","6.05063133542403"
"2021-10-25T06:33:53.063+05:00","15.545784226978686"
"2021-10-25T06:33:53.564+05:00","3.9077373656313146"
"2021-10-25T06:33:54.066+05:00","4.7899718496420505"
"2021-10-25T06:33:54.567+05:00","22.00112761777642"
"2021-10-25T06:33:55.068+05:00","8.681813738914322"
"2021-10-25T06:33:55.574+05:00","8.659965495250699"
"2021-10-25T06:33:56.075+05:00","23.146110171031395"
"2021-10-25T06:33:56.576+05:00","9.797205099667881"
"2021-10-25T06:33:57.077+05:00","19.645838396629774"
"2021-10-25T06:33:57.578+05:00","22.046190693977607"
"2021-10-25T06:33:58.079+05:00","16.094761020490978"
"2021-10-25T06:33:58.580+05:00","9.522778068779424"
"2021-10-25T06:33:59.081+05:00","10.486078488455814"
"2021-10-25T06:33:59.582+05:00","10.387335737468057"
"2021-10-25T06:34:00.084+05:00","10.3986024991034"
"2021-10-25T06:34:00.585+05:00","17.302085022724018"
"2021-10-25T06:34:01.086+05:00","21.04072667305061"
"2021-10-25T06:34:01.587+05:00","26.91420523565078"
"2021-10-25T06:34:02.089+05:00","29.84720483175795"
"2021-10-25T06:34:02.590+05:00","31.160246790256167"
"2021-10-25T06:34:03.091+05:00","17.839935952100657"
"2021-10-25T06:34:03.593+05:00","20.90139467748855"
"2021-10-25T06:34:04.094+05:00","30.318629275745757"
"2021-10-25T06:34:04.594+05:00","28.057692148625822"
"2021-10-25T06:34:05.096+05:00","16.902359880864335"
"2021-10-25T06:34:05.597+05:00","40.10767113875905"
"2021-10-25T06:34:06.099+05:00","42.1687637035261"
"2021-10-25T06:34:06.600+05:00","14.849280268364362"
"2021-10-25T06:34:07.101+05:00","14.365234601927567"
"2021-10-25T06:34:07.602+05:00","10.002239681353227"
"2021-10-25T06:34:08.103+05:00","9.76326234886285"
"2021-10-25T06:34:08.604+05:00","9.791273722303348"
"2021-10-25T06:34:09.105+05:00","14.762884810992459"
"2021-10-25T06:34:09.606+05:00","14.313150642403633"
"2021-10-25T06:34:10.107+05:00","18.258857322576965"
"2021-10-25T06:34:10.608+05:00","14.689849319073932"
"2021-10-25T06:34:11.109+05:00","17.946860091186362"
"2021-10-25T06:34:11.611+05:00","28.643518896763585"
"2021-10-25T06:34:12.112+05:00","33.49408149932129"
"2021-10-25T06:34:12.614+05:00","27.96227382009949"
"2021-10-25T06:34:13.115+05:00","18.41814790495353"
"2021-10-25T06:34:13.617+05:00","6.724127779324383"
"2021-10-25T06:34:14.118+05:00","3.574142527657965"
"2021-10-25T06:34:14.619+05:00","3.8953540326452494"
"2021-10-25T06:34:15.120+05:00","3.721396261597973"
"2021-10-25T06:34:15.626+05:00","2.755533967472629"
"2021-10-25T06:34:16.127+05:00","2.9687110849675866"
"2021-10-25T06:34:16.628+05:00","3.7792771818451776"
"2021-10-25T06:34:17.129+05:00","6.335688863804392"
"2021-10-25T06:34:17.630+05:00","15.313098338083831"
"2021-10-25T06:34:18.132+05:00","5.870090286185966"
"2021-10-25T06:34:18.634+05:00","4.204579377705221"
"2021-10-25T06:34:19.135+05:00","19.286522495106137"
"2021-10-25T06:34:19.636+05:00","17.16818809576106"
"2021-10-25T06:34:20.137+05:00","24.155558830647898"
"2021-10-25T06:34:20.639+05:00","7.362396469773247"
"2021-10-25T06:34:21.140+05:00","12.042438175074015"
"2021-10-25T06:34:21.641+05:00","8.072231145658812"
"2021-10-25T06:34:22.142+05:00","9.141066494436357"
"2021-10-25T06:34:22.643+05:00","8.21145952572214"
"2021-10-25T06:34:23.144+05:00","8.66002320342724"
"2021-10-25T06:34:23.646+05:00","7.611917256358615"
"2021-10-25T06:34:24.147+05:00","8.685318530617998"
"2021-10-25T06:34:24.648+05:00","9.437909549124978"
"2021-10-25T06:34:25.148+05:00","9.824122815803364"
"2021-10-25T06:34:25.649+05:00","8.818528527722535"
"2021-10-25T06:34:26.150+05:00","8.450311623808833"
"2021-10-25T06:34:26.651+05:00","8.09882694205621"
"2021-10-25T06:34:27.152+05:00","7.451617854441298"
"2021-10-25T06:34:27.653+05:00","7.031985819303434"
"2021-10-25T06:34:28.154+05:00","7.664722558821389"
"2021-10-25T06:34:28.655+05:00","10.1712708896874"
"2021-10-25T06:34:29.156+05:00","11.425764640918526"
"2021-10-25T06:34:29.657+05:00","7.087662314660126"
"2021-10-25T06:34:30.158+05:00","8.94386128069798"
"2021-10-25T06:34:30.659+05:00","7.4264528972365085"
"2021-10-25T06:34:31.160+05:00","7.088264337863355"
"2021-10-25T06:34:31.661+05:00","7.414926760249308"
"2021-10-25T06:34:32.162+05:00","8.875759426202107"
"2021-10-25T06:34:32.663+05:00","14.208040080172022"
"2021-10-25T06:34:33.164+05:00","17.598221037202322"
"2021-10-25T06:34:33.666+05:00","31.93272726719893"
"2021-10-25T06:34:34.167+05:00","12.970509076434452"
"2021-10-25T06:34:34.668+05:00","12.100522696813712"
"2021-10-25T06:34:35.170+05:00","9.501440800355548"
"2021-10-25T06:34:35.671+05:00","21.752327956145916"
"2021-10-25T06:34:36.172+05:00","8.700720393922037"
"2021-10-25T06:34:36.683+05:00","3.5595016259061705"
"2021-10-25T06:34:37.186+05:00","2.228887715168579"
"2021-10-25T06:34:37.687+05:00","9.130447014197"
"2021-10-25T06:34:38.189+05:00","13.59616175194698"
"2021-10-25T06:34:38.690+05:00","4.982054133456294"
"2021-10-25T06:34:39.192+05:00","4.833328212083874"
"2021-10-25T06:34:39.694+05:00","3.4973171813415247"
"2021-10-25T06:34:40.195+05:00","20.437546876348556"
"2021-10-25T06:34:40.696+05:00","11.98063361547406"
"2021-10-25T06:34:41.197+05:00","22.50994910600196"
"2021-10-25T06:34:41.698+05:00","13.225487428509728"
"2021-10-25T06:34:42.199+05:00","14.072295648775537"
"2021-10-25T06:34:42.700+05:00","6.458394743492259"
"2021-10-25T06:34:43.201+05:00","14.9353425478477"
"2021-10-25T06:34:43.702+05:00","17.323438326348224"
"2021-10-25T06:34:44.203+05:00","10.293414529906947"
"2021-10-25T06:34:44.704+05:00","7.806095992801298"
"2021-10-25T06:34:45.205+05:00","9.077339583165"
"2021-10-25T06:34:45.706+05:00","8.342876857080602"
"2021-10-25T06:34:46.207+05:00","8.932833432601619"
"2021-10-25T06:34:46.708+05:00","6.841776284597599"
"2021-10-25T06:34:47.209+05:00","18.2985954413517"
"2021-10-25T06:34:47.710+05:00","10.127767383933197"
"2021-10-25T06:34:48.211+05:00","13.8691828089536"
"2021-10-25T06:34:48.713+05:00","19.10319935923814"
"2021-10-25T06:34:49.214+05:00","10.734662027556766"
"2021-10-25T06:34:49.715+05:00","7.975546375726173"
"2021-10-25T06:34:50.216+05:00","24.81172604517813"
"2021-10-25T06:34:50.717+05:00","21.57862523284436"
"2021-10-25T06:34:51.218+05:00","26.05309473141838"
"2021-10-25T06:34:51.719+05:00","21.681982975749488"
"2021-10-25T06:34:52.220+05:00","16.1508326992796"
"2021-10-25T06:34:52.722+05:00","15.683150327547853"
"2021-10-25T06:34:53.223+05:00","16.009322258696674"
"2021-10-25T06:34:53.724+05:00","7.872223005297637"
"2021-10-25T06:34:54.226+05:00","3.6219310192303324"
"2021-10-25T06:34:54.727+05:00","5.628838424812049"
"2021-10-25T06:34:55.229+05:00","3.6653708775262834"
"2021-10-25T06:34:55.731+05:00","3.0544414800073767"
"2021-10-25T06:34:56.233+05:00","5.562385746141321"
"2021-10-25T06:34:56.734+05:00","5.491555494459286"
"2021-10-25T06:34:57.235+05:00","6.086171026516193"
"2021-10-25T06:34:57.741+05:00","15.492705244931013"
"2021-10-25T06:34:58.244+05:00","6.463988172087946"
"2021-10-25T06:34:58.746+05:00","1.9671592112883194"
"2021-10-25T06:34:59.248+05:00","1.0509876936329563"
"2021-10-25T06:34:59.750+05:00","8.377102377576893"
"2021-10-25T06:35:00.251+05:00","14.36626423422981"
"2021-10-25T06:35:00.753+05:00","19.66607077298294"
"2021-10-25T06:35:01.254+05:00","9.404091691336383"
"2021-10-25T06:35:01.755+05:00","4.066658708977459"
"2021-10-25T06:35:02.256+05:00","6.178061731401613"
"2021-10-25T06:35:02.758+05:00","4.31833601721352"
"2021-10-25T06:35:03.259+05:00","6.0370367056621435"
"2021-10-25T06:35:03.760+05:00","8.43427823632468"
"2021-10-25T06:35:04.261+05:00","7.288424015841524"
"2021-10-25T06:35:04.762+05:00","8.112052837488154"
"2021-10-25T06:35:05.265+05:00","5.724187643094888"
"2021-10-25T06:35:05.766+05:00","5.83811021331867"
"2021-10-25T06:35:06.267+05:00","7.201299832971615"
"2021-10-25T06:35:06.768+05:00","7.0439417739108094"
"2021-10-25T06:35:07.269+05:00","7.43156891852434"
"2021-10-25T06:35:07.770+05:00","7.56784501636874"
"2021-10-25T06:35:08.271+05:00","6.736007519617639"
"2021-10-25T06:35:08.772+05:00","6.609800371381609"
"2021-10-25T06:35:09.273+05:00","6.571796260030793"
"2021-10-25T06:35:09.774+05:00","6.517935187399475"
"2021-10-25T06:35:10.275+05:00","11.548824462836805"
"2021-10-25T06:35:10.776+05:00","8.107640663480822"
"2021-10-25T06:35:11.278+05:00","9.368716578771668"
"2021-10-25T06:35:11.779+05:00","7.1629260787111475"
"2021-10-25T06:35:12.280+05:00","7.5320393309435625"
"2021-10-25T06:35:12.781+05:00","12.334213097897077"
"2021-10-25T06:35:13.282+05:00","23.763812164954373"
"2021-10-25T06:35:13.784+05:00","11.289165704216924"
"2021-10-25T06:35:14.285+05:00","6.2047474175900605"
"2021-10-25T06:35:14.786+05:00","6.678110265966479"
"2021-10-25T06:35:15.288+05:00","5.611600624542271"
"2021-10-25T06:35:15.790+05:00","4.964254451910998"
"2021-10-25T06:35:16.292+05:00","4.652738250106605"
"2021-10-25T06:35:16.794+05:00","5.299548256300763"
"2021-10-25T06:35:17.296+05:00","7.148000012555265"
"2021-10-25T06:35:17.802+05:00","5.606162299722641"
"2021-10-25T06:35:18.303+05:00","6.8309510573372085"
"2021-10-25T06:35:18.805+05:00","6.661559466653695"
"2021-10-25T06:35:19.306+05:00","6.435144755121895"
"2021-10-25T06:35:19.808+05:00","12.737159847435683"
"2021-10-25T06:35:20.309+05:00","4.774260341274017"
"2021-10-25T06:35:20.812+05:00","3.0923709079800688"
"2021-10-25T06:35:21.314+05:00","1.459791464216328"
"2021-10-25T06:35:21.816+05:00","8.941172339780113"
"2021-10-25T06:35:22.317+05:00","12.6157775744501"
"2021-10-25T06:35:22.819+05:00","17.063936987224444"
"2021-10-25T06:35:23.320+05:00","16.55837741527391"
"2021-10-25T06:35:23.821+05:00","14.78117708533579"
"2021-10-25T06:35:24.322+05:00","12.759912239369967"
"2021-10-25T06:35:24.822+05:00","3.9027579331657694"
"2021-10-25T06:35:25.324+05:00","6.2130438833865265"
"2021-10-25T06:35:25.825+05:00","1.301905428694488"
"2021-10-25T06:35:26.328+05:00","2.3717873798800544"
"2021-10-25T06:35:26.831+05:00","4.375405389344385"
"2021-10-25T06:35:27.334+05:00","1.3403054742795562"
"2021-10-25T06:35:27.836+05:00","0.9106467991930296"
"2021-10-25T06:35:28.339+05:00","1.7347296555336282"
"2021-10-25T06:35:28.842+05:00","4.421843026552445"
"2021-10-25T06:35:29.344+05:00","2.224083575074175"
"2021-10-25T06:35:29.845+05:00","2.882790281814785"
"2021-10-25T06:35:30.347+05:00","1.054214743689465"
"2021-10-25T06:35:30.849+05:00","1.2478595265125294"
"2021-10-25T06:35:31.351+05:00","1.0276030538703345"
"2021-10-25T06:35:31.852+05:00","0.9814555253644596"
"2021-10-25T06:35:32.355+05:00","0.6046354702473128"
"2021-10-25T06:35:32.858+05:00","1.3928950308037995"
"2021-10-25T06:35:33.360+05:00","1.356585974730916"
"2021-10-25T06:35:33.861+05:00","1.9794219549353445"
"2021-10-25T06:35:34.362+05:00","1.2297718600861944"
"2021-10-25T06:35:34.864+05:00","0.6278530194826645"
"2021-10-25T06:35:35.367+05:00","1.2419669914150535"
"2021-10-25T06:35:35.868+05:00","0.6463231911837749"
"2021-10-25T06:35:36.369+05:00","1.1836026492306126"
"2021-10-25T06:35:36.871+05:00","1.7142771281633553"
"2021-10-25T06:35:37.373+05:00","2.1605611725092944"
"2021-10-25T06:35:37.874+05:00","2.3014679946053125"
"2021-10-25T06:35:38.376+05:00","1.0145608322000146"
"2021-10-25T06:35:38.882+05:00","5.176497161568167"
"2021-10-25T06:35:39.385+05:00","3.018488243393729"
"2021-10-25T06:35:39.887+05:00","4.559134055654096"
"2021-10-25T06:35:40.389+05:00","1.7975310964328892"
"2021-10-25T06:35:40.891+05:00","1.2152483739011144"
"2021-10-25T06:35:41.393+05:00","0.5368406246263624"
"2021-10-25T06:35:41.894+05:00","13.68102554655585"
"2021-10-25T06:35:42.396+05:00","2.96180853385946"
"2021-10-25T06:35:42.899+05:00","1.3646458654856821"
"2021-10-25T06:35:43.401+05:00","1.0877568466710232"
"2021-10-25T06:35:43.902+05:00","11.428065959680334"
"2021-10-25T06:35:44.403+05:00","19.642699720145487"
"2021-10-25T06:35:44.904+05:00","15.34819888560872"
"2021-10-25T06:35:45.405+05:00","17.264195104929406"
"2021-10-25T06:35:45.906+05:00","9.726302657872719"
"2021-10-25T06:35:46.407+05:00","17.269435569552744"
"2021-10-25T06:35:46.908+05:00","24.408600180419715"
"2021-10-25T06:35:47.409+05:00","23.520643887253712"
"2021-10-25T06:35:47.910+05:00","19.583282928333368"
"2021-10-25T06:35:48.411+05:00","13.652725074481623"
"2021-10-25T06:35:48.912+05:00","8.941388038706211"
"2021-10-25T06:35:49.413+05:00","9.373614823717208"
"2021-10-25T06:35:49.914+05:00","15.92274843024735"
"2021-10-25T06:35:50.415+05:00","14.53629609402069"
"2021-10-25T06:35:50.916+05:00","19.526426758019586"
"2021-10-25T06:35:51.417+05:00","7.1242620240353185"
"2021-10-25T06:35:51.918+05:00","6.2287409339578055"
"2021-10-25T06:35:52.419+05:00","15.832980508600926"
"2021-10-25T06:35:52.920+05:00","23.794356117843204"
"2021-10-25T06:35:53.421+05:00","9.174467828203074"
"2021-10-25T06:35:53.922+05:00","16.347212371017946"
"2021-10-25T06:35:54.423+05:00","12.17564271793025"
"2021-10-25T06:35:54.924+05:00","5.50436839217741"
"2021-10-25T06:35:55.425+05:00","4.670321756120656"
"2021-10-25T06:35:55.926+05:00","2.339762643258816"
"2021-10-25T06:35:56.427+05:00","4.828310991166523"
"2021-10-25T06:35:56.930+05:00","5.391664673388899"
"2021-10-25T06:35:57.431+05:00","0.9400599859867569"
"2021-10-25T06:35:57.932+05:00","1.9235392019972222"
"2021-10-25T06:35:58.433+05:00","2.339189592771827"
"2021-10-25T06:35:58.934+05:00","10.574884392486902"
"2021-10-25T06:35:59.435+05:00","9.372252579275381"
"2021-10-25T06:35:59.941+05:00","5.439874013716828"
"2021-10-25T06:36:00.442+05:00","9.100635573885285"
"2021-10-25T06:36:00.943+05:00","7.413007768308064"
"2021-10-25T06:36:01.444+05:00","7.147153339094874"
"2021-10-25T06:36:01.946+05:00","0.7298282073999033"
"2021-10-25T06:36:02.447+05:00","7.832972625429561"
"2021-10-25T06:36:02.948+05:00","5.5659287058493945"
"2021-10-25T06:36:03.449+05:00","7.064569019516322"
"2021-10-25T06:36:03.950+05:00","15.733156906640794"
"2021-10-25T06:36:04.451+05:00","7.8598643015732295"
"2021-10-25T06:36:04.952+05:00","2.3472488952642503"
"2021-10-25T06:36:05.455+05:00","1.3113134891587923"
"2021-10-25T06:36:05.956+05:00","8.918733325779298"
"2021-10-25T06:36:06.457+05:00","16.413610303989802"
"2021-10-25T06:36:06.958+05:00","4.597192313359024"
"2021-10-25T06:36:07.459+05:00","14.023257354754637"
"2021-10-25T06:36:07.960+05:00","18.6465602290751"
"2021-10-25T06:36:08.461+05:00","17.823715780582383"
"2021-10-25T06:36:08.962+05:00","7.256725647247273"
"2021-10-25T06:36:09.463+05:00","7.664819573833633"
"2021-10-25T06:36:09.964+05:00","11.503617887202939"
"2021-10-25T06:36:10.466+05:00","5.951143559538499"
"2021-10-25T06:36:10.967+05:00","7.862784370296046"
"2021-10-25T06:36:11.469+05:00","8.400144401721976"
"2021-10-25T06:36:11.970+05:00","6.253409228965388"
"2021-10-25T06:36:12.471+05:00","9.43706577194818"
"2021-10-25T06:36:12.972+05:00","8.709807441775162"
"2021-10-25T06:36:13.473+05:00","6.675985176641629"
"2021-10-25T06:36:13.974+05:00","7.810417522625667"
"2021-10-25T06:36:14.475+05:00","10.552646507313797"
"2021-10-25T06:36:14.976+05:00","10.600954452149999"
"2021-10-25T06:36:15.478+05:00","6.6497510701456894"
"2021-10-25T06:36:15.979+05:00","6.180150890621844"
"2021-10-25T06:36:16.480+05:00","6.8901018419386375"
"2021-10-25T06:36:16.981+05:00","7.9091781564474175"
"2021-10-25T06:36:17.483+05:00","14.017928223560379"
"2021-10-25T06:36:17.984+05:00","4.383936015705691"
"2021-10-25T06:36:18.485+05:00","7.342610501991886"
"2021-10-25T06:36:18.986+05:00","6.824081339336594"
"2021-10-25T06:36:19.487+05:00","5.67505760178115"
"2021-10-25T06:36:19.988+05:00","5.570279823500217"
"2021-10-25T06:36:20.497+05:00","13.037843516554984"
"2021-10-25T06:36:20.998+05:00","8.713354787121405"
"2021-10-25T06:36:21.499+05:00","9.919294672782124"
"2021-10-25T06:36:22.000+05:00","5.761679596512204"
"2021-10-25T06:36:22.501+05:00","5.782132400356594"
"2021-10-25T06:36:23.002+05:00","7.038538772149803"
"2021-10-25T06:36:23.503+05:00","6.79224436612726"
"2021-10-25T06:36:24.004+05:00","4.6895650336136185"
"2021-10-25T06:36:24.505+05:00","5.171689112059511"
"2021-10-25T06:36:25.006+05:00","7.065753535823414"
"2021-10-25T06:36:25.507+05:00","5.430724244761884"
"2021-10-25T06:36:26.009+05:00","21.326325949761387"
"2021-10-25T06:36:26.511+05:00","3.7780803391157938"
"2021-10-25T06:36:27.012+05:00","1.9439613093991364"
"2021-10-25T06:36:27.514+05:00","4.07265047140846"
"2021-10-25T06:36:28.016+05:00","8.458294212949678"
"2021-10-25T06:36:28.517+05:00","16.713753391022095"
"2021-10-25T06:36:29.018+05:00","4.683062766550755"
"2021-10-25T06:36:29.519+05:00","18.137914118449395"
"2021-10-25T06:36:30.020+05:00","12.306542929895599"
"2021-10-25T06:36:30.521+05:00","11.731793753984764"
"2021-10-25T06:36:31.022+05:00","23.974492689585663"
"2021-10-25T06:36:31.523+05:00","13.093862037280475"
"2021-10-25T06:36:32.024+05:00","9.559379646533548"
"2021-10-25T06:36:32.525+05:00","16.08407535976091"
"2021-10-25T06:36:33.026+05:00","19.436307517082277"
"2021-10-25T06:36:33.527+05:00","10.720863441589072"
"2021-10-25T06:36:34.028+05:00","16.894435795449983"
"2021-10-25T06:36:34.529+05:00","28.011500332329657"
"2021-10-25T06:36:35.030+05:00","25.922631296130433"
"2021-10-25T06:36:35.531+05:00","16.409708213817513"
"2021-10-25T06:36:36.033+05:00","36.06533891051557"
"2021-10-25T06:36:36.534+05:00","29.11757454663829"
"2021-10-25T06:36:37.035+05:00","21.70237988879386"
"2021-10-25T06:36:37.538+05:00","21.38876862672232"
"2021-10-25T06:36:38.039+05:00","4.844142042012427"
"2021-10-25T06:36:38.540+05:00","5.471356812566169"
"2021-10-25T06:36:39.041+05:00","4.578145735586646"
"2021-10-25T06:36:39.543+05:00","7.287431332322757"
"2021-10-25T06:36:40.044+05:00","4.000276721370424"
"2021-10-25T06:36:40.545+05:00","7.558534992834175"
"2021-10-25T06:36:41.046+05:00","7.628185557590294"
"2021-10-25T06:36:41.553+05:00","7.35773389107367"
"2021-10-25T06:36:42.055+05:00","5.385717895663759"
"2021-10-25T06:36:42.556+05:00","7.1032687997320325"
"2021-10-25T06:36:43.057+05:00","3.8347049663410315"
"2021-10-25T06:36:43.558+05:00","4.789441543799388"
"2021-10-25T06:36:44.059+05:00","5.9626091771573835"
"2021-10-25T06:36:44.561+05:00","7.714032320834559"
"2021-10-25T06:36:45.063+05:00","6.4441367248167465"
"2021-10-25T06:36:45.565+05:00","6.678947815418381"
"2021-10-25T06:36:46.066+05:00","3.709736545380096"
"2021-10-25T06:36:46.568+05:00","4.3217762508384725"
"2021-10-25T06:36:47.069+05:00","3.964634766404509"
"2021-10-25T06:36:47.571+05:00","4.211805657349819"
"2021-10-25T06:36:48.072+05:00","12.671075545867694"
"2021-10-25T06:36:48.574+05:00","5.050249093809583"
"2021-10-25T06:36:49.076+05:00","1.868476490196846"
"2021-10-25T06:36:49.579+05:00","1.0330261657006976"
"2021-10-25T06:36:50.080+05:00","7.329867746159949"
"2021-10-25T06:36:50.582+05:00","15.63168134675951"
"2021-10-25T06:36:51.084+05:00","4.987952539339869"
"2021-10-25T06:36:51.586+05:00","5.132716031402072"
"2021-10-25T06:36:52.087+05:00","20.083366187750094"
"2021-10-25T06:36:52.588+05:00","10.912175407245071"
"2021-10-25T06:36:53.090+05:00","17.673608468027354"
"2021-10-25T06:36:53.592+05:00","3.0816341673776937"
"2021-10-25T06:36:54.093+05:00","5.797304857884362"
"2021-10-25T06:36:54.594+05:00","5.699968932058039"
"2021-10-25T06:36:55.097+05:00","2.627284368106181"
"2021-10-25T06:36:55.599+05:00","2.7810575494750545"
"2021-10-25T06:36:56.101+05:00","9.060065787850974"
"2021-10-25T06:36:56.604+05:00","0.6359564583046363"
"2021-10-25T06:36:57.107+05:00","2.5784491867007167"
"2021-10-25T06:36:57.610+05:00","0.5145601004768571"
"2021-10-25T06:36:58.113+05:00","4.06938049324108"
"2021-10-25T06:36:58.616+05:00","0.07274413020550698"
"2021-10-25T06:36:59.119+05:00","0.8211383161022122"
"2021-10-25T06:36:59.621+05:00","0.5795302348401757"
"2021-10-25T06:37:00.124+05:00","6.183933228848881"
"2021-10-25T06:37:00.627+05:00","0.4200909507121484"
"2021-10-25T06:37:01.129+05:00","0.48717961515232794"
"2021-10-25T06:37:01.636+05:00","0.5937147767918393"
"2021-10-25T06:37:02.139+05:00","3.4312275773018004"
"2021-10-25T06:37:02.642+05:00","0.6831572715488913"
"2021-10-25T06:37:03.144+05:00","0.5854097305237161"
"2021-10-25T06:37:03.647+05:00","0.08058038869777326"
"2021-10-25T06:37:04.150+05:00","4.408226588418527"
"2021-10-25T06:37:04.652+05:00","4.111512079128709"
"2021-10-25T06:37:05.155+05:00","0.6211782978006744"
"2021-10-25T06:37:05.657+05:00","2.220801522209052"
"2021-10-25T06:37:06.160+05:00","0.5878578087313175"
"2021-10-25T06:37:06.663+05:00","0.09131798215126441"
"2021-10-25T06:37:07.166+05:00","0.7127687327867082"
"2021-10-25T06:37:07.668+05:00","3.269516592396818"
"2021-10-25T06:37:08.171+05:00","2.694638243615049"
"2021-10-25T06:37:08.674+05:00","0.2643532102938565"
"2021-10-25T06:37:09.177+05:00","0.17574493578840208"
"2021-10-25T06:37:09.680+05:00","0.34078372404001106"
"2021-10-25T06:37:10.181+05:00","14.228633217165102"
"2021-10-25T06:37:10.683+05:00","2.5182492928425195"
"2021-10-25T06:37:11.185+05:00","1.3474478068144795"
"2021-10-25T06:37:11.688+05:00","1.2770716026785696"
"2021-10-25T06:37:12.190+05:00","13.245553361253789"
"2021-10-25T06:37:12.691+05:00","13.941617605890281"
"2021-10-25T06:37:13.192+05:00","6.615390391479033"
"2021-10-25T06:37:13.693+05:00","14.186653628583025"
"2021-10-25T06:37:14.194+05:00","14.387161025911812"
"2021-10-25T06:37:14.695+05:00","7.547423149323965"
"2021-10-25T06:37:15.197+05:00","8.817266887855531"
"2021-10-25T06:37:15.699+05:00","4.163903131092899"
"2021-10-25T06:37:16.200+05:00","4.615896408497119"
"2021-10-25T06:37:16.701+05:00","11.206554248340034"
"2021-10-25T06:37:17.202+05:00","20.401291863560093"
"2021-10-25T06:37:17.703+05:00","20.795203809000466"
"2021-10-25T06:37:18.204+05:00","24.900809375879717"
"2021-10-25T06:37:18.705+05:00","19.773922881434338"
"2021-10-25T06:37:19.206+05:00","16.417886885673344"
"2021-10-25T06:37:19.707+05:00","15.405285978402809"
"2021-10-25T06:37:20.208+05:00","21.345980202887546"
"2021-10-25T06:37:20.710+05:00","17.029948810078633"
"2021-10-25T06:37:21.211+05:00","20.684462109735847"
"2021-10-25T06:37:21.718+05:00","23.97692146629748"
"2021-10-25T06:37:22.219+05:00","17.602441408953005"
"2021-10-25T06:37:22.720+05:00","17.679104940108687"
"2021-10-25T06:37:23.221+05:00","21.54565910741634"
"2021-10-25T06:37:23.723+05:00","18.44103712860029"
"2021-10-25T06:37:24.224+05:00","22.074516463383304"
"2021-10-25T06:37:24.725+05:00","21.714470995482312"
"2021-10-25T06:37:25.226+05:00","25.101119543911537"
"2021-10-25T06:37:25.727+05:00","18.24994806674072"
"2021-10-25T06:37:26.228+05:00","15.996576948948997"
"2021-10-25T06:37:26.730+05:00","27.625712263374304"
"2021-10-25T06:37:27.231+05:00","28.53199031008016"
"2021-10-25T06:37:27.732+05:00","28.644977363516126"
"2021-10-25T06:37:28.233+05:00","10.543292506041878"
"2021-10-25T06:37:28.734+05:00","14.812951351769136"
"2021-10-25T06:37:29.235+05:00","8.468270363861599"
"2021-10-25T06:37:29.737+05:00","9.677440094876962"
"2021-10-25T06:37:30.239+05:00","11.182193158895917"
"2021-10-25T06:37:30.742+05:00","10.527930761398151"
"2021-10-25T06:37:31.243+05:00","8.228319807011731"
"2021-10-25T06:37:31.746+05:00","5.980262868615892"
"2021-10-25T06:37:32.247+05:00","18.77588389486303"
"2021-10-25T06:37:32.750+05:00","3.745672116124014"
"2021-10-25T06:37:33.252+05:00","2.1279828159214533"
"2021-10-25T06:37:33.756+05:00","1.399301756037798"
"2021-10-25T06:37:34.257+05:00","8.597797049098354"
"2021-10-25T06:37:34.758+05:00","15.402098517001651"
"2021-10-25T06:37:35.259+05:00","14.24612194997082"
"2021-10-25T06:37:35.760+05:00","15.643638746730574"
"2021-10-25T06:37:36.261+05:00","15.581185521594186"
"2021-10-25T06:37:36.762+05:00","7.768399759205785"
"2021-10-25T06:37:37.263+05:00","23.632170595385368"
"2021-10-25T06:37:37.764+05:00","10.466217869386142"
"2021-10-25T06:37:38.265+05:00","14.463199038950705"
"2021-10-25T06:37:38.766+05:00","14.425600902682609"
"2021-10-25T06:37:39.267+05:00","15.115435963721755"
"2021-10-25T06:37:39.768+05:00","33.081933144007145"
"2021-10-25T06:37:40.270+05:00","13.218773136304439"
"2021-10-25T06:37:40.771+05:00","12.44910109123645"
"2021-10-25T06:37:41.273+05:00","8.466867388412929"
"2021-10-25T06:37:41.774+05:00","14.589020735206814"
"2021-10-25T06:37:42.275+05:00","23.41162576544559"
"2021-10-25T06:37:42.782+05:00","13.79905187463146"
"2021-10-25T06:37:43.284+05:00","7.960751821616779"
"2021-10-25T06:37:43.786+05:00","7.442206274200719"
"2021-10-25T06:37:44.287+05:00","7.439563153684632"
"2021-10-25T06:37:44.788+05:00","5.747170306466688"
"2021-10-25T06:37:45.290+05:00","19.62722451204057"
"2021-10-25T06:37:45.793+05:00","30.857528412378333"
"2021-10-25T06:37:46.294+05:00","37.89701006359061"
"2021-10-25T06:37:46.796+05:00","35.3256622562242"
"2021-10-25T06:37:47.297+05:00","34.95969021902097"
"2021-10-25T06:37:47.798+05:00","37.412903930896306"
"2021-10-25T06:37:48.300+05:00","33.23465807999895"
"2021-10-25T06:37:48.801+05:00","9.761606123573959"
"2021-10-25T06:37:49.302+05:00","10.788806146465411"
"2021-10-25T06:37:49.804+05:00","9.008341252411771"
"2021-10-25T06:37:50.306+05:00","7.602901165433949"
"2021-10-25T06:37:50.808+05:00","6.23654201003113"
"2021-10-25T06:37:51.309+05:00","10.082591194637999"
"2021-10-25T06:37:51.810+05:00","9.55266763482299"
"2021-10-25T06:37:52.312+05:00","9.144857441171645"
"2021-10-25T06:37:52.814+05:00","8.222439206223346"
"2021-10-25T06:37:53.316+05:00","6.312565217132971"
"2021-10-25T06:37:53.817+05:00","8.961565443551969"
"2021-10-25T06:37:54.319+05:00","14.891107245085554"
"2021-10-25T06:37:54.821+05:00","4.015836362665057"
"2021-10-25T06:37:55.323+05:00","3.171584296668638"
"2021-10-25T06:37:55.825+05:00","1.3003856371605687"
"2021-10-25T06:37:56.326+05:00","8.739728501415282"
"2021-10-25T06:37:56.828+05:00","22.340750030079146"
"2021-10-25T06:37:57.329+05:00","10.640081061207693"
"2021-10-25T06:37:57.831+05:00","6.14087777648743"
"2021-10-25T06:37:58.332+05:00","16.848490395784296"
"2021-10-25T06:37:58.832+05:00","6.837385211982139"
"2021-10-25T06:37:59.333+05:00","6.790831628081595"
"2021-10-25T06:37:59.834+05:00","6.440543517291099"
"2021-10-25T06:38:00.335+05:00","6.080235606420885"
"2021-10-25T06:38:00.836+05:00","12.458894090406979"
"2021-10-25T06:38:01.337+05:00","10.864720293832782"
"2021-10-25T06:38:01.838+05:00","10.180336614106121"
"2021-10-25T06:38:02.339+05:00","11.383137716799226"
"2021-10-25T06:38:02.840+05:00","19.99026296581487"
"2021-10-25T06:38:03.341+05:00","24.07355271520688"
"2021-10-25T06:38:03.848+05:00","17.882961187402522"
"2021-10-25T06:38:04.349+05:00","27.980311375665217"
"2021-10-25T06:38:04.851+05:00","25.064427426393426"
"2021-10-25T06:38:05.352+05:00","24.805954418415496"
"2021-10-25T06:38:05.853+05:00","23.282856140022893"
"2021-10-25T06:38:06.354+05:00","30.169105822124088"
"2021-10-25T06:38:06.855+05:00","41.66375625783459"
"2021-10-25T06:38:07.356+05:00","37.620935688809006"
"2021-10-25T06:38:07.858+05:00","42.743445886234014"
"2021-10-25T06:38:08.359+05:00","41.937319383839615"
"2021-10-25T06:38:08.861+05:00","12.104557335498756"
"2021-10-25T06:38:09.362+05:00","7.379423618519729"
"2021-10-25T06:38:09.864+05:00","6.021011963578786"
"2021-10-25T06:38:10.365+05:00","21.086242066376606"
"2021-10-25T06:38:10.866+05:00","21.279960814063028"
"2021-10-25T06:38:11.367+05:00","8.365893711222732"
"2021-10-25T06:38:11.868+05:00","5.105863138424645"
"2021-10-25T06:38:12.369+05:00","20.851374794097744"
"2021-10-25T06:38:12.870+05:00","13.544951951185649"
"2021-10-25T06:38:13.373+05:00","3.1841870579094107"
"2021-10-25T06:38:13.875+05:00","3.210615893855964"
"2021-10-25T06:38:14.376+05:00","8.204039997811158"
"2021-10-25T06:38:14.878+05:00","1.8003844877723472"
"2021-10-25T06:38:15.381+05:00","4.176558025295254"
"2021-10-25T06:38:15.882+05:00","9.45842108241871"
"2021-10-25T06:38:16.384+05:00","11.889355145751228"
"2021-10-25T06:38:16.888+05:00","19.28761579380572"
"2021-10-25T06:38:17.391+05:00","5.830546290964679"
"2021-10-25T06:38:17.894+05:00","1.0401890874180724"
"2021-10-25T06:38:18.395+05:00","5.514126849609411"
"2021-10-25T06:38:18.897+05:00","16.013353127493396"
"2021-10-25T06:38:19.399+05:00","12.595228563805673"
"2021-10-25T06:38:19.900+05:00","17.09363131411267"
"2021-10-25T06:38:20.401+05:00","8.261115460231924"
"2021-10-25T06:38:20.902+05:00","12.382561665258532"
"2021-10-25T06:38:21.403+05:00","9.275659564299623"
"2021-10-25T06:38:21.904+05:00","10.982835386301439"
"2021-10-25T06:38:22.405+05:00","19.558374875449452"
"2021-10-25T06:38:22.906+05:00","25.681352178304834"
"2021-10-25T06:38:23.407+05:00","15.473084108697611"
"2021-10-25T06:38:23.915+05:00","36.55957552359446"
"2021-10-25T06:38:24.417+05:00","31.020213032239546"
"2021-10-25T06:38:24.917+05:00","31.967602323443806"
"2021-10-25T06:38:25.419+05:00","15.498358711671887"
"2021-10-25T06:38:25.921+05:00","15.070328922064704"
"2021-10-25T06:38:26.421+05:00","11.005990749692836"
"2021-10-25T06:38:26.923+05:00","9.428932922333672"
"2021-10-25T06:38:27.424+05:00","13.745320177913726"
"2021-10-25T06:38:27.926+05:00","22.505735562268704"
"2021-10-25T06:38:28.427+05:00","7.056955368047577"
"2021-10-25T06:38:28.927+05:00","6.627773128300098"
"2021-10-25T06:38:29.428+05:00","9.592504155696705"
"2021-10-25T06:38:29.930+05:00","5.834685036694587"
"2021-10-25T06:38:30.432+05:00","5.048501771784369"
"2021-10-25T06:38:30.934+05:00","4.729070996685783"
"2021-10-25T06:38:31.437+05:00","5.0572516829586105"
"2021-10-25T06:38:31.939+05:00","5.560714521312519"
"2021-10-25T06:38:32.440+05:00","6.518244765699314"
"2021-10-25T06:38:32.942+05:00","5.458045856476532"
"2021-10-25T06:38:33.443+05:00","6.204243150294518"
"2021-10-25T06:38:33.945+05:00","5.189275523606479"
"2021-10-25T06:38:34.447+05:00","5.924523879863845"
"2021-10-25T06:38:34.949+05:00","11.59517932562055"
"2021-10-25T06:38:35.450+05:00","9.1534951048357"
"2021-10-25T06:38:35.952+05:00","7.304494087173684"
"2021-10-25T06:38:36.454+05:00","6.6010215067691345"
"2021-10-25T06:38:36.956+05:00","4.316023605698335"
"2021-10-25T06:38:37.458+05:00","6.491508420511049"
"2021-10-25T06:38:37.960+05:00","5.4936538213259105"
"2021-10-25T06:38:38.463+05:00","12.326488206147951"
"2021-10-25T06:38:38.964+05:00","7.087325494903361"
"2021-10-25T06:38:39.465+05:00","4.968924777502901"
"2021-10-25T06:38:39.966+05:00","2.2032755148520224"
"2021-10-25T06:38:40.467+05:00","6.156909511529974"
"2021-10-25T06:38:40.969+05:00","17.18663641663285"
"2021-10-25T06:38:41.471+05:00","5.774308208075827"
"2021-10-25T06:38:41.972+05:00","4.317265832402986"
"2021-10-25T06:38:42.474+05:00","5.413148728506031"
"2021-10-25T06:38:42.976+05:00","3.7791286933207915"
"2021-10-25T06:38:43.476+05:00","17.574649159999915"
"2021-10-25T06:38:43.978+05:00","10.955306683180105"
"2021-10-25T06:38:44.479+05:00","8.323763199008624"
"2021-10-25T06:38:44.985+05:00","10.835581965147039"
"2021-10-25T06:38:45.486+05:00","13.220205936674352"
"2021-10-25T06:38:45.987+05:00","15.485967873764109"
"2021-10-25T06:38:46.488+05:00","12.325758136034093"
"2021-10-25T06:38:46.989+05:00","18.146586734140612"
"2021-10-25T06:38:47.491+05:00","13.79074990329179"
"2021-10-25T06:38:47.993+05:00","20.89416287125904"
"2021-10-25T06:38:48.495+05:00","12.63843885750515"
"2021-10-25T06:38:48.997+05:00","13.178351657493371"
"2021-10-25T06:38:49.499+05:00","7.684380095457364"
"2021-10-25T06:38:50.003+05:00","8.15917811808774"
"2021-10-25T06:38:50.505+05:00","6.494869460531254"
"2021-10-25T06:38:51.007+05:00","9.515719232291563"
"2021-10-25T06:38:51.509+05:00","8.209321795058488"
"2021-10-25T06:38:52.011+05:00","7.1956192786523925"
"2021-10-25T06:38:52.512+05:00","6.76848480816652"
"2021-10-25T06:38:53.013+05:00","6.57976507415929"
"2021-10-25T06:38:53.514+05:00","7.234375949619295"
"2021-10-25T06:38:54.016+05:00","6.095533371404853"
"2021-10-25T06:38:54.518+05:00","6.617048344988415"
"2021-10-25T06:38:55.019+05:00","5.551098224488634"
"2021-10-25T06:38:55.520+05:00","6.374054157333555"
"2021-10-25T06:38:56.022+05:00","7.0168504090059685"
"2021-10-25T06:38:56.523+05:00","9.465661446351694"
"2021-10-25T06:38:57.025+05:00","6.0637579041740794"
"2021-10-25T06:38:57.527+05:00","5.988300609171303"
"2021-10-25T06:38:58.029+05:00","7.454667116145364"
"2021-10-25T06:38:58.531+05:00","6.925134344344604"
"2021-10-25T06:38:59.033+05:00","6.510746541454337"
"2021-10-25T06:38:59.535+05:00","8.9749087553783"
"2021-10-25T06:39:00.037+05:00","6.79282547973932"
"2021-10-25T06:39:00.539+05:00","14.009074546825927"
"2021-10-25T06:39:01.041+05:00","4.044345556900204"
"2021-10-25T06:39:01.543+05:00","1.6478350413727358"
"2021-10-25T06:39:02.046+05:00","3.2337780657299566"
"2021-10-25T06:39:02.547+05:00","6.733047976713866"
"2021-10-25T06:39:03.048+05:00","15.167191654073706"
"2021-10-25T06:39:03.550+05:00","5.2291755103224515"
"2021-10-25T06:39:04.051+05:00","4.229068163192958"
"2021-10-25T06:39:04.554+05:00","4.24466230435924"
"2021-10-25T06:39:05.054+05:00","20.91121295999335"
"2021-10-25T06:39:05.555+05:00","14.32127685649536"
"2021-10-25T06:39:06.061+05:00","9.536194660639715"
"2021-10-25T06:39:06.562+05:00","9.076367082186295"
"2021-10-25T06:39:07.064+05:00","3.340087246925787"
"2021-10-25T06:39:07.567+05:00","4.055390734340364"
"2021-10-25T06:39:08.068+05:00","0.812265375263946"
"2021-10-25T06:39:08.570+05:00","0.6077307522930127"
"2021-10-25T06:39:09.072+05:00","5.578354482982361"
"2021-10-25T06:39:09.574+05:00","4.2843033310203475"
"2021-10-25T06:39:10.075+05:00","7.440535767064786"
"2021-10-25T06:39:10.576+05:00","1.6464644724275737"
"2021-10-25T06:39:11.079+05:00","1.2494263553709921"
"2021-10-25T06:39:11.582+05:00","0.9017549236161945"
"2021-10-25T06:39:12.085+05:00","4.008548854244188"
"2021-10-25T06:39:12.587+05:00","0.8064526480846155"
"2021-10-25T06:39:13.088+05:00","3.365741001004512"
"2021-10-25T06:39:13.590+05:00","0.3036624130675355"
"2021-10-25T06:39:14.093+05:00","3.7032784535538146"
"2021-10-25T06:39:14.596+05:00","0.4060997319238002"
"2021-10-25T06:39:15.098+05:00","0.45019175669142447"
"2021-10-25T06:39:15.601+05:00","0.08960685645679803"
"2021-10-25T06:39:16.104+05:00","0.2984577093262402"
"2021-10-25T06:39:16.607+05:00","0.40319325667312744"
"2021-10-25T06:39:17.110+05:00","0.2550292198887918"
"2021-10-25T06:39:17.613+05:00","0.12036254438367665"
"2021-10-25T06:39:18.115+05:00","0.6147065809655684"
"2021-10-25T06:39:18.618+05:00","0.07337554213537427"
"2021-10-25T06:39:19.120+05:00","1.5875346578132625"
"2021-10-25T06:39:20.125+05:00","1.275071647557839"
"2021-10-25T06:39:20.627+05:00","0.5032118374333563"
"2021-10-25T06:39:21.129+05:00","6.805509724273875"
"2021-10-25T06:39:21.630+05:00","8.521254672687743"
"2021-10-25T06:39:22.131+05:00","0.23772457353364318"
"2021-10-25T06:39:22.632+05:00","14.512458364117833"
"2021-10-25T06:39:23.133+05:00","6.1124418763101325"
"2021-10-25T06:39:23.634+05:00","3.9773228331401667"
"2021-10-25T06:39:24.135+05:00","2.827954666794155"
"2021-10-25T06:39:24.636+05:00","11.655764975589044"
"2021-10-25T06:39:25.137+05:00","15.106837353866753"
"2021-10-25T06:39:25.638+05:00","16.106328362471867"
"2021-10-25T06:39:26.139+05:00","17.227010417784854"
"2021-10-25T06:39:26.645+05:00","13.03093090818271"
"2021-10-25T06:39:27.146+05:00","11.834319194890796"
"2021-10-25T06:39:27.648+05:00","3.7308233655451266"
"2021-10-25T06:39:28.149+05:00","7.529700320301385"
"2021-10-25T06:39:28.650+05:00","3.7450607032877827"
"2021-10-25T06:39:29.151+05:00","1.0879485640914353"
"2021-10-25T06:39:29.654+05:00","2.9331492726569777"
"2021-10-25T06:39:30.156+05:00","1.6696248232785873"
"2021-10-25T06:39:30.657+05:00","3.947184623488831"
"2021-10-25T06:39:31.157+05:00","1.5637362544894668"
"2021-10-25T06:39:31.660+05:00","3.9595223918901"
"2021-10-25T06:39:32.162+05:00","0.889859763556069"
"2021-10-25T06:39:32.665+05:00","1.170702443465915"
"2021-10-25T06:39:33.167+05:00","0.5543837672214673"
"2021-10-25T06:39:33.668+05:00","2.212315594818267"
"2021-10-25T06:39:34.169+05:00","1.6930108243882067"
"2021-10-25T06:39:34.672+05:00","0.16230576169473165"
"2021-10-25T06:39:35.173+05:00","2.0898447315005386"
"2021-10-25T06:39:35.676+05:00","2.044294816097167"
"2021-10-25T06:39:36.179+05:00","6.000088479137189"
"2021-10-25T06:39:36.680+05:00","5.1551737194462195"
"2021-10-25T06:39:37.181+05:00","1.6136015055159705"
"2021-10-25T06:39:37.684+05:00","3.422825332317369"
"2021-10-25T06:39:38.187+05:00","0.7930009135613469"
"2021-10-25T06:39:38.690+05:00","1.3293731101960022"
"2021-10-25T06:39:39.191+05:00","0.9412325643373992"
"2021-10-25T06:39:39.692+05:00","2.085758658849948"
"2021-10-25T06:39:40.195+05:00","2.445008878470484"
"2021-10-25T06:39:40.698+05:00","0.7277720625599801"
"2021-10-25T06:39:41.199+05:00","0.675745110658912"
"2021-10-25T06:39:41.700+05:00","0.9424770176477324"
"2021-10-25T06:39:42.201+05:00","3.9094950120367375"
"2021-10-25T06:39:42.704+05:00","1.2753871971907924"
"2021-10-25T06:39:43.205+05:00","1.068155751126095"
"2021-10-25T06:39:43.706+05:00","0.30267578869171846"
"2021-10-25T06:39:44.208+05:00","1.135882419713327"
"2021-10-25T06:39:44.709+05:00","11.823753636460161"
"2021-10-25T06:39:45.210+05:00","6.29173423916919"
"2021-10-25T06:39:45.713+05:00","1.2613361123482039"
"2021-10-25T06:39:46.214+05:00","1.117178804616502"
"2021-10-25T06:39:46.715+05:00","9.16674672648383"
"2021-10-25T06:39:47.216+05:00","13.059338446965018"
"2021-10-25T06:39:47.724+05:00","22.561339430985505"
"2021-10-25T06:39:48.225+05:00","7.4568115506699035"
"2021-10-25T06:39:48.727+05:00","5.589843954286577"
"2021-10-25T06:39:49.229+05:00","0.4779994542251332"
"2021-10-25T06:39:49.730+05:00","0.898401802308265"
"2021-10-25T06:39:50.231+05:00","1.1384584678846836"
"2021-10-25T06:39:50.732+05:00","1.5748216586217068"
"2021-10-25T06:39:51.233+05:00","0.2689238988648056"
"2021-10-25T06:39:51.735+05:00","0.5831313584978033"
"2021-10-25T06:39:52.237+05:00","0.283978343734003"
"2021-10-25T06:39:52.739+05:00","0.6725981918750529"
"2021-10-25T06:39:53.241+05:00","0.19561345617007805"
"2021-10-25T06:39:53.743+05:00","0.1378225674831448"
"2021-10-25T06:39:54.245+05:00","1.5165315085666027"
"2021-10-25T06:39:54.746+05:00","3.2613904444048094"
"2021-10-25T06:39:55.247+05:00","0.6204111119532479"
"2021-10-25T06:39:55.749+05:00","0.5541831397791206"
"2021-10-25T06:39:56.250+05:00","0.7046362526003687"
"2021-10-25T06:39:56.752+05:00","5.125587904991848"
"2021-10-25T06:39:57.253+05:00","0.20241822524406944"
"2021-10-25T06:39:57.754+05:00","4.220081863886444"
"2021-10-25T06:39:58.256+05:00","0.2302118021346035"
"2021-10-25T06:39:58.758+05:00","0.3429018282638415"
"2021-10-25T06:39:59.259+05:00","0.1278262392152707"
"2021-10-25T06:39:59.760+05:00","0.5825177033082132"
"2021-10-25T06:40:00.260+05:00","1.12911816411196"
"2021-10-25T06:40:00.761+05:00","0.18313995699712748"
"2021-10-25T06:40:01.262+05:00","0.08188358977007754"
"2021-10-25T06:40:01.763+05:00","0.15272432963854798"
"2021-10-25T06:40:02.265+05:00","0.12205781566876636"
"2021-10-25T06:40:02.767+05:00","1.5372568225179717"
"2021-10-25T06:40:03.268+05:00","0.37216689868090214"
"2021-10-25T06:40:03.770+05:00","0.13927470503798126"
"2021-10-25T06:40:04.272+05:00","0.09863593841062834"
"2021-10-25T06:40:04.774+05:00","0.14895739415487833"
"2021-10-25T06:40:05.275+05:00","0.1838420343683754"
"2021-10-25T06:40:05.777+05:00","0.25144415961559097"
"2021-10-25T06:40:06.279+05:00","2.001594937714218"
"2021-10-25T06:40:06.781+05:00","10.237209428240401"
"2021-10-25T06:40:07.282+05:00","3.1762695063564346"
"2021-10-25T06:40:07.783+05:00","3.066779405981549"
"2021-10-25T06:40:08.285+05:00","1.1315469517923034"
"2021-10-25T06:40:08.793+05:00","7.583889786300589"
"2021-10-25T06:40:09.294+05:00","14.905939705609137"
"2021-10-25T06:40:09.795+05:00","18.14666331262056"
"2021-10-25T06:40:10.296+05:00","20.103833694833888"
"2021-10-25T06:40:10.797+05:00","21.61710943574339"
"2021-10-25T06:40:11.298+05:00","9.555186094922279"
"2021-10-25T06:40:11.799+05:00","8.500276067021927"
"2021-10-25T06:40:12.300+05:00","12.288538776315818"
"2021-10-25T06:40:12.801+05:00","20.919634774046585"
"2021-10-25T06:40:13.302+05:00","9.209830044989062"
"2021-10-25T06:40:13.803+05:00","10.331740952741617"
"2021-10-25T06:40:14.305+05:00","9.039184738569745"
"2021-10-25T06:40:14.806+05:00","21.784479059841892"
"2021-10-25T06:40:15.307+05:00","5.850401824242312"
"2021-10-25T06:40:15.809+05:00","6.898375787876363"
"2021-10-25T06:40:16.311+05:00","7.599753729660422"
"2021-10-25T06:40:16.812+05:00","7.528185630461846"
"2021-10-25T06:40:17.313+05:00","1.0765958045530573"
"2021-10-25T06:40:17.814+05:00","3.6565033551103214"
"2021-10-25T06:40:18.316+05:00","1.5401194326071543"
"2021-10-25T06:40:18.819+05:00","3.2231284799746027"
"2021-10-25T06:40:19.320+05:00","2.1776892613197445"
"2021-10-25T06:40:19.821+05:00","2.218941381504366"
"2021-10-25T06:40:20.323+05:00","2.893913275770609"
"2021-10-25T06:40:20.825+05:00","3.378364557988829"
"2021-10-25T06:40:21.326+05:00","1.4232971345728682"
"2021-10-25T06:40:21.827+05:00","2.5024912089135585"
"2021-10-25T06:40:22.328+05:00","0.7463982093793299"
"2021-10-25T06:40:22.829+05:00","3.771197021958548"
"2021-10-25T06:40:23.330+05:00","4.437025323980686"
"2021-10-25T06:40:23.831+05:00","4.893305721221348"
"2021-10-25T06:40:24.332+05:00","1.0830384292630497"
"2021-10-25T06:40:24.834+05:00","3.4323218506243753"
"2021-10-25T06:40:25.336+05:00","2.265710541554206"
"2021-10-25T06:40:25.837+05:00","2.1610857365603726"
"2021-10-25T06:40:26.338+05:00","0.8319175811781131"
"2021-10-25T06:40:26.840+05:00","2.6060281062929587"
"2021-10-25T06:40:27.341+05:00","0.6400843000787426"
"2021-10-25T06:40:27.843+05:00","3.1110468784937892"
"2021-10-25T06:40:28.344+05:00","1.9928289299811"
"2021-10-25T06:40:28.854+05:00","13.280752523789076"
"2021-10-25T06:40:29.355+05:00","5.4763515727483885"
"2021-10-25T06:40:29.857+05:00","1.6288029723800712"
"2021-10-25T06:40:30.358+05:00","1.489975210735469"
"2021-10-25T06:40:30.859+05:00","7.0873842838860694"
"2021-10-25T06:40:31.360+05:00","15.62987373632279"
"2021-10-25T06:40:31.861+05:00","4.9658753997891"
"2021-10-25T06:40:32.363+05:00","4.862384737325794"
"2021-10-25T06:40:32.865+05:00","12.287885266839453"
"2021-10-25T06:40:33.366+05:00","20.324440728349565"
"2021-10-25T06:40:33.867+05:00","18.975542389512086"
"2021-10-25T06:40:34.368+05:00","8.55511142055846"
"2021-10-25T06:40:34.869+05:00","8.378427624410005"
"2021-10-25T06:40:35.370+05:00","8.212739801750413"
"2021-10-25T06:40:35.871+05:00","7.657264327504299"
"2021-10-25T06:40:36.372+05:00","8.177794622395165"
"2021-10-25T06:40:36.873+05:00","7.499325585287043"
"2021-10-25T06:40:37.374+05:00","6.5624741148779275"
"2021-10-25T06:40:37.875+05:00","7.921466556409029"
"2021-10-25T06:40:38.376+05:00","7.792029154615324"
"2021-10-25T06:40:38.877+05:00","7.998252100007163"
"2021-10-25T06:40:39.378+05:00","7.3594820249374715"
"2021-10-25T06:40:39.879+05:00","8.913314229136311"
"2021-10-25T06:40:40.380+05:00","7.52846815782585"
"2021-10-25T06:40:40.881+05:00","7.172839949812662"
"2021-10-25T06:40:41.382+05:00","6.96845646940862"
"2021-10-25T06:40:41.883+05:00","9.100205977424267"
"2021-10-25T06:40:42.384+05:00","8.887906654551763"
"2021-10-25T06:40:42.885+05:00","7.250265952933351"
"2021-10-25T06:40:43.386+05:00","8.012777365966379"
"2021-10-25T06:40:43.887+05:00","8.66454939553108"
"2021-10-25T06:40:44.387+05:00","7.5612595195248025"
"2021-10-25T06:40:44.889+05:00","7.3195542577738175"
"2021-10-25T06:40:45.390+05:00","7.160666117842108"
"2021-10-25T06:40:45.890+05:00","8.56622319443426"
"2021-10-25T06:40:46.391+05:00","10.597438678389"
"2021-10-25T06:40:46.893+05:00","11.15090086371308"
"2021-10-25T06:40:47.394+05:00","10.229692696486136"
"2021-10-25T06:40:47.895+05:00","10.103152463159297"
"2021-10-25T06:40:48.396+05:00","14.030030515577277"
"2021-10-25T06:40:48.897+05:00","22.373170563190442"
"2021-10-25T06:40:49.398+05:00","20.42114660982258"
"2021-10-25T06:40:49.906+05:00","14.533320885440448"
"2021-10-25T06:40:50.407+05:00","18.390160144519157"
"2021-10-25T06:40:50.908+05:00","25.00262540844719"
"2021-10-25T06:40:51.411+05:00","10.12674485120908"
"2021-10-25T06:40:51.913+05:00","3.271508873749028"
"2021-10-25T06:40:52.415+05:00","2.233533034795645"
"2021-10-25T06:40:52.916+05:00","6.27794668764945"
"2021-10-25T06:40:53.417+05:00","16.307781911561445"
"2021-10-25T06:40:53.919+05:00","6.100026552489585"
"2021-10-25T06:40:54.420+05:00","18.52383624947707"
"2021-10-25T06:40:54.921+05:00","10.641212823748106"
"2021-10-25T06:40:55.422+05:00","8.733687620035493"
"2021-10-25T06:40:55.923+05:00","16.598151077315393"
"2021-10-25T06:40:56.425+05:00","20.35669212847363"
"2021-10-25T06:40:56.926+05:00","15.143414967142409"
"2021-10-25T06:40:57.427+05:00","15.259135802426808"
"2021-10-25T06:40:57.928+05:00","11.341599457844982"
"2021-10-25T06:40:58.430+05:00","26.678754176671163"
"2021-10-25T06:40:58.932+05:00","16.218254079856877"
"2021-10-25T06:40:59.433+05:00","19.749021183698453"
"2021-10-25T06:40:59.934+05:00","21.127973795265717"
"2021-10-25T06:41:00.435+05:00","23.574881836513438"
"2021-10-25T06:41:00.936+05:00","9.020048277369739"
"2021-10-25T06:41:01.438+05:00","8.336541532366482"
"2021-10-25T06:41:01.939+05:00","10.257689034117215"
"2021-10-25T06:41:02.440+05:00","9.418238602452872"
"2021-10-25T06:41:02.942+05:00","8.74721056538666"
"2021-10-25T06:41:03.443+05:00","8.769418060349956"
"2021-10-25T06:41:03.944+05:00","12.059820132674437"
"2021-10-25T06:41:04.445+05:00","13.240974341242147"
"2021-10-25T06:41:04.946+05:00","8.147085211762779"
"2021-10-25T06:41:05.447+05:00","9.024077760729911"
"2021-10-25T06:41:05.949+05:00","7.7389962123199645"
"2021-10-25T06:41:06.450+05:00","8.10583221473728"
"2021-10-25T06:41:06.952+05:00","9.561188479338973"
"2021-10-25T06:41:07.454+05:00","9.433230909922337"
"2021-10-25T06:41:07.955+05:00","7.609181405376352"
"2021-10-25T06:41:08.457+05:00","9.853723443886842"
"2021-10-25T06:41:08.959+05:00","7.762414718692223"
"2021-10-25T06:41:09.460+05:00","10.019835112614174"
"2021-10-25T06:41:09.961+05:00","9.829235472315482"
"2021-10-25T06:41:10.463+05:00","9.365654995619629"
"2021-10-25T06:41:10.970+05:00","7.755394796329917"
"2021-10-25T06:41:11.472+05:00","8.756630116612591"
"2021-10-25T06:41:11.974+05:00","8.187991276505842"
"2021-10-25T06:41:12.476+05:00","7.572663378576821"
"2021-10-25T06:41:12.978+05:00","13.656736944339164"
"2021-10-25T06:41:13.480+05:00","7.9941579470521305"
"2021-10-25T06:41:13.981+05:00","2.6975697750451677"
"2021-10-25T06:41:14.483+05:00","1.6026319913220892"
"2021-10-25T06:41:14.984+05:00","5.948697089708386"
"2021-10-25T06:41:15.485+05:00","14.982880543026717"
"2021-10-25T06:41:15.986+05:00","6.511387026620778"
"2021-10-25T06:41:16.488+05:00","24.248498038774777"
"2021-10-25T06:41:16.988+05:00","16.380944157491403"
"2021-10-25T06:41:17.489+05:00","10.972618087725955"
"2021-10-25T06:41:17.990+05:00","7.5037741367990485"
"2021-10-25T06:41:18.491+05:00","7.5887163318756565"
"2021-10-25T06:41:18.992+05:00","7.5483532434465905"
"2021-10-25T06:41:19.494+05:00","8.113776860011425"
"2021-10-25T06:41:19.995+05:00","17.16556013451858"
"2021-10-25T06:41:20.496+05:00","14.71197249077276"
"2021-10-25T06:41:20.997+05:00","7.395874260503268"
"2021-10-25T06:41:21.498+05:00","14.059237177896549"
"2021-10-25T06:41:21.999+05:00","5.723662432369245"
"2021-10-25T06:41:22.500+05:00","17.76902478644859"
"2021-10-25T06:41:23.001+05:00","7.86630709066222"
"2021-10-25T06:41:23.502+05:00","11.796090180008068"
"2021-10-25T06:41:24.003+05:00","3.0781763495068617"
"2021-10-25T06:41:24.504+05:00","5.467034872648529"
"2021-10-25T06:41:25.006+05:00","4.843432721361878"
"2021-10-25T06:41:25.506+05:00","5.992064236722951"
"2021-10-25T06:41:26.007+05:00","5.01325701295751"
"2021-10-25T06:41:26.510+05:00","4.651526015381208"
"2021-10-25T06:41:27.012+05:00","0.9632943202441806"
"2021-10-25T06:41:27.514+05:00","1.2568581810337376"
"2021-10-25T06:41:28.016+05:00","6.895442473962477"
"2021-10-25T06:41:28.519+05:00","4.8665292119484365"
"2021-10-25T06:41:29.021+05:00","1.0208668650235277"
"2021-10-25T06:41:29.525+05:00","0.8835766465269811"
"2021-10-25T06:41:30.026+05:00","0.5761863608442177"
"2021-10-25T06:41:30.528+05:00","5.171702368908241"
"2021-10-25T06:41:31.033+05:00","4.649569671355656"
"2021-10-25T06:41:31.536+05:00","2.577168322414862"
"2021-10-25T06:41:32.038+05:00","1.0126771872475464"
"2021-10-25T06:41:32.541+05:00","1.0085241840274541"
"2021-10-25T06:41:33.043+05:00","1.3225799190843592"
"2021-10-25T06:41:33.544+05:00","0.43751575639960494"
"2021-10-25T06:41:34.046+05:00","1.371620987956902"
"2021-10-25T06:41:34.548+05:00","1.317908359373524"
"2021-10-25T06:41:35.050+05:00","6.795470738297075"
"2021-10-25T06:41:35.552+05:00","16.282875962329456"
"2021-10-25T06:41:36.055+05:00","1.7544477408026935"
"2021-10-25T06:41:36.556+05:00","2.6750860241011805"
"2021-10-25T06:41:37.057+05:00","5.886124395849725"
"2021-10-25T06:41:37.559+05:00","15.539657012941312"
"2021-10-25T06:41:38.060+05:00","15.931123904329107"
"2021-10-25T06:41:38.561+05:00","17.705268753123207"
"2021-10-25T06:41:39.062+05:00","14.623694288183474"
"2021-10-25T06:41:39.564+05:00","10.748867272094273"
"2021-10-25T06:41:40.065+05:00","3.3494357013674843"
"2021-10-25T06:41:40.567+05:00","6.073103372581237"
"2021-10-25T06:41:41.069+05:00","2.307885686385046"
"2021-10-25T06:41:41.572+05:00","1.7455883026188717"
"2021-10-25T06:41:42.073+05:00","2.8223435655424836"
"2021-10-25T06:41:42.574+05:00","4.495957289898587"
"2021-10-25T06:41:43.077+05:00","2.0819957321799065"
"2021-10-25T06:41:43.579+05:00","3.1001670046019907"
"2021-10-25T06:41:44.082+05:00","2.8521623870895727"
"2021-10-25T06:41:44.585+05:00","1.4061751988876432"
"2021-10-25T06:41:45.087+05:00","2.3895387945390976"
"2021-10-25T06:41:45.589+05:00","3.649747045721746"
"2021-10-25T06:41:46.091+05:00","1.01794197925744"
"2021-10-25T06:41:46.594+05:00","1.6602583795758654"
"2021-10-25T06:41:47.097+05:00","0.6054971378371631"
"2021-10-25T06:41:47.599+05:00","1.656319252294861"
"2021-10-25T06:41:48.100+05:00","1.7585370579542443"
"2021-10-25T06:41:48.602+05:00","5.700940056494246"
"2021-10-25T06:41:49.103+05:00","5.639972855123762"
"2021-10-25T06:41:49.605+05:00","2.337960250190928"
"2021-10-25T06:41:50.108+05:00","0.761066831485211"
"2021-10-25T06:41:50.611+05:00","1.3101490833496803"
"2021-10-25T06:41:51.113+05:00","1.5852234935218605"
"2021-10-25T06:41:51.615+05:00","0.8905897561907283"
"2021-10-25T06:41:52.120+05:00","0.5392424481277951"
"2021-10-25T06:41:52.622+05:00","1.9951969027197312"
"2021-10-25T06:41:53.125+05:00","0.5558994641226968"
"2021-10-25T06:41:53.628+05:00","1.2553443862771831"
"2021-10-25T06:41:54.131+05:00","1.0917806131936336"
"2021-10-25T06:41:54.634+05:00","2.421353867565455"
"2021-10-25T06:41:55.137+05:00","0.8974926245111938"
"2021-10-25T06:41:55.640+05:00","1.0129217503708468"
"2021-10-25T06:41:56.143+05:00","0.3091144568206375"
"2021-10-25T06:41:56.646+05:00","2.97687097525825"
"2021-10-25T06:41:57.147+05:00","12.17951452372165"
"2021-10-25T06:41:57.650+05:00","5.028672508668219"
"2021-10-25T06:41:58.151+05:00","1.270864638857513"
"2021-10-25T06:41:58.653+05:00","0.9677887920793286"
"2021-10-25T06:41:59.155+05:00","6.967518808639287"
"2021-10-25T06:41:59.656+05:00","15.079481947910468"
"2021-10-25T06:42:00.158+05:00","3.714672888470408"
"2021-10-25T06:42:00.660+05:00","4.734894002363523"
"2021-10-25T06:42:01.161+05:00","13.383845644412554"
"2021-10-25T06:42:01.662+05:00","18.05402663564079"
"2021-10-25T06:42:02.163+05:00","6.969509950126856"
"2021-10-25T06:42:02.664+05:00","6.523891032807915"
"2021-10-25T06:42:03.165+05:00","7.703687215445499"
"2021-10-25T06:42:03.665+05:00","18.83266337675334"
"2021-10-25T06:42:04.166+05:00","5.042274970309665"
"2021-10-25T06:42:04.668+05:00","4.999335434380756"
"2021-10-25T06:42:05.169+05:00","3.958665955506785"
"2021-10-25T06:42:05.669+05:00","5.265961198129187"
"2021-10-25T06:42:06.171+05:00","5.778359725794394"
"2021-10-25T06:42:06.671+05:00","14.066613731096737"
"2021-10-25T06:42:07.173+05:00","15.515473725109786"
"2021-10-25T06:42:07.675+05:00","5.2138929996166"
"2021-10-25T06:42:08.176+05:00","1.7968766423540985"
"2021-10-25T06:42:08.677+05:00","10.44686682026365"
"2021-10-25T06:42:09.178+05:00","1.7316297748363645"
"2021-10-25T06:42:09.681+05:00","1.443009989828441"
"2021-10-25T06:42:10.182+05:00","7.297339574181782"
"2021-10-25T06:42:10.683+05:00","1.5057349696150897"
"2021-10-25T06:42:11.186+05:00","1.0112705140181157"
"2021-10-25T06:42:11.688+05:00","0.3069087840998567"
"2021-10-25T06:42:12.190+05:00","0.903109347319831"
"2021-10-25T06:42:12.692+05:00","1.048414451968387"
"2021-10-25T06:42:13.207+05:00","0.2819335752636919"
"2021-10-25T06:42:13.709+05:00","3.124013085884516"
"2021-10-25T06:42:14.212+05:00","2.154567923233416"
"2021-10-25T06:42:14.715+05:00","0.6543377759623132"
"2021-10-25T06:42:15.218+05:00","0.7054053250389566"
"2021-10-25T06:42:15.721+05:00","0.5308120081012411"
"2021-10-25T06:42:16.224+05:00","0.08329483650016006"
"2021-10-25T06:42:16.726+05:00","7.103986262927744"
"2021-10-25T06:42:17.228+05:00","4.555648159487607"
"2021-10-25T06:42:17.731+05:00","1.145245230889607"
"2021-10-25T06:42:18.234+05:00","0.28576004039530534"
"2021-10-25T06:42:18.737+05:00","3.5996854806543856"
"2021-10-25T06:42:19.239+05:00","13.390722405265446"
"2021-10-25T06:42:19.741+05:00","4.616018744740186"
"2021-10-25T06:42:20.244+05:00","1.9467201459621317"
"2021-10-25T06:42:20.747+05:00","1.6299415881101937"
"2021-10-25T06:42:21.249+05:00","4.94376497558295"
"2021-10-25T06:42:21.750+05:00","16.806830227713768"
"2021-10-25T06:42:22.252+05:00","4.702903280237748"
"2021-10-25T06:42:22.754+05:00","4.474807652214787"
"2021-10-25T06:42:23.256+05:00","4.353478281214638"
"2021-10-25T06:42:23.759+05:00","4.196977260299564"
"2021-10-25T06:42:24.261+05:00","3.6878337248823585"
"2021-10-25T06:42:24.763+05:00","4.337197284579532"
"2021-10-25T06:42:25.264+05:00","5.447832106201215"
"2021-10-25T06:42:25.765+05:00","4.719057047403339"
"2021-10-25T06:42:26.267+05:00","4.093365124827854"
"2021-10-25T06:42:26.770+05:00","4.290334759690802"
"2021-10-25T06:42:27.271+05:00","4.607408400280463"
"2021-10-25T06:42:27.774+05:00","4.339372111719779"
"2021-10-25T06:42:28.276+05:00","2.887206730618041"
"2021-10-25T06:42:28.778+05:00","4.267030946915207"
"2021-10-25T06:42:29.279+05:00","4.888386268159476"
"2021-10-25T06:42:29.782+05:00","4.451314638998046"
"2021-10-25T06:42:30.284+05:00","4.269941887863866"
"2021-10-25T06:42:30.786+05:00","4.399506650471363"
"2021-10-25T06:42:31.289+05:00","4.244305346592198"
"2021-10-25T06:42:31.791+05:00","4.3649707206779915"
"2021-10-25T06:42:32.293+05:00","3.090650842320939"
"2021-10-25T06:42:32.795+05:00","4.36644163964073"
"2021-10-25T06:42:33.303+05:00","4.207851681818168"
"2021-10-25T06:42:33.804+05:00","19.144429402463004"
"2021-10-25T06:42:34.305+05:00","10.110952816046915"
"2021-10-25T06:42:34.806+05:00","7.928040236288114"
"2021-10-25T06:42:35.307+05:00","7.070036213673443"
"2021-10-25T06:42:35.808+05:00","6.99712151462759"
"2021-10-25T06:42:36.309+05:00","6.938453871745"
"2021-10-25T06:42:36.810+05:00","6.942855709487732"
"2021-10-25T06:42:37.311+05:00","7.209202125664377"
"2021-10-25T06:42:37.813+05:00","6.146935233931484"
"2021-10-25T06:42:38.315+05:00","3.712837617138666"
"2021-10-25T06:42:38.817+05:00","4.83499925196338"
"2021-10-25T06:42:39.318+05:00","4.851274371547891"
"2021-10-25T06:42:39.820+05:00","5.240306035387794"
"2021-10-25T06:42:40.321+05:00","4.0886824980096"
"2021-10-25T06:42:40.824+05:00","5.338011359865725"
"2021-10-25T06:42:41.326+05:00","10.41726489587376"
"2021-10-25T06:42:41.828+05:00","5.560603871993701"
"2021-10-25T06:42:42.331+05:00","1.4893644553259024"
"2021-10-25T06:42:42.833+05:00","1.8033999550145383"
"2021-10-25T06:42:43.334+05:00","5.523836744558517"
"2021-10-25T06:42:43.835+05:00","16.289074942859365"
"2021-10-25T06:42:44.337+05:00","4.6077907484871385"
"2021-10-25T06:42:44.838+05:00","15.692534399393939"
"2021-10-25T06:42:45.339+05:00","9.43319981918263"
"2021-10-25T06:42:45.840+05:00","8.263605280237723"
"2021-10-25T06:42:46.341+05:00","12.823019538633648"
"2021-10-25T06:42:46.842+05:00","20.084562151443272"
"2021-10-25T06:42:47.344+05:00","20.50739810790428"
"2021-10-25T06:42:47.845+05:00","11.775863235642552"
"2021-10-25T06:42:48.346+05:00","14.380749065142833"
"2021-10-25T06:42:48.848+05:00","7.154928095448761"
"2021-10-25T06:42:49.350+05:00","5.89826063738184"
"2021-10-25T06:42:49.851+05:00","22.09556566961605"
"2021-10-25T06:42:50.352+05:00","20.895187812122415"
"2021-10-25T06:42:50.854+05:00","26.151591561951914"
"2021-10-25T06:42:51.355+05:00","18.193615288718334"
"2021-10-25T06:42:51.856+05:00","16.416284570357796"
"2021-10-25T06:42:52.358+05:00","4.292401398785872"
"2021-10-25T06:42:52.860+05:00","5.562244150937734"
"2021-10-25T06:42:53.362+05:00","2.0353141401492016"
"2021-10-25T06:42:53.875+05:00","3.249474338626666"
"2021-10-25T06:42:54.376+05:00","1.9522921798044044"
"2021-10-25T06:42:54.878+05:00","4.367327856977219"
"2021-10-25T06:42:55.381+05:00","2.33806235987269"
"2021-10-25T06:42:55.884+05:00","2.7120515985918288"
"2021-10-25T06:42:56.386+05:00","1.6252064161890878"
"2021-10-25T06:42:56.888+05:00","2.4603703855548185"
"2021-10-25T06:42:57.390+05:00","2.33544310170227"
"2021-10-25T06:42:57.893+05:00","1.8920154503557638"
"2021-10-25T06:42:58.394+05:00","4.515853375629227"
"2021-10-25T06:42:58.896+05:00","2.419898908596508"
"2021-10-25T06:42:59.397+05:00","6.98311254217212"
"2021-10-25T06:42:59.899+05:00","8.794678239495628"
"2021-10-25T06:43:00.401+05:00","6.602246214379531"
"2021-10-25T06:43:00.902+05:00","4.515034125400894"
"2021-10-25T06:43:01.404+05:00","5.749132190250409"
"2021-10-25T06:43:01.907+05:00","6.63097817277614"
"2021-10-25T06:43:02.409+05:00","1.1965076278513733"
"2021-10-25T06:43:02.912+05:00","1.0972835372979894"
"2021-10-25T06:43:03.414+05:00","10.40605600511051"
"2021-10-25T06:43:03.917+05:00","8.854268152215875"
"2021-10-25T06:43:04.418+05:00","1.1234177680512314"
"2021-10-25T06:43:04.921+05:00","1.0539310062620135"
"2021-10-25T06:43:05.422+05:00","5.748616538147595"
"2021-10-25T06:43:05.923+05:00","16.702138984389297"
"2021-10-25T06:43:06.424+05:00","3.8112655808791147"
"2021-10-25T06:43:06.927+05:00","8.08452517064266"
"2021-10-25T06:43:07.428+05:00","17.620370926834873"
"2021-10-25T06:43:07.929+05:00","10.20679597331403"
"2021-10-25T06:43:08.430+05:00","6.823998954677752"
"2021-10-25T06:43:08.931+05:00","8.32765613722507"
"2021-10-25T06:43:09.432+05:00","13.522571127291481"
"2021-10-25T06:43:09.933+05:00","17.956776042794573"
"2021-10-25T06:43:10.434+05:00","18.34493720271517"
"2021-10-25T06:43:10.935+05:00","27.39211969476084"
"2021-10-25T06:43:11.436+05:00","16.960878947852656"
"2021-10-25T06:43:11.937+05:00","13.390859545749173"
"2021-10-25T06:43:12.438+05:00","10.241577570846557"
"2021-10-25T06:43:12.946+05:00","22.89433485502725"
"2021-10-25T06:43:13.447+05:00","12.072730231601906"
"2021-10-25T06:43:13.948+05:00","17.813171680393715"
"2021-10-25T06:43:14.449+05:00","30.65901242627823"
"2021-10-25T06:43:14.951+05:00","20.85312341899685"
"2021-10-25T06:43:15.452+05:00","28.096568702289858"
"2021-10-25T06:43:15.954+05:00","16.02057821534998"
"2021-10-25T06:43:16.455+05:00","19.775923035331388"
"2021-10-25T06:43:16.955+05:00","18.370411970575113"
"2021-10-25T06:43:17.457+05:00","12.260369524157412"
"2021-10-25T06:43:17.958+05:00","9.334310844724701"
"2021-10-25T06:43:18.460+05:00","3.638001811695345"
"2021-10-25T06:43:18.962+05:00","5.126171443416803"
"2021-10-25T06:43:19.464+05:00","11.498720367308177"
"2021-10-25T06:43:19.966+05:00","5.898757631867493"
"2021-10-25T06:43:20.467+05:00","9.904325624732802"
"2021-10-25T06:43:20.968+05:00","6.58796137628836"
"2021-10-25T06:43:21.470+05:00","6.710981070297405"
"2021-10-25T06:43:21.972+05:00","4.510832001028128"
"2021-10-25T06:43:22.475+05:00","4.812798417825141"
"2021-10-25T06:43:22.976+05:00","5.286695644467842"
"2021-10-25T06:43:23.477+05:00","5.19432969757084"
"2021-10-25T06:43:23.978+05:00","4.048637060684161"
"2021-10-25T06:43:24.481+05:00","3.5841676811045917"
"2021-10-25T06:43:24.983+05:00","4.705273023059163"
"2021-10-25T06:43:25.485+05:00","11.80007744822595"
"2021-10-25T06:43:25.986+05:00","6.5379415772462455"
"2021-10-25T06:43:26.487+05:00","3.8229123169773316"
"2021-10-25T06:43:26.989+05:00","1.3159841617222885"
"2021-10-25T06:43:27.490+05:00","5.901975024702079"
"2021-10-25T06:43:27.991+05:00","14.271794595174491"
"2021-10-25T06:43:28.493+05:00","17.959670152596463"
"2021-10-25T06:43:28.994+05:00","13.82855243217676"
"2021-10-25T06:43:29.495+05:00","9.051514690997088"
"2021-10-25T06:43:29.996+05:00","14.344055042680285"
"2021-10-25T06:43:30.497+05:00","24.05943756779258"
"2021-10-25T06:43:30.998+05:00","27.204773599053468"
"2021-10-25T06:43:31.499+05:00","25.39412978193224"
"2021-10-25T06:43:32.000+05:00","17.341867735466476"
"2021-10-25T06:43:32.502+05:00","9.904513043507146"
"2021-10-25T06:43:33.004+05:00","5.151854202183726"
"2021-10-25T06:43:33.506+05:00","4.669173626548865"
"2021-10-25T06:43:34.016+05:00","6.658200026207221"
"2021-10-25T06:43:34.517+05:00","0.6339871240922773"
"2021-10-25T06:43:35.019+05:00","4.152139195560306"
"2021-10-25T06:43:35.520+05:00","2.5061830858903003"
"2021-10-25T06:43:36.021+05:00","3.716910833678113"
"2021-10-25T06:43:36.523+05:00","3.5747916527337464"
"2021-10-25T06:43:37.024+05:00","7.574574199697599"
"2021-10-25T06:43:37.526+05:00","3.1936406294952437"
"2021-10-25T06:43:38.029+05:00","1.5767167361000087"
"2021-10-25T06:43:38.531+05:00","0.4521621446308875"
"2021-10-25T06:43:39.033+05:00","4.090984275988042"
"2021-10-25T06:43:39.536+05:00","0.5575633600019758"
"2021-10-25T06:43:40.038+05:00","4.951704284431159"
"2021-10-25T06:43:40.540+05:00","0.4486716175257149"
"2021-10-25T06:43:41.043+05:00","3.2292767711776493"
"2021-10-25T06:43:41.545+05:00","4.187415854549883"
"2021-10-25T06:43:42.047+05:00","1.9409752968178204"
"2021-10-25T06:43:42.548+05:00","2.3443125232764555"
"2021-10-25T06:43:43.049+05:00","7.040987006817261"
"2021-10-25T06:43:43.551+05:00","0.11073803800514538"
"2021-10-25T06:43:44.054+05:00","0.7689771695517561"
"2021-10-25T06:43:44.556+05:00","0.018465731157554933"
"2021-10-25T06:43:45.059+05:00","0.9883402040867847"
"2021-10-25T06:43:45.561+05:00","0"
"2021-10-25T06:43:46.063+05:00","3.346616396714011"
"2021-10-25T06:43:46.564+05:00","3.729489897281549"
"2021-10-25T06:43:47.066+05:00","5.3981042795098695"
"2021-10-25T06:43:47.568+05:00","11.975172825694868"
"2021-10-25T06:43:48.069+05:00","9.73005793962571"
"2021-10-25T06:43:48.570+05:00","3.6248609299341545"
"2021-10-25T06:43:49.072+05:00","0.8409419695343757"
"2021-10-25T06:43:49.573+05:00","6.192468441082318"
"2021-10-25T06:43:50.074+05:00","15.302426091640566"
"2021-10-25T06:43:50.575+05:00","4.688035210251373"
"2021-10-25T06:43:51.077+05:00","4.60314404376172"
"2021-10-25T06:43:51.580+05:00","4.406824891546266"
"2021-10-25T06:43:52.081+05:00","4.495643478170768"
"2021-10-25T06:43:52.582+05:00","21.224406921482778"
"2021-10-25T06:43:53.084+05:00","6.5442448230983885"
"2021-10-25T06:43:53.587+05:00","10.982026213492995"
"2021-10-25T06:43:54.094+05:00","20.59593944791669"
"2021-10-25T06:43:54.595+05:00","10.608910457953002"
"2021-10-25T06:43:55.096+05:00","12.970768921197532"
"2021-10-25T06:43:55.598+05:00","19.73261448576689"
"2021-10-25T06:43:56.099+05:00","25.655923841138577"
"2021-10-25T06:43:56.600+05:00","26.333995902321295"
"2021-10-25T06:43:57.102+05:00","26.58959234825127"
"2021-10-25T06:43:57.603+05:00","27.66356730424556"
"2021-10-25T06:43:58.104+05:00","26.9627485844095"
"2021-10-25T06:43:58.605+05:00","17.8439051208623"
"2021-10-25T06:43:59.107+05:00","23.177985868579388"
"2021-10-25T06:43:59.608+05:00","17.686919090503675"
"2021-10-25T06:44:00.110+05:00","9.442438165784944"
"2021-10-25T06:44:00.611+05:00","25.48278543060106"
"2021-10-25T06:44:01.112+05:00","12.634210578302337"
"2021-10-25T06:44:01.613+05:00","27.00068172513034"
"2021-10-25T06:44:02.115+05:00","15.996768540005188"
"2021-10-25T06:44:02.617+05:00","7.357126301694778"
"2021-10-25T06:44:03.118+05:00","7.593413196230157"
"2021-10-25T06:44:03.620+05:00","6.623753567894322"
"2021-10-25T06:44:04.122+05:00","7.2651769680836065"
"2021-10-25T06:44:04.623+05:00","9.078827720262826"
"2021-10-25T06:44:05.124+05:00","10.254717388498541"
"2021-10-25T06:44:05.625+05:00","7.199538308478449"
"2021-10-25T06:44:06.127+05:00","6.7833860713739345"
"2021-10-25T06:44:06.629+05:00","5.806369238475936"
"2021-10-25T06:44:07.130+05:00","6.460920856111282"
"2021-10-25T06:44:07.632+05:00","8.873807021045227"
"2021-10-25T06:44:08.133+05:00","6.703042506182165"
"2021-10-25T06:44:08.635+05:00","8.154423766397738"
"2021-10-25T06:44:09.136+05:00","6.858211396145603"
"2021-10-25T06:44:09.637+05:00","12.54876381487826"
"2021-10-25T06:44:10.139+05:00","11.432607064484202"
"2021-10-25T06:44:10.642+05:00","0.8095255192907584"
"2021-10-25T06:44:11.144+05:00","1.0802934841522722"
"2021-10-25T06:44:11.646+05:00","6.1044412714888185"
"2021-10-25T06:44:12.147+05:00","16.105418227837923"
"2021-10-25T06:44:12.648+05:00","6.48870918226142"
"2021-10-25T06:44:13.148+05:00","16.99893158653605"
"2021-10-25T06:44:13.649+05:00","11.897902140053171"
"2021-10-25T06:44:14.150+05:00","8.350670386220683"
"2021-10-25T06:44:14.652+05:00","7.262139121971875"
"2021-10-25T06:44:15.157+05:00","5.958502039312308"
"2021-10-25T06:44:15.658+05:00","5.640706221963976"
"2021-10-25T06:44:16.159+05:00","5.385603729374482"
"2021-10-25T06:44:16.660+05:00","11.815903439432125"
"2021-10-25T06:44:17.161+05:00","21.432795640953234"
"2021-10-25T06:44:17.662+05:00","11.819297261932423"
"2021-10-25T06:44:18.163+05:00","14.111607525910864"
"2021-10-25T06:44:18.664+05:00","18.670989141352774"
"2021-10-25T06:44:19.165+05:00","13.581729573704694"
"2021-10-25T06:44:19.666+05:00","8.931469341213285"
"2021-10-25T06:44:20.167+05:00","11.146852728751359"
"2021-10-25T06:44:20.668+05:00","8.488324495656467"
"2021-10-25T06:44:21.169+05:00","12.24690110005274"
"2021-10-25T06:44:21.670+05:00","13.106191114317895"
"2021-10-25T06:44:22.171+05:00","12.778661097222084"
"2021-10-25T06:44:22.672+05:00","5.412663357368049"
"2021-10-25T06:44:23.174+05:00","2.631518355646163"
"2021-10-25T06:44:23.676+05:00","0.9693342238853085"
"2021-10-25T06:44:24.177+05:00","4.4590334837012024"
"2021-10-25T06:44:24.679+05:00","0.4544137210552837"
"2021-10-25T06:44:25.181+05:00","2.8009089121860775"
"2021-10-25T06:44:25.683+05:00","0.6026082123486587"
"2021-10-25T06:44:26.186+05:00","1.871851030759812"
"2021-10-25T06:44:26.688+05:00","3.33718654102188"
"2021-10-25T06:44:27.191+05:00","4.767904461202036"
"2021-10-25T06:44:27.693+05:00","0.7637836530153195"
"2021-10-25T06:44:28.194+05:00","1.6524940952107672"
"2021-10-25T06:44:28.695+05:00","0.1619774871899522"
"2021-10-25T06:44:29.196+05:00","6.173872659762685"
"2021-10-25T06:44:29.698+05:00","3.7171126342998266"
"2021-10-25T06:44:30.201+05:00","5.281447747636761"
"2021-10-25T06:44:30.702+05:00","0.04405938747841895"
"2021-10-25T06:44:31.203+05:00","0.43308058852462916"
"2021-10-25T06:44:31.704+05:00","9.638267897669145"
"2021-10-25T06:44:32.207+05:00","5.45489422116587"
"2021-10-25T06:44:32.708+05:00","3.806035736125902"
"2021-10-25T06:44:33.211+05:00","1.748568991895386"
"2021-10-25T06:44:33.712+05:00","8.217077420529726"
"2021-10-25T06:44:34.214+05:00","14.694828062677495"
"2021-10-25T06:44:34.715+05:00","13.682612978383599"
"2021-10-25T06:44:35.216+05:00","12.225805967424476"
"2021-10-25T06:44:35.717+05:00","7.862158847475102"
"2021-10-25T06:44:36.222+05:00","11.563456513759212"
"2021-10-25T06:44:36.723+05:00","24.89607505877359"
"2021-10-25T06:44:37.225+05:00","14.532643569791931"
"2021-10-25T06:44:37.726+05:00","10.32709995148561"
"2021-10-25T06:44:38.227+05:00","14.26921705736768"
"2021-10-25T06:44:38.728+05:00","22.447651943402505"
"2021-10-25T06:44:39.229+05:00","25.70889335763563"
"2021-10-25T06:44:39.730+05:00","13.356865981073014"
"2021-10-25T06:44:40.231+05:00","15.073920486048834"
"2021-10-25T06:44:40.733+05:00","17.90124539840312"
"2021-10-25T06:44:41.234+05:00","17.86046324715492"
"2021-10-25T06:44:41.735+05:00","18.999996081786236"
"2021-10-25T06:44:42.236+05:00","22.466285325695562"
"2021-10-25T06:44:42.737+05:00","8.903209936046796"
"2021-10-25T06:44:43.238+05:00","5.338606064443465"
"2021-10-25T06:44:43.741+05:00","5.152725785071434"
"2021-10-25T06:44:44.244+05:00","5.3463635474337"
"2021-10-25T06:44:44.745+05:00","4.8442657124971396"
"2021-10-25T06:44:45.246+05:00","3.560888472920479"
"2021-10-25T06:44:45.748+05:00","4.275795014835565"
"2021-10-25T06:44:46.251+05:00","5.769454750047867"
"2021-10-25T06:44:46.752+05:00","7.270239026852263"
"2021-10-25T06:44:47.254+05:00","4.597413765981529"
"2021-10-25T06:44:47.756+05:00","5.9346390133949685"
"2021-10-25T06:44:48.258+05:00","4.235195531316062"
"2021-10-25T06:44:48.759+05:00","5.960939892412682"
"2021-10-25T06:44:49.261+05:00","4.933137053361066"
"2021-10-25T06:44:49.762+05:00","6.09512576820059"
"2021-10-25T06:44:50.264+05:00","6.851588192586417"
"2021-10-25T06:44:50.765+05:00","6.9987920577701805"
"2021-10-25T06:44:51.267+05:00","8.379580153246566"
"2021-10-25T06:44:51.770+05:00","8.165699366594726"
"2021-10-25T06:44:52.272+05:00","5.5549670318280615"
"2021-10-25T06:44:52.773+05:00","3.52706775827394"
"2021-10-25T06:44:53.275+05:00","4.248160796719248"
"2021-10-25T06:44:53.776+05:00","10.742245954961621"
"2021-10-25T06:44:54.278+05:00","6.156504467100755"
"2021-10-25T06:44:54.779+05:00","1.336554986836342"
"2021-10-25T06:44:55.281+05:00","0.8677277034932488"
"2021-10-25T06:44:55.782+05:00","11.231638579253847"
"2021-10-25T06:44:56.283+05:00","16.48589319132602"
"2021-10-25T06:44:56.789+05:00","4.244067096247138"
"2021-10-25T06:44:57.291+05:00","3.8454842592244445"
"2021-10-25T06:44:57.793+05:00","4.790052959886889"
"2021-10-25T06:44:58.294+05:00","21.727970610896794"
"2021-10-25T06:44:58.795+05:00","19.331357172131053"
"2021-10-25T06:44:59.295+05:00","18.43425239701076"
"2021-10-25T06:44:59.796+05:00","15.800701540266259"
"2021-10-25T06:45:00.298+05:00","12.112676518157361"
"2021-10-25T06:45:00.799+05:00","21.048824997208676"
"2021-10-25T06:45:01.300+05:00","6.6652699126820405"
"2021-10-25T06:45:01.801+05:00","9.30662940008105"
"2021-10-25T06:45:02.302+05:00","7.569961866831573"
"2021-10-25T06:45:02.803+05:00","8.545247945788347"
"2021-10-25T06:45:03.304+05:00","8.290782422342826"
"2021-10-25T06:45:03.805+05:00","9.103742680343213"
"2021-10-25T06:45:04.306+05:00","16.133952609513035"
"2021-10-25T06:45:04.807+05:00","7.923469851387294"
"2021-10-25T06:45:05.308+05:00","10.969177955686629"
"2021-10-25T06:45:05.809+05:00","12.6199539925718"
"2021-10-25T06:45:06.310+05:00","10.6146405089358"
"2021-10-25T06:45:06.811+05:00","8.051636966134849"
"2021-10-25T06:45:07.312+05:00","10.575203765899222"
"2021-10-25T06:45:07.813+05:00","12.120693484631955"
"2021-10-25T06:45:08.314+05:00","17.099013401883834"
"2021-10-25T06:45:08.815+05:00","7.151732920516628"
"2021-10-25T06:45:09.316+05:00","11.583762201947632"
"2021-10-25T06:45:09.817+05:00","10.49577534986158"
"2021-10-25T06:45:10.318+05:00","16.342175264310587"
"2021-10-25T06:45:10.819+05:00","27.003001659313178"
"2021-10-25T06:45:11.321+05:00","26.62349743620129"
"2021-10-25T06:45:11.822+05:00","16.099410872750916"
"2021-10-25T06:45:12.323+05:00","15.27450328043599"
"2021-10-25T06:45:12.824+05:00","12.214772476007495"
"2021-10-25T06:45:13.325+05:00","13.306410890991035"
"2021-10-25T06:45:13.826+05:00","10.841534906760032"
"2021-10-25T06:45:14.327+05:00","13.025633528342517"
"2021-10-25T06:45:14.828+05:00","9.080642887770964"
"2021-10-25T06:45:15.329+05:00","9.257876455960538"
"2021-10-25T06:45:15.831+05:00","21.755528389861595"
"2021-10-25T06:45:16.332+05:00","11.703196117403001"
"2021-10-25T06:45:16.833+05:00","2.238506476782764"
"2021-10-25T06:45:17.334+05:00","1.4293630088510738"
"2021-10-25T06:45:17.841+05:00","5.489114326081133"
"2021-10-25T06:45:18.342+05:00","14.76427931575737"
"2021-10-25T06:45:18.842+05:00","3.804626064292851"
"2021-10-25T06:45:19.343+05:00","19.775598265645883"
"2021-10-25T06:45:19.845+05:00","10.315863532619787"
"2021-10-25T06:45:20.346+05:00","8.55293757270492"
"2021-10-25T06:45:20.847+05:00","7.710645486277068"
"2021-10-25T06:45:21.348+05:00","12.802424462844183"
"2021-10-25T06:45:21.849+05:00","20.180284958605064"
"2021-10-25T06:45:22.350+05:00","19.872385526506392"
"2021-10-25T06:45:22.851+05:00","12.116498706646045"
"2021-10-25T06:45:23.353+05:00","12.506601675917853"
"2021-10-25T06:45:23.854+05:00","9.456313961911263"
"2021-10-25T06:45:24.355+05:00","10.032580717493406"
"2021-10-25T06:45:24.856+05:00","9.512709194799672"
"2021-10-25T06:45:25.357+05:00","12.948345114852724"
"2021-10-25T06:45:25.858+05:00","8.888589843326772"
"2021-10-25T06:45:26.359+05:00","13.29934137432523"
"2021-10-25T06:45:26.860+05:00","34.36029425901208"
"2021-10-25T06:45:27.361+05:00","28.921728898619087"
"2021-10-25T06:45:27.862+05:00","15.989677555319533"
"2021-10-25T06:45:28.363+05:00","31.131273194924788"
"2021-10-25T06:45:28.864+05:00","32.721270918819144"
"2021-10-25T06:45:29.365+05:00","27.141861162203703"
"2021-10-25T06:45:29.866+05:00","23.861767582437032"
"2021-10-25T06:45:30.368+05:00","34.057975481507555"
"2021-10-25T06:45:30.869+05:00","10.67740312999431"
"2021-10-25T06:45:31.370+05:00","17.183003130562316"
"2021-10-25T06:45:31.871+05:00","24.697930346570256"
"2021-10-25T06:45:32.372+05:00","16.84733328850345"
"2021-10-25T06:45:32.874+05:00","12.155049842978059"
"2021-10-25T06:45:33.375+05:00","11.448744448130922"
"2021-10-25T06:45:33.877+05:00","7.294371199848354"
"2021-10-25T06:45:34.378+05:00","14.139319558235119"
"2021-10-25T06:45:34.879+05:00","5.6460091974964115"
"2021-10-25T06:45:35.380+05:00","12.287898385055122"
"2021-10-25T06:45:35.883+05:00","9.517749742587359"
"2021-10-25T06:45:36.384+05:00","5.994738752416922"
"2021-10-25T06:45:36.885+05:00","7.543055658116712"
"2021-10-25T06:45:37.386+05:00","7.64549665067048"
"2021-10-25T06:45:37.887+05:00","16.332647555433745"
"2021-10-25T06:45:38.388+05:00","15.868956520092203"
"2021-10-25T06:45:38.894+05:00","1.8192590496808845"
"2021-10-25T06:45:39.395+05:00","2.793771841005652"
"2021-10-25T06:45:39.896+05:00","9.808523574492725"
"2021-10-25T06:45:40.397+05:00","15.409412062326647"
"2021-10-25T06:45:40.898+05:00","6.765401868618327"
"2021-10-25T06:45:41.399+05:00","7.538367859528359"
"2021-10-25T06:45:41.900+05:00","18.42651397305834"
"2021-10-25T06:45:42.401+05:00","11.308059875841074"
"2021-10-25T06:45:42.902+05:00","14.199443080720204"
"2021-10-25T06:45:43.403+05:00","12.898225577565707"
"2021-10-25T06:45:43.904+05:00","20.09436312909628"
"2021-10-25T06:45:44.406+05:00","14.208318819623022"
"2021-10-25T06:45:44.907+05:00","8.51775278025133"
"2021-10-25T06:45:45.408+05:00","8.902575420354047"
"2021-10-25T06:45:45.909+05:00","9.494140550623314"
"2021-10-25T06:45:46.410+05:00","9.47575442641713"
"2021-10-25T06:45:46.911+05:00","11.229470101449103"
"2021-10-25T06:45:47.412+05:00","9.509992556204995"
"2021-10-25T06:45:47.913+05:00","14.01988757916152"
"2021-10-25T06:45:48.414+05:00","33.403247441694674"
"2021-10-25T06:45:48.916+05:00","22.710472310436078"
"2021-10-25T06:45:49.417+05:00","15.53546848974586"
"2021-10-25T06:45:49.918+05:00","9.58387608859119"
"2021-10-25T06:45:50.419+05:00","9.048201416679275"
"2021-10-25T06:45:50.920+05:00","12.875743705325789"
"2021-10-25T06:45:51.421+05:00","8.51186711000024"
"2021-10-25T06:45:51.922+05:00","7.062516547166551"
"2021-10-25T06:45:52.423+05:00","11.227803290489177"
"2021-10-25T06:45:52.924+05:00","25.380443365411644"
"2021-10-25T06:45:53.425+05:00","13.392934649946877"
"2021-10-25T06:45:53.926+05:00","9.128366576717625"
"2021-10-25T06:45:54.427+05:00","8.73194961152901"
"2021-10-25T06:45:54.928+05:00","8.954610185369457"
"2021-10-25T06:45:55.429+05:00","8.589258643113798"
"2021-10-25T06:45:55.930+05:00","16.500696500169163"
"2021-10-25T06:45:56.431+05:00","12.488430374348756"
"2021-10-25T06:45:56.932+05:00","10.24074763033482"
"2021-10-25T06:45:57.434+05:00","13.697098969784037"
"2021-10-25T06:45:57.935+05:00","20.606908016748577"
"2021-10-25T06:45:58.436+05:00","24.037353837132272"
"2021-10-25T06:45:59.445+05:00","13.920507453124078"
"2021-10-25T06:45:59.946+05:00","19.580422879284946"
"2021-10-25T06:46:00.447+05:00","11.84092995763248"
"2021-10-25T06:46:00.948+05:00","6.412927495382951"
"2021-10-25T06:46:01.449+05:00","2.4243224970440513"
"2021-10-25T06:46:01.950+05:00","1.9109271338223954"
"2021-10-25T06:46:02.451+05:00","3.859860598253039"
"2021-10-25T06:46:02.952+05:00","1.307376516300019"
"2021-10-25T06:46:03.453+05:00","1.357679395127206"
"2021-10-25T06:46:03.954+05:00","1.6327798626852286"
"2021-10-25T06:46:04.455+05:00","3.5565022580740044"
"2021-10-25T06:46:04.956+05:00","2.3448311701842455"
"2021-10-25T06:46:05.457+05:00","1.8236139835774818"
"2021-10-25T06:46:05.958+05:00","1.6780591859665173"
"2021-10-25T06:46:06.459+05:00","1.7923809556153305"
"2021-10-25T06:46:06.960+05:00","1.469725263779944"
"2021-10-25T06:46:07.461+05:00","7.707658303981347"
"2021-10-25T06:46:07.962+05:00","2.789552156552194"
"2021-10-25T06:46:08.463+05:00","2.5574280177993725"
"2021-10-25T06:46:08.964+05:00","2.3337982846037484"
"2021-10-25T06:46:09.465+05:00","2.6579265804353844"
"2021-10-25T06:46:09.966+05:00","8.524123443235643"
"2021-10-25T06:46:10.467+05:00","5.679167892582265"
"2021-10-25T06:46:10.968+05:00","2.489377888718667"
"2021-10-25T06:46:11.469+05:00","1.890980700187646"
"2021-10-25T06:46:11.970+05:00","2.259767157418197"
"2021-10-25T06:46:12.471+05:00","3.182378464836578"
"2021-10-25T06:46:12.972+05:00","3.756463623051843"
"2021-10-25T06:46:13.473+05:00","1.6419586635281112"
"2021-10-25T06:46:13.974+05:00","4.2366815475439665"
"2021-10-25T06:46:14.475+05:00","1.4572759038702299"
"2021-10-25T06:46:14.976+05:00","4.601277371220205"
"2021-10-25T06:46:15.979+05:00","1.9253302394017957"
"2021-10-25T06:46:16.981+05:00","2.105505031654822"
"2021-10-25T06:46:17.482+05:00","1.4698392658393908"
"2021-10-25T06:46:17.983+05:00","1.58252923469522"
"2021-10-25T06:46:18.485+05:00","1.4011932057402214"
"2021-10-25T06:46:18.987+05:00","1.2256232043182302"
"2021-10-25T06:46:19.490+05:00","1.9269733619411737"
"2021-10-25T06:46:19.997+05:00","2.0443194835738723"
"2021-10-25T06:46:20.500+05:00","1.934150802590804"
"2021-10-25T06:46:21.002+05:00","1.4649910213026363"
"2021-10-25T06:46:21.503+05:00","1.0411927794061961"
"2021-10-25T06:46:22.006+05:00","4.9540135481618055"
"2021-10-25T06:46:22.508+05:00","0.7802786572831809"
"2021-10-25T06:46:23.010+05:00","1.186373840540165"
"2021-10-25T06:46:23.512+05:00","0.418896770127248"
"2021-10-25T06:46:24.013+05:00","1.7697974414110886"
"2021-10-25T06:46:24.516+05:00","0.610790607720868"
"2021-10-25T06:46:25.019+05:00","2.530725346477179"
"2021-10-25T06:46:25.521+05:00","0.6093763356110629"
"2021-10-25T06:46:26.024+05:00","1.0757135549592345"
"2021-10-25T06:46:26.527+05:00","0.8325373238671824"
"2021-10-25T06:46:27.029+05:00","0.9213099841641271"
"2021-10-25T06:46:27.531+05:00","0.35192826823308293"
"2021-10-25T06:46:28.033+05:00","0.6517004820446516"
"2021-10-25T06:46:28.536+05:00","0.656587420541187"
"2021-10-25T06:46:29.039+05:00","0.6922556916036914"
"2021-10-25T06:46:29.542+05:00","0.40017623434370336"
"2021-10-25T06:46:30.044+05:00","1.5353230177803279"
"2021-10-25T06:46:30.546+05:00","1.44000424982507"
"2021-10-25T06:46:31.049+05:00","0.637838287062594"
"2021-10-25T06:46:31.552+05:00","0.8575296115809745"
"2021-10-25T06:46:32.055+05:00","0.6522504729816188"
"2021-10-25T06:46:32.558+05:00","0.7872876669795988"
"2021-10-25T06:46:33.061+05:00","0.6514087601011642"
"2021-10-25T06:46:33.564+05:00","0.25049536897685076"
"2021-10-25T06:46:34.066+05:00","0.6222044165364311"
"2021-10-25T06:46:34.567+05:00","5.357607010666866"
"2021-10-25T06:46:35.069+05:00","7.1813007195411025"
"2021-10-25T06:46:35.572+05:00","0.24183030577141654"
"2021-10-25T06:46:36.075+05:00","0.631822693334951"
"2021-10-25T06:46:36.577+05:00","1.2698876701486126"
"2021-10-25T06:46:37.078+05:00","2.0469205906243477"
"2021-10-25T06:46:37.580+05:00","2.9825692156291606"
"2021-10-25T06:46:38.083+05:00","0.954309264670901"
"2021-10-25T06:46:38.586+05:00","0.6762037593979212"
"2021-10-25T06:46:39.088+05:00","0.6380224066034247"
"2021-10-25T06:46:39.591+05:00","0.39484232828698584"
"2021-10-25T06:46:40.096+05:00","0.9901831960396763"
"2021-10-25T06:46:40.599+05:00","1.5942083478625597"
"2021-10-25T06:46:41.102+05:00","0.6747785923178197"
"2021-10-25T06:46:41.604+05:00","0.3265283787102037"
"2021-10-25T06:46:42.107+05:00","0.6746083373962851"
"2021-10-25T06:46:42.609+05:00","0.6476048591126561"
"2021-10-25T06:46:43.112+05:00","0.6691189758405083"
"2021-10-25T06:46:43.613+05:00","0.6030654218090477"
"2021-10-25T06:46:44.115+05:00","1.526793036445978"
"2021-10-25T06:46:44.618+05:00","0.6043963404430484"
"2021-10-25T06:46:45.120+05:00","0.6395377109553186"
"2021-10-25T06:46:45.623+05:00","0.43365353782161903"
"2021-10-25T06:46:46.125+05:00","0.6013810484446683"
"2021-10-25T06:46:46.627+05:00","0.580946623580154"
"2021-10-25T06:46:47.130+05:00","0.675210805181167"
"2021-10-25T06:46:47.632+05:00","0.5527518140716826"
"2021-10-25T06:46:48.135+05:00","0.8187491297527871"
"2021-10-25T06:46:48.637+05:00","0.614990475791346"
"2021-10-25T06:46:49.139+05:00","0.7006040213673801"
"2021-10-25T06:46:49.641+05:00","0.24784871614495868"
"2021-10-25T06:46:50.142+05:00","1.0450054146875036"
"2021-10-25T06:46:50.645+05:00","0.6182949790514759"
"2021-10-25T06:46:51.147+05:00","1.3151756806891755"
"2021-10-25T06:46:51.648+05:00","0.9317206305375956"