"time","power_consumption.power","target"
"2021-10-20T22:16:19.973+05:00","0.16815779885388732","/firefox"
"2021-10-20T22:16:22.992+05:00","0.17990759818658053","/firefox"
"2021-10-20T22:16:23.494+05:00","0.07380829111918673","/firefox"
"2021-10-20T22:16:23.998+05:00","0.184755721834364","/firefox"
"2021-10-20T22:16:25.003+05:00","1.2718030579151431","/firefox"
"2021-10-20T22:16:25.506+05:00","0.12266245665638134","/firefox"
"2021-10-20T22:16:27.013+05:00","0.09503893013401468","/firefox"
"2021-10-20T22:16:34.039+05:00","3.390495526827844","/firefox"
"2021-10-20T22:16:36.554+05:00","1.008427628299603","/firefox"
"2021-10-20T22:16:38.064+05:00","1.529475111193535","/firefox"
"2021-10-20T22:16:41.085+05:00","0.8236382552190559","/firefox"
"2021-10-20T22:16:44.102+05:00","0.686687295579941","/firefox"
"2021-10-20T22:16:44.606+05:00","0.3195017278925599","/firefox"
"2021-10-20T22:16:45.610+05:00","0.6781373162933978","/firefox"
"2021-10-20T22:16:46.113+05:00","0.4327256641086346","/firefox"
"2021-10-20T22:16:47.120+05:00","0.45092470232243437","/firefox"
"2021-10-20T22:16:49.634+05:00","1.2545271005295087","/firefox"
"2021-10-20T22:16:50.639+05:00","0.8798946270165581","/firefox"
"2021-10-20T22:16:53.655+05:00","1.3478779058608517","/firefox"
"2021-10-20T22:16:54.157+05:00","1.528567684476507","/firefox"
"2021-10-20T22:17:06.702+05:00","2.458258135448039","/firefox"
"2021-10-20T22:17:08.210+05:00","2.665433814188028","/firefox"
"2021-10-20T22:17:10.724+05:00","1.7202383624907487","/firefox"
"2021-10-20T22:17:11.730+05:00","1.134613370259607","/firefox"
"2021-10-20T22:17:13.235+05:00","3.111050658103446","/firefox"
"2021-10-20T22:17:14.240+05:00","6.452104245824488","/firefox"
"2021-10-20T22:17:16.747+05:00","5.3911344630326505","/firefox"
"2021-10-20T22:17:17.751+05:00","8.10850546123613","/firefox"
"2021-10-20T22:17:18.254+05:00","11.745302137350476","/firefox"
"2021-10-20T22:17:18.757+05:00","9.477957364603137","/firefox"
"2021-10-20T22:17:19.760+05:00","14.542060440446717","/firefox"
"2021-10-20T22:17:20.263+05:00","5.7278507028552585","/firefox"
"2021-10-20T22:17:20.765+05:00","9.081508768555887","/firefox"
"2021-10-20T22:17:21.769+05:00","5.699229125932068","/firefox"
"2021-10-20T22:17:22.271+05:00","9.36084255274891","/firefox"
"2021-10-20T22:17:22.773+05:00","8.569993072584744","/firefox"
"2021-10-20T22:17:23.276+05:00","8.807374788913265","/firefox"
"2021-10-20T22:17:25.788+05:00","0.9261395008716833","/firefox"
"2021-10-20T22:17:26.290+05:00","3.079867894036843","/firefox"
"2021-10-20T22:17:26.793+05:00","3.176245788078294","/firefox"
"2021-10-20T22:17:27.296+05:00","0.8859612830035155","/firefox"
"2021-10-20T22:17:28.300+05:00","4.814588925432471","/firefox"
"2021-10-20T22:17:29.305+05:00","2.2589691934824936","/firefox"
"2021-10-20T22:17:31.315+05:00","0.7508871719527047","/firefox"
"2021-10-20T22:17:31.818+05:00","3.0038332328567305","/firefox"
"2021-10-20T22:17:32.320+05:00","2.7161006281850035","/firefox"
"2021-10-20T22:17:32.823+05:00","4.055783060205558","/firefox"
"2021-10-20T22:17:33.827+05:00","3.654381281382567","/firefox"
"2021-10-20T22:17:34.330+05:00","1.1669035093971747","/firefox"
"2021-10-20T22:17:34.833+05:00","0.48309803078984875","/firefox"
"2021-10-20T22:17:35.336+05:00","1.0862428829923663","/firefox"
"2021-10-20T22:17:35.839+05:00","4.1527472712920215","/firefox"
"2021-10-20T22:17:36.342+05:00","0.5783505534553556","/firefox"
"2021-10-20T22:17:36.845+05:00","1.1137192137031287","/firefox"
"2021-10-20T22:17:37.348+05:00","0.9536442240629952","/firefox"
"2021-10-20T22:17:37.851+05:00","1.2017816069400804","/firefox"
"2021-10-20T22:17:38.354+05:00","0.8440177060906587","/firefox"
"2021-10-20T22:17:38.857+05:00","1.3781393426790545","/firefox"
"2021-10-20T22:17:39.861+05:00","3.866796654714734","/firefox"
"2021-10-20T22:17:40.365+05:00","0.9602750272625757","/firefox"
"2021-10-20T22:17:40.868+05:00","0.7432083901344262","/firefox"
"2021-10-20T22:17:41.370+05:00","0.7860724404221","/firefox"
"2021-10-20T22:17:41.872+05:00","0.9506425629329041","/firefox"
"2021-10-20T22:17:42.375+05:00","1.463834765140451","/firefox"
"2021-10-20T22:17:42.879+05:00","1.6165289889746013","/firefox"
"2021-10-20T22:17:43.381+05:00","0.6580498176869233","/firefox"
"2021-10-20T22:17:43.885+05:00","1.1964093472465094","/firefox"
"2021-10-20T22:17:44.387+05:00","1.4353805144609688","/firefox"
"2021-10-20T22:17:44.888+05:00","0.5666998801812577","/firefox"
"2021-10-20T22:17:45.892+05:00","1.1853497971899567","/firefox"
"2021-10-20T22:17:46.395+05:00","0.5322538804554034","/firefox"
"2021-10-20T22:17:46.898+05:00","1.453211907441975","/firefox"
"2021-10-20T22:17:47.400+05:00","1.0285500038588302","/firefox"
"2021-10-20T22:17:48.406+05:00","3.714133997101081","/firefox"
"2021-10-20T22:17:49.411+05:00","1.4373849348033234","/firefox"
"2021-10-20T22:17:49.914+05:00","2.456672386810455","/firefox"
"2021-10-20T22:17:50.417+05:00","0.6292550430018552","/firefox"
"2021-10-20T22:17:50.920+05:00","0.6939605838355452","/firefox"
"2021-10-20T22:17:51.925+05:00","1.9040867428161818","/firefox"
"2021-10-20T22:17:52.428+05:00","1.7731567809713518","/firefox"
"2021-10-20T22:17:52.930+05:00","1.7885405308572284","/firefox"
"2021-10-20T22:17:53.935+05:00","1.1729026646593717","/firefox"
"2021-10-20T22:17:54.939+05:00","4.853337121233645","/firefox"
"2021-10-20T22:17:55.442+05:00","1.5790865510735916","/firefox"
"2021-10-20T22:17:55.944+05:00","1.5449757640060247","/firefox"
"2021-10-20T22:17:56.447+05:00","3.0251959108009157","/firefox"
"2021-10-20T22:17:56.949+05:00","5.499359164283654","/firefox"
"2021-10-20T22:17:57.451+05:00","5.164640867213104","/firefox"
"2021-10-20T22:17:59.961+05:00","3.016414880503479","/firefox"
"2021-10-20T22:18:03.475+05:00","17.684164240006567","/firefox"
"2021-10-20T22:18:04.480+05:00","6.283210735841374","/firefox"
"2021-10-20T22:18:05.986+05:00","5.353234109553949","/firefox"
"2021-10-20T22:18:08.999+05:00","6.749008261982106","/firefox"
"2021-10-20T22:18:12.011+05:00","1.6622051905897877","/firefox"
"2021-10-20T22:18:12.513+05:00","0.6975669471966137","/firefox"
"2021-10-20T22:18:13.015+05:00","0.26047940341648385","/firefox"
"2021-10-20T22:18:13.519+05:00","0.05534287241897899","/firefox"
"2021-10-20T22:18:14.020+05:00","0.3228735722391408","/firefox"
"2021-10-20T22:18:14.522+05:00","0.9359560434931199","/firefox"
"2021-10-20T22:18:15.024+05:00","0.06676106863356247","/firefox"
"2021-10-20T22:18:15.527+05:00","0.1112171244349391","/firefox"
"2021-10-20T22:18:16.031+05:00","0.023327271645012526","/firefox"
"2021-10-20T22:18:16.533+05:00","1.0681672882099613","/firefox"
"2021-10-20T22:18:17.035+05:00","0","/firefox"
"2021-10-20T22:18:17.538+05:00","0.17135403475272742","/firefox"
"2021-10-20T22:18:18.040+05:00","0.2304323157456037","/firefox"
"2021-10-20T22:18:18.542+05:00","0.12270841071319469","/firefox"
"2021-10-20T22:18:19.044+05:00","0.01278563498793754","/firefox"
"2021-10-20T22:18:19.547+05:00","0.5242808066774606","/firefox"
"2021-10-20T22:18:20.553+05:00","1.7649634230918358","/firefox"
"2021-10-20T22:18:21.056+05:00","0.04429696895105355","/firefox"
"2021-10-20T22:18:21.560+05:00","0.15062209169821597","/firefox"
"2021-10-20T22:18:22.062+05:00","0.027500353000185017","/firefox"
"2021-10-20T22:18:23.068+05:00","0.033370388896752715","/firefox"
"2021-10-20T22:18:24.072+05:00","0","/firefox"
"2021-10-20T22:18:24.576+05:00","0.1326319690599293","/firefox"
"2021-10-20T22:18:25.079+05:00","1.011696487051311","/firefox"
"2021-10-20T22:18:26.086+05:00","0","/firefox"
"2021-10-20T22:18:27.092+05:00","0","/firefox"
"2021-10-20T22:18:27.596+05:00","0.09229757877124503","/firefox"
"2021-10-20T22:18:29.103+05:00","6.8984876826966515","/firefox"
"2021-10-20T22:18:29.607+05:00","1.1304247131889344","/firefox"
"2021-10-20T22:18:30.109+05:00","0.7104587913378106","/firefox"
"2021-10-20T22:18:30.613+05:00","3.1787793333296364","/firefox"
"2021-10-20T22:18:31.114+05:00","1.9628491835540676","/firefox"
"2021-10-20T22:18:31.617+05:00","1.5306738841609815","/firefox"
"2021-10-20T22:18:33.124+05:00","1.033358413155464","/firefox"
"2021-10-20T22:18:33.627+05:00","0.6212401174637959","/firefox"
"2021-10-20T22:18:34.128+05:00","1.2190277285729123","/firefox"
"2021-10-20T22:18:35.133+05:00","2.1021947257669984","/firefox"
"2021-10-20T22:18:36.136+05:00","9.567820110052923","/firefox"
"2021-10-20T22:18:38.145+05:00","4.946402865617797","/firefox"
"2021-10-20T22:18:39.650+05:00","10.00268099194898","/firefox"
"2021-10-20T22:18:40.655+05:00","3.0058422126944655","/firefox"
"2021-10-20T22:18:41.157+05:00","1.805607307732197","/firefox"
"2021-10-20T22:18:41.659+05:00","0.6206797438660943","/firefox"
"2021-10-20T22:18:42.161+05:00","1.3769777392564981","/firefox"
"2021-10-20T22:18:42.665+05:00","4.279184371511173","/firefox"
"2021-10-20T22:18:43.167+05:00","1.5196420585069388","/firefox"
"2021-10-20T22:18:43.670+05:00","1.5438300554912445","/firefox"
"2021-10-20T22:18:44.172+05:00","4.927328871214219","/firefox"
"2021-10-20T22:18:44.674+05:00","3.3062720178780567","/firefox"
"2021-10-20T22:18:45.177+05:00","1.6240870021443026","/firefox"
"2021-10-20T22:18:45.681+05:00","0.7465206820332528","/firefox"
"2021-10-20T22:18:46.184+05:00","1.205126890494083","/firefox"
"2021-10-20T22:18:46.689+05:00","0.03845303755770688","/firefox"
"2021-10-20T22:18:47.190+05:00","0","/firefox"
"2021-10-20T22:18:48.694+05:00","3.309986998732732","/firefox"
"2021-10-20T22:18:50.200+05:00","1.8592029419235738","/firefox"
"2021-10-20T22:18:50.703+05:00","1.7404220681695597","/firefox"
"2021-10-20T22:18:51.206+05:00","2.462030224861519","/firefox"
"2021-10-20T22:18:52.212+05:00","2.088387312404652","/firefox"
"2021-10-20T22:18:52.715+05:00","1.301423958361437","/firefox"
"2021-10-20T22:18:53.217+05:00","1.0238980342197577","/firefox"
"2021-10-20T22:18:53.720+05:00","0.35075577196291446","/firefox"
"2021-10-20T22:18:54.223+05:00","0.9313502134694948","/firefox"
"2021-10-20T22:18:54.727+05:00","0.9489389404011459","/firefox"
"2021-10-20T22:18:55.230+05:00","2.783019254339921","/firefox"
"2021-10-20T22:18:55.733+05:00","1.195602937937295","/firefox"
"2021-10-20T22:18:56.236+05:00","1.93582753206061","/firefox"
"2021-10-20T22:18:56.739+05:00","2.0831620946625793","/firefox"
"2021-10-20T22:18:57.240+05:00","0.9416384768149749","/firefox"
"2021-10-20T22:18:57.743+05:00","0.7118401396403342","/firefox"
"2021-10-20T22:18:58.245+05:00","0.780928719058177","/firefox"
"2021-10-20T22:18:58.747+05:00","0.641786834969733","/firefox"
"2021-10-20T22:18:59.248+05:00","0.6918208273392766","/firefox"
"2021-10-20T22:18:59.750+05:00","0.6251645696338954","/firefox"
"2021-10-20T22:19:00.754+05:00","4.348342321887716","/firefox"
"2021-10-20T22:19:01.257+05:00","1.2608166910280652","/firefox"
"2021-10-20T22:19:01.760+05:00","0.9330131905778302","/firefox"
"2021-10-20T22:19:02.263+05:00","1.3372210971502096","/firefox"
"2021-10-20T22:19:02.765+05:00","0.9999425892408244","/firefox"
"2021-10-20T22:19:03.266+05:00","1.0863335721589487","/firefox"
"2021-10-20T22:19:03.769+05:00","0.46122698406674056","/firefox"
"2021-10-20T22:19:04.271+05:00","0.7967826108743484","/firefox"
"2021-10-20T22:19:04.774+05:00","0.4802216688231","/firefox"
"2021-10-20T22:19:05.277+05:00","0.5118196206787534","/firefox"
"2021-10-20T22:19:05.779+05:00","0.9016118270863669","/firefox"
"2021-10-20T22:19:06.282+05:00","1.2874173283893735","/firefox"
"2021-10-20T22:19:06.785+05:00","0.7553767738896418","/firefox"
"2021-10-20T22:19:07.288+05:00","0.9832900298222731","/firefox"
"2021-10-20T22:19:07.790+05:00","0.7734625813265531","/firefox"
"2021-10-20T22:19:09.296+05:00","1.8284204842947482","/firefox"
"2021-10-20T22:19:10.301+05:00","1.43795893880702","/firefox"
"2021-10-20T22:19:10.802+05:00","6.561602423495688","/firefox"
"2021-10-20T22:19:11.304+05:00","3.144179610167085","/firefox"
"2021-10-20T22:19:11.806+05:00","2.293616055408661","/firefox"
"2021-10-20T22:19:14.318+05:00","7.40870154515384","/firefox"
"2021-10-20T22:19:15.823+05:00","4.958081621280385","/firefox"
"2021-10-20T22:19:16.325+05:00","10.224979929561796","/firefox"
"2021-10-20T22:19:17.327+05:00","6.109973833158882","/firefox"
"2021-10-20T22:19:17.829+05:00","6.132996651335947","/firefox"
"2021-10-20T22:19:18.331+05:00","5.726144473503272","/firefox"
"2021-10-20T22:19:18.832+05:00","10.010508767905277","/firefox"
"2021-10-20T22:19:19.332+05:00","3.7933004704400135","/firefox"
"2021-10-20T22:19:19.833+05:00","5.402080205924514","/firefox"
"2021-10-20T22:19:21.839+05:00","1.9283618087328989","/firefox"
"2021-10-20T22:19:22.341+05:00","4.116747076090291","/firefox"
"2021-10-20T22:19:22.843+05:00","4.503297286184253","/firefox"
"2021-10-20T22:19:23.344+05:00","5.3872253308773255","/firefox"
"2021-10-20T22:19:23.847+05:00","1.7871282971046858","/firefox"
"2021-10-20T22:19:24.349+05:00","2.9888837278324774","/firefox"
"2021-10-20T22:19:24.851+05:00","5.561969028483378","/firefox"
"2021-10-20T22:19:25.353+05:00","3.8402661151651145","/firefox"
"2021-10-20T22:19:26.357+05:00","4.6464028603354794","/firefox"
"2021-10-20T22:19:26.859+05:00","1.6270558100606423","/firefox"
"2021-10-20T22:19:27.362+05:00","3.1123692193200605","/firefox"
"2021-10-20T22:19:27.864+05:00","2.4591175474836326","/firefox"
"2021-10-20T22:19:29.369+05:00","3.78589320191972","/firefox"
"2021-10-20T22:19:29.870+05:00","1.1422176900385772","/firefox"
"2021-10-20T22:19:30.873+05:00","22.8067872746886","/firefox"
"2021-10-20T22:19:31.374+05:00","23.749626914083073","/firefox"
"2021-10-20T22:19:32.376+05:00","14.30547924410202","/firefox"
"2021-10-20T22:19:32.877+05:00","15.580806318697364","/firefox"
"2021-10-20T22:19:34.391+05:00","4.975778106267455","/firefox"
"2021-10-20T22:19:34.892+05:00","5.087507336791656","/firefox"
"2021-10-20T22:19:36.395+05:00","8.900750144428352","/firefox"
"2021-10-20T22:19:36.896+05:00","5.401111829836373","/firefox"
"2021-10-20T22:19:38.403+05:00","0.1794999057319902","/firefox"
"2021-10-20T22:19:38.905+05:00","2.7781812294312473","/firefox"
"2021-10-20T22:19:39.909+05:00","0","/firefox"
"2021-10-20T22:19:40.412+05:00","1.3062915227678003","/firefox"
"2021-10-20T22:19:40.915+05:00","2.393905607015355","/firefox"
"2021-10-20T22:19:41.417+05:00","1.3976237037468313","/firefox"
"2021-10-20T22:19:41.919+05:00","0.5076590131161816","/firefox"
"2021-10-20T22:19:42.924+05:00","3.527474836145454","/firefox"
"2021-10-20T22:19:43.928+05:00","0","/firefox"
"2021-10-20T22:19:44.431+05:00","0.386213133881434","/firefox"
"2021-10-20T22:19:44.934+05:00","0","/firefox"
"2021-10-20T22:19:45.436+05:00","0.3681458800048745","/firefox"
"2021-10-20T22:19:45.939+05:00","0.10440114632582173","/firefox"
"2021-10-20T22:19:46.943+05:00","0.029447642572882075","/firefox"
"2021-10-20T22:19:47.445+05:00","0.02532283267919441","/firefox"
"2021-10-20T22:19:47.948+05:00","0.5976805108488041","/firefox"
"2021-10-20T22:19:49.453+05:00","2.154170873131362","/firefox"
"2021-10-20T22:19:49.954+05:00","6.632982674520747","/firefox"
"2021-10-20T22:19:50.956+05:00","9.318589325985101","/firefox"
"2021-10-20T22:19:51.457+05:00","16.92103745982118","/firefox"
"2021-10-20T22:19:52.459+05:00","7.651023891833696","/firefox"
"2021-10-20T22:19:52.960+05:00","11.214043606498114","/firefox"
"2021-10-20T22:19:53.461+05:00","5.187909277975899","/firefox"
"2021-10-20T22:19:53.961+05:00","5.091384330937524","/firefox"
"2021-10-20T22:19:54.462+05:00","5.212850414004644","/firefox"
"2021-10-20T22:19:54.963+05:00","6.82229418024991","/firefox"
"2021-10-20T22:19:55.468+05:00","4.9448815997450035","/firefox"
"2021-10-20T22:19:55.969+05:00","9.721831238372681","/firefox"
"2021-10-20T22:19:56.469+05:00","7.639071939215122","/firefox"
"2021-10-20T22:19:56.970+05:00","8.775484822832682","/firefox"
"2021-10-20T22:19:57.975+05:00","1.3575445730377285","/firefox"
"2021-10-20T22:19:58.477+05:00","1.1092062509296488","/firefox"
"2021-10-20T22:19:58.978+05:00","0.9984603989320674","/firefox"
"2021-10-20T22:19:59.480+05:00","0.7491064906996511","/firefox"
"2021-10-20T22:19:59.983+05:00","2.496718334718206","/firefox"
"2021-10-20T22:20:00.484+05:00","0.9478589299961135","/firefox"
"2021-10-20T22:20:00.986+05:00","7.603871153085307","/firefox"
"2021-10-20T22:20:01.488+05:00","8.096441856389445","/firefox"
"2021-10-20T22:20:01.990+05:00","13.49625218154335","/firefox"
"2021-10-20T22:20:02.492+05:00","2.979135662245152","/firefox"
"2021-10-20T22:20:02.995+05:00","1.4022448017767373","/firefox"
"2021-10-20T22:20:03.498+05:00","1.1168236525611983","/firefox"
"2021-10-20T22:20:04.001+05:00","1.0877252551400347","/firefox"
"2021-10-20T22:20:04.503+05:00","0.3938789078160078","/firefox"
"2021-10-20T22:20:05.004+05:00","2.82141804496935","/firefox"
"2021-10-20T22:20:05.506+05:00","1.2711293802868238","/firefox"
"2021-10-20T22:20:06.008+05:00","0.7585740534275663","/firefox"
"2021-10-20T22:20:06.510+05:00","8.386470413471951","/firefox"
"2021-10-20T22:20:07.013+05:00","2.00430346780133","/firefox"
"2021-10-20T22:20:07.515+05:00","1.474399660824607","/firefox"
"2021-10-20T22:20:08.017+05:00","0.9222005000154436","/firefox"
"2021-10-20T22:20:11.023+05:00","19.774345576117145","/firefox"
"2021-10-20T22:20:11.524+05:00","16.778259947239732","/firefox"
"2021-10-20T22:20:12.026+05:00","13.747409262097694","/firefox"
"2021-10-20T22:20:12.527+05:00","16.523357591137557","/firefox"
"2021-10-20T22:20:14.532+05:00","1.9947962700141322","/firefox"
"2021-10-20T22:20:15.034+05:00","5.150541308586071","/firefox"
"2021-10-20T22:20:15.535+05:00","1.3644207531202381","/firefox"
"2021-10-20T22:20:16.045+05:00","1.6934982964455538","/firefox"
"2021-10-20T22:20:16.546+05:00","6.156981173517443","/firefox"
"2021-10-20T22:20:17.048+05:00","2.5487424064942643","/firefox"
"2021-10-20T22:20:17.549+05:00","5.103850771205021","/firefox"
"2021-10-20T22:20:18.051+05:00","5.695022149719566","/firefox"
"2021-10-20T22:20:18.553+05:00","2.0019013057877135","/firefox"
"2021-10-20T22:20:19.055+05:00","1.1947818276398172","/firefox"
"2021-10-20T22:20:19.557+05:00","6.641301615757271","/firefox"
"2021-10-20T22:20:20.059+05:00","3.89094414970113","/firefox"
"2021-10-20T22:20:20.561+05:00","1.9345677047745065","/firefox"
"2021-10-20T22:20:21.062+05:00","1.8123722105597755","/firefox"
"2021-10-20T22:20:21.564+05:00","1.0452904858111904","/firefox"
"2021-10-20T22:20:22.065+05:00","5.941136690015355","/firefox"
"2021-10-20T22:20:22.566+05:00","0.6425412149535742","/firefox"
"2021-10-20T22:20:23.067+05:00","0.7387242994092076","/firefox"
"2021-10-20T22:20:23.569+05:00","0.7653945729751954","/firefox"
"2021-10-20T22:20:24.070+05:00","9.182638491639816","/firefox"
"2021-10-20T22:20:24.572+05:00","1.6305519382825033","/firefox"
"2021-10-20T22:20:25.075+05:00","2.587244417761363","/firefox"
"2021-10-20T22:20:25.577+05:00","1.3587419610818612","/firefox"
"2021-10-20T22:20:26.079+05:00","0.6688933124303255","/firefox"
"2021-10-20T22:20:26.582+05:00","0.6284680232398492","/firefox"
"2021-10-20T22:20:27.084+05:00","3.2787621269734446","/firefox"
"2021-10-20T22:20:27.585+05:00","4.672272907941713","/firefox"
"2021-10-20T22:20:28.589+05:00","1.195378020497717","/firefox"
"2021-10-20T22:20:29.091+05:00","2.0343124448741663","/firefox"
"2021-10-20T22:20:29.592+05:00","13.281663698305332","/firefox"
"2021-10-20T22:20:30.093+05:00","12.331984646937043","/firefox"
"2021-10-20T22:20:30.595+05:00","3.64236481350256","/firefox"
"2021-10-20T22:20:31.096+05:00","5.1095372374362515","/firefox"
"2021-10-20T22:20:31.597+05:00","3.888082989599515","/firefox"
"2021-10-20T22:20:32.098+05:00","1.6879328603138293","/firefox"
"2021-10-20T22:20:32.599+05:00","3.0774102312620615","/firefox"
"2021-10-20T22:20:33.100+05:00","16.38475909523794","/firefox"
"2021-10-20T22:20:34.103+05:00","1.6035908839858042","/firefox"
"2021-10-20T22:20:34.606+05:00","1.9411014842357104","/firefox"
"2021-10-20T22:20:35.108+05:00","0.056559830240728914","/firefox"
"2021-10-20T22:20:35.611+05:00","0.2751313164598723","/firefox"
"2021-10-20T22:20:36.114+05:00","0.8317235224764231","/firefox"
"2021-10-20T22:20:36.617+05:00","0.005845909671144168","/firefox"
"2021-10-20T22:20:37.128+05:00","0.3600298950458387","/firefox"
"2021-10-20T22:20:37.630+05:00","0.16153050373940228","/firefox"
"2021-10-20T22:20:38.133+05:00","2.044001144929238","/firefox"
"2021-10-20T22:20:38.635+05:00","0.3313322092390919","/firefox"
"2021-10-20T22:20:39.137+05:00","0","/firefox"
"2021-10-20T22:20:39.640+05:00","1.0139014567958746","/firefox"
"2021-10-20T22:20:40.143+05:00","0.41814589760947085","/firefox"
"2021-10-20T22:20:40.645+05:00","0.5088943343799792","/firefox"
"2021-10-20T22:20:41.147+05:00","0.031103265618639835","/firefox"
"2021-10-20T22:20:41.649+05:00","0.12453572860998924","/firefox"
"2021-10-20T22:20:42.151+05:00","1.173637728600491","/firefox"
"2021-10-20T22:20:42.654+05:00","0.1779175164903298","/firefox"
"2021-10-20T22:20:43.155+05:00","0.5073707906507143","/firefox"
"2021-10-20T22:20:43.656+05:00","0.027819289023492018","/firefox"
"2021-10-20T22:20:44.157+05:00","0.18720570111480553","/firefox"
"2021-10-20T22:20:44.660+05:00","0.15144397235757945","/firefox"
"2021-10-20T22:20:45.163+05:00","0.31493029291904157","/firefox"
"2021-10-20T22:20:45.665+05:00","0.36333939622934824","/firefox"
"2021-10-20T22:20:46.167+05:00","0","/firefox"
"2021-10-20T22:20:46.669+05:00","0.05299405748553636","/firefox"
"2021-10-20T22:20:47.172+05:00","0","/firefox"
"2021-10-20T22:20:47.673+05:00","0.14101592134995733","/firefox"
"2021-10-20T22:20:48.176+05:00","0","/firefox"
"2021-10-20T22:20:48.678+05:00","0.13831686831994838","/firefox"
"2021-10-20T22:20:49.181+05:00","0","/firefox"
"2021-10-20T22:20:50.184+05:00","9.100677332692896","/firefox"
"2021-10-20T22:20:50.685+05:00","3.0755352159857927","/firefox"
"2021-10-20T22:20:51.186+05:00","1.3976329086402846","/firefox"
"2021-10-20T22:20:51.689+05:00","0.8391192371884459","/firefox"
"2021-10-20T22:20:52.190+05:00","0.7379178315720407","/firefox"
"2021-10-20T22:20:52.691+05:00","1.5771457482024958","/firefox"
"2021-10-20T22:20:53.194+05:00","4.119151972370669","/firefox"
"2021-10-20T22:20:53.695+05:00","6.417579353581671","/firefox"
"2021-10-20T22:20:54.197+05:00","1.3252812660423048","/firefox"
"2021-10-20T22:20:54.699+05:00","3.305495620091065","/firefox"
"2021-10-20T22:20:55.200+05:00","11.83392689411343","/firefox"
"2021-10-20T22:20:55.701+05:00","15.449673874414612","/firefox"
"2021-10-20T22:20:56.202+05:00","11.43454035772674","/firefox"
"2021-10-20T22:20:56.704+05:00","12.88503713750697","/firefox"
"2021-10-20T22:20:57.206+05:00","6.840374307808038","/firefox"
"2021-10-20T22:20:57.708+05:00","6.4856623475126876","/firefox"
"2021-10-20T22:20:58.213+05:00","6.637637352305205","/firefox"
"2021-10-20T22:20:58.714+05:00","6.564276304926402","/firefox"
"2021-10-20T22:20:59.215+05:00","12.84346186173438","/firefox"
"2021-10-20T22:20:59.716+05:00","9.152787297082309","/firefox"
"2021-10-20T22:21:00.218+05:00","4.931761239402526","/firefox"
"2021-10-20T22:21:00.719+05:00","9.400003345805308","/firefox"
"2021-10-20T22:21:01.221+05:00","11.15191827036255","/firefox"
"2021-10-20T22:21:01.721+05:00","14.490945153339869","/firefox"
"2021-10-20T22:21:02.222+05:00","5.7237249683626015","/firefox"
"2021-10-20T22:21:02.724+05:00","6.2967725266059364","/firefox"
"2021-10-20T22:21:03.225+05:00","7.726526726199322","/firefox"
"2021-10-20T22:21:03.727+05:00","10.880640141427472","/firefox"
"2021-10-20T22:21:04.228+05:00","25.987237837505575","/firefox"
"2021-10-20T22:21:04.729+05:00","28.916549878159604","/firefox"
"2021-10-20T22:21:05.731+05:00","17.584227211357806","/firefox"
"2021-10-20T22:21:06.232+05:00","17.155167636792356","/firefox"
"2021-10-20T22:21:06.733+05:00","15.78783846536527","/firefox"
"2021-10-20T22:21:07.234+05:00","9.624827721761577","/firefox"
"2021-10-20T22:21:07.735+05:00","10.887952402718543","/firefox"
"2021-10-20T22:21:08.237+05:00","4.10786290469772","/firefox"
"2021-10-20T22:21:08.738+05:00","1.9628174999447932","/firefox"
"2021-10-20T22:21:09.240+05:00","2.6714403233689863","/firefox"
"2021-10-20T22:21:09.741+05:00","12.10577396799464","/firefox"
"2021-10-20T22:21:10.242+05:00","14.861683991420275","/firefox"
"2021-10-20T22:21:10.744+05:00","3.4904123514085565","/firefox"
"2021-10-20T22:21:11.245+05:00","7.854643223559005","/firefox"
"2021-10-20T22:21:11.746+05:00","15.132661228549077","/firefox"
"2021-10-20T22:21:12.247+05:00","1.625445602327256","/firefox"
"2021-10-20T22:21:12.748+05:00","4.196109695426741","/firefox"
"2021-10-20T22:21:13.250+05:00","6.404186085495833","/firefox"
"2021-10-20T22:21:13.752+05:00","4.165420569822552","/firefox"
"2021-10-20T22:21:14.254+05:00","6.838450170499965","/firefox"
"2021-10-20T22:21:14.755+05:00","19.254941257422033","/firefox"
"2021-10-20T22:21:15.256+05:00","13.174042207323518","/firefox"
"2021-10-20T22:21:15.758+05:00","16.86875511144474","/firefox"
"2021-10-20T22:21:16.259+05:00","6.662925576784814","/firefox"
"2021-10-20T22:21:16.760+05:00","6.664935670966605","/firefox"
"2021-10-20T22:21:17.262+05:00","5.842297540616728","/firefox"
"2021-10-20T22:21:17.765+05:00","15.929431397460199","/firefox"
"2021-10-20T22:21:18.273+05:00","10.165161156628752","/firefox"
"2021-10-20T22:21:18.775+05:00","7.363738723802554","/firefox"
"2021-10-20T22:21:19.276+05:00","4.905406711188266","/firefox"
"2021-10-20T22:21:19.778+05:00","4.092683509129621","/firefox"
"2021-10-20T22:21:20.279+05:00","2.843135542653969","/firefox"
"2021-10-20T22:21:20.780+05:00","5.789111209617588","/firefox"
"2021-10-20T22:21:21.280+05:00","15.604158666655234","/firefox"
"2021-10-20T22:21:21.781+05:00","3.4829937596877905","/firefox"
"2021-10-20T22:21:22.283+05:00","3.631885249361849","/firefox"
"2021-10-20T22:21:22.785+05:00","7.387085617257914","/firefox"
"2021-10-20T22:21:23.287+05:00","2.5917554852821487","/firefox"
"2021-10-20T22:21:23.788+05:00","1.1264312568506496","/firefox"
"2021-10-20T22:21:24.289+05:00","7.470035984729444","/firefox"
"2021-10-20T22:21:24.790+05:00","11.39384104346132","/firefox"
"2021-10-20T22:21:25.292+05:00","8.15341843383831","/firefox"
"2021-10-20T22:21:25.793+05:00","5.899592686737594","/firefox"
"2021-10-20T22:21:26.294+05:00","0.9619690257723859","/firefox"
"2021-10-20T22:21:26.796+05:00","0.9406624778114878","/firefox"
"2021-10-20T22:21:27.298+05:00","1.26344343465818","/firefox"
"2021-10-20T22:21:27.799+05:00","14.516460897506416","/firefox"
"2021-10-20T22:21:28.300+05:00","5.662822109301623","/firefox"
"2021-10-20T22:21:28.802+05:00","2.4561232718026025","/firefox"
"2021-10-20T22:21:29.304+05:00","2.063512587386556","/firefox"
"2021-10-20T22:21:29.806+05:00","9.511355969778135","/firefox"
"2021-10-20T22:21:30.307+05:00","9.934971732647732","/firefox"
"2021-10-20T22:21:30.809+05:00","2.1391283143296125","/firefox"
"2021-10-20T22:21:31.310+05:00","1.9366955539536623","/firefox"
"2021-10-20T22:21:31.811+05:00","1.5663783670284228","/firefox"
"2021-10-20T22:21:32.313+05:00","1.5680274003499717","/firefox"
"2021-10-20T22:21:32.814+05:00","1.0016161993706314","/firefox"
"2021-10-20T22:21:33.315+05:00","9.866835636858223","/firefox"
"2021-10-20T22:21:33.816+05:00","1.4872803129322867","/firefox"
"2021-10-20T22:21:34.318+05:00","5.197973377073907","/firefox"
"2021-10-20T22:21:34.818+05:00","7.524190490501044","/firefox"
"2021-10-20T22:21:35.319+05:00","12.277434876095628","/firefox"
"2021-10-20T22:21:35.820+05:00","11.374421957287584","/firefox"
"2021-10-20T22:21:36.321+05:00","22.75609533717862","/firefox"
"2021-10-20T22:21:36.823+05:00","22.390747938181594","/firefox"
"2021-10-20T22:21:37.324+05:00","9.857262257662589","/firefox"
"2021-10-20T22:21:37.825+05:00","15.655510984747696","/firefox"
"2021-10-20T22:21:38.326+05:00","18.154332686173568","/firefox"
"2021-10-20T22:21:38.827+05:00","5.657199792356646","/firefox"
"2021-10-20T22:21:39.333+05:00","10.734528753391299","/firefox"
"2021-10-20T22:21:39.835+05:00","4.7787945540215295","/firefox"
"2021-10-20T22:21:40.336+05:00","4.447990443966771","/firefox"
"2021-10-20T22:21:40.837+05:00","4.40346561434562","/firefox"
"2021-10-20T22:21:41.338+05:00","5.528464692204086","/firefox"
"2021-10-20T22:21:41.839+05:00","17.73270984290444","/firefox"
"2021-10-20T22:21:42.340+05:00","17.815169868011296","/firefox"
"2021-10-20T22:21:42.842+05:00","7.435405809532844","/firefox"
"2021-10-20T22:21:43.343+05:00","3.7868135807907843","/firefox"
"2021-10-20T22:21:43.844+05:00","12.32306344134006","/firefox"
"2021-10-20T22:21:44.346+05:00","15.939339159557807","/firefox"
"2021-10-20T22:21:44.847+05:00","13.921014818754625","/firefox"
"2021-10-20T22:21:45.348+05:00","5.25693009110006","/firefox"
"2021-10-20T22:21:45.850+05:00","7.313606156480869","/firefox"
"2021-10-20T22:21:46.352+05:00","3.5022813795038408","/firefox"
"2021-10-20T22:21:46.853+05:00","14.870659715021574","/firefox"
"2021-10-20T22:21:47.354+05:00","17.381227144493305","/firefox"
"2021-10-20T22:21:47.856+05:00","8.037880390893495","/firefox"
"2021-10-20T22:21:48.357+05:00","15.341960892329144","/firefox"
"2021-10-20T22:21:48.859+05:00","16.457584202952862","/firefox"
"2021-10-20T22:21:49.360+05:00","8.522195012198264","/firefox"
"2021-10-20T22:21:49.861+05:00","12.317020414303794","/firefox"
"2021-10-20T22:21:50.363+05:00","13.674663638904411","/firefox"
"2021-10-20T22:21:50.863+05:00","4.948469005527141","/firefox"
"2021-10-20T22:21:51.364+05:00","17.285850588061297","/firefox"
"2021-10-20T22:21:51.866+05:00","9.668134207202941","/firefox"
"2021-10-20T22:21:52.368+05:00","2.8275958810200463","/firefox"
"2021-10-20T22:21:52.870+05:00","6.864741151003011","/firefox"
"2021-10-20T22:21:53.371+05:00","2.054237204991341","/firefox"
"2021-10-20T22:21:53.873+05:00","2.18791910136165","/firefox"
"2021-10-20T22:21:54.376+05:00","4.304664141702587","/firefox"
"2021-10-20T22:21:54.877+05:00","2.48121198650589","/firefox"
"2021-10-20T22:21:55.379+05:00","2.3800186643900596","/firefox"
"2021-10-20T22:21:55.881+05:00","3.3994764464929577","/firefox"
"2021-10-20T22:21:56.384+05:00","3.4470272638384714","/firefox"
"2021-10-20T22:21:56.886+05:00","2.345312937101216","/firefox"
"2021-10-20T22:21:57.388+05:00","1.7486135266996705","/firefox"
"2021-10-20T22:21:57.891+05:00","2.3950634693815718","/firefox"
"2021-10-20T22:21:58.393+05:00","3.6571915640785755","/firefox"
"2021-10-20T22:21:58.895+05:00","3.2535653301044665","/firefox"
"2021-10-20T22:21:59.397+05:00","2.668087378427261","/firefox"
"2021-10-20T22:21:59.898+05:00","2.8763075941948197","/firefox"
"2021-10-20T22:22:00.408+05:00","1.350938579505078","/firefox"
"2021-10-20T22:22:00.910+05:00","1.932189742335363","/firefox"
"2021-10-20T22:22:01.412+05:00","2.7296074088711046","/firefox"
"2021-10-20T22:22:01.915+05:00","2.8588925564199625","/firefox"
"2021-10-20T22:22:02.417+05:00","2.6406004693023037","/firefox"
"2021-10-20T22:22:02.919+05:00","1.856449524600626","/firefox"
"2021-10-20T22:22:03.421+05:00","2.3793414464768214","/firefox"
"2021-10-20T22:22:03.923+05:00","2.3296643087307194","/firefox"
"2021-10-20T22:22:04.425+05:00","2.7501309364377335","/firefox"
"2021-10-20T22:22:04.928+05:00","2.4531644502494085","/firefox"
"2021-10-20T22:22:05.430+05:00","3.292774870690879","/firefox"
"2021-10-20T22:22:05.932+05:00","2.5122386825937624","/firefox"
"2021-10-20T22:22:06.435+05:00","1.5513690379485994","/firefox"
"2021-10-20T22:22:06.937+05:00","1.3800244875704482","/firefox"
"2021-10-20T22:22:07.439+05:00","3.1630426432635574","/firefox"
"2021-10-20T22:22:07.942+05:00","3.8986322081656546","/firefox"
"2021-10-20T22:22:08.444+05:00","2.583134512760255","/firefox"
"2021-10-20T22:22:08.947+05:00","0.6032636791691681","/firefox"
"2021-10-20T22:22:09.449+05:00","2.052396588025745","/firefox"
"2021-10-20T22:22:09.950+05:00","10.515268150025342","/firefox"
"2021-10-20T22:22:10.451+05:00","9.425188563382413","/firefox"
"2021-10-20T22:22:10.953+05:00","1.5069317856017104","/firefox"
"2021-10-20T22:22:11.455+05:00","0.9886439815767667","/firefox"
"2021-10-20T22:22:11.956+05:00","3.0548038790458953","/firefox"
"2021-10-20T22:22:12.459+05:00","2.112112582312671","/firefox"
"2021-10-20T22:22:13.964+05:00","7.499747734028082","/firefox"
"2021-10-20T22:22:14.465+05:00","23.26932102409326","/firefox"
"2021-10-20T22:22:14.967+05:00","10.91104904546138","/firefox"
"2021-10-20T22:22:15.468+05:00","7.921363347950427","/firefox"
"2021-10-20T22:22:15.971+05:00","3.7510533557296624","/firefox"
"2021-10-20T22:22:16.473+05:00","6.703007538080518","/firefox"
"2021-10-20T22:22:17.476+05:00","3.743030480645889","/firefox"
"2021-10-20T22:22:17.979+05:00","3.6481017073377346","/firefox"
"2021-10-20T22:22:18.481+05:00","1.1373366765176183","/firefox"
"2021-10-20T22:22:18.983+05:00","1.2720290645035268","/firefox"
"2021-10-20T22:22:19.485+05:00","2.8953834059499344","/firefox"
"2021-10-20T22:22:19.987+05:00","1.9284162961362576","/firefox"
"2021-10-20T22:22:20.497+05:00","2.418785483212865","/firefox"
"2021-10-20T22:22:20.999+05:00","1.8532059888583128","/firefox"
"2021-10-20T22:22:21.501+05:00","3.3805406569635394","/firefox"
"2021-10-20T22:22:22.003+05:00","1.6573809953300689","/firefox"
"2021-10-20T22:22:22.505+05:00","1.0259786607428079","/firefox"
"2021-10-20T22:22:23.007+05:00","1.4157108574158441","/firefox"
"2021-10-20T22:22:23.509+05:00","1.314478114094814","/firefox"
"2021-10-20T22:22:24.010+05:00","1.7406715793410183","/firefox"
"2021-10-20T22:22:24.511+05:00","0.6689117632833578","/firefox"
"2021-10-20T22:22:25.012+05:00","0.6176604490676068","/firefox"
"2021-10-20T22:22:25.515+05:00","2.995047349382607","/firefox"
"2021-10-20T22:22:26.017+05:00","1.0199913517966672","/firefox"
"2021-10-20T22:22:26.520+05:00","1.5589579856831162","/firefox"
"2021-10-20T22:22:27.021+05:00","0.9338972753417838","/firefox"
"2021-10-20T22:22:27.523+05:00","1.9903187126100732","/firefox"
"2021-10-20T22:22:28.025+05:00","1.6750487922134765","/firefox"
"2021-10-20T22:22:28.527+05:00","0.8830053174832434","/firefox"
"2021-10-20T22:22:29.030+05:00","0.8439087246410099","/firefox"
"2021-10-20T22:22:29.532+05:00","1.7186486965293994","/firefox"
"2021-10-20T22:22:30.034+05:00","10.82712320558157","/firefox"
"2021-10-20T22:22:30.536+05:00","7.125536120101677","/firefox"
"2021-10-20T22:22:31.037+05:00","3.1805417484935186","/firefox"
"2021-10-20T22:22:31.539+05:00","1.1475526104170002","/firefox"
"2021-10-20T22:22:32.042+05:00","3.6318894186042416","/firefox"
"2021-10-20T22:22:32.544+05:00","7.653944370209082","/firefox"
"2021-10-20T22:22:33.045+05:00","6.835236338778172","/firefox"
"2021-10-20T22:22:33.546+05:00","11.85052109564691","/firefox"
"2021-10-20T22:22:34.048+05:00","20.097794763311143","/firefox"
"2021-10-20T22:22:34.550+05:00","7.733007976795579","/firefox"
"2021-10-20T22:22:35.051+05:00","14.965990635494496","/firefox"
"2021-10-20T22:22:36.053+05:00","27.217196194537173","/firefox"
"2021-10-20T22:22:36.554+05:00","18.051811692949336","/firefox"
"2021-10-20T22:22:37.055+05:00","23.865003658769826","/firefox"
"2021-10-20T22:22:37.556+05:00","24.751368060457008","/firefox"
"2021-10-20T22:22:38.058+05:00","24.456878719631145","/firefox"
"2021-10-20T22:22:38.560+05:00","24.668996325218906","/firefox"
"2021-10-20T22:22:39.062+05:00","15.377116789210252","/firefox"
"2021-10-20T22:22:39.563+05:00","15.968925306522529","/firefox"
"2021-10-20T22:22:40.064+05:00","32.4370434690889","/firefox"
"2021-10-20T22:22:40.564+05:00","24.416228384797435","/firefox"
"2021-10-20T22:22:41.066+05:00","12.628418432175485","/firefox"
"2021-10-20T22:22:41.578+05:00","17.51442917309489","/firefox"
"2021-10-20T22:22:42.079+05:00","9.103800476141627","/firefox"
"2021-10-20T22:22:42.581+05:00","6.999296084243333","/firefox"
"2021-10-20T22:22:43.082+05:00","18.01175752459854","/firefox"
"2021-10-20T22:22:43.584+05:00","1.9822503903458155","/firefox"
"2021-10-20T22:22:44.086+05:00","2.3015061256820815","/firefox"
"2021-10-20T22:22:44.588+05:00","2.166019114901312","/firefox"
"2021-10-20T22:22:45.090+05:00","0.579228384258738","/firefox"
"2021-10-20T22:22:45.593+05:00","2.3996639254428143","/firefox"
"2021-10-20T22:22:46.095+05:00","2.454588083321665","/firefox"
"2021-10-20T22:22:46.597+05:00","2.5336584448559876","/firefox"
"2021-10-20T22:22:47.100+05:00","0.975490958752351","/firefox"
"2021-10-20T22:22:47.602+05:00","2.0933579723299856","/firefox"
"2021-10-20T22:22:48.103+05:00","2.148965533628439","/firefox"
"2021-10-20T22:22:48.604+05:00","2.050166615380844","/firefox"
"2021-10-20T22:22:49.106+05:00","0.7089563225346791","/firefox"
"2021-10-20T22:22:49.609+05:00","1.3536265461734394","/firefox"
"2021-10-20T22:22:50.110+05:00","7.620632709445711","/firefox"
"2021-10-20T22:22:50.611+05:00","13.127861904028283","/firefox"
"2021-10-20T22:22:51.112+05:00","2.8059839769902823","/firefox"
"2021-10-20T22:22:51.612+05:00","5.833869010984206","/firefox"
"2021-10-20T22:22:52.114+05:00","12.324156382698327","/firefox"
"2021-10-20T22:22:52.615+05:00","10.565303208182115","/firefox"
"2021-10-20T22:22:53.117+05:00","15.257861244126056","/firefox"
"2021-10-20T22:22:53.618+05:00","6.554325407384362","/firefox"
"2021-10-20T22:22:54.120+05:00","4.100744370023099","/firefox"
"2021-10-20T22:22:54.621+05:00","4.4254674030186605","/firefox"
"2021-10-20T22:22:55.123+05:00","14.058260085017084","/firefox"
"2021-10-20T22:22:55.625+05:00","3.667814181961022","/firefox"
"2021-10-20T22:22:56.127+05:00","2.7719156887671907","/firefox"
"2021-10-20T22:22:56.628+05:00","2.674663089604485","/firefox"
"2021-10-20T22:22:57.130+05:00","1.8240233402689152","/firefox"
"2021-10-20T22:22:57.631+05:00","2.6997134450415783","/firefox"
"2021-10-20T22:22:58.133+05:00","1.8586385572440995","/firefox"
"2021-10-20T22:22:58.635+05:00","2.8982294080979307","/firefox"
"2021-10-20T22:22:59.137+05:00","5.665234456906875","/firefox"
"2021-10-20T22:22:59.639+05:00","7.868011642235856","/firefox"
"2021-10-20T22:23:00.140+05:00","3.614950553813959","/firefox"
"2021-10-20T22:23:00.642+05:00","2.1666463556782003","/firefox"
"2021-10-20T22:23:01.144+05:00","1.6638643150871069","/firefox"
"2021-10-20T22:23:01.646+05:00","2.984989128087218","/firefox"
"2021-10-20T22:23:02.148+05:00","2.169030010645834","/firefox"
"2021-10-20T22:23:02.650+05:00","2.591097825175891","/firefox"
"2021-10-20T22:23:03.152+05:00","1.284558370696914","/firefox"
"2021-10-20T22:23:03.653+05:00","2.5146266457487467","/firefox"
"2021-10-20T22:23:04.155+05:00","2.6340819856611066","/firefox"
"2021-10-20T22:23:04.657+05:00","2.640575545442453","/firefox"
"2021-10-20T22:23:05.159+05:00","1.0924158033914881","/firefox"
"2021-10-20T22:23:05.661+05:00","2.7836860682263285","/firefox"
"2021-10-20T22:23:06.163+05:00","2.651210433298503","/firefox"
"2021-10-20T22:23:06.665+05:00","4.8631515846377305","/firefox"
"2021-10-20T22:23:07.166+05:00","5.911195006727466","/firefox"
"2021-10-20T22:23:07.668+05:00","5.027065619820709","/firefox"
"2021-10-20T22:23:08.170+05:00","10.84099983820907","/firefox"
"2021-10-20T22:23:08.672+05:00","28.301274440029022","/firefox"
"2021-10-20T22:23:09.172+05:00","1.105733611365378","/firefox"
"2021-10-20T22:23:09.673+05:00","1.3811858129931653","/firefox"
"2021-10-20T22:23:10.174+05:00","1.0651597034296925","/firefox"
"2021-10-20T22:23:10.675+05:00","2.952407723201401","/firefox"
"2021-10-20T22:23:11.176+05:00","5.752068745125444","/firefox"
"2021-10-20T22:23:11.677+05:00","2.359601429161385","/firefox"
"2021-10-20T22:23:12.179+05:00","10.112325756528133","/firefox"
"2021-10-20T22:23:12.681+05:00","3.622624941465081","/firefox"
"2021-10-20T22:23:13.182+05:00","1.6992040853208437","/firefox"
"2021-10-20T22:23:13.683+05:00","4.557219908032299","/firefox"
"2021-10-20T22:23:14.185+05:00","5.451381491218133","/firefox"
"2021-10-20T22:23:14.686+05:00","12.149485638023489","/firefox"
"2021-10-20T22:23:15.187+05:00","1.3043019466867904","/firefox"
"2021-10-20T22:23:15.689+05:00","11.595134847609511","/firefox"
"2021-10-20T22:23:16.189+05:00","7.09812181443661","/firefox"
"2021-10-20T22:23:16.691+05:00","14.423392392050836","/firefox"
"2021-10-20T22:23:17.193+05:00","2.249407870339278","/firefox"
"2021-10-20T22:23:17.694+05:00","3.0474421181758067","/firefox"
"2021-10-20T22:23:18.196+05:00","5.081251674952609","/firefox"
"2021-10-20T22:23:18.697+05:00","6.568999626125582","/firefox"
"2021-10-20T22:23:19.200+05:00","3.397839377510194","/firefox"
"2021-10-20T22:23:19.701+05:00","4.257507951562464","/firefox"
"2021-10-20T22:23:20.202+05:00","4.510877797233486","/firefox"
"2021-10-20T22:23:20.704+05:00","4.430152254803428","/firefox"
"2021-10-20T22:23:21.217+05:00","3.8857347701542793","/firefox"
"2021-10-20T22:23:21.719+05:00","3.0365608694314625","/firefox"
"2021-10-20T22:23:22.221+05:00","0.8454523675301083","/firefox"
"2021-10-20T22:23:22.724+05:00","0.93611056784043","/firefox"
"2021-10-20T22:23:23.226+05:00","0.5623758946384664","/firefox"
"2021-10-20T22:23:23.728+05:00","0.7485958001433816","/firefox"
"2021-10-20T22:23:24.230+05:00","0.7447196096594384","/firefox"
"2021-10-20T22:23:24.731+05:00","1.4570454454270683","/firefox"
"2021-10-20T22:23:25.233+05:00","1.0055909799649558","/firefox"
"2021-10-20T22:23:25.734+05:00","2.178719687868826","/firefox"
"2021-10-20T22:23:26.236+05:00","1.8174899564161235","/firefox"
"2021-10-20T22:23:26.738+05:00","1.8865406502649813","/firefox"
"2021-10-20T22:23:27.240+05:00","1.2203723829091917","/firefox"
"2021-10-20T22:23:27.742+05:00","2.811749519345291","/firefox"
"2021-10-20T22:23:28.245+05:00","1.9118729772249239","/firefox"
"2021-10-20T22:23:28.747+05:00","0.9935815496153755","/firefox"
"2021-10-20T22:23:29.249+05:00","0.6873375116402302","/firefox"
"2021-10-20T22:23:29.751+05:00","0.8606776032253549","/firefox"
"2021-10-20T22:23:30.254+05:00","1.7198824076499564","/firefox"
"2021-10-20T22:23:30.756+05:00","1.2351818739081617","/firefox"
"2021-10-20T22:23:31.258+05:00","18.084071239815366","/firefox"
"2021-10-20T22:23:31.760+05:00","2.8142407027973535","/firefox"
"2021-10-20T22:23:32.261+05:00","4.384048197307108","/firefox"
"2021-10-20T22:23:32.763+05:00","3.649282972824231","/firefox"
"2021-10-20T22:23:33.265+05:00","1.0410943109804043","/firefox"
"2021-10-20T22:23:33.767+05:00","2.0439695086153344","/firefox"
"2021-10-20T22:23:34.269+05:00","2.1077745540664448","/firefox"
"2021-10-20T22:23:34.772+05:00","2.236196330180163","/firefox"
"2021-10-20T22:23:35.274+05:00","1.3897736922549369","/firefox"
"2021-10-20T22:23:35.775+05:00","5.934609522272739","/firefox"
"2021-10-20T22:23:36.276+05:00","2.913464990378778","/firefox"
"2021-10-20T22:23:36.778+05:00","2.6295577666266885","/firefox"
"2021-10-20T22:23:37.280+05:00","1.2187729442671165","/firefox"
"2021-10-20T22:23:37.781+05:00","1.9561024092617563","/firefox"
"2021-10-20T22:23:38.283+05:00","2.1529603878898986","/firefox"
"2021-10-20T22:23:38.785+05:00","1.846502130142657","/firefox"
"2021-10-20T22:23:39.287+05:00","1.572095850249721","/firefox"
"2021-10-20T22:23:39.789+05:00","8.270737140644554","/firefox"
"2021-10-20T22:23:40.291+05:00","3.0449871889955955","/firefox"
"2021-10-20T22:23:40.792+05:00","3.1916964352128567","/firefox"
"2021-10-20T22:23:41.293+05:00","0.40613239623846537","/firefox"
"2021-10-20T22:23:41.794+05:00","0.5143631938205375","/firefox"
"2021-10-20T22:23:42.307+05:00","1.220425924310246","/firefox"
"2021-10-20T22:23:42.809+05:00","1.990335249093599","/firefox"
"2021-10-20T22:23:43.311+05:00","0.5916295110915298","/firefox"
"2021-10-20T22:23:43.813+05:00","3.788803079620631","/firefox"
"2021-10-20T22:23:44.314+05:00","4.558015626645039","/firefox"
"2021-10-20T22:23:44.816+05:00","4.492016999481184","/firefox"
"2021-10-20T22:23:45.318+05:00","13.09536369592501","/firefox"
"2021-10-20T22:23:45.820+05:00","5.189024792323057","/firefox"
"2021-10-20T22:23:46.322+05:00","16.025491437885165","/firefox"
"2021-10-20T22:23:46.823+05:00","7.023095887394988","/firefox"
"2021-10-20T22:23:47.324+05:00","7.633813045682286","/firefox"
"2021-10-20T22:23:47.826+05:00","10.809078051753426","/firefox"
"2021-10-20T22:23:48.328+05:00","4.888633634613008","/firefox"
"2021-10-20T22:23:48.830+05:00","4.111893765319802","/firefox"
"2021-10-20T22:23:49.332+05:00","3.9478986216400878","/firefox"
"2021-10-20T22:23:49.834+05:00","8.335521277131212","/firefox"
"2021-10-20T22:23:50.336+05:00","3.580442596392549","/firefox"
"2021-10-20T22:23:50.838+05:00","2.5312224402868067","/firefox"
"2021-10-20T22:23:51.339+05:00","15.903199932626446","/firefox"
"2021-10-20T22:23:51.840+05:00","3.0922449966108796","/firefox"
"2021-10-20T22:23:52.341+05:00","7.841719040146836","/firefox"
"2021-10-20T22:23:52.843+05:00","2.163060196268706","/firefox"
"2021-10-20T22:23:53.344+05:00","2.9590878610396856","/firefox"
"2021-10-20T22:23:53.847+05:00","2.6236196139973638","/firefox"
"2021-10-20T22:23:54.348+05:00","5.408590658384471","/firefox"
"2021-10-20T22:23:54.850+05:00","4.555349995562706","/firefox"
"2021-10-20T22:23:55.351+05:00","1.603272604899137","/firefox"
"2021-10-20T22:23:55.853+05:00","1.1387941902667307","/firefox"
"2021-10-20T22:23:56.356+05:00","0.7889493759213001","/firefox"
"2021-10-20T22:23:56.858+05:00","0.5022986995965509","/firefox"
"2021-10-20T22:23:57.361+05:00","1.1034150572807224","/firefox"
"2021-10-20T22:23:57.863+05:00","0.23846134725423995","/firefox"
"2021-10-20T22:23:58.366+05:00","0.5071478495226429","/firefox"
"2021-10-20T22:23:58.869+05:00","0.22782257772251144","/firefox"
"2021-10-20T22:23:59.370+05:00","0.6024191792390642","/firefox"
"2021-10-20T22:23:59.873+05:00","0.5559445173735006","/firefox"
"2021-10-20T22:24:00.375+05:00","0.235394193892143","/firefox"
"2021-10-20T22:24:00.878+05:00","3.119284909820015","/firefox"
"2021-10-20T22:24:01.380+05:00","0.1791154776591743","/firefox"
"2021-10-20T22:24:01.882+05:00","1.677699222718892","/firefox"
"2021-10-20T22:24:02.385+05:00","0.5161792867254119","/firefox"
"2021-10-20T22:24:02.887+05:00","1.077312344884096","/firefox"
"2021-10-20T22:24:03.390+05:00","0.54166185920023","/firefox"
"2021-10-20T22:24:03.893+05:00","0.10512879276547057","/firefox"
"2021-10-20T22:24:04.395+05:00","0.12770780853706545","/firefox"
"2021-10-20T22:24:04.897+05:00","0.6076257651434424","/firefox"
"2021-10-20T22:24:05.398+05:00","0.14371093449918573","/firefox"
"2021-10-20T22:24:05.900+05:00","0.2211727215330949","/firefox"
"2021-10-20T22:24:06.401+05:00","0.6951412745189728","/firefox"
"2021-10-20T22:24:06.903+05:00","0.5318844344634668","/firefox"
"2021-10-20T22:24:07.404+05:00","0.09092307296444374","/firefox"
"2021-10-20T22:24:07.906+05:00","0.48046428504063055","/firefox"
"2021-10-20T22:24:08.409+05:00","0.4750348556071373","/firefox"
"2021-10-20T22:24:08.912+05:00","0.1905217386037326","/firefox"
"2021-10-20T22:24:09.413+05:00","0.286102538965462","/firefox"
"2021-10-20T22:24:09.914+05:00","0.33622968967856526","/firefox"
"2021-10-20T22:24:10.416+05:00","0.6293799201041124","/firefox"
"2021-10-20T22:24:10.918+05:00","0.7469818667900142","/firefox"
"2021-10-20T22:24:11.419+05:00","13.479950384397938","/firefox"
"2021-10-20T22:24:11.920+05:00","1.2648340606910904","/firefox"
"2021-10-20T22:24:12.421+05:00","1.2148881936255247","/firefox"
"2021-10-20T22:24:12.922+05:00","1.6446346665364449","/firefox"
"2021-10-20T22:24:13.423+05:00","3.79664590296837","/firefox"
"2021-10-20T22:24:13.924+05:00","3.9239843014787983","/firefox"
"2021-10-20T22:24:14.425+05:00","1.6237033393429094","/firefox"
"2021-10-20T22:24:14.926+05:00","0.4268118396764806","/firefox"
"2021-10-20T22:24:15.427+05:00","2.1409219340721988","/firefox"
"2021-10-20T22:24:15.928+05:00","1.2471260881674542","/firefox"
"2021-10-20T22:24:16.429+05:00","0.7865834150290634","/firefox"
"2021-10-20T22:24:16.931+05:00","0.556803536044957","/firefox"
"2021-10-20T22:24:17.434+05:00","0.6586777571165877","/firefox"
"2021-10-20T22:24:17.936+05:00","0.1158827660567717","/firefox"
"2021-10-20T22:24:18.437+05:00","0.09617842104456563","/firefox"
"2021-10-20T22:24:18.938+05:00","0.03672465458640387","/firefox"
"2021-10-20T22:24:19.439+05:00","0.811054091598238","/firefox"
"2021-10-20T22:24:19.941+05:00","0.40303475206699124","/firefox"
"2021-10-20T22:24:20.443+05:00","0.3265674196385427","/firefox"
"2021-10-20T22:24:20.946+05:00","0.09416178537591652","/firefox"
"2021-10-20T22:24:21.447+05:00","0.1496583370767608","/firefox"
"2021-10-20T22:24:21.950+05:00","0.026899083588316698","/firefox"
"2021-10-20T22:24:22.452+05:00","0","/firefox"
"2021-10-20T22:24:22.955+05:00","0.24513860758640083","/firefox"
"2021-10-20T22:24:23.465+05:00","0.768538525266773","/firefox"
"2021-10-20T22:24:23.967+05:00","0.17233736362655677","/firefox"
"2021-10-20T22:24:24.469+05:00","0.22884263060871357","/firefox"
"2021-10-20T22:24:24.971+05:00","1.2016331589208644","/firefox"
"2021-10-20T22:24:25.473+05:00","1.4523081963714168","/firefox"
"2021-10-20T22:24:25.976+05:00","0.18952409345330204","/firefox"
"2021-10-20T22:24:26.478+05:00","1.3624745228399644","/firefox"
"2021-10-20T22:24:26.980+05:00","0","/firefox"
"2021-10-20T22:24:27.483+05:00","0.12900353702710032","/firefox"
"2021-10-20T22:24:27.985+05:00","0.20544023415945062","/firefox"
"2021-10-20T22:24:28.487+05:00","0.11439362371764425","/firefox"
"2021-10-20T22:24:28.989+05:00","0.36514212286379494","/firefox"
"2021-10-20T22:24:29.491+05:00","1.0521798433104719","/firefox"
"2021-10-20T22:24:29.993+05:00","0.45484959204247316","/firefox"
"2021-10-20T22:24:30.496+05:00","0.6179029696476122","/firefox"
"2021-10-20T22:24:30.998+05:00","0.13524467174431712","/firefox"
"2021-10-20T22:24:31.500+05:00","12.93516727047748","/firefox"
"2021-10-20T22:24:32.001+05:00","0.9675971756656487","/firefox"
"2021-10-20T22:24:32.503+05:00","1.7148275630814984","/firefox"
"2021-10-20T22:24:33.005+05:00","1.255650666449079","/firefox"
"2021-10-20T22:24:33.505+05:00","6.25916709926232","/firefox"
"2021-10-20T22:24:34.006+05:00","4.229723721404508","/firefox"
"2021-10-20T22:24:34.507+05:00","5.349864752797207","/firefox"
"2021-10-20T22:24:35.008+05:00","4.271808708169742","/firefox"
"2021-10-20T22:24:35.509+05:00","4.6842256133294455","/firefox"
"2021-10-20T22:24:36.009+05:00","11.357316746036725","/firefox"
"2021-10-20T22:24:36.510+05:00","20.40813966602967","/firefox"
"2021-10-20T22:24:37.011+05:00","4.374822095680949","/firefox"
"2021-10-20T22:24:37.512+05:00","8.476203449545638","/firefox"
"2021-10-20T22:24:38.013+05:00","7.523957798452856","/firefox"
"2021-10-20T22:24:38.513+05:00","13.99526374002574","/firefox"
"2021-10-20T22:24:39.014+05:00","10.198844139051896","/firefox"
"2021-10-20T22:24:39.515+05:00","8.621240418095368","/firefox"
"2021-10-20T22:24:40.016+05:00","7.045294141077603","/firefox"
"2021-10-20T22:24:40.517+05:00","6.333681454177912","/firefox"
"2021-10-20T22:24:41.018+05:00","3.669384289726384","/firefox"
"2021-10-20T22:24:41.519+05:00","9.27843200410003","/firefox"
"2021-10-20T22:24:42.020+05:00","7.993190514628669","/firefox"
"2021-10-20T22:24:42.521+05:00","4.794144500811992","/firefox"
"2021-10-20T22:24:43.021+05:00","1.5184999520143712","/firefox"
"2021-10-20T22:24:43.523+05:00","2.3006782552509373","/firefox"
"2021-10-20T22:24:44.024+05:00","0.7503771949341275","/firefox"
"2021-10-20T22:24:44.529+05:00","0.6900808272787161","/firefox"
"2021-10-20T22:24:45.031+05:00","1.5796077473935632","/firefox"
"2021-10-20T22:24:45.533+05:00","2.729332385415083","/firefox"
"2021-10-20T22:24:46.035+05:00","0.2949272275223117","/firefox"
"2021-10-20T22:24:46.537+05:00","0.20674009288686396","/firefox"
"2021-10-20T22:24:47.040+05:00","3.8394383438997184","/firefox"
"2021-10-20T22:24:47.543+05:00","1.0080502618753595","/firefox"
"2021-10-20T22:24:48.044+05:00","0.10917378230638394","/firefox"
"2021-10-20T22:24:48.546+05:00","0.6986203580616162","/firefox"
"2021-10-20T22:24:49.048+05:00","0.45555216639111484","/firefox"
"2021-10-20T22:24:49.551+05:00","1.5213198891778157","/firefox"
"2021-10-20T22:24:50.052+05:00","0.11659007027028323","/firefox"
"2021-10-20T22:24:50.553+05:00","0.2431238299090414","/firefox"
"2021-10-20T22:24:51.056+05:00","1.8149640365924404","/firefox"
"2021-10-20T22:24:51.557+05:00","24.599849279777544","/firefox"
"2021-10-20T22:24:52.058+05:00","0.4883868572856205","/firefox"
"2021-10-20T22:24:52.559+05:00","1.1327216900145778","/firefox"
"2021-10-20T22:24:53.061+05:00","1.968072844033572","/firefox"
"2021-10-20T22:24:53.563+05:00","1.492713939018056","/firefox"
"2021-10-20T22:24:54.064+05:00","1.6951838256308254","/firefox"
"2021-10-20T22:24:54.566+05:00","2.7745013834718675","/firefox"
"2021-10-20T22:24:55.067+05:00","6.203641627415552","/firefox"
"2021-10-20T22:24:55.568+05:00","1.3217639971968271","/firefox"
"2021-10-20T22:24:56.069+05:00","4.657576435926723","/firefox"
"2021-10-20T22:24:56.570+05:00","0.7811423914729545","/firefox"
"2021-10-20T22:24:57.072+05:00","1.455755393230905","/firefox"
"2021-10-20T22:24:57.574+05:00","2.3904992113423598","/firefox"
"2021-10-20T22:24:58.075+05:00","4.13464105363969","/firefox"
"2021-10-20T22:24:58.576+05:00","0.896146202789819","/firefox"
"2021-10-20T22:24:59.077+05:00","1.0744715650746965","/firefox"
"2021-10-20T22:24:59.579+05:00","5.082099887223899","/firefox"
"2021-10-20T22:25:00.582+05:00","2.4448772908577285","/firefox"
"2021-10-20T22:25:01.083+05:00","0.08631417167018268","/firefox"
"2021-10-20T22:25:01.584+05:00","0.13930734086937283","/firefox"
"2021-10-20T22:25:02.085+05:00","0.23166836560881768","/firefox"
"2021-10-20T22:25:02.586+05:00","0.08508345240612994","/firefox"
"2021-10-20T22:25:03.087+05:00","0.08593395692002556","/firefox"
"2021-10-20T22:25:03.589+05:00","0.09543490454192835","/firefox"
"2021-10-20T22:25:04.091+05:00","1.9419286707380117","/firefox"
"2021-10-20T22:25:04.602+05:00","2.2736634067522217","/firefox"
"2021-10-20T22:25:05.104+05:00","0.8909152316930856","/firefox"
"2021-10-20T22:25:05.606+05:00","0.49266244925191494","/firefox"
"2021-10-20T22:25:06.109+05:00","0.2370271090040486","/firefox"
"2021-10-20T22:25:06.611+05:00","0.5272017565001763","/firefox"
"2021-10-20T22:25:07.113+05:00","0.20777783675539835","/firefox"
"2021-10-20T22:25:07.614+05:00","1.8984275580774062","/firefox"
"2021-10-20T22:25:08.115+05:00","2.6377573564981596","/firefox"
"2021-10-20T22:25:08.617+05:00","4.6999870740076215","/firefox"
"2021-10-20T22:25:09.120+05:00","0.3594075548330667","/firefox"
"2021-10-20T22:25:09.622+05:00","0.6502334389261232","/firefox"
"2021-10-20T22:25:10.123+05:00","0.12695568899577822","/firefox"
"2021-10-20T22:25:10.625+05:00","0.5049406283852469","/firefox"
"2021-10-20T22:25:11.127+05:00","0.34041616464087726","/firefox"
"2021-10-20T22:25:11.628+05:00","17.415427266485057","/firefox"
"2021-10-20T22:25:12.129+05:00","0.7694091115635233","/firefox"
"2021-10-20T22:25:12.631+05:00","1.2786718715817635","/firefox"
"2021-10-20T22:25:13.132+05:00","2.2274038277954986","/firefox"
"2021-10-20T22:25:13.634+05:00","2.106779371159826","/firefox"
"2021-10-20T22:25:14.135+05:00","0.6642876394372277","/firefox"
"2021-10-20T22:25:14.637+05:00","1.8905934433464244","/firefox"
"2021-10-20T22:25:15.138+05:00","0.8579649513284625","/firefox"
"2021-10-20T22:25:15.639+05:00","0.4329875195792695","/firefox"
"2021-10-20T22:25:16.140+05:00","0.18193830844641545","/firefox"
"2021-10-20T22:25:16.641+05:00","0.3133503120460867","/firefox"
"2021-10-20T22:25:17.142+05:00","3.8850670930109175","/firefox"
"2021-10-20T22:25:17.643+05:00","2.9252545068704316","/firefox"
"2021-10-20T22:25:18.144+05:00","3.641256920619744","/firefox"
"2021-10-20T22:25:18.645+05:00","1.6441298271005502","/firefox"
"2021-10-20T22:25:19.146+05:00","3.214419875950289","/firefox"
"2021-10-20T22:25:19.647+05:00","2.546601294206515","/firefox"
"2021-10-20T22:25:20.148+05:00","18.37694517532869","/firefox"
"2021-10-20T22:25:20.649+05:00","7.258703141314941","/firefox"
"2021-10-20T22:25:21.150+05:00","2.585108206091765","/firefox"
"2021-10-20T22:25:21.650+05:00","6.573072718546051","/firefox"
"2021-10-20T22:25:22.151+05:00","4.131563932157023","/firefox"
"2021-10-20T22:25:22.652+05:00","6.772482465349412","/firefox"
"2021-10-20T22:25:23.152+05:00","4.275051631505399","/firefox"
"2021-10-20T22:25:23.653+05:00","5.696968525685041","/firefox"
"2021-10-20T22:25:24.154+05:00","4.042712067291777","/firefox"
"2021-10-20T22:25:24.655+05:00","10.91148815947197","/firefox"
"2021-10-20T22:25:25.156+05:00","4.722777376696375","/firefox"
"2021-10-20T22:25:25.657+05:00","22.36994675935496","/firefox"
"2021-10-20T22:25:26.158+05:00","8.268298845021937","/firefox"
"2021-10-20T22:25:26.660+05:00","6.820099625765366","/firefox"
"2021-10-20T22:25:27.161+05:00","1.4526331349364985","/firefox"
"2021-10-20T22:25:27.662+05:00","1.7155071406562394","/firefox"
"2021-10-20T22:25:28.163+05:00","0.6718233879316019","/firefox"
"2021-10-20T22:25:28.664+05:00","5.322150830242424","/firefox"
"2021-10-20T22:25:29.165+05:00","10.03062178188748","/firefox"
"2021-10-20T22:25:29.665+05:00","11.295292771053237","/firefox"
"2021-10-20T22:25:30.166+05:00","0.7015068144556234","/firefox"
"2021-10-20T22:25:30.667+05:00","2.6318498040410354","/firefox"
"2021-10-20T22:25:31.168+05:00","10.826950127347397","/firefox"
"2021-10-20T22:25:31.669+05:00","13.012497660825394","/firefox"
"2021-10-20T22:25:32.170+05:00","3.3050132728612143","/firefox"
"2021-10-20T22:25:32.670+05:00","8.892654569447151","/firefox"
"2021-10-20T22:25:33.171+05:00","3.6277534869837136","/firefox"
"2021-10-20T22:25:33.672+05:00","1.580765526804935","/firefox"
"2021-10-20T22:25:34.173+05:00","16.998783353473513","/firefox"
"2021-10-20T22:25:34.674+05:00","11.211624955284393","/firefox"
"2021-10-20T22:25:35.175+05:00","10.636588400541374","/firefox"
"2021-10-20T22:25:35.676+05:00","9.858620159891059","/firefox"
"2021-10-20T22:25:36.177+05:00","1.5534390489946743","/firefox"
"2021-10-20T22:25:36.678+05:00","2.579056648122298","/firefox"
"2021-10-20T22:25:37.179+05:00","2.8107675051422825","/firefox"
"2021-10-20T22:25:37.679+05:00","1.470418528681483","/firefox"
"2021-10-20T22:25:38.180+05:00","0.7312815540921248","/firefox"
"2021-10-20T22:25:38.681+05:00","2.676187118421933","/firefox"
"2021-10-20T22:25:39.182+05:00","2.6609099649642647","/firefox"
"2021-10-20T22:25:39.683+05:00","4.428150662054885","/firefox"
"2021-10-20T22:25:40.184+05:00","1.4738262320261153","/firefox"
"2021-10-20T22:25:40.685+05:00","4.678341719262349","/firefox"
"2021-10-20T22:25:41.186+05:00","1.4402272053914384","/firefox"
"2021-10-20T22:25:41.687+05:00","1.7277923668585176","/firefox"
"2021-10-20T22:25:42.188+05:00","1.827092035345189","/firefox"
"2021-10-20T22:25:42.689+05:00","1.4572882047792841","/firefox"
"2021-10-20T22:25:43.190+05:00","1.6661926347153022","/firefox"
"2021-10-20T22:25:43.690+05:00","2.3037571561287504","/firefox"
"2021-10-20T22:25:44.191+05:00","0.9646158554758082","/firefox"
"2021-10-20T22:25:44.692+05:00","0.36416831566393393","/firefox"
"2021-10-20T22:25:45.203+05:00","0.5476094985888105","/firefox"
"2021-10-20T22:25:45.705+05:00","0.8280151281791831","/firefox"
"2021-10-20T22:25:46.206+05:00","0.6446229937147367","/firefox"
"2021-10-20T22:25:46.708+05:00","0.15816151102578277","/firefox"
"2021-10-20T22:25:47.209+05:00","0.456077691317323","/firefox"
"2021-10-20T22:25:47.711+05:00","0.14802034453536603","/firefox"
"2021-10-20T22:25:48.212+05:00","0.10228298359731355","/firefox"
"2021-10-20T22:25:48.713+05:00","0.19700239294068855","/firefox"
"2021-10-20T22:25:49.214+05:00","0.08324547199483723","/firefox"
"2021-10-20T22:25:49.714+05:00","0.06815518079992705","/firefox"
"2021-10-20T22:25:50.216+05:00","0.25896233214662134","/firefox"
"2021-10-20T22:25:50.717+05:00","0.7979421837516378","/firefox"
"2021-10-20T22:25:51.218+05:00","0.43892508921457085","/firefox"
"2021-10-20T22:25:51.719+05:00","15.13856344126306","/firefox"
"2021-10-20T22:25:52.220+05:00","3.2036163097228707","/firefox"
"2021-10-20T22:25:52.721+05:00","7.244076653555625","/firefox"
"2021-10-20T22:25:53.222+05:00","1.4966684297372463","/firefox"
"2021-10-20T22:25:53.724+05:00","3.899479316779153","/firefox"
"2021-10-20T22:25:54.225+05:00","0","/firefox"
"2021-10-20T22:25:54.726+05:00","0.30186176281889865","/firefox"
"2021-10-20T22:25:55.228+05:00","0","/firefox"
"2021-10-20T22:25:55.729+05:00","2.5788295101536596","/firefox"
"2021-10-20T22:25:56.230+05:00","0.04860370687717064","/firefox"
"2021-10-20T22:25:56.731+05:00","0.18994438053788695","/firefox"
"2021-10-20T22:25:57.233+05:00","0","/firefox"
"2021-10-20T22:25:57.735+05:00","0.3516423696624388","/firefox"
"2021-10-20T22:25:58.236+05:00","0.21988591215904585","/firefox"
"2021-10-20T22:25:58.738+05:00","0","/firefox"
"2021-10-20T22:25:59.239+05:00","0.1410699969796768","/firefox"
"2021-10-20T22:25:59.740+05:00","2.4814428199687883","/firefox"
"2021-10-20T22:26:00.241+05:00","0","/firefox"
"2021-10-20T22:26:00.742+05:00","0.08116975709512339","/firefox"
"2021-10-20T22:26:01.243+05:00","0","/firefox"
"2021-10-20T22:26:01.744+05:00","0.2902988001630952","/firefox"
"2021-10-20T22:26:02.245+05:00","0.08225821624919931","/firefox"
"2021-10-20T22:26:02.746+05:00","0.027269559866911722","/firefox"
"2021-10-20T22:26:03.247+05:00","0","/firefox"
"2021-10-20T22:26:03.749+05:00","1.4082993727171473","/firefox"
"2021-10-20T22:26:04.250+05:00","0.19263140256959124","/firefox"
"2021-10-20T22:26:04.751+05:00","0","/firefox"
"2021-10-20T22:26:05.252+05:00","0.4410632037297344","/firefox"
"2021-10-20T22:26:05.754+05:00","0.18335691522508063","/firefox"
"2021-10-20T22:26:06.259+05:00","0","/firefox"
"2021-10-20T22:26:06.760+05:00","0.30626133525251925","/firefox"
"2021-10-20T22:26:07.262+05:00","0","/firefox"
"2021-10-20T22:26:07.763+05:00","0.30102559517808714","/firefox"
"2021-10-20T22:26:08.264+05:00","0.0577476869761536","/firefox"
"2021-10-20T22:26:08.766+05:00","0.014803519632330916","/firefox"
"2021-10-20T22:26:09.267+05:00","0.13855290437543197","/firefox"
"2021-10-20T22:26:09.768+05:00","0.1437337599063701","/firefox"
"2021-10-20T22:26:10.270+05:00","0.026580532612173406","/firefox"
"2021-10-20T22:26:10.771+05:00","0.6851875336106777","/firefox"
"2021-10-20T22:26:11.273+05:00","0.10401618425957794","/firefox"
"2021-10-20T22:26:11.774+05:00","14.916677206138296","/firefox"
"2021-10-20T22:26:12.276+05:00","4.267550388369568","/firefox"
"2021-10-20T22:26:12.777+05:00","1.1552805853013146","/firefox"
"2021-10-20T22:26:13.279+05:00","6.409506673671981","/firefox"
"2021-10-20T22:26:13.780+05:00","2.5555085595941747","/firefox"
"2021-10-20T22:26:14.282+05:00","11.360356953532213","/firefox"
"2021-10-20T22:26:14.783+05:00","13.844310946714684","/firefox"
"2021-10-20T22:26:15.284+05:00","13.025368232804379","/firefox"
"2021-10-20T22:26:15.785+05:00","15.895026395961585","/firefox"
"2021-10-20T22:26:16.286+05:00","10.316868845309171","/firefox"
"2021-10-20T22:26:16.787+05:00","6.148144631541885","/firefox"
"2021-10-20T22:26:17.288+05:00","9.381200710949148","/firefox"
"2021-10-20T22:26:17.789+05:00","6.672295679575208","/firefox"
"2021-10-20T22:26:18.289+05:00","7.15069907126363","/firefox"
"2021-10-20T22:26:18.790+05:00","4.6330137856365905","/firefox"
"2021-10-20T22:26:19.291+05:00","3.471437256823819","/firefox"
"2021-10-20T22:26:20.296+05:00","4.089894901298507","/firefox"
"2021-10-20T22:26:20.797+05:00","0.688784934616055","/firefox"
"2021-10-20T22:26:21.299+05:00","0.9300927812643343","/firefox"
"2021-10-20T22:26:21.802+05:00","2.6150878970279154","/firefox"
"2021-10-20T22:26:22.303+05:00","0.6334014963360846","/firefox"
"2021-10-20T22:26:22.804+05:00","3.0153774720839057","/firefox"
"2021-10-20T22:26:23.306+05:00","0.9894036593739921","/firefox"
"2021-10-20T22:26:23.808+05:00","4.099956550288964","/firefox"
"2021-10-20T22:26:24.311+05:00","5.030822468400354","/firefox"
"2021-10-20T22:26:24.813+05:00","1.279392353989599","/firefox"
"2021-10-20T22:26:25.314+05:00","2.3149086556638685","/firefox"
"2021-10-20T22:26:25.816+05:00","1.0587864922379573","/firefox"
"2021-10-20T22:26:26.318+05:00","2.430626012499711","/firefox"
"2021-10-20T22:26:26.821+05:00","0.9447642881076643","/firefox"
"2021-10-20T22:26:27.330+05:00","1.6649931309421524","/firefox"
"2021-10-20T22:26:27.833+05:00","2.6434290471351813","/firefox"
"2021-10-20T22:26:28.335+05:00","1.2952653393488984","/firefox"
"2021-10-20T22:26:28.837+05:00","1.6141298057983646","/firefox"
"2021-10-20T22:26:29.339+05:00","1.7818072486307694","/firefox"
"2021-10-20T22:26:29.842+05:00","1.6223010437330503","/firefox"
"2021-10-20T22:26:30.343+05:00","0.9195980894000674","/firefox"
"2021-10-20T22:26:30.845+05:00","2.2517481319182404","/firefox"
"2021-10-20T22:26:31.348+05:00","1.4973909820036773","/firefox"
"2021-10-20T22:26:32.350+05:00","4.627943919412371","/firefox"
"2021-10-20T22:26:32.851+05:00","6.1479939160876285","/firefox"
"2021-10-20T22:26:33.353+05:00","2.764833710403428","/firefox"
"2021-10-20T22:26:33.856+05:00","4.1306542928818075","/firefox"
"2021-10-20T22:26:34.359+05:00","0.5614743184886304","/firefox"
"2021-10-20T22:26:34.861+05:00","0.023877390777923873","/firefox"
"2021-10-20T22:26:35.364+05:00","0.14712727047606827","/firefox"
"2021-10-20T22:26:35.866+05:00","0.3639898753636368","/firefox"
"2021-10-20T22:26:36.369+05:00","0","/firefox"
"2021-10-20T22:26:36.871+05:00","0.27208497704934453","/firefox"
"2021-10-20T22:26:37.374+05:00","0","/firefox"
"2021-10-20T22:26:37.876+05:00","0.02687259113053385","/firefox"
"2021-10-20T22:26:38.378+05:00","0.42754532024496916","/firefox"
"2021-10-20T22:26:38.880+05:00","0.2840115050188424","/firefox"
"2021-10-20T22:26:39.383+05:00","0.07940327911249997","/firefox"
"2021-10-20T22:26:39.885+05:00","5.569469710645617","/firefox"
"2021-10-20T22:26:40.387+05:00","1.212030619521806","/firefox"
"2021-10-20T22:26:40.889+05:00","0.04943835807404495","/firefox"
"2021-10-20T22:26:41.391+05:00","0.13845719677374757","/firefox"
"2021-10-20T22:26:41.893+05:00","0.8079134955177448","/firefox"
"2021-10-20T22:26:42.395+05:00","0","/firefox"
"2021-10-20T22:26:42.897+05:00","0.3373593595686271","/firefox"
"2021-10-20T22:26:43.400+05:00","0.2311388101282235","/firefox"
"2021-10-20T22:26:43.902+05:00","3.7620202301919234","/firefox"
"2021-10-20T22:26:44.405+05:00","0.12160721671171482","/firefox"
"2021-10-20T22:26:44.907+05:00","0.03609570344360113","/firefox"
"2021-10-20T22:26:45.409+05:00","0.6515185836160075","/firefox"
"2021-10-20T22:26:45.911+05:00","0.06209009714621389","/firefox"
"2021-10-20T22:26:46.414+05:00","0.04207107977576685","/firefox"
"2021-10-20T22:26:46.916+05:00","0.18457007909712692","/firefox"
"2021-10-20T22:26:47.427+05:00","0.2358741940226548","/firefox"
"2021-10-20T22:26:47.928+05:00","1.3249812213148635","/firefox"
"2021-10-20T22:26:48.430+05:00","0.2022960939206828","/firefox"
"2021-10-20T22:26:48.932+05:00","0.1469283157312377","/firefox"
"2021-10-20T22:26:49.435+05:00","0","/firefox"
"2021-10-20T22:26:49.938+05:00","0.1770874699006354","/firefox"
"2021-10-20T22:26:50.440+05:00","0.7504310259905427","/firefox"
"2021-10-20T22:26:50.942+05:00","0","/firefox"
"2021-10-20T22:26:51.445+05:00","0.04775465962068934","/firefox"
"2021-10-20T22:26:51.947+05:00","15.27539010162391","/firefox"
"2021-10-20T22:26:52.448+05:00","1.642229616205055","/firefox"
"2021-10-20T22:26:52.950+05:00","1.2897359073924277","/firefox"
"2021-10-20T22:26:53.452+05:00","3.7103297824450183","/firefox"
"2021-10-20T22:26:53.953+05:00","0.6012728925342177","/firefox"
"2021-10-20T22:26:54.454+05:00","5.480184684409009","/firefox"
"2021-10-20T22:26:54.955+05:00","17.152124725066116","/firefox"
"2021-10-20T22:26:55.457+05:00","7.630200246454984","/firefox"
"2021-10-20T22:26:55.959+05:00","6.689144156436207","/firefox"
"2021-10-20T22:26:56.462+05:00","3.4479822330228944","/firefox"
"2021-10-20T22:26:56.964+05:00","3.217926095103622","/firefox"
"2021-10-20T22:26:57.467+05:00","2.83992128830811","/firefox"
"2021-10-20T22:26:57.969+05:00","2.1177955436649416","/firefox"
"2021-10-20T22:26:58.472+05:00","0.43627475101102353","/firefox"
"2021-10-20T22:26:58.974+05:00","0.0612975340855063","/firefox"
"2021-10-20T22:26:59.476+05:00","0.2614162715256103","/firefox"
"2021-10-20T22:26:59.979+05:00","4.954238720543193","/firefox"
"2021-10-20T22:27:00.481+05:00","0.1770291838352637","/firefox"
"2021-10-20T22:27:00.981+05:00","0.39552445315883067","/firefox"
"2021-10-20T22:27:01.482+05:00","0.17799589460367685","/firefox"
"2021-10-20T22:27:01.983+05:00","0.2811916085756038","/firefox"
"2021-10-20T22:27:02.486+05:00","0.07454844547861829","/firefox"
"2021-10-20T22:27:02.988+05:00","0.08553545891616164","/firefox"
"2021-10-20T22:27:03.491+05:00","0.6204969459812111","/firefox"
"2021-10-20T22:27:03.994+05:00","3.3625786076078814","/firefox"
"2021-10-20T22:27:04.496+05:00","0.3215814994027165","/firefox"
"2021-10-20T22:27:04.999+05:00","0.14257795041056723","/firefox"
"2021-10-20T22:27:05.501+05:00","1.1577437292573554","/firefox"
"2021-10-20T22:27:06.003+05:00","0.3301007203832612","/firefox"
"2021-10-20T22:27:06.505+05:00","0.24925372012416733","/firefox"
"2021-10-20T22:27:07.007+05:00","0.30175343412924643","/firefox"
"2021-10-20T22:27:07.510+05:00","0.21904015011942288","/firefox"
"2021-10-20T22:27:08.012+05:00","0.08860947981579567","/firefox"
"2021-10-20T22:27:08.523+05:00","0.16535851134424434","/firefox"
"2021-10-20T22:27:09.025+05:00","0.1435810774238635","/firefox"
"2021-10-20T22:27:09.528+05:00","0.1120899454164764","/firefox"
"2021-10-20T22:27:10.029+05:00","0.06090605288946362","/firefox"
"2021-10-20T22:27:10.530+05:00","0.5009797230063359","/firefox"
"2021-10-20T22:27:11.032+05:00","0.17942471255680387","/firefox"
"2021-10-20T22:27:11.533+05:00","1.9782786085870907","/firefox"
"2021-10-20T22:27:12.035+05:00","18.149416069363657","/firefox"
"2021-10-20T22:27:12.536+05:00","2.9054403900116563","/firefox"
"2021-10-20T22:27:13.037+05:00","1.1269861960732763","/firefox"
"2021-10-20T22:27:13.539+05:00","1.8694673134036046","/firefox"
"2021-10-20T22:27:14.041+05:00","2.993024448838881","/firefox"
"2021-10-20T22:27:14.543+05:00","1.9495851995912283","/firefox"
"2021-10-20T22:27:15.045+05:00","5.717702437035605","/firefox"
"2021-10-20T22:27:15.547+05:00","3.9939127226592746","/firefox"
"2021-10-20T22:27:16.049+05:00","4.893675727196623","/firefox"
"2021-10-20T22:27:16.550+05:00","4.053077161547057","/firefox"
"2021-10-20T22:27:17.052+05:00","1.7385161235230635","/firefox"
"2021-10-20T22:27:17.554+05:00","2.034877310594582","/firefox"
"2021-10-20T22:27:18.056+05:00","2.039750565049835","/firefox"
"2021-10-20T22:27:18.557+05:00","11.08593166283685","/firefox"
"2021-10-20T22:27:19.058+05:00","6.632781202288157","/firefox"
"2021-10-20T22:27:19.559+05:00","9.004432980061472","/firefox"
"2021-10-20T22:27:20.060+05:00","8.90157538148144","/firefox"
"2021-10-20T22:27:20.561+05:00","8.141696375201265","/firefox"
"2021-10-20T22:27:21.063+05:00","7.052299102451356","/firefox"
"2021-10-20T22:27:21.565+05:00","8.19382326228725","/firefox"
"2021-10-20T22:27:22.066+05:00","14.153667447761832","/firefox"
"2021-10-20T22:27:22.568+05:00","21.957656987392056","/firefox"
"2021-10-20T22:27:23.069+05:00","9.486312840937037","/firefox"
"2021-10-20T22:27:23.571+05:00","14.757848885998296","/firefox"
"2021-10-20T22:27:24.073+05:00","17.88587628453522","/firefox"
"2021-10-20T22:27:24.574+05:00","7.188811061770512","/firefox"
"2021-10-20T22:27:25.075+05:00","3.4166559135812755","/firefox"
"2021-10-20T22:27:25.576+05:00","5.331505399548138","/firefox"
"2021-10-20T22:27:26.078+05:00","4.760057190550263","/firefox"
"2021-10-20T22:27:26.580+05:00","5.214034821284194","/firefox"
"2021-10-20T22:27:27.082+05:00","3.7146869465561787","/firefox"
"2021-10-20T22:27:27.584+05:00","4.294084504752227","/firefox"
"2021-10-20T22:27:28.085+05:00","3.5884897411293424","/firefox"
"2021-10-20T22:27:28.586+05:00","7.132473635956754","/firefox"
"2021-10-20T22:27:29.088+05:00","4.756778971148201","/firefox"
"2021-10-20T22:27:29.593+05:00","3.5042137963288074","/firefox"
"2021-10-20T22:27:30.094+05:00","3.2291014678824563","/firefox"
"2021-10-20T22:27:30.595+05:00","5.289349664095889","/firefox"
"2021-10-20T22:27:31.096+05:00","1.3874318128237408","/firefox"
"2021-10-20T22:27:31.597+05:00","3.611503773033206","/firefox"
"2021-10-20T22:27:32.099+05:00","17.16045321153459","/firefox"
"2021-10-20T22:27:32.601+05:00","1.261954639474557","/firefox"
"2021-10-20T22:27:33.103+05:00","3.1856787276324225","/firefox"
"2021-10-20T22:27:33.604+05:00","0.8155791010583641","/firefox"
"2021-10-20T22:27:34.107+05:00","2.2229522637022083","/firefox"
"2021-10-20T22:27:34.609+05:00","2.1372287970215798","/firefox"
"2021-10-20T22:27:35.111+05:00","0.5001448118632917","/firefox"
"2021-10-20T22:27:35.612+05:00","1.918598740159428","/firefox"
"2021-10-20T22:27:36.114+05:00","6.281430010423829","/firefox"
"2021-10-20T22:27:36.615+05:00","2.804861346870137","/firefox"
"2021-10-20T22:27:37.117+05:00","4.535973953382694","/firefox"
"2021-10-20T22:27:37.619+05:00","4.190960929145519","/firefox"
"2021-10-20T22:27:38.120+05:00","5.876179262755134","/firefox"
"2021-10-20T22:27:38.621+05:00","6.6268293955707875","/firefox"
"2021-10-20T22:27:39.122+05:00","4.177767516208736","/firefox"
"2021-10-20T22:27:39.624+05:00","8.597538461000275","/firefox"
"2021-10-20T22:27:40.125+05:00","14.075866976805345","/firefox"
"2021-10-20T22:27:40.626+05:00","4.474040593818561","/firefox"
"2021-10-20T22:27:41.127+05:00","14.050613371483895","/firefox"
"2021-10-20T22:27:41.629+05:00","12.683234782425881","/firefox"
"2021-10-20T22:27:42.131+05:00","9.749146732951024","/firefox"
"2021-10-20T22:27:42.634+05:00","11.226894242867035","/firefox"
"2021-10-20T22:27:43.136+05:00","4.192035985933627","/firefox"
"2021-10-20T22:27:43.638+05:00","6.947007599529753","/firefox"
"2021-10-20T22:27:44.139+05:00","12.08567886934757","/firefox"
"2021-10-20T22:27:44.641+05:00","4.189971034137992","/firefox"
"2021-10-20T22:27:45.144+05:00","1.4824822643830806","/firefox"
"2021-10-20T22:27:45.646+05:00","1.5262751577123705","/firefox"
"2021-10-20T22:27:46.148+05:00","1.7723354824783484","/firefox"
"2021-10-20T22:27:46.650+05:00","9.449583236319153","/firefox"
"2021-10-20T22:27:47.152+05:00","4.383033492760996","/firefox"
"2021-10-20T22:27:47.654+05:00","10.351462189010482","/firefox"
"2021-10-20T22:27:48.156+05:00","3.6916450250929373","/firefox"
"2021-10-20T22:27:48.658+05:00","3.4934805529611275","/firefox"
"2021-10-20T22:27:49.160+05:00","2.7788628076524766","/firefox"
"2021-10-20T22:27:49.669+05:00","6.088174502864046","/firefox"
"2021-10-20T22:27:50.171+05:00","2.827985768311153","/firefox"
"2021-10-20T22:27:50.673+05:00","5.786232845678189","/firefox"
"2021-10-20T22:27:51.175+05:00","8.97317640457852","/firefox"
"2021-10-20T22:27:51.676+05:00","4.01613254918691","/firefox"
"2021-10-20T22:27:52.178+05:00","18.554755901952056","/firefox"
"2021-10-20T22:27:52.680+05:00","3.5404860753405534","/firefox"
"2021-10-20T22:27:53.181+05:00","0.9968549128213211","/firefox"
"2021-10-20T22:27:53.683+05:00","10.987996125821851","/firefox"
"2021-10-20T22:27:54.184+05:00","13.701481797744334","/firefox"
"2021-10-20T22:27:54.684+05:00","26.382431745296095","/firefox"
"2021-10-20T22:27:55.185+05:00","15.699128483205136","/firefox"
"2021-10-20T22:27:55.686+05:00","12.942908655396074","/firefox"
"2021-10-20T22:27:56.188+05:00","7.6127653629748","/firefox"
"2021-10-20T22:27:56.689+05:00","1.8362324625208146","/firefox"
"2021-10-20T22:27:57.191+05:00","1.2069062699718522","/firefox"
"2021-10-20T22:27:57.693+05:00","0.526338481621184","/firefox"
"2021-10-20T22:27:58.195+05:00","2.432929806106026","/firefox"
"2021-10-20T22:27:58.698+05:00","1.4033273391830035","/firefox"
"2021-10-20T22:27:59.200+05:00","1.166189126272513","/firefox"
"2021-10-20T22:27:59.701+05:00","0.7479496468217659","/firefox"
"2021-10-20T22:28:00.203+05:00","2.368886474620621","/firefox"
"2021-10-20T22:28:00.705+05:00","3.6234134289204736","/firefox"
"2021-10-20T22:28:01.207+05:00","1.7755089723253032","/firefox"
"2021-10-20T22:28:01.709+05:00","3.0057538471862997","/firefox"
"2021-10-20T22:28:02.211+05:00","3.6066973265411977","/firefox"
"2021-10-20T22:28:02.714+05:00","0.3372604447611285","/firefox"
"2021-10-20T22:28:03.216+05:00","1.2010644608364962","/firefox"
"2021-10-20T22:28:03.718+05:00","1.376083078845225","/firefox"
"2021-10-20T22:28:04.220+05:00","1.513724694563626","/firefox"
"2021-10-20T22:28:04.721+05:00","2.465325332346898","/firefox"
"2021-10-20T22:28:05.223+05:00","0.6595420231660422","/firefox"
"2021-10-20T22:28:05.726+05:00","1.70501430295717","/firefox"
"2021-10-20T22:28:06.228+05:00","2.6059690687764094","/firefox"
"2021-10-20T22:28:06.731+05:00","2.122688882329225","/firefox"
"2021-10-20T22:28:07.233+05:00","1.5831122367488255","/firefox"
"2021-10-20T22:28:07.735+05:00","1.681288534554209","/firefox"
"2021-10-20T22:28:08.238+05:00","2.396273765885861","/firefox"
"2021-10-20T22:28:08.740+05:00","3.6221853685023397","/firefox"
"2021-10-20T22:28:09.243+05:00","1.1124047166604758","/firefox"
"2021-10-20T22:28:09.745+05:00","2.4443780174327663","/firefox"
"2021-10-20T22:28:10.247+05:00","1.086841474957084","/firefox"
"2021-10-20T22:28:10.758+05:00","2.7323890769984938","/firefox"
"2021-10-20T22:28:11.260+05:00","2.5040054083205208","/firefox"
"2021-10-20T22:28:11.762+05:00","6.178498859383581","/firefox"
"2021-10-20T22:28:12.264+05:00","13.227968600914704","/firefox"
"2021-10-20T22:28:12.765+05:00","1.76921304147091","/firefox"
"2021-10-20T22:28:13.267+05:00","1.8881919828173512","/firefox"
"2021-10-20T22:28:13.768+05:00","6.0616510315106495","/firefox"
"2021-10-20T22:28:14.269+05:00","14.166751639832087","/firefox"
"2021-10-20T22:28:14.769+05:00","25.902521442051672","/firefox"
"2021-10-20T22:28:15.271+05:00","21.450110387271966","/firefox"
"2021-10-20T22:28:15.772+05:00","20.121197545077948","/firefox"
"2021-10-20T22:28:16.273+05:00","12.820640749404925","/firefox"
"2021-10-20T22:28:16.774+05:00","14.896076817220889","/firefox"
"2021-10-20T22:28:17.274+05:00","16.56660521078561","/firefox"
"2021-10-20T22:28:17.775+05:00","18.521661395064797","/firefox"
"2021-10-20T22:28:18.276+05:00","23.728279825418234","/firefox"
"2021-10-20T22:28:18.777+05:00","18.9648625934267","/firefox"
"2021-10-20T22:28:19.278+05:00","10.659572642452803","/firefox"
"2021-10-20T22:28:19.779+05:00","29.980878537253474","/firefox"
"2021-10-20T22:28:20.280+05:00","25.44600411528322","/firefox"
"2021-10-20T22:28:20.781+05:00","21.618712373026575","/firefox"
"2021-10-20T22:28:21.282+05:00","28.23321398688317","/firefox"
"2021-10-20T22:28:21.784+05:00","19.630572179447025","/firefox"
"2021-10-20T22:28:22.285+05:00","13.6760360781794","/firefox"
"2021-10-20T22:28:22.786+05:00","12.500868855816453","/firefox"
"2021-10-20T22:28:23.287+05:00","16.775655890786116","/firefox"
"2021-10-20T22:28:23.789+05:00","8.005089500260945","/firefox"
"2021-10-20T22:28:24.291+05:00","14.871292078227725","/firefox"
"2021-10-20T22:28:24.792+05:00","6.5825386077345245","/firefox"
"2021-10-20T22:28:25.294+05:00","4.470036346487651","/firefox"
"2021-10-20T22:28:25.795+05:00","4.045730315783111","/firefox"
"2021-10-20T22:28:26.296+05:00","2.579247555262019","/firefox"
"2021-10-20T22:28:26.797+05:00","4.082810893386789","/firefox"
"2021-10-20T22:28:27.299+05:00","0.8016596002161602","/firefox"
"2021-10-20T22:28:27.802+05:00","2.033039324000394","/firefox"
"2021-10-20T22:28:28.303+05:00","1.1393874842710514","/firefox"
"2021-10-20T22:28:28.803+05:00","11.465173262643262","/firefox"
"2021-10-20T22:28:29.305+05:00","2.7407740297317464","/firefox"
"2021-10-20T22:28:29.808+05:00","2.7414847112124443","/firefox"
"2021-10-20T22:28:30.310+05:00","1.1071246950842248","/firefox"
"2021-10-20T22:28:30.811+05:00","2.6652014838728078","/firefox"
"2021-10-20T22:28:31.402+05:00","1.170839710828578","/firefox"
"2021-10-20T22:28:31.909+05:00","9.248836633030464","/firefox"
"2021-10-20T22:28:32.411+05:00","6.116818256810854","/firefox"
"2021-10-20T22:28:32.912+05:00","12.592018697337215","/firefox"
"2021-10-20T22:28:33.413+05:00","1.571990950104936","/firefox"
"2021-10-20T22:28:33.915+05:00","9.78129201258831","/firefox"
"2021-10-20T22:28:34.415+05:00","11.344146583587758","/firefox"
"2021-10-20T22:28:34.917+05:00","11.241841203828855","/firefox"
"2021-10-20T22:28:35.419+05:00","15.55457038840439","/firefox"
"2021-10-20T22:28:35.920+05:00","16.79804628230056","/firefox"
"2021-10-20T22:28:36.422+05:00","6.444108202812366","/firefox"
"2021-10-20T22:28:36.923+05:00","12.982522395242299","/firefox"
"2021-10-20T22:28:37.425+05:00","8.102557211536","/firefox"
"2021-10-20T22:28:37.926+05:00","15.93996287649599","/firefox"
"2021-10-20T22:28:38.428+05:00","13.866385249260361","/firefox"
"2021-10-20T22:28:38.929+05:00","13.429409911975027","/firefox"
"2021-10-20T22:28:39.430+05:00","10.31107260110523","/firefox"
"2021-10-20T22:28:39.931+05:00","7.95864530475261","/firefox"
"2021-10-20T22:28:40.432+05:00","28.256268019415018","/firefox"
"2021-10-20T22:28:40.933+05:00","9.296373709615025","/firefox"
"2021-10-20T22:28:41.434+05:00","4.3746290490280355","/firefox"
"2021-10-20T22:28:41.934+05:00","2.538972256454633","/firefox"
"2021-10-20T22:28:42.435+05:00","1.612022758066303","/firefox"
"2021-10-20T22:28:42.936+05:00","3.149358556028911","/firefox"
"2021-10-20T22:28:44.441+05:00","2.994258525958387","/firefox"
"2021-10-20T22:28:44.943+05:00","0.8256988970658775","/firefox"
"2021-10-20T22:28:45.446+05:00","0.6422422916216017","/firefox"
"2021-10-20T22:28:45.948+05:00","0.9844060283850364","/firefox"
"2021-10-20T22:28:46.451+05:00","0.9593461181175362","/firefox"
"2021-10-20T22:28:46.953+05:00","0.7333702208984667","/firefox"
"2021-10-20T22:28:47.455+05:00","0.2993312732370015","/firefox"
"2021-10-20T22:28:47.958+05:00","1.294967868651603","/firefox"
"2021-10-20T22:28:48.461+05:00","0.28774786402521046","/firefox"
"2021-10-20T22:28:48.963+05:00","1.1373315763195637","/firefox"
"2021-10-20T22:28:49.464+05:00","0.2736742891254076","/firefox"
"2021-10-20T22:28:49.965+05:00","1.4513663878063154","/firefox"
"2021-10-20T22:28:50.467+05:00","0.32825466397009057","/firefox"
"2021-10-20T22:28:50.970+05:00","0.9982827007485413","/firefox"
"2021-10-20T22:28:51.473+05:00","0.3550621328809088","/firefox"
"2021-10-20T22:28:51.975+05:00","0.6075905046463533","/firefox"
"2021-10-20T22:28:52.487+05:00","17.967754314592398","/firefox"
"2021-10-20T22:28:52.988+05:00","2.4913991981858503","/firefox"
"2021-10-20T22:28:53.489+05:00","1.531583328719099","/firefox"
"2021-10-20T22:28:53.991+05:00","0.9896720586421732","/firefox"
"2021-10-20T22:28:54.493+05:00","3.3975471285987773","/firefox"
"2021-10-20T22:28:54.994+05:00","12.232878260626265","/firefox"
"2021-10-20T22:28:55.495+05:00","6.205733230105124","/firefox"
"2021-10-20T22:28:55.997+05:00","7.734624001375784","/firefox"
"2021-10-20T22:28:56.498+05:00","23.840775593953918","/firefox"
"2021-10-20T22:28:56.999+05:00","19.130918869643445","/firefox"
"2021-10-20T22:28:57.501+05:00","13.197449036606894","/firefox"
"2021-10-20T22:28:58.001+05:00","13.761467469326465","/firefox"
"2021-10-20T22:28:58.503+05:00","12.682360194781841","/firefox"
"2021-10-20T22:28:59.004+05:00","10.040661739340354","/firefox"
"2021-10-20T22:28:59.506+05:00","10.43129257748804","/firefox"
"2021-10-20T22:29:00.007+05:00","12.8593456476406","/firefox"
"2021-10-20T22:29:00.509+05:00","11.698628422376968","/firefox"
"2021-10-20T22:29:01.010+05:00","8.29789583581524","/firefox"
"2021-10-20T22:29:01.511+05:00","2.568128396634849","/firefox"
"2021-10-20T22:29:02.012+05:00","2.8910447030247806","/firefox"
"2021-10-20T22:29:02.514+05:00","1.3238688081619059","/firefox"
"2021-10-20T22:29:03.016+05:00","1.8796655409507514","/firefox"
"2021-10-20T22:29:03.519+05:00","1.2606756641485384","/firefox"
"2021-10-20T22:29:04.020+05:00","0.9244356187079571","/firefox"
"2021-10-20T22:29:04.522+05:00","0.21776945379510726","/firefox"
"2021-10-20T22:29:05.024+05:00","5.238649521892853","/firefox"
"2021-10-20T22:29:05.526+05:00","0.6072798453607321","/firefox"
"2021-10-20T22:29:06.029+05:00","0.36501915570265714","/firefox"
"2021-10-20T22:29:06.531+05:00","1.1689100026582695","/firefox"
"2021-10-20T22:29:07.034+05:00","0.6916226993971066","/firefox"
"2021-10-20T22:29:07.536+05:00","0.44124830241627466","/firefox"
"2021-10-20T22:29:08.038+05:00","0.5290100773998421","/firefox"
"2021-10-20T22:29:08.541+05:00","0.5045838601412076","/firefox"
"2021-10-20T22:29:09.044+05:00","1.8908879124511846","/firefox"
"2021-10-20T22:29:09.546+05:00","0.5363883279559307","/firefox"
"2021-10-20T22:29:10.048+05:00","1.060730115499584","/firefox"
"2021-10-20T22:29:10.549+05:00","1.328275751783756","/firefox"
"2021-10-20T22:29:11.051+05:00","0.8615886566672458","/firefox"
"2021-10-20T22:29:11.554+05:00","0.3977449922577571","/firefox"
"2021-10-20T22:29:12.055+05:00","4.857007291170758","/firefox"
"2021-10-20T22:29:12.557+05:00","18.57279237724289","/firefox"
"2021-10-20T22:29:13.058+05:00","3.885523801734225","/firefox"
"2021-10-20T22:29:13.567+05:00","5.64050968696009","/firefox"
"2021-10-20T22:29:14.068+05:00","3.381738547581925","/firefox"
"2021-10-20T22:29:14.569+05:00","8.355000593302314","/firefox"
"2021-10-20T22:29:15.070+05:00","9.322068937694425","/firefox"
"2021-10-20T22:29:15.571+05:00","4.566249114519672","/firefox"
"2021-10-20T22:29:16.072+05:00","5.5842198647131305","/firefox"
"2021-10-20T22:29:16.573+05:00","3.2745267422846216","/firefox"
"2021-10-20T22:29:17.075+05:00","1.2377448636181747","/firefox"
"2021-10-20T22:29:17.577+05:00","3.127225443552092","/firefox"
"2021-10-20T22:29:18.078+05:00","3.2520116315204577","/firefox"
"2021-10-20T22:29:18.580+05:00","4.215572847479851","/firefox"
"2021-10-20T22:29:19.082+05:00","4.511421281267202","/firefox"
"2021-10-20T22:29:19.584+05:00","1.7405999510411494","/firefox"
"2021-10-20T22:29:20.086+05:00","2.1426679016755372","/firefox"
"2021-10-20T22:29:20.588+05:00","3.469772392662238","/firefox"
"2021-10-20T22:29:21.091+05:00","2.092119121275174","/firefox"
"2021-10-20T22:29:21.592+05:00","1.0565056376362842","/firefox"
"2021-10-20T22:29:22.093+05:00","0.9092224086701031","/firefox"
"2021-10-20T22:29:22.594+05:00","1.8531313156690423","/firefox"
"2021-10-20T22:29:23.095+05:00","2.461678196953123","/firefox"
"2021-10-20T22:29:23.596+05:00","2.0053559277535813","/firefox"
"2021-10-20T22:29:24.097+05:00","1.933115134074586","/firefox"
"2021-10-20T22:29:24.598+05:00","1.215973554550533","/firefox"
"2021-10-20T22:29:25.100+05:00","0.39596329828532884","/firefox"
"2021-10-20T22:29:25.601+05:00","3.179143605926723","/firefox"
"2021-10-20T22:29:26.102+05:00","1.9298501560160655","/firefox"
"2021-10-20T22:29:26.603+05:00","1.901356202656745","/firefox"
"2021-10-20T22:29:27.104+05:00","1.085805572745565","/firefox"
"2021-10-20T22:29:27.606+05:00","1.3055385326919846","/firefox"
"2021-10-20T22:29:28.107+05:00","0.787991172172592","/firefox"
"2021-10-20T22:29:28.608+05:00","1.2265344645057108","/firefox"
"2021-10-20T22:29:29.110+05:00","1.1375149223992924","/firefox"
"2021-10-20T22:29:29.611+05:00","1.8284518579096258","/firefox"
"2021-10-20T22:29:30.113+05:00","1.1552272933111825","/firefox"
"2021-10-20T22:29:30.614+05:00","1.0013521529411213","/firefox"
"2021-10-20T22:29:31.115+05:00","2.630209105495024","/firefox"
"2021-10-20T22:29:31.617+05:00","1.5830257830977783","/firefox"
"2021-10-20T22:29:32.119+05:00","3.763084677470982","/firefox"
"2021-10-20T22:29:32.620+05:00","15.996732815030626","/firefox"
"2021-10-20T22:29:33.121+05:00","5.478048164425823","/firefox"
"2021-10-20T22:29:33.622+05:00","4.303969695402924","/firefox"
"2021-10-20T22:29:34.124+05:00","1.8631799598274523","/firefox"
"2021-10-20T22:29:34.629+05:00","2.8047702013880995","/firefox"
"2021-10-20T22:29:35.130+05:00","5.730957316498246","/firefox"
"2021-10-20T22:29:35.631+05:00","6.683270259668507","/firefox"
"2021-10-20T22:29:36.132+05:00","7.476788038816849","/firefox"
"2021-10-20T22:29:36.634+05:00","8.003690088209385","/firefox"
"2021-10-20T22:29:37.135+05:00","1.6522849703396687","/firefox"
"2021-10-20T22:29:37.636+05:00","4.216108351621394","/firefox"
"2021-10-20T22:29:38.138+05:00","8.951961749308946","/firefox"
"2021-10-20T22:29:38.641+05:00","7.691274140877707","/firefox"
"2021-10-20T22:29:39.142+05:00","10.331349254332373","/firefox"
"2021-10-20T22:29:39.643+05:00","2.8566821380472587","/firefox"
"2021-10-20T22:29:40.144+05:00","9.439657237849296","/firefox"
"2021-10-20T22:29:40.646+05:00","10.538975230121627","/firefox"
"2021-10-20T22:29:41.147+05:00","6.144039273997262","/firefox"
"2021-10-20T22:29:41.649+05:00","4.284112037513955","/firefox"
"2021-10-20T22:29:42.150+05:00","2.6991853677459745","/firefox"
"2021-10-20T22:29:42.652+05:00","5.347602450942156","/firefox"
"2021-10-20T22:29:43.153+05:00","8.067974464380967","/firefox"
"2021-10-20T22:29:43.654+05:00","5.745359444818465","/firefox"
"2021-10-20T22:29:44.155+05:00","5.157987033572339","/firefox"
"2021-10-20T22:29:44.656+05:00","0.28448777858045937","/firefox"
"2021-10-20T22:29:45.157+05:00","5.977975797931332","/firefox"
"2021-10-20T22:29:45.658+05:00","0.9844884210565898","/firefox"
"2021-10-20T22:29:46.159+05:00","1.0746966152407853","/firefox"
"2021-10-20T22:29:46.661+05:00","4.361886934534969","/firefox"
"2021-10-20T22:29:47.164+05:00","1.2536669926317408","/firefox"
"2021-10-20T22:29:47.667+05:00","0.8902468782117521","/firefox"
"2021-10-20T22:29:48.169+05:00","0.5893546786973265","/firefox"
"2021-10-20T22:29:48.671+05:00","4.650051819419513","/firefox"
"2021-10-20T22:29:49.173+05:00","1.94599127410602","/firefox"
"2021-10-20T22:29:49.674+05:00","0.19805445727013088","/firefox"
"2021-10-20T22:29:50.175+05:00","0.1985735446597488","/firefox"
"2021-10-20T22:29:50.675+05:00","1.4478334610003945","/firefox"
"2021-10-20T22:29:51.176+05:00","0.13255601405485629","/firefox"
"2021-10-20T22:29:51.677+05:00","0.11820058321266654","/firefox"
"2021-10-20T22:29:52.178+05:00","5.580398984261826","/firefox"
"2021-10-20T22:29:52.679+05:00","13.910890243501136","/firefox"
"2021-10-20T22:29:53.180+05:00","4.734406091436617","/firefox"
"2021-10-20T22:29:53.681+05:00","1.578825786015929","/firefox"
"2021-10-20T22:29:54.182+05:00","3.4140189704529127","/firefox"
"2021-10-20T22:29:54.686+05:00","2.951408781968235","/firefox"
"2021-10-20T22:29:55.187+05:00","2.8775028150462774","/firefox"
"2021-10-20T22:29:55.689+05:00","1.4472526352346524","/firefox"
"2021-10-20T22:29:56.191+05:00","1.981925667059756","/firefox"
"2021-10-20T22:29:56.694+05:00","1.6967394329684606","/firefox"
"2021-10-20T22:29:57.196+05:00","1.711373165129528","/firefox"
"2021-10-20T22:29:57.698+05:00","4.314519178396317","/firefox"
"2021-10-20T22:29:58.199+05:00","4.525930143853804","/firefox"
"2021-10-20T22:29:58.701+05:00","4.704920730648891","/firefox"
"2021-10-20T22:29:59.202+05:00","5.2243965622960165","/firefox"
"2021-10-20T22:29:59.704+05:00","2.8581497952722357","/firefox"
"2021-10-20T22:30:00.206+05:00","2.0369338953530702","/firefox"
"2021-10-20T22:30:00.708+05:00","6.796564267643548","/firefox"
"2021-10-20T22:30:01.210+05:00","1.6499999748653058","/firefox"
"2021-10-20T22:30:01.712+05:00","0.5171832071496696","/firefox"
"2021-10-20T22:30:02.213+05:00","1.9785366159279714","/firefox"
"2021-10-20T22:30:02.715+05:00","5.048305046887286","/firefox"
"2021-10-20T22:30:03.217+05:00","4.445861729782697","/firefox"
"2021-10-20T22:30:03.719+05:00","1.9800299764450624","/firefox"
"2021-10-20T22:30:04.220+05:00","1.541324364039021","/firefox"
"2021-10-20T22:30:04.721+05:00","6.438312898790183","/firefox"
"2021-10-20T22:30:05.222+05:00","5.468787034747698","/firefox"
"2021-10-20T22:30:05.723+05:00","0.6815897862269473","/firefox"
"2021-10-20T22:30:06.225+05:00","1.35560337482102","/firefox"
"2021-10-20T22:30:06.727+05:00","1.629866020591726","/firefox"
"2021-10-20T22:30:07.230+05:00","1.603154428746","/firefox"
"2021-10-20T22:30:07.732+05:00","1.819599767873741","/firefox"
"2021-10-20T22:30:08.234+05:00","1.3868614780471515","/firefox"
"2021-10-20T22:30:08.736+05:00","1.2756962261821636","/firefox"
"2021-10-20T22:30:09.237+05:00","4.265333068651058","/firefox"
"2021-10-20T22:30:09.739+05:00","2.4507855601328945","/firefox"
"2021-10-20T22:30:10.241+05:00","0.5040831441506095","/firefox"
"2021-10-20T22:30:10.743+05:00","3.2987792853016926","/firefox"
"2021-10-20T22:30:11.245+05:00","4.746096066613996","/firefox"
"2021-10-20T22:30:11.748+05:00","2.5647596338694307","/firefox"
"2021-10-20T22:30:12.249+05:00","2.6667787431203447","/firefox"
"2021-10-20T22:30:12.751+05:00","13.571515754415167","/firefox"
"2021-10-20T22:30:13.253+05:00","5.5882947782296934","/firefox"
"2021-10-20T22:30:13.754+05:00","19.57623973483362","/firefox"
"2021-10-20T22:30:14.256+05:00","14.95849890556454","/firefox"
"2021-10-20T22:30:14.757+05:00","3.547599889847531","/firefox"
"2021-10-20T22:30:15.258+05:00","0.603783305639144","/firefox"
"2021-10-20T22:30:15.770+05:00","3.0539145605309717","/firefox"
"2021-10-20T22:30:16.272+05:00","6.562490185544848","/firefox"
"2021-10-20T22:30:16.775+05:00","1.7179050975399257","/firefox"
"2021-10-20T22:30:17.276+05:00","0.35115861219244715","/firefox"
"2021-10-20T22:30:17.779+05:00","0.3492810103261046","/firefox"
"2021-10-20T22:30:18.281+05:00","0.16269964341962448","/firefox"
"2021-10-20T22:30:18.784+05:00","0.060392078524430244","/firefox"
"2021-10-20T22:30:19.286+05:00","0.352827967837402","/firefox"
"2021-10-20T22:30:19.786+05:00","0.015370977697348527","/firefox"
"2021-10-20T22:30:20.289+05:00","0.19931730215271537","/firefox"
"2021-10-20T22:30:20.790+05:00","3.4504557641778084","/firefox"
"2021-10-20T22:30:21.293+05:00","2.8435291696140426","/firefox"
"2021-10-20T22:30:21.796+05:00","0.1280213734609399","/firefox"
"2021-10-20T22:30:22.298+05:00","0.16567341166492514","/firefox"
"2021-10-20T22:30:22.801+05:00","0.39043779595587985","/firefox"
"2021-10-20T22:30:23.303+05:00","0.22137313514263396","/firefox"
"2021-10-20T22:30:23.806+05:00","0.019380368330856493","/firefox"
"2021-10-20T22:30:24.309+05:00","0","/firefox"
"2021-10-20T22:30:24.811+05:00","0.26835046431465903","/firefox"
"2021-10-20T22:30:25.314+05:00","2.3670579016519273","/firefox"
"2021-10-20T22:30:25.817+05:00","0.6964193949598142","/firefox"
"2021-10-20T22:30:26.320+05:00","0.10259363683678772","/firefox"
"2021-10-20T22:30:26.822+05:00","0","/firefox"
"2021-10-20T22:30:27.325+05:00","0","/firefox"
"2021-10-20T22:30:27.828+05:00","0.32554169605237426","/firefox"
"2021-10-20T22:30:28.330+05:00","0","/firefox"
"2021-10-20T22:30:28.832+05:00","0","/firefox"
"2021-10-20T22:30:29.335+05:00","0.33952001141214544","/firefox"
"2021-10-20T22:30:29.837+05:00","0","/firefox"
"2021-10-20T22:30:30.340+05:00","0.03138680048145648","/firefox"
"2021-10-20T22:30:30.843+05:00","0.9337688676023639","/firefox"
"2021-10-20T22:30:31.345+05:00","0.1665929096326468","/firefox"
"2021-10-20T22:30:31.847+05:00","0.03291163511523574","/firefox"
"2021-10-20T22:30:32.349+05:00","0.13674197840919566","/firefox"
"2021-10-20T22:30:32.851+05:00","16.127511638330574","/firefox"
"2021-10-20T22:30:33.352+05:00","4.359828624393745","/firefox"
"2021-10-20T22:30:33.853+05:00","5.879435319024863","/firefox"
"2021-10-20T22:30:34.355+05:00","5.581371187500144","/firefox"
"2021-10-20T22:30:34.857+05:00","7.230770355804076","/firefox"
"2021-10-20T22:30:35.359+05:00","9.017640226920404","/firefox"
"2021-10-20T22:30:35.860+05:00","18.358785649517966","/firefox"
"2021-10-20T22:30:36.361+05:00","14.226173178064464","/firefox"
"2021-10-20T22:30:36.867+05:00","3.6057588659668167","/firefox"
"2021-10-20T22:30:37.369+05:00","23.457279023120293","/firefox"
"2021-10-20T22:30:37.871+05:00","32.90591454276553","/firefox"
"2021-10-20T22:30:38.372+05:00","9.96768331686531","/firefox"
"2021-10-20T22:30:38.873+05:00","9.057612941823951","/firefox"
"2021-10-20T22:30:39.374+05:00","19.37926111092981","/firefox"
"2021-10-20T22:30:39.875+05:00","16.08662531541194","/firefox"
"2021-10-20T22:30:40.378+05:00","15.047293096057905","/firefox"
"2021-10-20T22:30:40.880+05:00","7.769300122518814","/firefox"
"2021-10-20T22:30:41.382+05:00","16.927672853226234","/firefox"
"2021-10-20T22:30:41.885+05:00","7.060230786579204","/firefox"
"2021-10-20T22:30:42.387+05:00","4.33772835062431","/firefox"
"2021-10-20T22:30:42.889+05:00","2.4646313300021663","/firefox"
"2021-10-20T22:30:43.392+05:00","2.0484769765287183","/firefox"
"2021-10-20T22:30:43.894+05:00","1.6820184253263073","/firefox"
"2021-10-20T22:30:44.396+05:00","2.7389628171002793","/firefox"
"2021-10-20T22:30:44.899+05:00","3.194907940644452","/firefox"
"2021-10-20T22:30:45.401+05:00","2.9380016205241177","/firefox"
"2021-10-20T22:30:45.903+05:00","2.230191856883879","/firefox"
"2021-10-20T22:30:46.404+05:00","3.626440397872919","/firefox"
"2021-10-20T22:30:46.906+05:00","2.498828749037543","/firefox"
"2021-10-20T22:30:47.408+05:00","0.879140871385979","/firefox"
"2021-10-20T22:30:47.909+05:00","0.936272768989176","/firefox"
"2021-10-20T22:30:48.412+05:00","1.826085686492596","/firefox"
"2021-10-20T22:30:48.914+05:00","2.551398660501029","/firefox"
"2021-10-20T22:30:49.416+05:00","5.428717409627975","/firefox"
"2021-10-20T22:30:49.919+05:00","4.725828966856998","/firefox"
"2021-10-20T22:30:50.422+05:00","2.6808545094244653","/firefox"
"2021-10-20T22:30:50.923+05:00","2.396030109564889","/firefox"
"2021-10-20T22:30:51.424+05:00","0.8092263371992877","/firefox"
"2021-10-20T22:30:51.924+05:00","2.976780172990068","/firefox"
"2021-10-20T22:30:52.425+05:00","0.6421175616875343","/firefox"
"2021-10-20T22:30:52.927+05:00","19.202788086226043","/firefox"
"2021-10-20T22:30:53.429+05:00","2.5958436356464394","/firefox"
"2021-10-20T22:30:53.930+05:00","0.8787397884345454","/firefox"
"2021-10-20T22:30:54.432+05:00","1.030040187861978","/firefox"
"2021-10-20T22:30:54.934+05:00","2.2162804816443655","/firefox"
"2021-10-20T22:30:55.436+05:00","1.8051782881304868","/firefox"
"2021-10-20T22:30:55.938+05:00","1.7467263603065757","/firefox"
"2021-10-20T22:30:56.439+05:00","1.7811410749441736","/firefox"
"2021-10-20T22:30:56.946+05:00","8.84550417738491","/firefox"
"2021-10-20T22:30:57.448+05:00","12.28742529600216","/firefox"
"2021-10-20T22:30:57.949+05:00","1.5150349873454307","/firefox"
"2021-10-20T22:30:58.451+05:00","1.4713017720921502","/firefox"
"2021-10-20T22:30:58.953+05:00","1.7674899143526002","/firefox"
"2021-10-20T22:30:59.455+05:00","1.4217880745500455","/firefox"
"2021-10-20T22:30:59.956+05:00","0.6145330523379768","/firefox"
"2021-10-20T22:31:00.456+05:00","0.3969162229464366","/firefox"
"2021-10-20T22:31:00.957+05:00","7.647432173072208","/firefox"
"2021-10-20T22:31:01.458+05:00","0.4949235175162589","/firefox"
"2021-10-20T22:31:01.959+05:00","0.25852158894641786","/firefox"
"2021-10-20T22:31:02.460+05:00","3.0522149501083904","/firefox"
"2021-10-20T22:31:02.961+05:00","0.20313198128464027","/firefox"
"2021-10-20T22:31:03.462+05:00","1.6409639996813226","/firefox"
"2021-10-20T22:31:03.963+05:00","0.2655435977501021","/firefox"
"2021-10-20T22:31:04.464+05:00","1.6022115187207777","/firefox"
"2021-10-20T22:31:04.965+05:00","3.122240854946771","/firefox"
"2021-10-20T22:31:05.467+05:00","0.38316471862047796","/firefox"
"2021-10-20T22:31:05.968+05:00","0.7360926796422269","/firefox"
"2021-10-20T22:31:06.469+05:00","1.288034718387244","/firefox"
"2021-10-20T22:31:06.972+05:00","1.3825846756504676","/firefox"
"2021-10-20T22:31:07.473+05:00","3.23410804676184","/firefox"
"2021-10-20T22:31:07.974+05:00","3.3748839043132772","/firefox"
"2021-10-20T22:31:08.476+05:00","0.6359048970754257","/firefox"
"2021-10-20T22:31:08.977+05:00","2.560500940104973","/firefox"
"2021-10-20T22:31:09.478+05:00","1.3375940403117688","/firefox"
"2021-10-20T22:31:09.980+05:00","1.746151998455033","/firefox"
"2021-10-20T22:31:10.481+05:00","6.12793178938902","/firefox"
"2021-10-20T22:31:10.982+05:00","2.728836041816284","/firefox"
"2021-10-20T22:31:11.484+05:00","2.165805641561919","/firefox"
"2021-10-20T22:31:11.985+05:00","1.6443715753896688","/firefox"
"2021-10-20T22:31:12.487+05:00","3.7321317234537763","/firefox"
"2021-10-20T22:31:12.987+05:00","8.526959326682064","/firefox"
"2021-10-20T22:31:13.488+05:00","0.31614040329702925","/firefox"
"2021-10-20T22:31:13.989+05:00","1.331579967101274","/firefox"
"2021-10-20T22:31:14.492+05:00","9.037824766791513","/firefox"
"2021-10-20T22:31:14.993+05:00","3.045178717505508","/firefox"
"2021-10-20T22:31:15.495+05:00","1.332477370095579","/firefox"
"2021-10-20T22:31:15.997+05:00","1.2734904404606533","/firefox"
"2021-10-20T22:31:16.498+05:00","0.5701344622447527","/firefox"
"2021-10-20T22:31:16.999+05:00","2.0307494781455624","/firefox"
"2021-10-20T22:31:17.501+05:00","1.980395126488319","/firefox"
"2021-10-20T22:31:18.007+05:00","1.2472001323081339","/firefox"
"2021-10-20T22:31:18.509+05:00","1.8280197864014893","/firefox"
"2021-10-20T22:31:19.010+05:00","2.315790625753338","/firefox"
"2021-10-20T22:31:19.512+05:00","3.6138806005629194","/firefox"
"2021-10-20T22:31:20.013+05:00","1.2295255450371296","/firefox"
"2021-10-20T22:31:20.514+05:00","0.6454499524386734","/firefox"
"2021-10-20T22:31:21.015+05:00","1.4229606060219204","/firefox"
"2021-10-20T22:31:21.517+05:00","1.660376326547541","/firefox"
"2021-10-20T22:31:22.018+05:00","4.138231958689197","/firefox"
"2021-10-20T22:31:22.520+05:00","1.7403343190786698","/firefox"
"2021-10-20T22:31:23.022+05:00","3.0917534894254723","/firefox"
"2021-10-20T22:31:23.524+05:00","2.7298255223078547","/firefox"
"2021-10-20T22:31:24.025+05:00","1.2145209155197274","/firefox"
"2021-10-20T22:31:24.526+05:00","2.5460965364498063","/firefox"
"2021-10-20T22:31:25.027+05:00","6.836618954354608","/firefox"
"2021-10-20T22:31:25.529+05:00","4.609761740933364","/firefox"
"2021-10-20T22:31:26.031+05:00","3.8225856363690203","/firefox"
"2021-10-20T22:31:26.533+05:00","3.2594002796657353","/firefox"
"2021-10-20T22:31:27.035+05:00","2.2823234120616407","/firefox"
"2021-10-20T22:31:27.536+05:00","2.4271751054128297","/firefox"
"2021-10-20T22:31:28.037+05:00","1.7450756581568438","/firefox"
"2021-10-20T22:31:28.539+05:00","2.3646192547252003","/firefox"
"2021-10-20T22:31:29.040+05:00","7.912927610042575","/firefox"
"2021-10-20T22:31:29.541+05:00","6.0887919694333075","/firefox"
"2021-10-20T22:31:30.042+05:00","6.75563669172345","/firefox"
"2021-10-20T22:31:30.543+05:00","6.900522373278772","/firefox"
"2021-10-20T22:31:31.044+05:00","4.219842822148824","/firefox"
"2021-10-20T22:31:31.546+05:00","3.3726406673444793","/firefox"
"2021-10-20T22:31:32.047+05:00","1.8108148251807343","/firefox"
"2021-10-20T22:31:32.549+05:00","3.4772592290167124","/firefox"
"2021-10-20T22:31:33.050+05:00","15.809394465753149","/firefox"
"2021-10-20T22:31:33.551+05:00","1.4437400827497373","/firefox"
"2021-10-20T22:31:34.052+05:00","6.242192423221582","/firefox"
"2021-10-20T22:31:34.553+05:00","2.3184318024562005","/firefox"
"2021-10-20T22:31:35.054+05:00","3.04729385672588","/firefox"
"2021-10-20T22:31:35.555+05:00","9.326977503092374","/firefox"
"2021-10-20T22:31:36.057+05:00","10.77278877939769","/firefox"
"2021-10-20T22:31:36.557+05:00","22.077966798675316","/firefox"
"2021-10-20T22:31:37.058+05:00","25.848701926571884","/firefox"
"2021-10-20T22:31:37.559+05:00","12.847266028722174","/firefox"
"2021-10-20T22:31:38.061+05:00","17.919536928005044","/firefox"
"2021-10-20T22:31:38.562+05:00","12.79472371772551","/firefox"
"2021-10-20T22:31:39.067+05:00","7.963333773849186","/firefox"
"2021-10-20T22:31:39.568+05:00","6.490418829829769","/firefox"
"2021-10-20T22:31:40.069+05:00","5.608164542540733","/firefox"
"2021-10-20T22:31:40.570+05:00","7.865581362311386","/firefox"
"2021-10-20T22:31:41.071+05:00","6.844284554261138","/firefox"
"2021-10-20T22:31:41.572+05:00","4.305471386004328","/firefox"
"2021-10-20T22:31:42.073+05:00","9.55489560934885","/firefox"
"2021-10-20T22:31:42.574+05:00","3.893208921237526","/firefox"
"2021-10-20T22:31:43.076+05:00","4.678047866667646","/firefox"
"2021-10-20T22:31:43.578+05:00","4.3607393901279154","/firefox"
"2021-10-20T22:31:44.079+05:00","3.3066724584610974","/firefox"
"2021-10-20T22:31:44.581+05:00","3.22115634953953","/firefox"
"2021-10-20T22:31:45.082+05:00","1.9410191334388207","/firefox"
"2021-10-20T22:31:45.583+05:00","1.745209152907897","/firefox"
"2021-10-20T22:31:46.084+05:00","2.668941885792709","/firefox"
"2021-10-20T22:31:46.585+05:00","3.6342505145803274","/firefox"
"2021-10-20T22:31:47.086+05:00","4.9261993485485585","/firefox"
"2021-10-20T22:31:47.588+05:00","8.456890715114183","/firefox"
"2021-10-20T22:31:48.089+05:00","2.4708998137701372","/firefox"
"2021-10-20T22:31:48.592+05:00","4.072328379630179","/firefox"
"2021-10-20T22:31:49.092+05:00","4.145814316095463","/firefox"
"2021-10-20T22:31:49.594+05:00","2.7411205098899964","/firefox"
"2021-10-20T22:31:50.094+05:00","2.4179861018025113","/firefox"
"2021-10-20T22:31:50.596+05:00","4.1326949832467275","/firefox"
"2021-10-20T22:31:51.098+05:00","4.497925298358345","/firefox"
"2021-10-20T22:31:51.600+05:00","1.6179543406013266","/firefox"
"2021-10-20T22:31:52.130+05:00","4.082008188436253","/firefox"
"2021-10-20T22:31:52.631+05:00","6.3434550389588855","/firefox"
"2021-10-20T22:31:53.132+05:00","17.104035700707875","/firefox"
"2021-10-20T22:31:53.633+05:00","4.063679559783739","/firefox"
"2021-10-20T22:31:54.134+05:00","1.0901506876835652","/firefox"
"2021-10-20T22:31:54.635+05:00","1.047715003007009","/firefox"
"2021-10-20T22:31:55.136+05:00","3.2462778960807013","/firefox"
"2021-10-20T22:31:55.637+05:00","2.56524429214753","/firefox"
"2021-10-20T22:31:56.138+05:00","2.805591110733477","/firefox"
"2021-10-20T22:31:56.639+05:00","3.013506911252818","/firefox"
"2021-10-20T22:31:57.140+05:00","5.8581188480477255","/firefox"
"2021-10-20T22:31:57.642+05:00","16.03842333828185","/firefox"
"2021-10-20T22:31:58.142+05:00","10.139011173423178","/firefox"
"2021-10-20T22:31:58.643+05:00","23.131298028732317","/firefox"
"2021-10-20T22:31:59.154+05:00","12.444289819451791","/firefox"
"2021-10-20T22:31:59.655+05:00","6.602415101999128","/firefox"
"2021-10-20T22:32:00.156+05:00","7.041163669793584","/firefox"
"2021-10-20T22:32:00.657+05:00","2.0661325944279993","/firefox"
"2021-10-20T22:32:01.158+05:00","3.99392730914552","/firefox"
"2021-10-20T22:32:01.660+05:00","4.460277563056006","/firefox"
"2021-10-20T22:32:02.161+05:00","6.607842563021238","/firefox"
"2021-10-20T22:32:02.662+05:00","5.219233897819031","/firefox"
"2021-10-20T22:32:03.162+05:00","5.445992261049618","/firefox"
"2021-10-20T22:32:03.664+05:00","3.9195072021620088","/firefox"
"2021-10-20T22:32:04.165+05:00","1.9934681816906796","/firefox"
"2021-10-20T22:32:04.667+05:00","1.0622676370158999","/firefox"
"2021-10-20T22:32:05.169+05:00","2.5995564186892697","/firefox"
"2021-10-20T22:32:05.671+05:00","1.8987383569419383","/firefox"
"2021-10-20T22:32:06.172+05:00","1.4742022135465527","/firefox"
"2021-10-20T22:32:06.674+05:00","0.7899435884734317","/firefox"
"2021-10-20T22:32:07.176+05:00","1.6746671183248947","/firefox"
"2021-10-20T22:32:07.677+05:00","1.379056982006615","/firefox"
"2021-10-20T22:32:08.178+05:00","6.754312903835628","/firefox"
"2021-10-20T22:32:08.678+05:00","0.7358655875746575","/firefox"
"2021-10-20T22:32:09.179+05:00","2.8366187051019973","/firefox"
"2021-10-20T22:32:09.681+05:00","1.2654221067068685","/firefox"
"2021-10-20T22:32:10.182+05:00","0.9120596495210055","/firefox"
"2021-10-20T22:32:10.683+05:00","1.0682982094044282","/firefox"
"2021-10-20T22:32:11.184+05:00","5.057347410054537","/firefox"
"2021-10-20T22:32:11.685+05:00","0.4743744428317649","/firefox"
"2021-10-20T22:32:12.186+05:00","2.741845838502024","/firefox"
"2021-10-20T22:32:12.688+05:00","0.7156446718966564","/firefox"
"2021-10-20T22:32:13.189+05:00","16.61122730007526","/firefox"
"2021-10-20T22:32:13.690+05:00","3.935300388843058","/firefox"
"2021-10-20T22:32:14.191+05:00","4.784258158348622","/firefox"
"2021-10-20T22:32:14.693+05:00","3.297219085033655","/firefox"
"2021-10-20T22:32:15.194+05:00","20.065953767047134","/firefox"
"2021-10-20T22:32:15.695+05:00","10.281683914079126","/firefox"
"2021-10-20T22:32:16.196+05:00","8.321135872037537","/firefox"
"2021-10-20T22:32:16.697+05:00","10.596712244494913","/firefox"
"2021-10-20T22:32:17.198+05:00","9.556156141181903","/firefox"
"2021-10-20T22:32:17.699+05:00","3.064866003238033","/firefox"
"2021-10-20T22:32:18.201+05:00","1.9122821196425246","/firefox"
"2021-10-20T22:32:18.702+05:00","1.9592095642309417","/firefox"
"2021-10-20T22:32:19.204+05:00","1.9451341717289963","/firefox"
"2021-10-20T22:32:19.706+05:00","2.3231688153233647","/firefox"
"2021-10-20T22:32:20.214+05:00","1.7556529774833873","/firefox"
"2021-10-20T22:32:20.715+05:00","0.6041549291134918","/firefox"
"2021-10-20T22:32:21.217+05:00","4.286974682479952","/firefox"
"2021-10-20T22:32:21.719+05:00","3.871471129821099","/firefox"
"2021-10-20T22:32:22.221+05:00","2.2834573539231657","/firefox"
"2021-10-20T22:32:22.724+05:00","1.752801047598531","/firefox"
"2021-10-20T22:32:23.226+05:00","2.5153399527788416","/firefox"
"2021-10-20T22:32:23.728+05:00","2.20145885581789","/firefox"
"2021-10-20T22:32:24.231+05:00","1.8698939010160793","/firefox"
"2021-10-20T22:32:24.732+05:00","0.7831498883374182","/firefox"
"2021-10-20T22:32:25.235+05:00","2.608745866215002","/firefox"
"2021-10-20T22:32:25.737+05:00","1.8125575149470032","/firefox"
"2021-10-20T22:32:26.240+05:00","3.547333198376351","/firefox"
"2021-10-20T22:32:26.742+05:00","2.6505180723203203","/firefox"
"2021-10-20T22:32:27.244+05:00","3.470256624989706","/firefox"
"2021-10-20T22:32:27.747+05:00","2.4201388488153226","/firefox"
"2021-10-20T22:32:28.249+05:00","2.630737409145911","/firefox"
"2021-10-20T22:32:28.751+05:00","1.7665128406299648","/firefox"
"2021-10-20T22:32:29.254+05:00","2.61346996125662","/firefox"
"2021-10-20T22:32:29.756+05:00","2.2861893713859396","/firefox"
"2021-10-20T22:32:30.259+05:00","1.7183638737835882","/firefox"
"2021-10-20T22:32:30.762+05:00","0.8725887654846892","/firefox"
"2021-10-20T22:32:31.264+05:00","2.75423621469293","/firefox"
"2021-10-20T22:32:31.767+05:00","1.9009751385561886","/firefox"
"2021-10-20T22:32:32.269+05:00","3.4990911081272635","/firefox"
"2021-10-20T22:32:32.770+05:00","0.7987611036756661","/firefox"
"2021-10-20T22:32:33.272+05:00","17.796607507765884","/firefox"
"2021-10-20T22:32:33.774+05:00","2.970756046037234","/firefox"
"2021-10-20T22:32:34.276+05:00","2.62112252690431","/firefox"
"2021-10-20T22:32:34.778+05:00","1.214513501418081","/firefox"
"2021-10-20T22:32:35.280+05:00","2.469805205917961","/firefox"
"2021-10-20T22:32:35.782+05:00","2.248845808810857","/firefox"
"2021-10-20T22:32:36.285+05:00","1.9376499854679603","/firefox"
"2021-10-20T22:32:36.787+05:00","0.8121948408221709","/firefox"
"2021-10-20T22:32:37.289+05:00","1.8654270805897886","/firefox"
"2021-10-20T22:32:37.790+05:00","1.3612833658831696","/firefox"
"2021-10-20T22:32:38.292+05:00","2.0791137228658663","/firefox"
"2021-10-20T22:32:38.794+05:00","0.6437336265948564","/firefox"
"2021-10-20T22:32:39.296+05:00","1.989372264134589","/firefox"
"2021-10-20T22:32:39.804+05:00","1.1702699497244802","/firefox"
"2021-10-20T22:32:40.306+05:00","1.804411285066937","/firefox"
"2021-10-20T22:32:40.808+05:00","0.8326545941303516","/firefox"
"2021-10-20T22:32:41.310+05:00","4.946914818372349","/firefox"
"2021-10-20T22:32:41.813+05:00","1.534193547139177","/firefox"
"2021-10-20T22:32:42.314+05:00","1.5540274370880534","/firefox"
"2021-10-20T22:32:42.815+05:00","5.9514691373602915","/firefox"
"2021-10-20T22:32:43.316+05:00","4.852482630549763","/firefox"
"2021-10-20T22:32:43.818+05:00","8.533312677079405","/firefox"
"2021-10-20T22:32:44.319+05:00","10.316028087623716","/firefox"
"2021-10-20T22:32:44.821+05:00","24.65823177208762","/firefox"
"2021-10-20T22:32:45.322+05:00","5.67795328171983","/firefox"
"2021-10-20T22:32:45.823+05:00","5.9607954918646255","/firefox"
"2021-10-20T22:32:46.324+05:00","1.3509709528094898","/firefox"
"2021-10-20T22:32:46.825+05:00","17.298214922101273","/firefox"
"2021-10-20T22:32:47.326+05:00","11.666085682532689","/firefox"
"2021-10-20T22:32:47.827+05:00","4.000325637144446","/firefox"
"2021-10-20T22:32:48.329+05:00","3.4134866798017143","/firefox"
"2021-10-20T22:32:48.830+05:00","4.368648348545657","/firefox"
"2021-10-20T22:32:49.332+05:00","13.505868865666395","/firefox"
"2021-10-20T22:32:49.833+05:00","14.927428754304522","/firefox"
"2021-10-20T22:32:50.334+05:00","7.489844152807063","/firefox"
"2021-10-20T22:32:50.836+05:00","6.723324784959232","/firefox"
"2021-10-20T22:32:51.337+05:00","9.945707997991459","/firefox"
"2021-10-20T22:32:51.839+05:00","7.20198066171159","/firefox"
"2021-10-20T22:32:52.341+05:00","9.209126574206152","/firefox"
"2021-10-20T22:32:52.843+05:00","10.42164412975583","/firefox"
"2021-10-20T22:32:53.344+05:00","17.519433862485563","/firefox"
"2021-10-20T22:32:53.846+05:00","0.8866961736109586","/firefox"
"2021-10-20T22:32:54.347+05:00","3.905425539776556","/firefox"
"2021-10-20T22:32:54.849+05:00","3.935609932556421","/firefox"
"2021-10-20T22:32:55.350+05:00","4.989734735014938","/firefox"
"2021-10-20T22:32:55.851+05:00","14.490665661781055","/firefox"
"2021-10-20T22:32:56.352+05:00","25.06867624200465","/firefox"
"2021-10-20T22:32:56.853+05:00","21.91128521735246","/firefox"
"2021-10-20T22:32:57.354+05:00","24.435264730048246","/firefox"
"2021-10-20T22:32:57.855+05:00","12.233789238339574","/firefox"
"2021-10-20T22:32:58.356+05:00","11.390782871871085","/firefox"
"2021-10-20T22:32:58.857+05:00","8.089217406932333","/firefox"
"2021-10-20T22:32:59.358+05:00","9.850775526489684","/firefox"
"2021-10-20T22:32:59.863+05:00","10.379701164519005","/firefox"
"2021-10-20T22:33:00.364+05:00","11.229132035143945","/firefox"
"2021-10-20T22:33:00.865+05:00","10.534316098780652","/firefox"
"2021-10-20T22:33:01.366+05:00","10.512082982256604","/firefox"
"2021-10-20T22:33:01.866+05:00","12.125429450880254","/firefox"
"2021-10-20T22:33:02.367+05:00","14.065622837347654","/firefox"
"2021-10-20T22:33:02.868+05:00","37.1912441192434","/firefox"
"2021-10-20T22:33:03.369+05:00","23.351988860856324","/firefox"
"2021-10-20T22:33:03.870+05:00","30.832302135677345","/firefox"
"2021-10-20T22:33:04.372+05:00","24.361191934527426","/firefox"
"2021-10-20T22:33:04.873+05:00","19.997008182487694","/firefox"
"2021-10-20T22:33:05.374+05:00","26.10762100371978","/firefox"
"2021-10-20T22:33:05.875+05:00","15.459959406538108","/firefox"
"2021-10-20T22:33:06.376+05:00","20.033867846345057","/firefox"
"2021-10-20T22:33:06.877+05:00","15.94387762764001","/firefox"
"2021-10-20T22:33:07.379+05:00","16.9799960843204","/firefox"
"2021-10-20T22:33:07.880+05:00","17.143518380479982","/firefox"
"2021-10-20T22:33:08.382+05:00","29.932075138805253","/firefox"
"2021-10-20T22:33:08.883+05:00","13.37777114808889","/firefox"
"2021-10-20T22:33:09.384+05:00","16.208127161656545","/firefox"
"2021-10-20T22:33:09.885+05:00","20.127299730951723","/firefox"
"2021-10-20T22:33:10.386+05:00","16.76018009983737","/firefox"
"2021-10-20T22:33:10.887+05:00","17.374331669383544","/firefox"
"2021-10-20T22:33:11.388+05:00","18.045012629733634","/firefox"
"2021-10-20T22:33:11.889+05:00","14.803801936206185","/firefox"
"2021-10-20T22:33:12.391+05:00","25.661870554646995","/firefox"
"2021-10-20T22:33:12.892+05:00","19.72398975393421","/firefox"
"2021-10-20T22:33:13.393+05:00","20.913621708457065","/firefox"
"2021-10-20T22:33:13.893+05:00","13.504409124974623","/firefox"
"2021-10-20T22:33:14.394+05:00","3.8589911887433312","/firefox"
"2021-10-20T22:33:14.897+05:00","1.5220361126929254","/firefox"
"2021-10-20T22:33:15.399+05:00","3.9087407324408794","/firefox"
"2021-10-20T22:33:15.902+05:00","0.43113380124304945","/firefox"
"2021-10-20T22:33:16.404+05:00","0.947820424147386","/firefox"
"2021-10-20T22:33:16.907+05:00","0.09891007492319828","/firefox"
"2021-10-20T22:33:17.409+05:00","0","/firefox"
"2021-10-20T22:33:17.912+05:00","0.09514484315107237","/firefox"
"2021-10-20T22:33:18.414+05:00","0.6379649847055567","/firefox"
"2021-10-20T22:33:18.917+05:00","0.00884040142826482","/firefox"
"2021-10-20T22:33:19.420+05:00","0.09148507494337613","/firefox"
"2021-10-20T22:33:19.923+05:00","0","/firefox"
"2021-10-20T22:33:20.426+05:00","0","/firefox"
"2021-10-20T22:33:20.939+05:00","0.1410595710859874","/firefox"
"2021-10-20T22:33:21.440+05:00","0.28034547166350143","/firefox"
"2021-10-20T22:33:21.943+05:00","1.4267439990419877","/firefox"
"2021-10-20T22:33:22.446+05:00","0.12199297020080041","/firefox"
"2021-10-20T22:33:22.948+05:00","0.10865288693269416","/firefox"
"2021-10-20T22:33:23.451+05:00","0.13139244799362357","/firefox"
"2021-10-20T22:33:23.954+05:00","0.4697600784613337","/firefox"
"2021-10-20T22:33:24.457+05:00","0","/firefox"
"2021-10-20T22:33:24.960+05:00","0","/firefox"
"2021-10-20T22:33:25.462+05:00","0.24661883132969353","/firefox"
"2021-10-20T22:33:25.964+05:00","1.913062192810744","/firefox"
"2021-10-20T22:33:26.467+05:00","2.8930546748361303","/firefox"
"2021-10-20T22:33:26.969+05:00","0.19477870838657368","/firefox"
"2021-10-20T22:33:27.472+05:00","0.17662263167503398","/firefox"
"2021-10-20T22:33:27.975+05:00","0.06577362013051793","/firefox"
"2021-10-20T22:33:28.477+05:00","0.4769398653054148","/firefox"
"2021-10-20T22:33:28.980+05:00","0.04448005416419467","/firefox"
"2021-10-20T22:33:29.483+05:00","0.20031690266223115","/firefox"
"2021-10-20T22:33:29.986+05:00","0.20625322534628382","/firefox"
"2021-10-20T22:33:30.488+05:00","0.25349062872089495","/firefox"
"2021-10-20T22:33:30.990+05:00","0.023745419910439217","/firefox"
"2021-10-20T22:33:31.491+05:00","0.19209201220151442","/firefox"
"2021-10-20T22:33:31.993+05:00","0.287781473973677","/firefox"
"2021-10-20T22:33:32.495+05:00","0.34778521558815706","/firefox"
"2021-10-20T22:33:32.998+05:00","0.06567204309966682","/firefox"
"2021-10-20T22:33:33.499+05:00","18.801987205318724","/firefox"
"2021-10-20T22:33:34.001+05:00","4.340796478658071","/firefox"
"2021-10-20T22:33:34.503+05:00","2.172199206539632","/firefox"
"2021-10-20T22:33:35.005+05:00","0.02039525477241329","/firefox"
"2021-10-20T22:33:35.507+05:00","3.767144991688733","/firefox"
"2021-10-20T22:33:36.009+05:00","0.04910595174163081","/firefox"
"2021-10-20T22:33:36.512+05:00","0.18735739499600115","/firefox"
"2021-10-20T22:33:37.014+05:00","0.041206235399569566","/firefox"
"2021-10-20T22:33:37.517+05:00","0.09329092312719477","/firefox"
"2021-10-20T22:33:38.019+05:00","0.2612373175551429","/firefox"
"2021-10-20T22:33:38.521+05:00","0.6113935199649069","/firefox"
"2021-10-20T22:33:39.023+05:00","0.06151033195550725","/firefox"
"2021-10-20T22:33:39.526+05:00","0.9348352608243611","/firefox"
"2021-10-20T22:33:40.027+05:00","0.06299578705419802","/firefox"
"2021-10-20T22:33:40.529+05:00","0.4803185082698395","/firefox"
"2021-10-20T22:33:41.031+05:00","1.2770743943274132","/firefox"
"2021-10-20T22:33:41.533+05:00","2.532936080650669","/firefox"
"2021-10-20T22:33:42.044+05:00","0","/firefox"
"2021-10-20T22:33:42.546+05:00","0.08885524350401468","/firefox"
"2021-10-20T22:33:43.048+05:00","0.05143088384657998","/firefox"
"2021-10-20T22:33:43.551+05:00","0.40907831488922586","/firefox"
"2021-10-20T22:33:44.054+05:00","0.23650020914960443","/firefox"
"2021-10-20T22:33:44.556+05:00","0.04533599384588828","/firefox"
"2021-10-20T22:33:45.059+05:00","0","/firefox"
"2021-10-20T22:33:45.561+05:00","1.4799347516930998","/firefox"
"2021-10-20T22:33:46.063+05:00","0.2722787882488342","/firefox"
"2021-10-20T22:33:46.565+05:00","0","/firefox"
"2021-10-20T22:33:47.068+05:00","0","/firefox"
"2021-10-20T22:33:47.571+05:00","0.14543685422166924","/firefox"
"2021-10-20T22:33:48.073+05:00","0","/firefox"
"2021-10-20T22:33:48.576+05:00","0.48342348284104364","/firefox"
"2021-10-20T22:33:49.079+05:00","0.0336653696574558","/firefox"
"2021-10-20T22:33:49.581+05:00","0","/firefox"
"2021-10-20T22:33:50.082+05:00","0","/firefox"
"2021-10-20T22:33:51.590+05:00","0","/firefox"
"2021-10-20T22:33:52.093+05:00","0.2157283693511594","/firefox"
"2021-10-20T22:33:52.595+05:00","0","/firefox"
"2021-10-20T22:33:53.097+05:00","0","/firefox"
"2021-10-20T22:33:53.599+05:00","15.637612519756434","/firefox"
"2021-10-20T22:33:54.101+05:00","3.8099033500720525","/firefox"
"2021-10-20T22:33:54.603+05:00","1.241430573353846","/firefox"
"2021-10-20T22:33:55.106+05:00","1.1915423885057081","/firefox"
"2021-10-20T22:33:55.608+05:00","2.297837612919971","/firefox"
"2021-10-20T22:33:56.110+05:00","3.4231092404586887","/firefox"
"2021-10-20T22:33:56.611+05:00","7.143239701128856","/firefox"
"2021-10-20T22:33:57.112+05:00","6.4221475865407545","/firefox"
"2021-10-20T22:33:57.613+05:00","11.128535801220664","/firefox"
"2021-10-20T22:33:58.114+05:00","7.20839222512196","/firefox"
"2021-10-20T22:33:58.616+05:00","12.099026818079752","/firefox"
"2021-10-20T22:33:59.117+05:00","11.409910495018476","/firefox"
"2021-10-20T22:33:59.618+05:00","10.996614325079914","/firefox"
"2021-10-20T22:34:00.119+05:00","5.1168108958953376","/firefox"
"2021-10-20T22:34:00.620+05:00","1.6736425492819946","/firefox"
"2021-10-20T22:34:01.121+05:00","8.622330133491358","/firefox"
"2021-10-20T22:34:01.622+05:00","10.70375349508975","/firefox"
"2021-10-20T22:34:02.123+05:00","9.195335970925756","/firefox"
"2021-10-20T22:34:03.125+05:00","9.23933257543442","/firefox"
"2021-10-20T22:34:03.625+05:00","11.03727430787439","/firefox"
"2021-10-20T22:34:04.126+05:00","8.630207145846578","/firefox"
"2021-10-20T22:34:04.627+05:00","4.087894459513793","/firefox"
"2021-10-20T22:34:05.128+05:00","2.0862164352995487","/firefox"
"2021-10-20T22:34:05.630+05:00","3.342908579207764","/firefox"
"2021-10-20T22:34:06.133+05:00","1.7860911390688954","/firefox"
"2021-10-20T22:34:06.635+05:00","2.0748414202787813","/firefox"
"2021-10-20T22:34:07.138+05:00","0.9493106964890996","/firefox"
"2021-10-20T22:34:07.640+05:00","15.863379485526458","/firefox"
"2021-10-20T22:34:08.143+05:00","1.65886732218326","/firefox"
"2021-10-20T22:34:08.644+05:00","2.1929918814405647","/firefox"
"2021-10-20T22:34:09.145+05:00","0.48343564807278533","/firefox"
"2021-10-20T22:34:09.646+05:00","4.3916292534454335","/firefox"
"2021-10-20T22:34:10.148+05:00","2.503380895100224","/firefox"
"2021-10-20T22:34:10.651+05:00","2.166917721088331","/firefox"
"2021-10-20T22:34:11.153+05:00","2.8681330715726356","/firefox"
"2021-10-20T22:34:11.655+05:00","2.5042334105297273","/firefox"
"2021-10-20T22:34:12.158+05:00","1.5804287128152066","/firefox"
"2021-10-20T22:34:12.660+05:00","2.2481438520215073","/firefox"
"2021-10-20T22:34:13.163+05:00","1.3380811363166252","/firefox"
"2021-10-20T22:34:13.664+05:00","16.367546544531223","/firefox"
"2021-10-20T22:34:14.166+05:00","3.6882411435733937","/firefox"
"2021-10-20T22:34:14.668+05:00","1.3583398515437919","/firefox"
"2021-10-20T22:34:15.170+05:00","1.0817480474486478","/firefox"
"2021-10-20T22:34:15.672+05:00","7.286172558042976","/firefox"
"2021-10-20T22:34:16.174+05:00","3.511599398155855","/firefox"
"2021-10-20T22:34:16.676+05:00","4.889239788040438","/firefox"
"2021-10-20T22:34:17.177+05:00","4.488036624997016","/firefox"
"2021-10-20T22:34:17.678+05:00","11.894779825982514","/firefox"
"2021-10-20T22:34:18.179+05:00","26.02495348190721","/firefox"
"2021-10-20T22:34:18.680+05:00","14.936958544758934","/firefox"
"2021-10-20T22:34:19.181+05:00","5.129751636858508","/firefox"
"2021-10-20T22:34:19.683+05:00","12.4597396819637","/firefox"
"2021-10-20T22:34:20.184+05:00","19.427052863434888","/firefox"
"2021-10-20T22:34:20.685+05:00","6.6965326174559","/firefox"
"2021-10-20T22:34:21.186+05:00","25.087388857599286","/firefox"
"2021-10-20T22:34:21.688+05:00","16.971735600487886","/firefox"
"2021-10-20T22:34:22.189+05:00","31.487768416175186","/firefox"
"2021-10-20T22:34:22.693+05:00","11.03736232563833","/firefox"
"2021-10-20T22:34:23.194+05:00","7.701789627422538","/firefox"
"2021-10-20T22:34:23.695+05:00","11.036571796709628","/firefox"
"2021-10-20T22:34:24.196+05:00","4.864921038850529","/firefox"
"2021-10-20T22:34:24.698+05:00","11.593964498758542","/firefox"
"2021-10-20T22:34:25.200+05:00","7.792225055571667","/firefox"
"2021-10-20T22:34:25.702+05:00","8.569881689740967","/firefox"
"2021-10-20T22:34:26.204+05:00","5.573378152273899","/firefox"
"2021-10-20T22:34:26.707+05:00","6.649420321785991","/firefox"
"2021-10-20T22:34:27.209+05:00","0.8954361778706137","/firefox"
"2021-10-20T22:34:27.711+05:00","3.374396651050785","/firefox"
"2021-10-20T22:34:28.213+05:00","1.9187540301203765","/firefox"
"2021-10-20T22:34:28.714+05:00","1.80669217669197","/firefox"
"2021-10-20T22:34:29.217+05:00","0.4549744886998931","/firefox"
"2021-10-20T22:34:29.719+05:00","0.933735277326422","/firefox"
"2021-10-20T22:34:30.221+05:00","2.314231128006125","/firefox"
"2021-10-20T22:34:30.723+05:00","2.214806128850981","/firefox"
"2021-10-20T22:34:31.224+05:00","2.1357458450835543","/firefox"
"2021-10-20T22:34:31.727+05:00","0.7061086946222064","/firefox"
"2021-10-20T22:34:32.229+05:00","1.8438562897793365","/firefox"
"2021-10-20T22:34:32.730+05:00","1.1489623525641564","/firefox"
"2021-10-20T22:34:33.232+05:00","1.814506030696478","/firefox"
"2021-10-20T22:34:33.733+05:00","15.993276591371945","/firefox"
"2021-10-20T22:34:34.234+05:00","2.314171152725235","/firefox"
"2021-10-20T22:34:34.737+05:00","1.640660995776579","/firefox"
"2021-10-20T22:34:35.239+05:00","1.4474809679959513","/firefox"
"2021-10-20T22:34:35.740+05:00","2.509726069924781","/firefox"
"2021-10-20T22:34:36.241+05:00","0.3906465146062582","/firefox"
"2021-10-20T22:34:36.743+05:00","2.5439743060604054","/firefox"
"2021-10-20T22:34:37.245+05:00","0.8356394377304697","/firefox"
"2021-10-20T22:34:37.747+05:00","1.8074941239702913","/firefox"
"2021-10-20T22:34:38.249+05:00","1.5035327377876888","/firefox"
"2021-10-20T22:34:38.750+05:00","1.8374102272332362","/firefox"
"2021-10-20T22:34:39.252+05:00","0.7043575622325444","/firefox"
"2021-10-20T22:34:39.755+05:00","1.4453722532089748","/firefox"
"2021-10-20T22:34:40.257+05:00","1.4347293181111556","/firefox"
"2021-10-20T22:34:40.759+05:00","1.2755689706767122","/firefox"
"2021-10-20T22:34:41.261+05:00","2.1152004230211423","/firefox"
"2021-10-20T22:34:41.762+05:00","2.661885632089045","/firefox"
"2021-10-20T22:34:42.264+05:00","2.634149419871609","/firefox"
"2021-10-20T22:34:42.766+05:00","1.3232130197009724","/firefox"
"2021-10-20T22:34:43.268+05:00","0.9859189605433436","/firefox"
"2021-10-20T22:34:43.780+05:00","1.3003318826424284","/firefox"
"2021-10-20T22:34:44.281+05:00","1.1979143245657364","/firefox"
"2021-10-20T22:34:44.784+05:00","1.3151107539126003","/firefox"
"2021-10-20T22:34:45.285+05:00","0.408703785405933","/firefox"
"2021-10-20T22:34:45.787+05:00","0.7769964424366961","/firefox"
"2021-10-20T22:34:46.289+05:00","1.5033438639883492","/firefox"
"2021-10-20T22:34:46.792+05:00","1.200748242240442","/firefox"
"2021-10-20T22:34:47.293+05:00","1.0037120759130227","/firefox"
"2021-10-20T22:34:47.795+05:00","1.7636655173447453","/firefox"
"2021-10-20T22:34:48.297+05:00","1.3498326530730929","/firefox"
"2021-10-20T22:34:48.798+05:00","1.567653227882151","/firefox"
"2021-10-20T22:34:49.300+05:00","0.7207495584739544","/firefox"
"2021-10-20T22:34:49.802+05:00","1.257885206478036","/firefox"
"2021-10-20T22:34:50.304+05:00","1.9249078555880839","/firefox"
"2021-10-20T22:34:50.805+05:00","2.4782103605958996","/firefox"
"2021-10-20T22:34:51.306+05:00","1.9569364268543763","/firefox"
"2021-10-20T22:34:51.807+05:00","1.1138768979596223","/firefox"
"2021-10-20T22:34:52.308+05:00","1.8209036194877921","/firefox"
"2021-10-20T22:34:52.810+05:00","1.9197981150205174","/firefox"
"2021-10-20T22:34:53.312+05:00","0.38617294129418206","/firefox"
"2021-10-20T22:34:53.815+05:00","15.15436208578687","/firefox"
"2021-10-20T22:34:54.317+05:00","3.8980297198923575","/firefox"
"2021-10-20T22:34:54.820+05:00","3.2805576594318864","/firefox"
"2021-10-20T22:34:55.322+05:00","5.56351362912296","/firefox"
"2021-10-20T22:34:55.823+05:00","16.409364917453228","/firefox"
"2021-10-20T22:34:56.325+05:00","28.440304306709876","/firefox"
"2021-10-20T22:34:56.826+05:00","18.76055253223375","/firefox"
"2021-10-20T22:34:57.327+05:00","5.3888157870978395","/firefox"
"2021-10-20T22:34:57.829+05:00","17.729182753132676","/firefox"
"2021-10-20T22:34:58.330+05:00","14.069347343773032","/firefox"
"2021-10-20T22:34:58.832+05:00","11.71283880974905","/firefox"
"2021-10-20T22:34:59.333+05:00","16.308721690071827","/firefox"
"2021-10-20T22:34:59.834+05:00","13.768383819432335","/firefox"
"2021-10-20T22:35:00.336+05:00","15.801661677115305","/firefox"
"2021-10-20T22:35:00.837+05:00","11.920663692956591","/firefox"
"2021-10-20T22:35:01.338+05:00","10.330681926820912","/firefox"
"2021-10-20T22:35:01.839+05:00","14.371652586570391","/firefox"
"2021-10-20T22:35:02.340+05:00","18.82194089205188","/firefox"
"2021-10-20T22:35:02.842+05:00","10.361293416664743","/firefox"
"2021-10-20T22:35:03.344+05:00","9.57132168471481","/firefox"
"2021-10-20T22:35:03.845+05:00","11.068705250228216","/firefox"
"2021-10-20T22:35:04.347+05:00","13.069119681694339","/firefox"
"2021-10-20T22:35:04.848+05:00","12.77062580218875","/firefox"
"2021-10-20T22:35:05.349+05:00","14.748715717276061","/firefox"
"2021-10-20T22:35:05.850+05:00","12.548719195273385","/firefox"
"2021-10-20T22:35:06.352+05:00","11.489238052492027","/firefox"
"2021-10-20T22:35:06.854+05:00","12.198456378952672","/firefox"
"2021-10-20T22:35:07.355+05:00","9.736885495287435","/firefox"
"2021-10-20T22:35:07.856+05:00","13.961778502444664","/firefox"
"2021-10-20T22:35:08.358+05:00","11.680807576991512","/firefox"
"2021-10-20T22:35:08.859+05:00","14.993905021326727","/firefox"
"2021-10-20T22:35:09.360+05:00","8.916260602139193","/firefox"
"2021-10-20T22:35:09.861+05:00","11.134728608966576","/firefox"
"2021-10-20T22:35:10.362+05:00","11.879703779311772","/firefox"
"2021-10-20T22:35:10.863+05:00","9.976170961612045","/firefox"
"2021-10-20T22:35:11.365+05:00","9.31085593962361","/firefox"
"2021-10-20T22:35:11.866+05:00","11.111163585913733","/firefox"
"2021-10-20T22:35:12.367+05:00","11.508663036021911","/firefox"
"2021-10-20T22:35:12.869+05:00","10.107556411822973","/firefox"
"2021-10-20T22:35:13.370+05:00","10.78353112721668","/firefox"
"2021-10-20T22:35:13.872+05:00","19.834419055601174","/firefox"
"2021-10-20T22:35:14.374+05:00","2.4905320023716726","/firefox"
"2021-10-20T22:35:14.877+05:00","4.019321273319262","/firefox"
"2021-10-20T22:35:15.379+05:00","2.608951019776228","/firefox"
"2021-10-20T22:35:15.881+05:00","2.1189383629553706","/firefox"
"2021-10-20T22:35:16.383+05:00","5.26170423983789","/firefox"
"2021-10-20T22:35:16.884+05:00","6.7003871841547955","/firefox"
"2021-10-20T22:35:17.386+05:00","2.1374393943030734","/firefox"
"2021-10-20T22:35:17.887+05:00","5.002715726239037","/firefox"
"2021-10-20T22:35:18.389+05:00","6.3251086438385276","/firefox"
"2021-10-20T22:35:18.890+05:00","8.937925647248925","/firefox"
"2021-10-20T22:35:19.391+05:00","7.886579791793411","/firefox"
"2021-10-20T22:35:19.893+05:00","5.247684845850184","/firefox"
"2021-10-20T22:35:20.395+05:00","8.147784771361609","/firefox"
"2021-10-20T22:35:20.897+05:00","4.407919896590062","/firefox"
"2021-10-20T22:35:21.399+05:00","1.7307703711795213","/firefox"
"2021-10-20T22:35:21.901+05:00","3.221758844294685","/firefox"
"2021-10-20T22:35:22.403+05:00","4.925965434379991","/firefox"
"2021-10-20T22:35:22.904+05:00","9.013543991961496","/firefox"
"2021-10-20T22:35:23.405+05:00","13.672589202782154","/firefox"
"2021-10-20T22:35:23.909+05:00","21.517469185137884","/firefox"
"2021-10-20T22:35:24.410+05:00","8.587769776113834","/firefox"
"2021-10-20T22:35:24.912+05:00","6.562147080657959","/firefox"
"2021-10-20T22:35:25.412+05:00","6.969990252347175","/firefox"
"2021-10-20T22:35:25.915+05:00","6.55709431338933","/firefox"
"2021-10-20T22:35:26.416+05:00","6.663383204967052","/firefox"
"2021-10-20T22:35:26.917+05:00","6.352076157468648","/firefox"
"2021-10-20T22:35:27.418+05:00","4.625994222932887","/firefox"
"2021-10-20T22:35:27.920+05:00","5.27913780862603","/firefox"
"2021-10-20T22:35:28.421+05:00","7.199975470257822","/firefox"
"2021-10-20T22:35:28.923+05:00","3.9068879549481785","/firefox"
"2021-10-20T22:35:29.424+05:00","3.888440399036196","/firefox"
"2021-10-20T22:35:29.926+05:00","3.1807886870979383","/firefox"
"2021-10-20T22:35:30.427+05:00","11.740370089694032","/firefox"
"2021-10-20T22:35:30.929+05:00","13.077779184905875","/firefox"
"2021-10-20T22:35:31.431+05:00","2.817899572277565","/firefox"
"2021-10-20T22:35:31.933+05:00","2.8272652566739205","/firefox"
"2021-10-20T22:35:32.435+05:00","2.550779495951831","/firefox"
"2021-10-20T22:35:32.937+05:00","4.385934131461212","/firefox"
"2021-10-20T22:35:33.439+05:00","3.596477580904292","/firefox"
"2021-10-20T22:35:33.940+05:00","19.937275843176526","/firefox"
"2021-10-20T22:35:34.441+05:00","0.4613072310427153","/firefox"
"2021-10-20T22:35:34.942+05:00","5.92574900417104","/firefox"
"2021-10-20T22:35:35.444+05:00","0.8593932284104779","/firefox"
"2021-10-20T22:35:35.946+05:00","2.8473151027154184","/firefox"
"2021-10-20T22:35:36.447+05:00","2.8784042727405645","/firefox"
"2021-10-20T22:35:36.949+05:00","3.9335057399348323","/firefox"
"2021-10-20T22:35:37.450+05:00","1.2055203410694144","/firefox"
"2021-10-20T22:35:37.952+05:00","1.0097432962589725","/firefox"
"2021-10-20T22:35:38.453+05:00","1.578285800744361","/firefox"
"2021-10-20T22:35:38.955+05:00","1.8386072512848939","/firefox"
"2021-10-20T22:35:39.457+05:00","0.50009340978365","/firefox"
"2021-10-20T22:35:39.959+05:00","2.298506708798546","/firefox"
"2021-10-20T22:35:40.461+05:00","1.7816131606678092","/firefox"
"2021-10-20T22:35:40.963+05:00","1.3839523368064686","/firefox"
"2021-10-20T22:35:41.465+05:00","0.7006576788334855","/firefox"
"2021-10-20T22:35:41.967+05:00","6.331019595652398","/firefox"
"2021-10-20T22:35:42.469+05:00","6.642028634671908","/firefox"
"2021-10-20T22:35:42.971+05:00","4.446368613807408","/firefox"
"2021-10-20T22:35:43.473+05:00","4.170831905674249","/firefox"
"2021-10-20T22:35:43.975+05:00","9.488844936432141","/firefox"
"2021-10-20T22:35:44.477+05:00","3.6049491947106658","/firefox"
"2021-10-20T22:35:44.988+05:00","3.251377247224307","/firefox"
"2021-10-20T22:35:45.489+05:00","3.8604767975856245","/firefox"
"2021-10-20T22:35:45.991+05:00","2.954401594152146","/firefox"
"2021-10-20T22:35:46.493+05:00","3.9510838348147184","/firefox"
"2021-10-20T22:35:46.995+05:00","4.401463084473603","/firefox"
"2021-10-20T22:35:47.496+05:00","1.8130599334074513","/firefox"
"2021-10-20T22:35:47.999+05:00","4.0565930869101035","/firefox"
"2021-10-20T22:35:48.501+05:00","2.169455976558211","/firefox"
"2021-10-20T22:35:49.003+05:00","2.2746949258874847","/firefox"
"2021-10-20T22:35:49.504+05:00","1.3118829762454083","/firefox"
"2021-10-20T22:35:50.005+05:00","2.5917615244831906","/firefox"
"2021-10-20T22:35:50.507+05:00","1.8059096436324447","/firefox"
"2021-10-20T22:35:51.009+05:00","1.9481293198449803","/firefox"
"2021-10-20T22:35:51.511+05:00","0.7852555201531465","/firefox"
"2021-10-20T22:35:52.013+05:00","1.6330697539618666","/firefox"
"2021-10-20T22:35:52.514+05:00","0.5694187714103416","/firefox"
"2021-10-20T22:35:53.016+05:00","1.495770822634287","/firefox"
"2021-10-20T22:35:53.518+05:00","1.106923486942036","/firefox"
"2021-10-20T22:35:54.019+05:00","15.581527590824017","/firefox"
"2021-10-20T22:35:54.520+05:00","2.3876770645624505","/firefox"
"2021-10-20T22:35:55.022+05:00","4.82999319618397","/firefox"
"2021-10-20T22:35:55.523+05:00","0.7220186123490206","/firefox"
"2021-10-20T22:35:56.025+05:00","3.3523335005730175","/firefox"
"2021-10-20T22:35:56.526+05:00","7.592341897896992","/firefox"
"2021-10-20T22:35:57.028+05:00","6.392155239772707","/firefox"
"2021-10-20T22:35:57.529+05:00","19.683901024375018","/firefox"
"2021-10-20T22:35:58.030+05:00","6.070450243338187","/firefox"
"2021-10-20T22:35:58.532+05:00","7.568725388230043","/firefox"
"2021-10-20T22:35:59.035+05:00","8.858666643661019","/firefox"
"2021-10-20T22:35:59.537+05:00","10.035798057221474","/firefox"
"2021-10-20T22:36:00.038+05:00","8.976801118952755","/firefox"
"2021-10-20T22:36:00.539+05:00","6.3356722646975285","/firefox"
"2021-10-20T22:36:01.042+05:00","4.576124101206095","/firefox"
"2021-10-20T22:36:01.544+05:00","2.481637838131907","/firefox"
"2021-10-20T22:36:02.046+05:00","4.8141570872112105","/firefox"
"2021-10-20T22:36:02.547+05:00","7.872109953035632","/firefox"
"2021-10-20T22:36:03.050+05:00","4.390123300314222","/firefox"
"2021-10-20T22:36:03.551+05:00","0.9429363679789955","/firefox"
"2021-10-20T22:36:04.053+05:00","1.0563632233724445","/firefox"
"2021-10-20T22:36:04.555+05:00","1.8007672270571706","/firefox"
"2021-10-20T22:36:05.058+05:00","1.6035855642390309","/firefox"
"2021-10-20T22:36:05.559+05:00","1.1187646346630675","/firefox"
"2021-10-20T22:36:06.065+05:00","0.8485774730404484","/firefox"
"2021-10-20T22:36:06.566+05:00","7.776770829336054","/firefox"
"2021-10-20T22:36:07.068+05:00","2.7141894948988945","/firefox"
"2021-10-20T22:36:07.569+05:00","7.4083290847936745","/firefox"
"2021-10-20T22:36:08.072+05:00","3.8293069888454765","/firefox"
"2021-10-20T22:36:08.573+05:00","1.5702935176502468","/firefox"
"2021-10-20T22:36:09.075+05:00","1.468037580106938","/firefox"
"2021-10-20T22:36:09.577+05:00","1.5720534882995787","/firefox"
"2021-10-20T22:36:10.079+05:00","2.298656949233462","/firefox"
"2021-10-20T22:36:10.580+05:00","5.322976732651358","/firefox"
"2021-10-20T22:36:11.081+05:00","4.322880460685186","/firefox"
"2021-10-20T22:36:11.582+05:00","2.154085812871523","/firefox"
"2021-10-20T22:36:12.084+05:00","1.5233849921724363","/firefox"
"2021-10-20T22:36:12.586+05:00","6.402762352914258","/firefox"
"2021-10-20T22:36:13.087+05:00","2.742464820464605","/firefox"
"2021-10-20T22:36:13.589+05:00","0.8031286077535306","/firefox"
"2021-10-20T22:36:14.090+05:00","13.769804342721955","/firefox"
"2021-10-20T22:36:14.592+05:00","4.1683314336612725","/firefox"
"2021-10-20T22:36:15.093+05:00","4.50986633745449","/firefox"
"2021-10-20T22:36:15.594+05:00","2.9498398182110157","/firefox"
"2021-10-20T22:36:16.096+05:00","1.7183453391844752","/firefox"
"2021-10-20T22:36:16.598+05:00","8.512304226606407","/firefox"
"2021-10-20T22:36:17.100+05:00","7.473629798217104","/firefox"
"2021-10-20T22:36:17.600+05:00","18.162224360992873","/firefox"
"2021-10-20T22:36:18.102+05:00","19.16882023830756","/firefox"
"2021-10-20T22:36:18.603+05:00","7.655661612259657","/firefox"
"2021-10-20T22:36:19.106+05:00","6.762895302648578","/firefox"
"2021-10-20T22:36:19.607+05:00","6.723764001804928","/firefox"
"2021-10-20T22:36:20.109+05:00","10.682102117738062","/firefox"
"2021-10-20T22:36:20.611+05:00","3.449410698819565","/firefox"
"2021-10-20T22:36:21.112+05:00","0.2930782489691211","/firefox"
"2021-10-20T22:36:21.613+05:00","0","/firefox"
"2021-10-20T22:36:22.115+05:00","0.11302611961162098","/firefox"
"2021-10-20T22:36:22.618+05:00","1.6150364008244542","/firefox"
"2021-10-20T22:36:23.119+05:00","0.903307098216512","/firefox"
"2021-10-20T22:36:23.620+05:00","0.2755720090476568","/firefox"
"2021-10-20T22:36:24.121+05:00","3.7779842165111526","/firefox"
"2021-10-20T22:36:24.623+05:00","0.15531937531809792","/firefox"
"2021-10-20T22:36:25.126+05:00","1.2487028639817654","/firefox"
"2021-10-20T22:36:25.627+05:00","0.12786938832246095","/firefox"
"2021-10-20T22:36:26.139+05:00","0","/firefox"
"2021-10-20T22:36:26.640+05:00","2.3775160020560135","/firefox"
"2021-10-20T22:36:27.141+05:00","0.5589928514020418","/firefox"
"2021-10-20T22:36:27.643+05:00","0.5378171582473505","/firefox"
"2021-10-20T22:36:28.144+05:00","0.6264453198086823","/firefox"
"2021-10-20T22:36:28.645+05:00","0.11918276887976742","/firefox"
"2021-10-20T22:36:29.146+05:00","0.6796540405007833","/firefox"
"2021-10-20T22:36:29.647+05:00","0.1225754643399472","/firefox"
"2021-10-20T22:36:30.148+05:00","2.9234703397421917","/firefox"
"2021-10-20T22:36:30.649+05:00","2.104327807356508","/firefox"
"2021-10-20T22:36:31.150+05:00","0","/firefox"
"2021-10-20T22:36:31.651+05:00","0.20700988699639647","/firefox"
"2021-10-20T22:36:32.154+05:00","0","/firefox"
"2021-10-20T22:36:32.655+05:00","1.3613322168770214","/firefox"
"2021-10-20T22:36:33.157+05:00","0.6673291654485766","/firefox"
"2021-10-20T22:36:33.658+05:00","0.4532984276136872","/firefox"
"2021-10-20T22:36:34.158+05:00","15.115377439836152","/firefox"
"2021-10-20T22:36:34.659+05:00","3.0929898261468596","/firefox"
"2021-10-20T22:36:35.160+05:00","5.714760522660611","/firefox"
"2021-10-20T22:36:35.661+05:00","1.3654070418418338","/firefox"
"2021-10-20T22:36:36.162+05:00","7.393855619754676","/firefox"
"2021-10-20T22:36:36.663+05:00","4.677599182673122","/firefox"
"2021-10-20T22:36:37.164+05:00","6.862446856903255","/firefox"
"2021-10-20T22:36:37.665+05:00","1.9794352618797566","/firefox"
"2021-10-20T22:36:38.166+05:00","1.6314744009793911","/firefox"
"2021-10-20T22:36:38.668+05:00","1.9930270581896095","/firefox"
"2021-10-20T22:36:39.171+05:00","1.8745718633533852","/firefox"
"2021-10-20T22:36:39.673+05:00","0.461101258071914","/firefox"
"2021-10-20T22:36:40.175+05:00","0.020358118236989933","/firefox"
"2021-10-20T22:36:40.676+05:00","1.040276528794574","/firefox"
"2021-10-20T22:36:41.178+05:00","0.8483010090071229","/firefox"
"2021-10-20T22:36:41.679+05:00","2.52411952020393","/firefox"
"2021-10-20T22:36:42.180+05:00","3.30630484731991","/firefox"
"2021-10-20T22:36:42.681+05:00","0.13882627415463475","/firefox"
"2021-10-20T22:36:43.182+05:00","1.3063181723130417","/firefox"
"2021-10-20T22:36:43.683+05:00","0.714864283335555","/firefox"
"2021-10-20T22:36:44.185+05:00","1.019283325990235","/firefox"
"2021-10-20T22:36:44.686+05:00","1.8107955057060596","/firefox"
"2021-10-20T22:36:45.188+05:00","1.7636001920463944","/firefox"
"2021-10-20T22:36:45.690+05:00","1.0140319055971037","/firefox"
"2021-10-20T22:36:46.191+05:00","1.5743576435443989","/firefox"
"2021-10-20T22:36:46.692+05:00","1.4790539347855722","/firefox"
"2021-10-20T22:36:47.203+05:00","0.027010121553021026","/firefox"
"2021-10-20T22:36:47.704+05:00","0.5509345884950357","/firefox"
"2021-10-20T22:36:48.205+05:00","0.12653064830870545","/firefox"
"2021-10-20T22:36:48.706+05:00","0.04202583990887361","/firefox"
"2021-10-20T22:36:49.209+05:00","0","/firefox"
"2021-10-20T22:36:49.710+05:00","0.6509838077893275","/firefox"
"2021-10-20T22:36:50.211+05:00","0.532916155938745","/firefox"
"2021-10-20T22:36:50.712+05:00","0.684575599072382","/firefox"
"2021-10-20T22:36:51.213+05:00","0.16969558067238108","/firefox"
"2021-10-20T22:36:51.714+05:00","0.8744060733403678","/firefox"
"2021-10-20T22:36:52.216+05:00","0.17664603128386944","/firefox"
"2021-10-20T22:36:52.717+05:00","1.5618134786774849","/firefox"
"2021-10-20T22:36:53.219+05:00","0.382299830190028","/firefox"
"2021-10-20T22:36:53.720+05:00","1.1103985956034963","/firefox"
"2021-10-20T22:36:54.221+05:00","15.679604320853498","/firefox"
"2021-10-20T22:36:54.721+05:00","7.5835476345679185","/firefox"
"2021-10-20T22:36:55.223+05:00","5.816425303109034","/firefox"
"2021-10-20T22:36:55.725+05:00","15.751738468503623","/firefox"
"2021-10-20T22:36:56.226+05:00","7.418562197196249","/firefox"
"2021-10-20T22:36:56.728+05:00","13.750124859754141","/firefox"
"2021-10-20T22:36:57.229+05:00","7.905587577351026","/firefox"
"2021-10-20T22:36:57.730+05:00","9.837349638780212","/firefox"
"2021-10-20T22:36:58.230+05:00","8.054940831665583","/firefox"
"2021-10-20T22:36:58.731+05:00","6.659906760625929","/firefox"
"2021-10-20T22:36:59.233+05:00","8.89637510702799","/firefox"
"2021-10-20T22:36:59.734+05:00","4.397575083558062","/firefox"
"2021-10-20T22:37:00.235+05:00","7.4356600400112605","/firefox"
"2021-10-20T22:37:00.736+05:00","5.912090095838012","/firefox"
"2021-10-20T22:37:01.237+05:00","3.168439193978189","/firefox"
"2021-10-20T22:37:01.738+05:00","0.13766291452423762","/firefox"
"2021-10-20T22:37:02.240+05:00","0.25516607092104865","/firefox"
"2021-10-20T22:37:02.741+05:00","0.1408888569124134","/firefox"
"2021-10-20T22:37:03.243+05:00","0.06649597875098351","/firefox"
"2021-10-20T22:37:03.744+05:00","2.2235727555027966","/firefox"
"2021-10-20T22:37:04.245+05:00","1.4962390638238428","/firefox"
"2021-10-20T22:37:04.747+05:00","2.197618678119637","/firefox"
"2021-10-20T22:37:05.249+05:00","3.5827656819217477","/firefox"
"2021-10-20T22:37:05.751+05:00","0.7591895657658005","/firefox"
"2021-10-20T22:37:06.253+05:00","0.058659412506166346","/firefox"
"2021-10-20T22:37:06.756+05:00","0.3581800241096594","/firefox"
"2021-10-20T22:37:07.259+05:00","2.2228389638277","/firefox"
"2021-10-20T22:37:07.761+05:00","2.479219121373613","/firefox"
"2021-10-20T22:37:08.270+05:00","0.8564997036561082","/firefox"
"2021-10-20T22:37:08.773+05:00","0.7456039808069124","/firefox"
"2021-10-20T22:37:09.275+05:00","0.47415113289462696","/firefox"
"2021-10-20T22:37:09.778+05:00","0.3042891909560052","/firefox"
"2021-10-20T22:37:10.279+05:00","0.28194392717781214","/firefox"
"2021-10-20T22:37:10.781+05:00","6.243031083472463","/firefox"
"2021-10-20T22:37:11.284+05:00","2.825132368877232","/firefox"
"2021-10-20T22:37:11.786+05:00","3.7436192115971854","/firefox"
"2021-10-20T22:37:12.289+05:00","0.14239775249227207","/firefox"
"2021-10-20T22:37:12.790+05:00","0.2482183044020654","/firefox"
"2021-10-20T22:37:13.291+05:00","0.7242343081424947","/firefox"
"2021-10-20T22:37:13.792+05:00","7.046833308110095","/firefox"
"2021-10-20T22:37:14.294+05:00","13.662903937982062","/firefox"
"2021-10-20T22:37:14.795+05:00","2.3505730915925653","/firefox"
"2021-10-20T22:37:15.297+05:00","6.69861566078425","/firefox"
"2021-10-20T22:37:15.799+05:00","4.069837963070704","/firefox"
"2021-10-20T22:37:16.301+05:00","2.8468998662187537","/firefox"
"2021-10-20T22:37:16.803+05:00","2.418571074584461","/firefox"
"2021-10-20T22:37:17.305+05:00","7.131509727248101","/firefox"
"2021-10-20T22:37:17.806+05:00","16.93295263704637","/firefox"
"2021-10-20T22:37:18.308+05:00","5.6165600534821145","/firefox"
"2021-10-20T22:37:18.810+05:00","3.0798154447625796","/firefox"
"2021-10-20T22:37:19.311+05:00","3.4109707009685613","/firefox"
"2021-10-20T22:37:19.813+05:00","2.112177192557003","/firefox"
"2021-10-20T22:37:20.315+05:00","2.3954236249990504","/firefox"
"2021-10-20T22:37:20.817+05:00","0.7609266719240437","/firefox"
"2021-10-20T22:37:21.320+05:00","0.6943237437715181","/firefox"
"2021-10-20T22:37:21.823+05:00","0.1955375701457513","/firefox"
"2021-10-20T22:37:22.326+05:00","2.698758910717009","/firefox"
"2021-10-20T22:37:22.827+05:00","0.7013467700406795","/firefox"
"2021-10-20T22:37:23.328+05:00","0.44985791932717256","/firefox"
"2021-10-20T22:37:23.831+05:00","1.2166325132263465","/firefox"
"2021-10-20T22:37:24.334+05:00","0.057504146680381514","/firefox"
"2021-10-20T22:37:24.837+05:00","0.6212104610529112","/firefox"
"2021-10-20T22:37:25.339+05:00","0.17260881924953156","/firefox"
"2021-10-20T22:37:25.842+05:00","0.7877083475963109","/firefox"
"2021-10-20T22:37:26.343+05:00","2.465126767032351","/firefox"
"2021-10-20T22:37:26.846+05:00","0.7384175579038983","/firefox"
"2021-10-20T22:37:27.349+05:00","0.7296019287547235","/firefox"
"2021-10-20T22:37:27.852+05:00","0.29246266945569926","/firefox"
"2021-10-20T22:37:28.354+05:00","0.3847743290303808","/firefox"
"2021-10-20T22:37:28.867+05:00","0.16620372719388055","/firefox"
"2021-10-20T22:37:29.369+05:00","0.44047954254235144","/firefox"
"2021-10-20T22:37:29.872+05:00","0.8362343947191881","/firefox"
"2021-10-20T22:37:30.374+05:00","0.2810634419608808","/firefox"
"2021-10-20T22:37:30.876+05:00","0.38895673213867515","/firefox"
"2021-10-20T22:37:31.379+05:00","0.5461542678446972","/firefox"
"2021-10-20T22:37:31.882+05:00","0.06596482306732318","/firefox"
"2021-10-20T22:37:32.385+05:00","0.06096935404815519","/firefox"
"2021-10-20T22:37:32.888+05:00","0.1087289598942191","/firefox"
"2021-10-20T22:37:33.390+05:00","0.24000564704359995","/firefox"
"2021-10-20T22:37:33.891+05:00","7.173144644221321","/firefox"
"2021-10-20T22:37:34.394+05:00","12.889134408226187","/firefox"
"2021-10-20T22:37:34.896+05:00","6.842556312469572","/firefox"
"2021-10-20T22:37:35.398+05:00","14.493630478450015","/firefox"
"2021-10-20T22:37:35.900+05:00","3.7386478669421597","/firefox"
"2021-10-20T22:37:36.402+05:00","2.8529157235718463","/firefox"
"2021-10-20T22:37:36.904+05:00","4.38666235099845","/firefox"
"2021-10-20T22:37:37.407+05:00","3.7575489853479707","/firefox"
"2021-10-20T22:37:37.907+05:00","12.178994458372728","/firefox"
"2021-10-20T22:37:38.410+05:00","13.572654678087634","/firefox"
"2021-10-20T22:37:38.911+05:00","8.078879218329801","/firefox"
"2021-10-20T22:37:39.413+05:00","6.630777105235729","/firefox"
"2021-10-20T22:37:39.915+05:00","6.475722844349603","/firefox"
"2021-10-20T22:37:40.417+05:00","13.793684457886275","/firefox"
"2021-10-20T22:37:40.918+05:00","8.966002270131922","/firefox"
"2021-10-20T22:37:41.419+05:00","15.988287192725888","/firefox"
"2021-10-20T22:37:41.921+05:00","31.71915150474227","/firefox"
"2021-10-20T22:37:42.422+05:00","24.080984453914567","/firefox"
"2021-10-20T22:37:42.923+05:00","14.78472022400369","/firefox"
"2021-10-20T22:37:43.424+05:00","20.338880390104826","/firefox"
"2021-10-20T22:37:43.927+05:00","20.50488635072925","/firefox"
"2021-10-20T22:37:44.429+05:00","16.374126120433417","/firefox"
"2021-10-20T22:37:44.931+05:00","16.30364163601633","/firefox"
"2021-10-20T22:37:45.433+05:00","14.51670821057218","/firefox"
"2021-10-20T22:37:45.933+05:00","15.208014964300443","/firefox"
"2021-10-20T22:37:46.436+05:00","16.128401819946482","/firefox"
"2021-10-20T22:37:46.938+05:00","14.450243287141033","/firefox"
"2021-10-20T22:37:47.440+05:00","11.181702577562067","/firefox"
"2021-10-20T22:37:47.941+05:00","14.21545546100728","/firefox"
"2021-10-20T22:37:48.443+05:00","15.101314111836999","/firefox"
"2021-10-20T22:37:48.945+05:00","15.192158167723814","/firefox"
"2021-10-20T22:37:49.447+05:00","13.438010275489066","/firefox"
"2021-10-20T22:37:49.959+05:00","15.486976553215179","/firefox"
"2021-10-20T22:37:50.460+05:00","14.668918578380792","/firefox"
"2021-10-20T22:37:50.961+05:00","13.334104485707666","/firefox"
"2021-10-20T22:37:51.462+05:00","11.605101476697822","/firefox"
"2021-10-20T22:37:51.963+05:00","19.48886343559476","/firefox"
"2021-10-20T22:37:52.464+05:00","27.262077050587607","/firefox"
"2021-10-20T22:37:52.965+05:00","25.729485706143393","/firefox"
"2021-10-20T22:37:53.466+05:00","15.24118210498267","/firefox"
"2021-10-20T22:37:53.969+05:00","16.737632795068834","/firefox"
"2021-10-20T22:37:54.472+05:00","15.496705720099595","/firefox"
"2021-10-20T22:37:54.974+05:00","2.765152688612722","/firefox"
"2021-10-20T22:37:55.476+05:00","3.7129613459077015","/firefox"
"2021-10-20T22:37:55.978+05:00","2.9900806766550216","/firefox"
"2021-10-20T22:37:56.479+05:00","3.4878597271155685","/firefox"
"2021-10-20T22:37:56.980+05:00","9.454307705427123","/firefox"
"2021-10-20T22:37:58.484+05:00","10.802838463166243","/firefox"
"2021-10-20T22:37:58.986+05:00","29.621680287718505","/firefox"
"2021-10-20T22:37:59.487+05:00","21.22899549398633","/firefox"
"2021-10-20T22:37:59.990+05:00","12.508331627789314","/firefox"
"2021-10-20T22:38:00.491+05:00","9.865612102602988","/firefox"
"2021-10-20T22:38:01.493+05:00","10.857296920320067","/firefox"
"2021-10-20T22:38:01.996+05:00","5.381845646454653","/firefox"
"2021-10-20T22:38:02.498+05:00","10.704236566826292","/firefox"
"2021-10-20T22:38:02.999+05:00","4.882106310750194","/firefox"
"2021-10-20T22:38:03.501+05:00","6.019680739858584","/firefox"
"2021-10-20T22:38:04.002+05:00","6.496025589244621","/firefox"
"2021-10-20T22:38:04.504+05:00","9.80911500404477","/firefox"
"2021-10-20T22:38:05.006+05:00","8.68412675989316","/firefox"
"2021-10-20T22:38:05.508+05:00","7.594156112885735","/firefox"
"2021-10-20T22:38:06.009+05:00","6.33850977219039","/firefox"
"2021-10-20T22:38:06.511+05:00","5.292089385950961","/firefox"
"2021-10-20T22:38:07.013+05:00","5.927422809822984","/firefox"
"2021-10-20T22:38:07.515+05:00","4.859518395069543","/firefox"
"2021-10-20T22:38:08.017+05:00","2.5414895418655306","/firefox"
"2021-10-20T22:38:08.519+05:00","1.0037087967618883","/firefox"
"2021-10-20T22:38:09.022+05:00","6.499003802568647","/firefox"
"2021-10-20T22:38:09.524+05:00","5.5724374638143575","/firefox"
"2021-10-20T22:38:10.025+05:00","3.878358632528656","/firefox"
"2021-10-20T22:38:10.526+05:00","2.1388918094440417","/firefox"
"2021-10-20T22:38:11.037+05:00","1.1611676044770465","/firefox"
"2021-10-20T22:38:11.538+05:00","3.2118576800995737","/firefox"
"2021-10-20T22:38:12.041+05:00","2.083642751558436","/firefox"
"2021-10-20T22:38:12.544+05:00","1.2196738528138067","/firefox"
"2021-10-20T22:38:13.046+05:00","2.2305675214506566","/firefox"
"2021-10-20T22:38:13.548+05:00","2.034790329793336","/firefox"
"2021-10-20T22:38:14.050+05:00","7.51731761122295","/firefox"
"2021-10-20T22:38:14.552+05:00","12.418609918203993","/firefox"
"2021-10-20T22:38:15.054+05:00","2.7626026064457423","/firefox"
"2021-10-20T22:38:15.556+05:00","5.532132508344757","/firefox"
"2021-10-20T22:38:16.057+05:00","4.409124324802034","/firefox"
"2021-10-20T22:38:16.558+05:00","18.5629624993087","/firefox"
"2021-10-20T22:38:17.060+05:00","24.32310477245185","/firefox"
"2021-10-20T22:38:17.561+05:00","25.47028839527637","/firefox"
"2021-10-20T22:38:18.063+05:00","15.68359842527331","/firefox"
"2021-10-20T22:38:18.565+05:00","10.491845760076625","/firefox"
"2021-10-20T22:38:19.067+05:00","9.847868535159126","/firefox"
"2021-10-20T22:38:19.569+05:00","12.734533691652395","/firefox"
"2021-10-20T22:38:20.070+05:00","5.374059176232877","/firefox"
"2021-10-20T22:38:20.572+05:00","10.070422785575785","/firefox"
"2021-10-20T22:38:21.074+05:00","8.405338628833285","/firefox"
"2021-10-20T22:38:21.576+05:00","5.536174716019898","/firefox"
"2021-10-20T22:38:22.078+05:00","9.11796520456603","/firefox"
"2021-10-20T22:38:23.584+05:00","5.1571858271502835","/firefox"
"2021-10-20T22:38:24.086+05:00","3.219436760361657","/firefox"
"2021-10-20T22:38:24.588+05:00","3.1768101472507513","/firefox"
"2021-10-20T22:38:25.091+05:00","7.280144771105158","/firefox"
"2021-10-20T22:38:25.593+05:00","6.0596916417432345","/firefox"
"2021-10-20T22:38:26.095+05:00","7.131754604507902","/firefox"
"2021-10-20T22:38:26.597+05:00","3.8292890045335115","/firefox"
"2021-10-20T22:38:27.099+05:00","4.364045230107914","/firefox"
"2021-10-20T22:38:27.602+05:00","5.3740133807444925","/firefox"
"2021-10-20T22:38:28.104+05:00","5.450061693442091","/firefox"
"2021-10-20T22:38:28.606+05:00","3.8921356591001524","/firefox"
"2021-10-20T22:38:29.108+05:00","4.4797213108711205","/firefox"
"2021-10-20T22:38:29.610+05:00","4.68389522086277","/firefox"
"2021-10-20T22:38:30.111+05:00","4.554001786051179","/firefox"
"2021-10-20T22:38:30.613+05:00","4.289471243251149","/firefox"
"2021-10-20T22:38:31.122+05:00","5.123902525520765","/firefox"
"2021-10-20T22:38:31.624+05:00","4.722178836595756","/firefox"
"2021-10-20T22:38:32.125+05:00","4.3431963254002985","/firefox"
"2021-10-20T22:38:32.627+05:00","3.813880060141662","/firefox"
"2021-10-20T22:38:33.129+05:00","5.207156276076418","/firefox"
"2021-10-20T22:38:33.630+05:00","5.718362409794928","/firefox"
"2021-10-20T22:38:34.131+05:00","11.299141219869927","/firefox"
"2021-10-20T22:38:34.633+05:00","12.422853115102658","/firefox"
"2021-10-20T22:38:35.136+05:00","4.35688476333567","/firefox"
"2021-10-20T22:38:35.637+05:00","10.37722742472113","/firefox"
"2021-10-20T22:38:36.138+05:00","13.551062280097259","/firefox"
"2021-10-20T22:38:36.639+05:00","5.425343310483285","/firefox"
"2021-10-20T22:38:37.140+05:00","11.056301855211007","/firefox"
"2021-10-20T22:38:37.641+05:00","8.23667385614898","/firefox"
"2021-10-20T22:38:38.144+05:00","6.657518686799452","/firefox"
"2021-10-20T22:38:38.645+05:00","6.882108596759726","/firefox"
"2021-10-20T22:38:39.147+05:00","7.091162944659333","/firefox"
"2021-10-20T22:38:39.649+05:00","6.155821488245843","/firefox"
"2021-10-20T22:38:40.151+05:00","8.549022744451236","/firefox"
"2021-10-20T22:38:40.653+05:00","8.270427817152008","/firefox"
"2021-10-20T22:38:41.154+05:00","8.09013904603949","/firefox"
"2021-10-20T22:38:41.656+05:00","9.21047966185529","/firefox"
"2021-10-20T22:38:42.158+05:00","6.165078128908652","/firefox"
"2021-10-20T22:38:42.661+05:00","4.892612809740855","/firefox"
"2021-10-20T22:38:43.162+05:00","4.4149809655877394","/firefox"
"2021-10-20T22:38:43.665+05:00","4.368654376809069","/firefox"
"2021-10-20T22:38:44.166+05:00","3.069523305989793","/firefox"
"2021-10-20T22:38:44.667+05:00","1.8681470328254646","/firefox"
"2021-10-20T22:38:45.169+05:00","2.926776156975066","/firefox"
"2021-10-20T22:38:45.672+05:00","2.9002613821134164","/firefox"
"2021-10-20T22:38:46.174+05:00","3.169664164375113","/firefox"
"2021-10-20T22:38:46.676+05:00","1.686965467121914","/firefox"
"2021-10-20T22:38:47.178+05:00","3.454112179727983","/firefox"
"2021-10-20T22:38:47.680+05:00","2.6873299486199724","/firefox"
"2021-10-20T22:38:48.182+05:00","2.7803605592115566","/firefox"
"2021-10-20T22:38:48.684+05:00","1.505410891279864","/firefox"
"2021-10-20T22:38:49.185+05:00","4.0325551623921685","/firefox"
"2021-10-20T22:38:49.686+05:00","6.198962185049124","/firefox"
"2021-10-20T22:38:50.188+05:00","4.3371604577246","/firefox"
"2021-10-20T22:38:50.690+05:00","1.3773853077108071","/firefox"
"2021-10-20T22:38:51.192+05:00","2.750222098920803","/firefox"
"2021-10-20T22:38:51.694+05:00","2.608096617978506","/firefox"
"2021-10-20T22:38:52.206+05:00","2.44876248092051","/firefox"
"2021-10-20T22:38:52.707+05:00","3.410165712930248","/firefox"
"2021-10-20T22:38:53.209+05:00","2.596193516955067","/firefox"
"2021-10-20T22:38:53.712+05:00","3.1088682331484887","/firefox"
"2021-10-20T22:38:54.213+05:00","9.737238875938148","/firefox"
"2021-10-20T22:38:54.715+05:00","9.487111965941466","/firefox"
"2021-10-20T22:38:55.216+05:00","2.4421265355417034","/firefox"
"2021-10-20T22:38:55.718+05:00","3.6320214480234125","/firefox"
"2021-10-20T22:38:56.220+05:00","2.121336139463886","/firefox"
"2021-10-20T22:38:56.721+05:00","2.140889312187693","/firefox"
"2021-10-20T22:38:57.223+05:00","2.3428905962575826","/firefox"
"2021-10-20T22:38:57.725+05:00","7.723194904542068","/firefox"
"2021-10-20T22:38:58.227+05:00","5.561072463132358","/firefox"
"2021-10-20T22:38:58.729+05:00","6.192329725573217","/firefox"
"2021-10-20T22:38:59.231+05:00","8.57981074731666","/firefox"
"2021-10-20T22:38:59.733+05:00","6.109361778580393","/firefox"
"2021-10-20T22:39:00.234+05:00","7.7651708811401905","/firefox"
"2021-10-20T22:39:00.735+05:00","6.883727919415405","/firefox"
"2021-10-20T22:39:01.237+05:00","5.192923383026542","/firefox"
"2021-10-20T22:39:01.739+05:00","9.661766496602944","/firefox"
"2021-10-20T22:39:02.241+05:00","6.05281323537464","/firefox"
"2021-10-20T22:39:02.742+05:00","8.130905959976321","/firefox"
"2021-10-20T22:39:03.244+05:00","7.605141875954137","/firefox"
"2021-10-20T22:39:03.746+05:00","6.80493558889003","/firefox"
"2021-10-20T22:39:04.248+05:00","6.8181834589711725","/firefox"
"2021-10-20T22:39:04.751+05:00","4.218589609490461","/firefox"
"2021-10-20T22:39:05.252+05:00","7.325072141002682","/firefox"
"2021-10-20T22:39:05.754+05:00","4.819932996267912","/firefox"
"2021-10-20T22:39:06.257+05:00","5.348619257453967","/firefox"
"2021-10-20T22:39:06.758+05:00","2.6958794082485404","/firefox"
"2021-10-20T22:39:07.260+05:00","2.004092996700472","/firefox"
"2021-10-20T22:39:07.762+05:00","2.0627177947788056","/firefox"
"2021-10-20T22:39:08.264+05:00","1.7982773167033461","/firefox"
"2021-10-20T22:39:08.766+05:00","3.8004548506508926","/firefox"
"2021-10-20T22:39:09.268+05:00","2.8828815294706307","/firefox"
"2021-10-20T22:39:09.770+05:00","9.724941006177183","/firefox"
"2021-10-20T22:39:10.271+05:00","6.87941524082601","/firefox"
"2021-10-20T22:39:10.773+05:00","5.177380469907801","/firefox"
"2021-10-20T22:39:11.274+05:00","4.776599648320106","/firefox"
"2021-10-20T22:39:11.776+05:00","4.931243408037679","/firefox"
"2021-10-20T22:39:12.278+05:00","4.269337381528279","/firefox"
"2021-10-20T22:39:12.779+05:00","4.960017402518145","/firefox"
"2021-10-20T22:39:13.291+05:00","3.6032613250240604","/firefox"
"2021-10-20T22:39:13.793+05:00","7.392467039122422","/firefox"
"2021-10-20T22:39:14.294+05:00","12.260792615600229","/firefox"
"2021-10-20T22:39:14.795+05:00","10.00004151810993","/firefox"
"2021-10-20T22:39:15.297+05:00","4.004516408547517","/firefox"
"2021-10-20T22:39:15.800+05:00","4.4328376649344605","/firefox"
"2021-10-20T22:39:16.302+05:00","3.8965780633757263","/firefox"
"2021-10-20T22:39:16.804+05:00","1.3477315136613344","/firefox"
"2021-10-20T22:39:17.305+05:00","10.487268596158362","/firefox"
"2021-10-20T22:39:17.807+05:00","14.076469202795089","/firefox"
"2021-10-20T22:39:18.308+05:00","6.561322191628476","/firefox"
"2021-10-20T22:39:18.811+05:00","2.0968342731944247","/firefox"
"2021-10-20T22:39:19.312+05:00","3.6146181556405126","/firefox"
"2021-10-20T22:39:19.814+05:00","2.914801411632389","/firefox"
"2021-10-20T22:39:20.316+05:00","2.8935530113275734","/firefox"
"2021-10-20T22:39:20.817+05:00","1.7336654696081706","/firefox"
"2021-10-20T22:39:21.320+05:00","0.4057549981672114","/firefox"
"2021-10-20T22:39:21.822+05:00","0.436563676091166","/firefox"
"2021-10-20T22:39:22.325+05:00","6.775783492458771","/firefox"
"2021-10-20T22:39:22.827+05:00","3.1063559039730366","/firefox"
"2021-10-20T22:39:23.329+05:00","1.332834795430514","/firefox"
"2021-10-20T22:39:23.832+05:00","1.257594816773526","/firefox"
"2021-10-20T22:39:24.335+05:00","0.9470081525114302","/firefox"
"2021-10-20T22:39:24.836+05:00","0.5033210051015244","/firefox"
"2021-10-20T22:39:25.339+05:00","0.22783554060989478","/firefox"
"2021-10-20T22:39:25.842+05:00","0.8983258580207626","/firefox"
"2021-10-20T22:39:26.344+05:00","5.955479033134096","/firefox"
"2021-10-20T22:39:26.847+05:00","2.5800692600544997","/firefox"
"2021-10-20T22:39:27.350+05:00","0.6489491371375239","/firefox"
"2021-10-20T22:39:27.853+05:00","0.3709161784871944","/firefox"
"2021-10-20T22:39:28.356+05:00","1.0806858074111754","/firefox"
"2021-10-20T22:39:28.860+05:00","0.09620262234328794","/firefox"
"2021-10-20T22:39:29.362+05:00","1.045808548176226","/firefox"
"2021-10-20T22:39:29.865+05:00","0.16032082509685713","/firefox"
"2021-10-20T22:39:30.368+05:00","0.5029390179708225","/firefox"
"2021-10-20T22:39:30.871+05:00","0.11579143247826619","/firefox"
"2021-10-20T22:39:31.374+05:00","0.2510733695316971","/firefox"
"2021-10-20T22:39:31.875+05:00","0.5944574317120005","/firefox"
"2021-10-20T22:39:32.378+05:00","0.16494485320932398","/firefox"
"2021-10-20T22:39:32.880+05:00","0.09511368639146585","/firefox"
"2021-10-20T22:39:33.391+05:00","0.3002111119401777","/firefox"
"2021-10-20T22:39:33.893+05:00","0.6270165665529388","/firefox"
"2021-10-20T22:39:34.395+05:00","13.519180235448204","/firefox"
"2021-10-20T22:39:34.897+05:00","5.139514370113886","/firefox"
"2021-10-20T22:39:35.399+05:00","5.28763384287961","/firefox"
"2021-10-20T22:39:35.900+05:00","2.7089052423822193","/firefox"
"2021-10-20T22:39:36.402+05:00","2.6444121773823177","/firefox"
"2021-10-20T22:39:36.904+05:00","1.5581668569040246","/firefox"
"2021-10-20T22:39:37.407+05:00","3.130274678975225","/firefox"
"2021-10-20T22:39:37.909+05:00","3.337396504164165","/firefox"
"2021-10-20T22:39:38.410+05:00","2.6156782659545095","/firefox"
"2021-10-20T22:39:38.912+05:00","0.6894152416965396","/firefox"
"2021-10-20T22:39:39.414+05:00","2.0436714245476724","/firefox"
"2021-10-20T22:39:39.916+05:00","1.421776946818617","/firefox"
"2021-10-20T22:39:40.418+05:00","2.1328165998935247","/firefox"
"2021-10-20T22:39:40.920+05:00","0.6482001936426632","/firefox"
"2021-10-20T22:39:41.422+05:00","10.479542877031854","/firefox"
"2021-10-20T22:39:41.923+05:00","19.62622896257642","/firefox"
"2021-10-20T22:39:42.425+05:00","6.990273170574393","/firefox"
"2021-10-20T22:39:42.926+05:00","8.777960967294376","/firefox"
"2021-10-20T22:39:43.428+05:00","21.999448774749666","/firefox"
"2021-10-20T22:39:43.929+05:00","7.793388469478528","/firefox"
"2021-10-20T22:39:44.432+05:00","9.299190359546152","/firefox"
"2021-10-20T22:39:44.933+05:00","8.358086334759227","/firefox"
"2021-10-20T22:39:45.434+05:00","15.909206126050123","/firefox"
"2021-10-20T22:39:45.936+05:00","7.404855117667609","/firefox"
"2021-10-20T22:39:46.437+05:00","7.697406635596893","/firefox"
"2021-10-20T22:39:46.938+05:00","16.601094570274498","/firefox"
"2021-10-20T22:39:47.439+05:00","21.72965850971299","/firefox"
"2021-10-20T22:39:47.940+05:00","24.070792849732307","/firefox"
"2021-10-20T22:39:48.441+05:00","10.664794026034636","/firefox"
"2021-10-20T22:39:48.943+05:00","9.77256631712322","/firefox"
"2021-10-20T22:39:49.445+05:00","9.366411794006028","/firefox"
"2021-10-20T22:39:49.947+05:00","3.254197089289306","/firefox"
"2021-10-20T22:39:50.449+05:00","6.455520388480649","/firefox"
"2021-10-20T22:39:50.950+05:00","9.987703694513158","/firefox"
"2021-10-20T22:39:51.451+05:00","17.56136774497007","/firefox"
"2021-10-20T22:39:51.952+05:00","21.645504419091786","/firefox"
"2021-10-20T22:39:52.453+05:00","16.413570506928068","/firefox"
"2021-10-20T22:39:52.954+05:00","9.510573528647974","/firefox"
"2021-10-20T22:39:53.455+05:00","8.32859820369355","/firefox"
"2021-10-20T22:39:53.957+05:00","5.611476547487412","/firefox"
"2021-10-20T22:39:54.462+05:00","14.31937505450896","/firefox"
"2021-10-20T22:39:54.963+05:00","7.41050390891307","/firefox"
"2021-10-20T22:39:55.464+05:00","6.119250711420961","/firefox"
"2021-10-20T22:39:55.966+05:00","3.799453968462612","/firefox"
"2021-10-20T22:39:56.468+05:00","1.8219658181449514","/firefox"
"2021-10-20T22:39:56.970+05:00","2.7706980254953124","/firefox"
"2021-10-20T22:39:57.472+05:00","3.4749555512935966","/firefox"
"2021-10-20T22:39:57.973+05:00","2.4719634136550854","/firefox"
"2021-10-20T22:39:58.475+05:00","6.567865602462387","/firefox"
"2021-10-20T22:39:58.977+05:00","2.9271299772231156","/firefox"
"2021-10-20T22:39:59.479+05:00","5.023837668728084","/firefox"
"2021-10-20T22:39:59.980+05:00","4.871138958969687","/firefox"
"2021-10-20T22:40:00.482+05:00","3.86618674600618","/firefox"
"2021-10-20T22:40:00.984+05:00","2.198899287376153","/firefox"
"2021-10-20T22:40:01.486+05:00","1.93822750683059","/firefox"
"2021-10-20T22:40:01.988+05:00","2.083883091862336","/firefox"
"2021-10-20T22:40:02.490+05:00","2.4040389061270426","/firefox"
"2021-10-20T22:40:02.992+05:00","1.4204820459253356","/firefox"
"2021-10-20T22:40:03.494+05:00","1.9164558108118832","/firefox"
"2021-10-20T22:40:03.996+05:00","1.7091841494872027","/firefox"
"2021-10-20T22:40:04.498+05:00","1.857588371858573","/firefox"
"2021-10-20T22:40:05.000+05:00","0.9390324773721934","/firefox"
"2021-10-20T22:40:05.502+05:00","1.3193320410645644","/firefox"
"2021-10-20T22:40:06.004+05:00","1.4409631755869667","/firefox"
"2021-10-20T22:40:06.506+05:00","1.603776525177588","/firefox"
"2021-10-20T22:40:07.008+05:00","1.198931854334966","/firefox"
"2021-10-20T22:40:07.510+05:00","1.5478487905122658","/firefox"
"2021-10-20T22:40:08.011+05:00","1.4131890629496786","/firefox"
"2021-10-20T22:40:08.513+05:00","1.550274854656503","/firefox"
"2021-10-20T22:40:09.015+05:00","0.7551771289044926","/firefox"
"2021-10-20T22:40:09.516+05:00","1.4318200301526602","/firefox"
"2021-10-20T22:40:10.017+05:00","1.794593555068971","/firefox"
"2021-10-20T22:40:10.520+05:00","1.5480961823004926","/firefox"
"2021-10-20T22:40:11.021+05:00","0.7867837389577983","/firefox"
"2021-10-20T22:40:11.523+05:00","1.4769634086900512","/firefox"
"2021-10-20T22:40:12.025+05:00","3.0847585418159578","/firefox"
"2021-10-20T22:40:12.527+05:00","1.2815778883039757","/firefox"
"2021-10-20T22:40:13.029+05:00","0.682634783990543","/firefox"
"2021-10-20T22:40:13.530+05:00","2.4426208105026284","/firefox"
"2021-10-20T22:40:14.032+05:00","1.536710755215431","/firefox"
"2021-10-20T22:40:14.534+05:00","15.464727718924445","/firefox"
"2021-10-20T22:40:15.035+05:00","13.89468760942092","/firefox"
"2021-10-20T22:40:15.539+05:00","5.058893600786901","/firefox"
"2021-10-20T22:40:16.041+05:00","2.63893192732335","/firefox"
"2021-10-20T22:40:16.544+05:00","2.9288299271147786","/firefox"
"2021-10-20T22:40:17.546+05:00","5.717147460635427","/firefox"
"2021-10-20T22:40:18.047+05:00","8.968153410490768","/firefox"
"2021-10-20T22:40:18.548+05:00","11.12461049379392","/firefox"
"2021-10-20T22:40:19.049+05:00","8.512189945899287","/firefox"
"2021-10-20T22:40:19.550+05:00","10.397699946186314","/firefox"
"2021-10-20T22:40:20.051+05:00","21.11009759461466","/firefox"
"2021-10-20T22:40:20.552+05:00","20.27051997156677","/firefox"
"2021-10-20T22:40:21.053+05:00","7.775033469334058","/firefox"
"2021-10-20T22:40:21.553+05:00","3.954995504001679","/firefox"
"2021-10-20T22:40:22.055+05:00","17.04319422385913","/firefox"
"2021-10-20T22:40:22.556+05:00","11.922738589175854","/firefox"
"2021-10-20T22:40:23.057+05:00","36.399528066161885","/firefox"
"2021-10-20T22:40:23.558+05:00","27.956998016257316","/firefox"
"2021-10-20T22:40:24.059+05:00","15.360928591784251","/firefox"
"2021-10-20T22:40:24.560+05:00","8.540761952209525","/firefox"
"2021-10-20T22:40:25.061+05:00","11.045858093128395","/firefox"
"2021-10-20T22:40:25.562+05:00","12.192587563152426","/firefox"
"2021-10-20T22:40:26.064+05:00","11.258847392092598","/firefox"
"2021-10-20T22:40:26.565+05:00","9.93299624392606","/firefox"
"2021-10-20T22:40:27.067+05:00","18.071642239686813","/firefox"
"2021-10-20T22:40:27.569+05:00","9.953150322752505","/firefox"
"2021-10-20T22:40:28.071+05:00","8.174425227762342","/firefox"
"2021-10-20T22:40:28.572+05:00","6.490318457499987","/firefox"
"2021-10-20T22:40:29.073+05:00","5.3181733782162794","/firefox"
"2021-10-20T22:40:29.574+05:00","6.044775693795406","/firefox"
"2021-10-20T22:40:30.075+05:00","3.8049322086444666","/firefox"
"2021-10-20T22:40:30.576+05:00","7.161367423811774","/firefox"
"2021-10-20T22:40:31.078+05:00","6.708437953472277","/firefox"
"2021-10-20T22:40:31.579+05:00","2.990742605296636","/firefox"
"2021-10-20T22:40:32.081+05:00","3.6413500921741635","/firefox"
"2021-10-20T22:40:32.583+05:00","7.652519189908485","/firefox"
"2021-10-20T22:40:33.084+05:00","2.0739731035330324","/firefox"
"2021-10-20T22:40:33.586+05:00","4.7394979042504595","/firefox"
"2021-10-20T22:40:34.087+05:00","6.513923570210087","/firefox"
"2021-10-20T22:40:34.588+05:00","14.584307877870827","/firefox"
"2021-10-20T22:40:35.090+05:00","4.220221414276375","/firefox"
"2021-10-20T22:40:35.597+05:00","4.549411934763584","/firefox"
"2021-10-20T22:40:36.099+05:00","9.330002011064721","/firefox"
"2021-10-20T22:40:36.600+05:00","6.8226722236348065","/firefox"
"2021-10-20T22:40:37.101+05:00","25.766862841197064","/firefox"
"2021-10-20T22:40:37.603+05:00","20.90918507194656","/firefox"
"2021-10-20T22:40:38.105+05:00","14.389746433085328","/firefox"
"2021-10-20T22:40:38.607+05:00","17.345627467021906","/firefox"
"2021-10-20T22:40:39.108+05:00","27.142768657828157","/firefox"
"2021-10-20T22:40:39.610+05:00","15.110953621028148","/firefox"
"2021-10-20T22:40:40.112+05:00","10.269255817415868","/firefox"
"2021-10-20T22:40:40.615+05:00","6.728079023338362","/firefox"
"2021-10-20T22:40:41.116+05:00","10.135033977712329","/firefox"
"2021-10-20T22:40:41.617+05:00","12.379714682871409","/firefox"
"2021-10-20T22:40:42.119+05:00","9.429306828150434","/firefox"
"2021-10-20T22:40:42.621+05:00","13.089102610685547","/firefox"
"2021-10-20T22:40:43.123+05:00","12.386480431585124","/firefox"
"2021-10-20T22:40:43.625+05:00","16.98832803125192","/firefox"
"2021-10-20T22:40:44.126+05:00","16.686624569994464","/firefox"
"2021-10-20T22:40:44.627+05:00","21.483637416890808","/firefox"
"2021-10-20T22:40:45.129+05:00","15.805174416946343","/firefox"
"2021-10-20T22:40:45.631+05:00","10.79932059847052","/firefox"
"2021-10-20T22:40:46.133+05:00","8.42733189714076","/firefox"
"2021-10-20T22:40:46.635+05:00","6.884035559950631","/firefox"
"2021-10-20T22:40:47.137+05:00","7.8863684248289365","/firefox"
"2021-10-20T22:40:47.639+05:00","6.937955808557095","/firefox"
"2021-10-20T22:40:48.141+05:00","12.082839429501528","/firefox"
"2021-10-20T22:40:48.643+05:00","11.886770370482692","/firefox"
"2021-10-20T22:40:49.144+05:00","10.313471362940941","/firefox"
"2021-10-20T22:40:49.646+05:00","9.803236018478838","/firefox"
"2021-10-20T22:40:50.148+05:00","17.066069688487875","/firefox"
"2021-10-20T22:40:50.650+05:00","19.453797461630888","/firefox"
"2021-10-20T22:40:51.152+05:00","10.599433001861367","/firefox"
"2021-10-20T22:40:51.653+05:00","12.61912616124424","/firefox"
"2021-10-20T22:40:52.155+05:00","12.221479934566709","/firefox"
"2021-10-20T22:40:52.657+05:00","14.53828741663721","/firefox"
"2021-10-20T22:40:53.159+05:00","18.12266806675326","/firefox"
"2021-10-20T22:40:53.660+05:00","22.046277762143852","/firefox"
"2021-10-20T22:40:54.162+05:00","11.787320632285835","/firefox"
"2021-10-20T22:40:54.663+05:00","18.507316373075568","/firefox"
"2021-10-20T22:40:55.666+05:00","5.203353220605525","/firefox"
"2021-10-20T22:40:56.167+05:00","3.9163301373628756","/firefox"
"2021-10-20T22:40:56.673+05:00","4.91436317918453","/firefox"
"2021-10-20T22:40:57.174+05:00","6.284599407147406","/firefox"
"2021-10-20T22:40:57.676+05:00","5.928007377939302","/firefox"
"2021-10-20T22:40:58.179+05:00","0.8489414290466202","/firefox"
"2021-10-20T22:40:58.682+05:00","0.33947499793473385","/firefox"
"2021-10-20T22:40:59.185+05:00","0.06270032591926097","/firefox"
"2021-10-20T22:40:59.687+05:00","0.4596407601032169","/firefox"
"2021-10-20T22:41:00.188+05:00","0.15660130749853352","/firefox"
"2021-10-20T22:41:00.691+05:00","0.08412215779391928","/firefox"
"2021-10-20T22:41:01.193+05:00","0","/firefox"
"2021-10-20T22:41:01.696+05:00","5.111519849495898","/firefox"
"2021-10-20T22:41:02.199+05:00","2.747049392684828","/firefox"
"2021-10-20T22:41:02.700+05:00","1.2922812072126033","/firefox"
"2021-10-20T22:41:03.203+05:00","0.24506849906652772","/firefox"
"2021-10-20T22:41:03.706+05:00","0","/firefox"
"2021-10-20T22:41:04.208+05:00","0.1008227901415129","/firefox"
"2021-10-20T22:41:04.711+05:00","3.0134826116276954","/firefox"
"2021-10-20T22:41:05.212+05:00","0","/firefox"
"2021-10-20T22:41:05.715+05:00","0.08352211793907952","/firefox"
"2021-10-20T22:41:06.218+05:00","0.21835387869238035","/firefox"
"2021-10-20T22:41:06.721+05:00","0.06310235762865032","/firefox"
"2021-10-20T22:41:07.223+05:00","0.07440968178986997","/firefox"
"2021-10-20T22:41:07.724+05:00","0.6417731103898573","/firefox"
"2021-10-20T22:41:08.226+05:00","2.621075477807138","/firefox"
"2021-10-20T22:41:08.728+05:00","0.7370714330811942","/firefox"
"2021-10-20T22:41:09.229+05:00","0.09175769981316187","/firefox"
"2021-10-20T22:41:09.731+05:00","0.3491472134538459","/firefox"
"2021-10-20T22:41:10.234+05:00","0.32842226589271456","/firefox"
"2021-10-20T22:41:10.737+05:00","0.28800491899988057","/firefox"
"2021-10-20T22:41:11.239+05:00","0","/firefox"
"2021-10-20T22:41:11.742+05:00","1.5443981812480936","/firefox"
"2021-10-20T22:41:12.245+05:00","1.0461030822048145","/firefox"
"2021-10-20T22:41:12.748+05:00","0.040631764130076735","/firefox"
"2021-10-20T22:41:13.251+05:00","0.028714547789571908","/firefox"
"2021-10-20T22:41:13.752+05:00","0.11320622170726204","/firefox"
"2021-10-20T22:41:14.254+05:00","0.09216846338405774","/firefox"
"2021-10-20T22:41:14.755+05:00","13.326823621155537","/firefox"
"2021-10-20T22:41:15.258+05:00","4.607689506877552","/firefox"
"2021-10-20T22:41:15.759+05:00","3.6598351324686726","/firefox"
"2021-10-20T22:41:16.260+05:00","9.890966215856396","/firefox"
"2021-10-20T22:41:16.762+05:00","24.69019773916441","/firefox"
"2021-10-20T22:41:17.263+05:00","27.61666086688413","/firefox"
"2021-10-20T22:41:17.769+05:00","18.349722514309498","/firefox"
"2021-10-20T22:41:18.271+05:00","13.387854170821871","/firefox"
"2021-10-20T22:41:18.772+05:00","10.733969865332398","/firefox"
"2021-10-20T22:41:19.273+05:00","14.75711340615384","/firefox"
"2021-10-20T22:41:19.774+05:00","10.454595560571143","/firefox"
"2021-10-20T22:41:20.275+05:00","10.505545872256326","/firefox"
"2021-10-20T22:41:20.777+05:00","7.660907570528184","/firefox"
"2021-10-20T22:41:21.278+05:00","6.369023052034933","/firefox"
"2021-10-20T22:41:21.779+05:00","5.686475547385941","/firefox"
"2021-10-20T22:41:22.281+05:00","4.9710437262510245","/firefox"
"2021-10-20T22:41:22.783+05:00","4.345890218700841","/firefox"
"2021-10-20T22:41:23.284+05:00","5.136132180837931","/firefox"
"2021-10-20T22:41:23.786+05:00","5.855582330011188","/firefox"
"2021-10-20T22:41:24.288+05:00","4.7158043147750455","/firefox"
"2021-10-20T22:41:24.789+05:00","4.4404387624310075","/firefox"
"2021-10-20T22:41:25.290+05:00","3.374480659476237","/firefox"
"2021-10-20T22:41:25.792+05:00","3.1296525309483156","/firefox"
"2021-10-20T22:41:26.294+05:00","3.913341908844744","/firefox"
"2021-10-20T22:41:26.796+05:00","4.70730078824745","/firefox"
"2021-10-20T22:41:27.298+05:00","2.784436597006483","/firefox"
"2021-10-20T22:41:27.800+05:00","3.308373620035075","/firefox"
"2021-10-20T22:41:28.301+05:00","4.452028646937326","/firefox"
"2021-10-20T22:41:28.802+05:00","4.810878480147587","/firefox"
"2021-10-20T22:41:29.303+05:00","5.120279662722557","/firefox"
"2021-10-20T22:41:29.805+05:00","4.5495773943684785","/firefox"
"2021-10-20T22:41:30.308+05:00","4.419094472662627","/firefox"
"2021-10-20T22:41:30.810+05:00","5.27552331512714","/firefox"
"2021-10-20T22:41:31.312+05:00","2.487496341605122","/firefox"
"2021-10-20T22:41:31.813+05:00","3.62331904387002","/firefox"
"2021-10-20T22:41:32.316+05:00","3.7584118118242618","/firefox"
"2021-10-20T22:41:32.818+05:00","3.679631821144019","/firefox"
"2021-10-20T22:41:33.319+05:00","5.1987987910873645","/firefox"
"2021-10-20T22:41:33.820+05:00","4.671796423378467","/firefox"
"2021-10-20T22:41:34.322+05:00","3.7355465124660845","/firefox"
"2021-10-20T22:41:34.823+05:00","18.98088785268427","/firefox"
"2021-10-20T22:41:35.324+05:00","4.65819397069328","/firefox"
"2021-10-20T22:41:35.825+05:00","5.95712313814286","/firefox"
"2021-10-20T22:41:36.326+05:00","11.645290765093485","/firefox"
"2021-10-20T22:41:36.827+05:00","8.180393434381646","/firefox"
"2021-10-20T22:41:37.328+05:00","28.011320313328596","/firefox"
"2021-10-20T22:41:37.830+05:00","17.762776865810473","/firefox"
"2021-10-20T22:41:38.338+05:00","12.847530615261064","/firefox"
"2021-10-20T22:41:38.840+05:00","10.846130686232097","/firefox"
"2021-10-20T22:41:39.341+05:00","13.201308754418179","/firefox"
"2021-10-20T22:41:39.842+05:00","10.318665002632667","/firefox"
"2021-10-20T22:41:40.344+05:00","5.994274279915538","/firefox"
"2021-10-20T22:41:40.845+05:00","17.754162560147826","/firefox"
"2021-10-20T22:41:41.346+05:00","15.15638515737941","/firefox"
"2021-10-20T22:41:41.847+05:00","26.39176489599265","/firefox"
"2021-10-20T22:41:42.348+05:00","21.012170082456237","/firefox"
"2021-10-20T22:41:42.850+05:00","9.677109553594743","/firefox"
"2021-10-20T22:41:43.351+05:00","22.88402668820299","/firefox"
"2021-10-20T22:41:43.852+05:00","17.90051675205721","/firefox"
"2021-10-20T22:41:44.354+05:00","15.239842092784045","/firefox"
"2021-10-20T22:41:44.855+05:00","12.929643868855912","/firefox"
"2021-10-20T22:41:45.356+05:00","12.5115040422261","/firefox"
"2021-10-20T22:41:45.858+05:00","14.540707590993978","/firefox"
"2021-10-20T22:41:46.359+05:00","16.59564279179521","/firefox"
"2021-10-20T22:41:46.860+05:00","10.742963940491116","/firefox"
"2021-10-20T22:41:47.361+05:00","6.486816838922355","/firefox"
"2021-10-20T22:41:47.863+05:00","8.10383263831913","/firefox"
"2021-10-20T22:41:48.364+05:00","15.716602030366172","/firefox"
"2021-10-20T22:41:48.865+05:00","10.60947229082676","/firefox"
"2021-10-20T22:41:49.366+05:00","19.249747265466453","/firefox"
"2021-10-20T22:41:49.867+05:00","9.467007239274004","/firefox"
"2021-10-20T22:41:50.368+05:00","6.467622512876725","/firefox"
"2021-10-20T22:41:50.869+05:00","6.380707286914487","/firefox"
"2021-10-20T22:41:51.370+05:00","5.017968319350935","/firefox"
"2021-10-20T22:41:51.872+05:00","5.321463406867057","/firefox"
"2021-10-20T22:41:52.373+05:00","6.296465101330902","/firefox"
"2021-10-20T22:41:52.874+05:00","6.990836584577813","/firefox"
"2021-10-20T22:41:53.375+05:00","7.882421783084573","/firefox"
"2021-10-20T22:41:53.876+05:00","9.334139629068538","/firefox"
"2021-10-20T22:41:54.377+05:00","8.056482248134275","/firefox"
"2021-10-20T22:41:54.878+05:00","19.633145141246803","/firefox"
"2021-10-20T22:41:55.379+05:00","9.200628369548014","/firefox"
"2021-10-20T22:41:55.881+05:00","3.1862128026893304","/firefox"
"2021-10-20T22:41:56.382+05:00","4.199827582766645","/firefox"
"2021-10-20T22:41:56.882+05:00","3.6970227040277197","/firefox"
"2021-10-20T22:41:57.383+05:00","1.2840298175196425","/firefox"
"2021-10-20T22:41:57.884+05:00","8.097027881318382","/firefox"
"2021-10-20T22:41:58.386+05:00","10.67645963334071","/firefox"
"2021-10-20T22:41:58.888+05:00","6.3690814161126","/firefox"
"2021-10-20T22:41:59.396+05:00","16.71378437533707","/firefox"
"2021-10-20T22:41:59.897+05:00","16.012721147787673","/firefox"
"2021-10-20T22:42:00.398+05:00","25.675019286593674","/firefox"
"2021-10-20T22:42:00.900+05:00","16.34141705928141","/firefox"
"2021-10-20T22:42:01.401+05:00","8.261234119081182","/firefox"
"2021-10-20T22:42:01.902+05:00","8.589012773670369","/firefox"
"2021-10-20T22:42:02.403+05:00","5.371090393431932","/firefox"
"2021-10-20T22:42:02.904+05:00","7.422523456679537","/firefox"
"2021-10-20T22:42:03.405+05:00","24.531883940083993","/firefox"
"2021-10-20T22:42:03.906+05:00","19.893733296046165","/firefox"
"2021-10-20T22:42:04.408+05:00","27.3030488585843","/firefox"
"2021-10-20T22:42:04.909+05:00","10.395463769034514","/firefox"
"2021-10-20T22:42:05.410+05:00","14.538134475464389","/firefox"
"2021-10-20T22:42:05.912+05:00","8.697417101483902","/firefox"
"2021-10-20T22:42:06.415+05:00","8.069188962409102","/firefox"
"2021-10-20T22:42:06.915+05:00","7.0714503724556215","/firefox"
"2021-10-20T22:42:07.416+05:00","7.860461254854171","/firefox"
"2021-10-20T22:42:07.917+05:00","5.494050214264531","/firefox"
"2021-10-20T22:42:08.419+05:00","7.894284757428716","/firefox"
"2021-10-20T22:42:08.921+05:00","8.573200128771017","/firefox"
"2021-10-20T22:42:09.422+05:00","7.358664773907976","/firefox"
"2021-10-20T22:42:09.923+05:00","5.69399736447764","/firefox"
"2021-10-20T22:42:10.424+05:00","8.261203489190246","/firefox"
"2021-10-20T22:42:10.925+05:00","11.034820573038175","/firefox"
"2021-10-20T22:42:11.426+05:00","7.908112443987094","/firefox"
"2021-10-20T22:42:11.927+05:00","5.950313191342332","/firefox"
"2021-10-20T22:42:12.428+05:00","6.86233819882769","/firefox"
"2021-10-20T22:42:12.929+05:00","6.852452396002417","/firefox"
"2021-10-20T22:42:13.430+05:00","5.9250861085885544","/firefox"
"2021-10-20T22:42:13.931+05:00","6.608472726328973","/firefox"
"2021-10-20T22:42:14.432+05:00","6.891406319126707","/firefox"
"2021-10-20T22:42:14.933+05:00","18.072390108083983","/firefox"
"2021-10-20T22:42:15.435+05:00","12.188434443966699","/firefox"
"2021-10-20T22:42:15.936+05:00","2.8033309480114497","/firefox"
"2021-10-20T22:42:16.437+05:00","8.362224031235346","/firefox"
"2021-10-20T22:42:16.938+05:00","25.20858427212793","/firefox"
"2021-10-20T22:42:17.439+05:00","12.86168170436897","/firefox"
"2021-10-20T22:42:17.940+05:00","22.245248136570194","/firefox"
"2021-10-20T22:42:18.445+05:00","7.814578044377509","/firefox"
"2021-10-20T22:42:18.947+05:00","8.529261747257546","/firefox"
"2021-10-20T22:42:19.449+05:00","6.7200832019896986","/firefox"
"2021-10-20T22:42:19.950+05:00","5.273596680015858","/firefox"
"2021-10-20T22:42:20.452+05:00","6.051777727794726","/firefox"
"2021-10-20T22:42:20.955+05:00","5.874780211331075","/firefox"
"2021-10-20T22:42:21.456+05:00","2.091319688091619","/firefox"
"2021-10-20T22:42:21.957+05:00","3.8644376735380037","/firefox"
"2021-10-20T22:42:22.459+05:00","3.3442100923272498","/firefox"
"2021-10-20T22:42:22.960+05:00","5.606744527880641","/firefox"
"2021-10-20T22:42:23.461+05:00","1.5152562113015449","/firefox"
"2021-10-20T22:42:23.963+05:00","1.6886512123616844","/firefox"
"2021-10-20T22:42:24.465+05:00","3.4183281068840654","/firefox"
"2021-10-20T22:42:24.967+05:00","2.3902310624011394","/firefox"
"2021-10-20T22:42:25.468+05:00","1.2294742538848982","/firefox"
"2021-10-20T22:42:25.970+05:00","1.3878688171900793","/firefox"
"2021-10-20T22:42:26.472+05:00","2.0628084951021735","/firefox"
"2021-10-20T22:42:26.974+05:00","3.144967284305585","/firefox"
"2021-10-20T22:42:27.475+05:00","2.135789228282702","/firefox"
"2021-10-20T22:42:27.976+05:00","1.77323362077471","/firefox"
"2021-10-20T22:42:28.478+05:00","2.004763586341369","/firefox"
"2021-10-20T22:42:28.979+05:00","2.0128206318561856","/firefox"
"2021-10-20T22:42:29.481+05:00","2.3768817433088465","/firefox"
"2021-10-20T22:42:29.984+05:00","0.9506884805882391","/firefox"
"2021-10-20T22:42:30.485+05:00","1.9992883369662526","/firefox"
"2021-10-20T22:42:30.988+05:00","2.0680628528225347","/firefox"
"2021-10-20T22:42:31.489+05:00","4.189923188797078","/firefox"
"2021-10-20T22:42:31.990+05:00","2.4377041687789998","/firefox"
"2021-10-20T22:42:32.491+05:00","2.8065100202325084","/firefox"
"2021-10-20T22:42:32.993+05:00","1.7565542666505787","/firefox"
"2021-10-20T22:42:33.496+05:00","1.8310161506889775","/firefox"
"2021-10-20T22:42:33.998+05:00","1.1478316594898554","/firefox"
"2021-10-20T22:42:34.501+05:00","1.9457154323512598","/firefox"
"2021-10-20T22:42:35.003+05:00","15.386873017456358","/firefox"
"2021-10-20T22:42:35.505+05:00","5.6643725276852095","/firefox"
"2021-10-20T22:42:36.006+05:00","3.6414991120146416","/firefox"
"2021-10-20T22:42:36.508+05:00","2.5961949357189527","/firefox"
"2021-10-20T22:42:37.010+05:00","2.146935414215693","/firefox"
"2021-10-20T22:42:37.512+05:00","1.9821440661540888","/firefox"
"2021-10-20T22:42:38.015+05:00","1.4266327613106227","/firefox"
"2021-10-20T22:42:38.527+05:00","1.8038595907744788","/firefox"
"2021-10-20T22:42:39.029+05:00","3.8621333691578057","/firefox"
"2021-10-20T22:42:39.531+05:00","3.6786553775020425","/firefox"
"2021-10-20T22:42:40.032+05:00","3.976036813240302","/firefox"
"2021-10-20T22:42:40.534+05:00","3.5344213883948257","/firefox"
"2021-10-20T22:42:41.036+05:00","1.8219751888487281","/firefox"
"2021-10-20T22:42:41.538+05:00","1.8420106755589318","/firefox"
"2021-10-20T22:42:42.041+05:00","2.051745258908384","/firefox"
"2021-10-20T22:42:42.544+05:00","2.4531754840596904","/firefox"
"2021-10-20T22:42:43.045+05:00","3.6592190225825854","/firefox"
"2021-10-20T22:42:43.547+05:00","6.388006304562324","/firefox"
"2021-10-20T22:42:44.050+05:00","6.906624668470607","/firefox"
"2021-10-20T22:42:44.551+05:00","7.832900553110775","/firefox"
"2021-10-20T22:42:45.053+05:00","5.3817778016943425","/firefox"
"2021-10-20T22:42:45.555+05:00","4.8148403906458315","/firefox"
"2021-10-20T22:42:46.057+05:00","2.2186626526192645","/firefox"
"2021-10-20T22:42:46.558+05:00","9.439713928394195","/firefox"
"2021-10-20T22:42:47.059+05:00","6.045018808109396","/firefox"
"2021-10-20T22:42:47.561+05:00","3.7546053750320683","/firefox"
"2021-10-20T22:42:48.063+05:00","3.0022966396146167","/firefox"
"2021-10-20T22:42:48.565+05:00","4.651792843797708","/firefox"
"2021-10-20T22:42:49.067+05:00","3.29603311715801","/firefox"
"2021-10-20T22:42:49.570+05:00","2.773080605552361","/firefox"
"2021-10-20T22:42:50.071+05:00","2.0538035901883585","/firefox"
"2021-10-20T22:42:50.573+05:00","2.2640139851350964","/firefox"
"2021-10-20T22:42:51.075+05:00","2.1048985114377685","/firefox"
"2021-10-20T22:42:51.577+05:00","2.8617367566958043","/firefox"
"2021-10-20T22:42:52.079+05:00","0.924734035745666","/firefox"
"2021-10-20T22:42:52.580+05:00","2.1723058246936686","/firefox"
"2021-10-20T22:42:53.082+05:00","1.7444664548951818","/firefox"
"2021-10-20T22:42:53.584+05:00","4.219245122760132","/firefox"
"2021-10-20T22:42:54.086+05:00","0.9971532276106295","/firefox"
"2021-10-20T22:42:54.587+05:00","2.0481619964698625","/firefox"
"2021-10-20T22:42:55.089+05:00","13.788508173550834","/firefox"
"2021-10-20T22:42:55.590+05:00","4.8470059229653","/firefox"
"2021-10-20T22:42:56.091+05:00","6.595541274137323","/firefox"
"2021-10-20T22:42:56.593+05:00","6.665145725387196","/firefox"
"2021-10-20T22:42:57.094+05:00","5.891590117581444","/firefox"
"2021-10-20T22:42:57.596+05:00","6.803537585543561","/firefox"
"2021-10-20T22:42:58.098+05:00","10.560494741800575","/firefox"
"2021-10-20T22:42:58.599+05:00","23.88610285505959","/firefox"
"2021-10-20T22:42:59.108+05:00","15.305332038373662","/firefox"
"2021-10-20T22:42:59.610+05:00","9.06976777427003","/firefox"
"2021-10-20T22:43:00.111+05:00","10.00215001576247","/firefox"
"2021-10-20T22:43:00.613+05:00","12.38471559225393","/firefox"
"2021-10-20T22:43:01.114+05:00","14.013979772343909","/firefox"
"2021-10-20T22:43:01.615+05:00","15.873922939257731","/firefox"
"2021-10-20T22:43:02.116+05:00","10.68017339313145","/firefox"
"2021-10-20T22:43:02.618+05:00","9.987095423080014","/firefox"
"2021-10-20T22:43:03.120+05:00","6.319916472658148","/firefox"
"2021-10-20T22:43:03.621+05:00","8.534834051190277","/firefox"
"2021-10-20T22:43:04.122+05:00","10.783692327966097","/firefox"
"2021-10-20T22:43:04.623+05:00","6.740638856341579","/firefox"
"2021-10-20T22:43:05.124+05:00","7.775701255500104","/firefox"
"2021-10-20T22:43:05.626+05:00","8.62918545274394","/firefox"
"2021-10-20T22:43:06.129+05:00","2.310562800238113","/firefox"
"2021-10-20T22:43:06.632+05:00","3.6664439649001395","/firefox"
"2021-10-20T22:43:07.134+05:00","3.7373200343179733","/firefox"
"2021-10-20T22:43:07.637+05:00","4.247437369674818","/firefox"
"2021-10-20T22:43:08.139+05:00","2.1559125740006806","/firefox"
"2021-10-20T22:43:08.641+05:00","7.920225239092055","/firefox"
"2021-10-20T22:43:09.144+05:00","3.6990617002274675","/firefox"
"2021-10-20T22:43:09.646+05:00","5.630351632083637","/firefox"
"2021-10-20T22:43:10.147+05:00","3.0865803834638634","/firefox"
"2021-10-20T22:43:10.650+05:00","3.394349533004397","/firefox"
"2021-10-20T22:43:11.152+05:00","3.7144763195336394","/firefox"
"2021-10-20T22:43:11.655+05:00","3.0420163980908974","/firefox"
"2021-10-20T22:43:12.157+05:00","3.8214215830366665","/firefox"
"2021-10-20T22:43:12.660+05:00","4.044196131833541","/firefox"
"2021-10-20T22:43:13.162+05:00","3.166364154340706","/firefox"
"2021-10-20T22:43:13.663+05:00","4.075246709696142","/firefox"
"2021-10-20T22:43:14.165+05:00","2.1626520386605694","/firefox"
"2021-10-20T22:43:14.668+05:00","3.6560405858092895","/firefox"
"2021-10-20T22:43:15.169+05:00","16.673048580464652","/firefox"
"2021-10-20T22:43:15.671+05:00","4.5716519824475","/firefox"
"2021-10-20T22:43:16.172+05:00","2.8197504983273185","/firefox"
"2021-10-20T22:43:16.673+05:00","3.360341915583789","/firefox"
"2021-10-20T22:43:17.175+05:00","3.7642141840514753","/firefox"
"2021-10-20T22:43:17.676+05:00","4.937205196314126","/firefox"
"2021-10-20T22:43:18.177+05:00","16.061759104921613","/firefox"
"2021-10-20T22:43:18.678+05:00","7.940461736511678","/firefox"
"2021-10-20T22:43:19.180+05:00","6.526058524568476","/firefox"
"2021-10-20T22:43:19.681+05:00","3.9035150042193623","/firefox"
"2021-10-20T22:43:20.189+05:00","2.039716875999552","/firefox"
"2021-10-20T22:43:20.692+05:00","2.4036792740447517","/firefox"
"2021-10-20T22:43:21.193+05:00","0.5733104726946668","/firefox"
"2021-10-20T22:43:21.695+05:00","0.3667068366748366","/firefox"
"2021-10-20T22:43:22.198+05:00","0.08753181011836625","/firefox"
"2021-10-20T22:43:22.700+05:00","0.5099373839990385","/firefox"
"2021-10-20T22:43:23.202+05:00","4.282079560891807","/firefox"
"2021-10-20T22:43:23.704+05:00","2.048311172448098","/firefox"
"2021-10-20T22:43:24.205+05:00","0.6645291776544857","/firefox"
"2021-10-20T22:43:24.708+05:00","0.6643480557054185","/firefox"
"2021-10-20T22:43:25.210+05:00","1.145414467589683","/firefox"
"2021-10-20T22:43:25.713+05:00","0.3499873807652244","/firefox"
"2021-10-20T22:43:26.214+05:00","0.10910749943256726","/firefox"
"2021-10-20T22:43:26.717+05:00","0.8181857001407152","/firefox"
"2021-10-20T22:43:27.219+05:00","2.9151820025139994","/firefox"
"2021-10-20T22:43:27.722+05:00","3.183529913383406","/firefox"
"2021-10-20T22:43:28.225+05:00","0.17825434136885274","/firefox"
"2021-10-20T22:43:28.727+05:00","0.9296674325827617","/firefox"
"2021-10-20T22:43:29.230+05:00","0.6522247649043759","/firefox"
"2021-10-20T22:43:29.733+05:00","0.4251657146501066","/firefox"
"2021-10-20T22:43:30.235+05:00","0.47658477874343147","/firefox"
"2021-10-20T22:43:30.737+05:00","0.7915772392380181","/firefox"
"2021-10-20T22:43:31.239+05:00","0.16709238845485372","/firefox"
"2021-10-20T22:43:31.741+05:00","0.6282849099846268","/firefox"
"2021-10-20T22:43:32.244+05:00","0.14774504451113915","/firefox"
"2021-10-20T22:43:32.746+05:00","0.23243768399440345","/firefox"
"2021-10-20T22:43:33.249+05:00","0.22993888909846882","/firefox"
"2021-10-20T22:43:33.752+05:00","0.43014043888099146","/firefox"
"2021-10-20T22:43:34.255+05:00","0.19552922755324723","/firefox"
"2021-10-20T22:43:34.757+05:00","0.5787635105919537","/firefox"
"2021-10-20T22:43:35.259+05:00","15.222596454090091","/firefox"
"2021-10-20T22:43:35.760+05:00","4.107031284917781","/firefox"
"2021-10-20T22:43:36.262+05:00","4.170990584680302","/firefox"
"2021-10-20T22:43:36.764+05:00","1.8947088447007334","/firefox"
"2021-10-20T22:43:37.266+05:00","9.141212383998418","/firefox"
"2021-10-20T22:43:37.768+05:00","3.6626713925981704","/firefox"
"2021-10-20T22:43:38.271+05:00","1.0120497765427354","/firefox"
"2021-10-20T22:43:38.773+05:00","0","/firefox"
"2021-10-20T22:43:39.276+05:00","0.3939161150729259","/firefox"
"2021-10-20T22:43:39.779+05:00","0","/firefox"
"2021-10-20T22:43:40.280+05:00","0.4039457798388258","/firefox"
"2021-10-20T22:43:40.783+05:00","0.33009764894171484","/firefox"
"2021-10-20T22:43:41.284+05:00","0.11938927458486677","/firefox"
"2021-10-20T22:43:41.786+05:00","0.07118612341017015","/firefox"
"2021-10-20T22:43:42.288+05:00","0.9532364676015475","/firefox"
"2021-10-20T22:43:42.791+05:00","0","/firefox"
"2021-10-20T22:43:43.292+05:00","2.3264960044562253","/firefox"
"2021-10-20T22:43:43.794+05:00","0.10998467462294138","/firefox"
"2021-10-20T22:43:44.296+05:00","0.0725687977182182","/firefox"
"2021-10-20T22:43:44.797+05:00","0","/firefox"
"2021-10-20T22:43:45.299+05:00","0.6384751376343732","/firefox"
"2021-10-20T22:43:45.801+05:00","0.583545409711627","/firefox"
"2021-10-20T22:43:46.303+05:00","0","/firefox"
"2021-10-20T22:43:46.805+05:00","0.5747617873182522","/firefox"
"2021-10-20T22:43:47.308+05:00","7.005312146749101","/firefox"
"2021-10-20T22:43:47.810+05:00","0.778810198756728","/firefox"
"2021-10-20T22:43:48.313+05:00","0.03482222808206814","/firefox"
"2021-10-20T22:43:48.816+05:00","0.26117282748253223","/firefox"
"2021-10-20T22:43:49.319+05:00","0.12300756962880331","/firefox"
"2021-10-20T22:43:49.822+05:00","0.21402848969010949","/firefox"
"2021-10-20T22:43:50.325+05:00","0.1658407990984167","/firefox"
"2021-10-20T22:43:50.828+05:00","0.34119019186852284","/firefox"
"2021-10-20T22:43:51.331+05:00","5.870920274342446","/firefox"
"2021-10-20T22:43:51.834+05:00","0","/firefox"
"2021-10-20T22:43:52.337+05:00","0.13282351908381737","/firefox"
"2021-10-20T22:43:52.839+05:00","0.07633897740182836","/firefox"
"2021-10-20T22:43:53.342+05:00","0","/firefox"
"2021-10-20T22:43:53.845+05:00","0","/firefox"
"2021-10-20T22:43:54.348+05:00","0.052417802023847944","/firefox"
"2021-10-20T22:43:54.849+05:00","0","/firefox"
"2021-10-20T22:43:55.351+05:00","13.255665703298103","/firefox"
"2021-10-20T22:43:55.853+05:00","3.310971517239862","/firefox"
"2021-10-20T22:43:56.355+05:00","2.1950212042260002","/firefox"
"2021-10-20T22:43:56.857+05:00","3.5854522621948766","/firefox"
"2021-10-20T22:43:57.358+05:00","4.228217966186911","/firefox"
"2021-10-20T22:43:57.860+05:00","3.924806160373695","/firefox"
"2021-10-20T22:43:58.362+05:00","2.3075459878057956","/firefox"
"2021-10-20T22:43:58.863+05:00","3.061609480951749","/firefox"
"2021-10-20T22:43:59.365+05:00","1.9203854328429915","/firefox"
"2021-10-20T22:43:59.867+05:00","1.453248300309234","/firefox"
"2021-10-20T22:44:00.369+05:00","1.2824110882035544","/firefox"
"2021-10-20T22:44:00.872+05:00","4.833609446926492","/firefox"
"2021-10-20T22:44:01.381+05:00","1.0787807294187217","/firefox"
"2021-10-20T22:44:01.884+05:00","1.5384894282846648","/firefox"
"2021-10-20T22:44:02.386+05:00","0.6930178427931815","/firefox"
"2021-10-20T22:44:02.888+05:00","1.7271156306107407","/firefox"
"2021-10-20T22:44:03.390+05:00","2.498505774711826","/firefox"
"2021-10-20T22:44:03.892+05:00","1.421539548668571","/firefox"
"2021-10-20T22:44:04.394+05:00","0.6508930096755078","/firefox"
"2021-10-20T22:44:04.895+05:00","1.889715674905306","/firefox"
"2021-10-20T22:44:05.396+05:00","1.5317126205267542","/firefox"
"2021-10-20T22:44:05.898+05:00","2.4649297934467786","/firefox"
"2021-10-20T22:44:06.399+05:00","1.018398354187735","/firefox"
"2021-10-20T22:44:06.900+05:00","1.3064388297884537","/firefox"
"2021-10-20T22:44:07.402+05:00","1.7117805942279913","/firefox"
"2021-10-20T22:44:07.904+05:00","1.4428735498104899","/firefox"
"2021-10-20T22:44:08.406+05:00","0.7901181563637878","/firefox"
"2021-10-20T22:44:08.908+05:00","1.4919492475854386","/firefox"
"2021-10-20T22:44:09.410+05:00","1.5272032449787007","/firefox"
"2021-10-20T22:44:09.912+05:00","1.4223442667687372","/firefox"
"2021-10-20T22:44:10.414+05:00","1.0781088020617466","/firefox"
"2021-10-20T22:44:10.917+05:00","1.7100439955933993","/firefox"
"2021-10-20T22:44:11.419+05:00","1.7394073795466898","/firefox"
"2021-10-20T22:44:11.921+05:00","1.3883212494275134","/firefox"
"2021-10-20T22:44:12.423+05:00","1.6804233592083782","/firefox"
"2021-10-20T22:44:12.924+05:00","1.7102100850236754","/firefox"
"2021-10-20T22:44:13.425+05:00","1.8837461312326294","/firefox"
"2021-10-20T22:44:13.926+05:00","2.1947997605266316","/firefox"
"2021-10-20T22:44:14.427+05:00","1.3737091723101875","/firefox"
"2021-10-20T22:44:14.928+05:00","1.8057153427583046","/firefox"
"2021-10-20T22:44:15.429+05:00","16.057196708139717","/firefox"
"2021-10-20T22:44:15.930+05:00","5.132935064462712","/firefox"
"2021-10-20T22:44:16.431+05:00","4.374443132522062","/firefox"
"2021-10-20T22:44:16.932+05:00","2.8954563256407337","/firefox"
"2021-10-20T22:44:17.433+05:00","11.387114253617018","/firefox"
"2021-10-20T22:44:17.934+05:00","19.006294763481783","/firefox"
"2021-10-20T22:44:18.435+05:00","20.962867042375336","/firefox"
"2021-10-20T22:44:18.936+05:00","24.262850181010172","/firefox"
"2021-10-20T22:44:19.437+05:00","23.886349235083173","/firefox"
"2021-10-20T22:44:19.938+05:00","23.376090253935043","/firefox"
"2021-10-20T22:44:20.440+05:00","10.285152483425257","/firefox"
"2021-10-20T22:44:20.943+05:00","16.30065647962396","/firefox"
"2021-10-20T22:44:21.445+05:00","9.398692393454427","/firefox"
"2021-10-20T22:44:21.947+05:00","3.653188609048714","/firefox"
"2021-10-20T22:44:22.454+05:00","6.476559972137149","/firefox"
"2021-10-20T22:44:22.955+05:00","4.608184919184375","/firefox"
"2021-10-20T22:44:23.457+05:00","5.50294088670078","/firefox"
"2021-10-20T22:44:23.957+05:00","10.461052411278907","/firefox"
"2021-10-20T22:44:24.459+05:00","13.941529812300969","/firefox"
"2021-10-20T22:44:24.961+05:00","5.84175807689841","/firefox"
"2021-10-20T22:44:25.462+05:00","4.7943394211160815","/firefox"
"2021-10-20T22:44:25.964+05:00","6.234017549067796","/firefox"
"2021-10-20T22:44:26.465+05:00","4.997232225620945","/firefox"
"2021-10-20T22:44:26.967+05:00","6.25058809788853","/firefox"
"2021-10-20T22:44:27.468+05:00","5.521279395523564","/firefox"
"2021-10-20T22:44:27.970+05:00","5.926211290816582","/firefox"
"2021-10-20T22:44:28.471+05:00","3.9681724050722647","/firefox"
"2021-10-20T22:44:28.972+05:00","6.124044845848939","/firefox"
"2021-10-20T22:44:29.474+05:00","6.982877955605464","/firefox"
"2021-10-20T22:44:29.976+05:00","4.591219010895777","/firefox"
"2021-10-20T22:44:30.477+05:00","3.081221755073755","/firefox"
"2021-10-20T22:44:30.978+05:00","7.5042541972097805","/firefox"
"2021-10-20T22:44:31.480+05:00","5.389841046223669","/firefox"
"2021-10-20T22:44:31.981+05:00","6.744226081183238","/firefox"
"2021-10-20T22:44:32.482+05:00","9.932376076476267","/firefox"
"2021-10-20T22:44:32.984+05:00","5.3596674567224385","/firefox"
"2021-10-20T22:44:33.486+05:00","6.101397668566406","/firefox"
"2021-10-20T22:44:33.987+05:00","6.4869188018446575","/firefox"
"2021-10-20T22:44:34.489+05:00","10.06721813643384","/firefox"
"2021-10-20T22:44:34.990+05:00","8.18965484112205","/firefox"
"2021-10-20T22:44:35.491+05:00","24.30928312267276","/firefox"
"2021-10-20T22:44:35.994+05:00","3.8380300771383786","/firefox"
"2021-10-20T22:44:36.495+05:00","9.818647469106923","/firefox"
"2021-10-20T22:44:36.997+05:00","9.06708875400539","/firefox"
"2021-10-20T22:44:37.498+05:00","6.682934681941236","/firefox"
"2021-10-20T22:44:37.999+05:00","23.301506491106267","/firefox"
"2021-10-20T22:44:38.501+05:00","22.170960367618868","/firefox"
"2021-10-20T22:44:39.002+05:00","11.180635873840828","/firefox"
"2021-10-20T22:44:39.505+05:00","8.18321508738288","/firefox"
"2021-10-20T22:44:40.007+05:00","14.812844287451703","/firefox"
"2021-10-20T22:44:40.509+05:00","19.598422074198737","/firefox"
"2021-10-20T22:44:41.010+05:00","9.467348881611194","/firefox"
"2021-10-20T22:44:41.511+05:00","22.83605890803289","/firefox"
"2021-10-20T22:44:42.013+05:00","25.804850188901625","/firefox"
"2021-10-20T22:44:42.515+05:00","22.709852585818066","/firefox"
"2021-10-20T22:44:43.016+05:00","5.487931593666023","/firefox"
"2021-10-20T22:44:43.518+05:00","3.0905325470850493","/firefox"
"2021-10-20T22:44:44.019+05:00","1.5172478662206357","/firefox"
"2021-10-20T22:44:44.521+05:00","0.15890720422793328","/firefox"
"2021-10-20T22:44:45.023+05:00","0.3229248814718781","/firefox"
"2021-10-20T22:44:45.525+05:00","1.1159259403848127","/firefox"
"2021-10-20T22:44:46.027+05:00","0.24311669450841064","/firefox"
"2021-10-20T22:44:46.529+05:00","1.2086989913367288","/firefox"
"2021-10-20T22:44:47.032+05:00","8.595458582783944","/firefox"
"2021-10-20T22:44:47.534+05:00","0.39452163902299214","/firefox"
"2021-10-20T22:44:48.036+05:00","3.551103105520583","/firefox"
"2021-10-20T22:44:48.539+05:00","0.928155694361568","/firefox"
"2021-10-20T22:44:49.040+05:00","0.3043298856395102","/firefox"
"2021-10-20T22:44:49.543+05:00","0.42482180459092383","/firefox"
"2021-10-20T22:44:50.044+05:00","0.2594461231680272","/firefox"
"2021-10-20T22:44:50.547+05:00","0.1508982405019062","/firefox"
"2021-10-20T22:44:51.050+05:00","0.5112021885086595","/firefox"
"2021-10-20T22:44:51.553+05:00","7.288035805542186","/firefox"
"2021-10-20T22:44:52.055+05:00","0","/firefox"
"2021-10-20T22:44:52.557+05:00","1.6685620678259023","/firefox"
"2021-10-20T22:44:53.060+05:00","1.6171937808836383","/firefox"
"2021-10-20T22:44:53.561+05:00","0.07634249251994447","/firefox"
"2021-10-20T22:44:54.063+05:00","0.18567597244236214","/firefox"
"2021-10-20T22:44:54.566+05:00","0.15140652180536127","/firefox"
"2021-10-20T22:44:55.069+05:00","0","/firefox"
"2021-10-20T22:44:55.570+05:00","16.566506785730795","/firefox"
"2021-10-20T22:44:56.072+05:00","4.5887855270772615","/firefox"
"2021-10-20T22:44:56.574+05:00","3.0496594042607934","/firefox"
"2021-10-20T22:44:57.076+05:00","7.7929373784455995","/firefox"
"2021-10-20T22:44:57.578+05:00","11.061409357557404","/firefox"
"2021-10-20T22:44:58.079+05:00","13.913097052262133","/firefox"
"2021-10-20T22:44:58.580+05:00","9.745481225996942","/firefox"
"2021-10-20T22:44:59.081+05:00","11.226215607430301","/firefox"
"2021-10-20T22:44:59.582+05:00","18.474253489847314","/firefox"
"2021-10-20T22:45:00.083+05:00","13.01353715424873","/firefox"
"2021-10-20T22:45:00.584+05:00","10.092679681162602","/firefox"
"2021-10-20T22:45:01.085+05:00","11.199071252133203","/firefox"
"2021-10-20T22:45:01.587+05:00","10.609052213604002","/firefox"
"2021-10-20T22:45:02.089+05:00","6.518585242569711","/firefox"
"2021-10-20T22:45:02.598+05:00","5.83781780862935","/firefox"
"2021-10-20T22:45:03.100+05:00","3.262667837524157","/firefox"
"2021-10-20T22:45:03.603+05:00","5.865839493115962","/firefox"
"2021-10-20T22:45:04.106+05:00","1.0724158252931173","/firefox"
"2021-10-20T22:45:04.607+05:00","1.2472558225386867","/firefox"
"2021-10-20T22:45:05.108+05:00","0.05556568658571407","/firefox"
"2021-10-20T22:45:05.611+05:00","0.5421570373815328","/firefox"
"2021-10-20T22:45:06.113+05:00","0","/firefox"
"2021-10-20T22:45:06.616+05:00","0.10994294806235531","/firefox"
"2021-10-20T22:45:07.117+05:00","0.04493660467386707","/firefox"
"2021-10-20T22:45:07.618+05:00","5.125550482552452","/firefox"
"2021-10-20T22:45:08.120+05:00","0.18605983469585727","/firefox"
"2021-10-20T22:45:08.621+05:00","0.0678171937101471","/firefox"
"2021-10-20T22:45:09.122+05:00","0.171432238002865","/firefox"
"2021-10-20T22:45:09.623+05:00","0.396448886388811","/firefox"
"2021-10-20T22:45:10.124+05:00","0.28502546384151045","/firefox"
"2021-10-20T22:45:10.626+05:00","0.3890237927586804","/firefox"
"2021-10-20T22:45:11.129+05:00","0.1335074465296114","/firefox"
"2021-10-20T22:45:11.632+05:00","0.2886800652991089","/firefox"
"2021-10-20T22:45:12.135+05:00","0.028830472948389706","/firefox"
"2021-10-20T22:45:12.637+05:00","1.2179953672394779","/firefox"
"2021-10-20T22:45:13.140+05:00","0.07180019802209234","/firefox"
"2021-10-20T22:45:13.643+05:00","0","/firefox"
"2021-10-20T22:45:14.146+05:00","0.4447673672710124","/firefox"
"2021-10-20T22:45:14.649+05:00","0.19713036806583104","/firefox"
"2021-10-20T22:45:15.152+05:00","0","/firefox"
"2021-10-20T22:45:15.654+05:00","14.953053343829986","/firefox"
"2021-10-20T22:45:16.156+05:00","3.9593990941312196","/firefox"
"2021-10-20T22:45:16.658+05:00","2.2628441780881032","/firefox"
"2021-10-20T22:45:17.160+05:00","3.2977115801288077","/firefox"
"2021-10-20T22:45:17.662+05:00","2.4342628643831903","/firefox"
"2021-10-20T22:45:18.164+05:00","5.76455102368304","/firefox"
"2021-10-20T22:45:18.666+05:00","9.364284775376134","/firefox"
"2021-10-20T22:45:19.167+05:00","13.197136208448342","/firefox"
"2021-10-20T22:45:19.668+05:00","6.393032200678658","/firefox"
"2021-10-20T22:45:20.169+05:00","4.851791344591082","/firefox"
"2021-10-20T22:45:20.672+05:00","2.0101385916797416","/firefox"
"2021-10-20T22:45:21.173+05:00","3.8214789145067445","/firefox"
"2021-10-20T22:45:21.676+05:00","1.1100436007211896","/firefox"
"2021-10-20T22:45:22.179+05:00","0.3523669549409334","/firefox"
"2021-10-20T22:45:22.682+05:00","0.338798595356805","/firefox"
"2021-10-20T22:45:23.184+05:00","0.4395488357404014","/firefox"
"2021-10-20T22:45:23.699+05:00","3.8298347103241817","/firefox"
"2021-10-20T22:45:24.200+05:00","0.5497120747113774","/firefox"
"2021-10-20T22:45:24.701+05:00","0.67621677457896","/firefox"
"2021-10-20T22:45:25.204+05:00","0.3499305781333847","/firefox"
"2021-10-20T22:45:25.704+05:00","1.2805325016008628","/firefox"
"2021-10-20T22:45:26.205+05:00","1.343511140825303","/firefox"
"2021-10-20T22:45:26.706+05:00","0.17922225405625283","/firefox"
"2021-10-20T22:45:27.207+05:00","0.6109276073502689","/firefox"
"2021-10-20T22:45:27.708+05:00","6.0570736494801265","/firefox"
"2021-10-20T22:45:28.209+05:00","1.420154959040419","/firefox"
"2021-10-20T22:45:28.710+05:00","0.5740109867646479","/firefox"
"2021-10-20T22:45:29.211+05:00","0.5829860025027763","/firefox"
"2021-10-20T22:45:29.712+05:00","1.55539025814166","/firefox"
"2021-10-20T22:45:30.213+05:00","0.2516441454350139","/firefox"
"2021-10-20T22:45:30.713+05:00","0.9731979270092028","/firefox"
"2021-10-20T22:45:31.214+05:00","0.28358536472474266","/firefox"
"2021-10-20T22:45:31.715+05:00","0.34061487367774523","/firefox"
"2021-10-20T22:45:32.216+05:00","0.5838405650676174","/firefox"
"2021-10-20T22:45:32.717+05:00","0.4236954873201132","/firefox"
"2021-10-20T22:45:33.218+05:00","0.27379595254924105","/firefox"
"2021-10-20T22:45:33.719+05:00","0.32625503999407035","/firefox"
"2021-10-20T22:45:34.220+05:00","0.30823698706598096","/firefox"
"2021-10-20T22:45:34.721+05:00","0.529751513473981","/firefox"
"2021-10-20T22:45:35.222+05:00","0.3063817717943065","/firefox"
"2021-10-20T22:45:35.724+05:00","15.876719637137413","/firefox"
"2021-10-20T22:45:36.225+05:00","7.672075530512234","/firefox"
"2021-10-20T22:45:36.726+05:00","6.771221481488642","/firefox"
"2021-10-20T22:45:37.227+05:00","6.22897181216091","/firefox"
"2021-10-20T22:45:37.728+05:00","4.681755388354834","/firefox"
"2021-10-20T22:45:38.229+05:00","0.19713007698848553","/firefox"
"2021-10-20T22:45:38.730+05:00","0.10698351273726321","/firefox"
"2021-10-20T22:45:39.231+05:00","0.06283057317460103","/firefox"
"2021-10-20T22:45:39.732+05:00","0.15993097247077406","/firefox"
"2021-10-20T22:45:40.233+05:00","0","/firefox"
"2021-10-20T22:45:40.734+05:00","0.7895426979038918","/firefox"
"2021-10-20T22:45:41.235+05:00","0.09581365498803339","/firefox"
"2021-10-20T22:45:41.736+05:00","0","/firefox"
"2021-10-20T22:45:42.237+05:00","0","/firefox"
"2021-10-20T22:45:42.738+05:00","1.8667803283209836","/firefox"
"2021-10-20T22:45:43.239+05:00","0","/firefox"
"2021-10-20T22:45:43.740+05:00","2.1298792672738","/firefox"
"2021-10-20T22:45:44.242+05:00","0.2013852643162438","/firefox"
"2021-10-20T22:45:44.746+05:00","0","/firefox"
"2021-10-20T22:45:45.748+05:00","1.5550174289144194","/firefox"
"2021-10-20T22:45:46.249+05:00","0.09359041864980241","/firefox"
"2021-10-20T22:45:46.750+05:00","0","/firefox"
"2021-10-20T22:45:47.251+05:00","0.2636768348715861","/firefox"
"2021-10-20T22:45:48.755+05:00","0.06933992915147016","/firefox"
"2021-10-20T22:45:49.256+05:00","0.15613434386054187","/firefox"
"2021-10-20T22:45:49.757+05:00","0.039017906823434124","/firefox"
"2021-10-20T22:45:50.259+05:00","0.6518150024475576","/firefox"
"2021-10-20T22:45:50.760+05:00","0.3624575682119701","/firefox"
"2021-10-20T22:45:51.263+05:00","0.4350476538529078","/firefox"
"2021-10-20T22:45:51.765+05:00","0.16578455830827582","/firefox"
"2021-10-20T22:45:52.268+05:00","0.2213074089283182","/firefox"
"2021-10-20T22:45:52.769+05:00","0","/firefox"
"2021-10-20T22:45:53.271+05:00","0.5048390047101333","/firefox"
"2021-10-20T22:45:53.774+05:00","0","/firefox"
"2021-10-20T22:45:54.277+05:00","0.10764862862203066","/firefox"
"2021-10-20T22:45:54.778+05:00","0","/firefox"
"2021-10-20T22:45:55.281+05:00","0.2785723823880184","/firefox"
"2021-10-20T22:45:55.783+05:00","15.235100706771208","/firefox"
"2021-10-20T22:45:56.285+05:00","4.049450159382155","/firefox"
"2021-10-20T22:45:56.786+05:00","3.2046443924436288","/firefox"
"2021-10-20T22:45:57.288+05:00","2.607614711839924","/firefox"
"2021-10-20T22:45:57.789+05:00","9.55664539539752","/firefox"
"2021-10-20T22:45:58.309+05:00","6.219530314576162","/firefox"
"2021-10-20T22:45:58.811+05:00","3.7740841648815877","/firefox"
"2021-10-20T22:45:59.312+05:00","3.2745753895695677","/firefox"
"2021-10-20T22:45:59.814+05:00","12.672076928825435","/firefox"
"2021-10-20T22:46:00.315+05:00","8.139535261233469","/firefox"
"2021-10-20T22:46:00.815+05:00","6.721383225398943","/firefox"
"2021-10-20T22:46:01.317+05:00","8.91110698698336","/firefox"
"2021-10-20T22:46:01.819+05:00","4.620933752850627","/firefox"
"2021-10-20T22:46:02.320+05:00","7.137703399764563","/firefox"
"2021-10-20T22:46:02.821+05:00","2.6720045418779703","/firefox"
"2021-10-20T22:46:03.322+05:00","4.977155850309734","/firefox"
"2021-10-20T22:46:03.823+05:00","8.385825402286523","/firefox"
"2021-10-20T22:46:04.324+05:00","12.108202526735145","/firefox"
"2021-10-20T22:46:04.825+05:00","14.789199463761545","/firefox"
"2021-10-20T22:46:05.334+05:00","6.786502313210534","/firefox"
"2021-10-20T22:46:05.836+05:00","5.2305365431930815","/firefox"
"2021-10-20T22:46:06.338+05:00","2.874030748155492","/firefox"
"2021-10-20T22:46:06.839+05:00","4.907108699965992","/firefox"
"2021-10-20T22:46:07.341+05:00","13.387718090028951","/firefox"
"2021-10-20T22:46:07.843+05:00","3.121137668092228","/firefox"
"2021-10-20T22:46:08.345+05:00","0.6451321418931061","/firefox"
"2021-10-20T22:46:08.848+05:00","0.2740330353808541","/firefox"
"2021-10-20T22:46:09.351+05:00","0.775071320592402","/firefox"
"2021-10-20T22:46:09.854+05:00","0.39289411084288783","/firefox"
"2021-10-20T22:46:10.356+05:00","1.2276415486280776","/firefox"
"2021-10-20T22:46:10.858+05:00","0.708812971064066","/firefox"
"2021-10-20T22:46:11.360+05:00","5.533478604561605","/firefox"
"2021-10-20T22:46:11.863+05:00","4.172568840165399","/firefox"
"2021-10-20T22:46:12.364+05:00","2.8840442329778915","/firefox"
"2021-10-20T22:46:12.865+05:00","0","/firefox"
"2021-10-20T22:46:13.368+05:00","0","/firefox"
"2021-10-20T22:46:13.871+05:00","0.2113305128647285","/firefox"
"2021-10-20T22:46:14.374+05:00","0","/firefox"
"2021-10-20T22:46:14.875+05:00","0","/firefox"
"2021-10-20T22:46:15.378+05:00","0.15743982452807456","/firefox"
"2021-10-20T22:46:15.880+05:00","15.147102956981684","/firefox"
"2021-10-20T22:46:16.383+05:00","3.3972207430723937","/firefox"
"2021-10-20T22:46:16.884+05:00","3.4846630573901605","/firefox"
"2021-10-20T22:46:17.386+05:00","2.2409524228217084","/firefox"
"2021-10-20T22:46:17.888+05:00","2.6247046518364128","/firefox"
"2021-10-20T22:46:18.389+05:00","3.7137500766365705","/firefox"
"2021-10-20T22:46:18.890+05:00","1.5224985264776525","/firefox"
"2021-10-20T22:46:19.391+05:00","8.006641287379455","/firefox"
"2021-10-20T22:46:19.893+05:00","3.2375461246552266","/firefox"
"2021-10-20T22:46:20.394+05:00","4.125037601041848","/firefox"
"2021-10-20T22:46:20.896+05:00","12.688369039856184","/firefox"
"2021-10-20T22:46:21.397+05:00","16.942664197590002","/firefox"
"2021-10-20T22:46:21.898+05:00","10.569599280675043","/firefox"
"2021-10-20T22:46:22.401+05:00","13.185429099809166","/firefox"
"2021-10-20T22:46:22.902+05:00","5.847909806722306","/firefox"
"2021-10-20T22:46:23.403+05:00","5.500290209536219","/firefox"
"2021-10-20T22:46:23.905+05:00","8.736597861559058","/firefox"
"2021-10-20T22:46:24.407+05:00","13.494436820580372","/firefox"
"2021-10-20T22:46:24.908+05:00","5.461127363850059","/firefox"
"2021-10-20T22:46:25.410+05:00","3.804676188526376","/firefox"
"2021-10-20T22:46:25.912+05:00","2.9774990849213094","/firefox"
"2021-10-20T22:46:26.418+05:00","2.3938925551388586","/firefox"
"2021-10-20T22:46:26.919+05:00","2.1078465010192993","/firefox"
"2021-10-20T22:46:27.422+05:00","1.9648844543483985","/firefox"
"2021-10-20T22:46:27.924+05:00","0.16495210240891048","/firefox"
"2021-10-20T22:46:28.427+05:00","1.931933751133336","/firefox"
"2021-10-20T22:46:28.930+05:00","1.7625278586970212","/firefox"
"2021-10-20T22:46:29.432+05:00","0.055998926023691754","/firefox"
"2021-10-20T22:46:29.935+05:00","0","/firefox"
"2021-10-20T22:46:30.438+05:00","0.45879679902872417","/firefox"
"2021-10-20T22:46:30.939+05:00","0.4024582009331664","/firefox"
"2021-10-20T22:46:31.442+05:00","1.6256407015839542","/firefox"
"2021-10-20T22:46:31.944+05:00","0.210004036493062","/firefox"
"2021-10-20T22:46:32.445+05:00","7.232371487377907","/firefox"
"2021-10-20T22:46:32.946+05:00","0","/firefox"
"2021-10-20T22:46:33.447+05:00","0.16151881464779896","/firefox"
"2021-10-20T22:46:33.949+05:00","0.043824731918159096","/firefox"
"2021-10-20T22:46:34.452+05:00","2.1342135273243583","/firefox"
"2021-10-20T22:46:34.953+05:00","0.29374255664392895","/firefox"
"2021-10-20T22:46:35.456+05:00","0.046400084749325936","/firefox"
"2021-10-20T22:46:35.957+05:00","16.354049466493727","/firefox"
"2021-10-20T22:46:36.459+05:00","4.632674294961962","/firefox"
"2021-10-20T22:46:36.959+05:00","10.928728531781442","/firefox"
"2021-10-20T22:46:37.461+05:00","11.195559985264119","/firefox"
"2021-10-20T22:46:37.962+05:00","9.74050651273293","/firefox"
"2021-10-20T22:46:38.463+05:00","13.398681633972199","/firefox"
"2021-10-20T22:46:38.963+05:00","14.428142981837006","/firefox"
"2021-10-20T22:46:39.464+05:00","5.54935543847074","/firefox"
"2021-10-20T22:46:39.966+05:00","9.684346624244231","/firefox"
"2021-10-20T22:46:40.467+05:00","11.901227736878543","/firefox"
"2021-10-20T22:46:40.967+05:00","7.883563494101161","/firefox"
"2021-10-20T22:46:41.468+05:00","11.516179030576033","/firefox"
"2021-10-20T22:46:41.969+05:00","14.897928466175165","/firefox"
"2021-10-20T22:46:42.471+05:00","9.475542418727002","/firefox"
"2021-10-20T22:46:42.971+05:00","10.427787266630393","/firefox"
"2021-10-20T22:46:43.472+05:00","7.660744682845811","/firefox"
"2021-10-20T22:46:43.974+05:00","14.81289964203902","/firefox"
"2021-10-20T22:46:44.476+05:00","11.602413426323142","/firefox"
"2021-10-20T22:46:44.977+05:00","7.993607553018245","/firefox"
"2021-10-20T22:46:46.483+05:00","5.799241695977343","/firefox"
"2021-10-20T22:46:46.984+05:00","2.8836586834550735","/firefox"
"2021-10-20T22:46:47.488+05:00","2.373506730799617","/firefox"
"2021-10-20T22:46:47.990+05:00","3.0091128617041734","/firefox"
"2021-10-20T22:46:48.491+05:00","6.752449898370605","/firefox"
"2021-10-20T22:46:48.992+05:00","2.5790894898950496","/firefox"
"2021-10-20T22:46:49.493+05:00","3.684762352292572","/firefox"
"2021-10-20T22:46:49.995+05:00","1.897975113575646","/firefox"
"2021-10-20T22:46:50.496+05:00","4.275891779013264","/firefox"
"2021-10-20T22:46:50.997+05:00","1.5975717521388382","/firefox"
"2021-10-20T22:46:51.499+05:00","3.210819502098275","/firefox"
"2021-10-20T22:46:52.001+05:00","1.9377980265656878","/firefox"
"2021-10-20T22:46:52.503+05:00","2.300143222942327","/firefox"
"2021-10-20T22:46:53.004+05:00","1.518289969906146","/firefox"
"2021-10-20T22:46:53.505+05:00","2.3382253143327056","/firefox"
"2021-10-20T22:46:54.007+05:00","3.930972765016145","/firefox"
"2021-10-20T22:46:54.510+05:00","3.250495273574349","/firefox"
"2021-10-20T22:46:55.012+05:00","2.963778541558779","/firefox"
"2021-10-20T22:46:55.513+05:00","2.039362856762367","/firefox"
"2021-10-20T22:46:56.014+05:00","16.44247321366167","/firefox"
"2021-10-20T22:46:56.516+05:00","2.55630516321734","/firefox"
"2021-10-20T22:46:57.017+05:00","3.915524289734462","/firefox"
"2021-10-20T22:46:57.518+05:00","4.18412796327026","/firefox"
"2021-10-20T22:46:58.020+05:00","2.33175930195822","/firefox"
"2021-10-20T22:46:58.521+05:00","6.804067210886848","/firefox"
"2021-10-20T22:46:59.023+05:00","12.07551715880895","/firefox"
"2021-10-20T22:46:59.524+05:00","13.348182156366175","/firefox"
"2021-10-20T22:47:00.026+05:00","20.572659706985917","/firefox"
"2021-10-20T22:47:00.527+05:00","12.637264227367003","/firefox"
"2021-10-20T22:47:01.028+05:00","5.909222008801179","/firefox"
"2021-10-20T22:47:01.529+05:00","6.965233093122785","/firefox"
"2021-10-20T22:47:02.030+05:00","6.024666101944714","/firefox"
"2021-10-20T22:47:02.532+05:00","4.091450829243822","/firefox"
"2021-10-20T22:47:03.033+05:00","9.579708398624255","/firefox"
"2021-10-20T22:47:03.534+05:00","12.205808082279017","/firefox"
"2021-10-20T22:47:04.035+05:00","18.64311751836843","/firefox"
"2021-10-20T22:47:04.536+05:00","24.814152588661425","/firefox"
"2021-10-20T22:47:05.037+05:00","10.999402119564802","/firefox"
"2021-10-20T22:47:05.538+05:00","10.213452474657132","/firefox"
"2021-10-20T22:47:06.040+05:00","7.106789201413816","/firefox"
"2021-10-20T22:47:06.542+05:00","7.797425035480289","/firefox"
"2021-10-20T22:47:07.043+05:00","5.274527088024092","/firefox"
"2021-10-20T22:47:07.548+05:00","5.012724204826342","/firefox"
"2021-10-20T22:47:08.049+05:00","5.299401457219244","/firefox"
"2021-10-20T22:47:08.550+05:00","4.84056674239538","/firefox"
"2021-10-20T22:47:09.051+05:00","2.0753940420252124","/firefox"
"2021-10-20T22:47:09.552+05:00","5.543264774822269","/firefox"
"2021-10-20T22:47:10.053+05:00","5.404356207720734","/firefox"
"2021-10-20T22:47:10.556+05:00","1.7944766860000103","/firefox"
"2021-10-20T22:47:11.057+05:00","2.533218094988857","/firefox"
"2021-10-20T22:47:11.560+05:00","4.73243369952466","/firefox"
"2021-10-20T22:47:12.061+05:00","1.8216258326310606","/firefox"
"2021-10-20T22:47:12.562+05:00","5.469689472233764","/firefox"
"2021-10-20T22:47:13.063+05:00","1.8090607232650358","/firefox"
"2021-10-20T22:47:13.565+05:00","1.4486314557651552","/firefox"
"2021-10-20T22:47:14.068+05:00","2.247090627771146","/firefox"
"2021-10-20T22:47:14.570+05:00","4.032862376597146","/firefox"
"2021-10-20T22:47:15.071+05:00","3.5530340804898675","/firefox"
"2021-10-20T22:47:15.572+05:00","1.371705486103721","/firefox"
"2021-10-20T22:47:16.073+05:00","17.915406313096316","/firefox"
"2021-10-20T22:47:16.575+05:00","2.9020523570065664","/firefox"
"2021-10-20T22:47:17.076+05:00","2.591918364864773","/firefox"
"2021-10-20T22:47:17.578+05:00","1.1570840536732163","/firefox"
"2021-10-20T22:47:18.079+05:00","2.9817671305470332","/firefox"
"2021-10-20T22:47:18.581+05:00","2.46867285548065","/firefox"
"2021-10-20T22:47:19.083+05:00","1.3382752721897346","/firefox"
"2021-10-20T22:47:19.584+05:00","1.0236862412660028","/firefox"
"2021-10-20T22:47:20.086+05:00","1.931932404435192","/firefox"
"2021-10-20T22:47:20.588+05:00","1.0940274949228928","/firefox"
"2021-10-20T22:47:21.089+05:00","1.397642238683111","/firefox"
"2021-10-20T22:47:21.591+05:00","0.7977366498244197","/firefox"
"2021-10-20T22:47:22.093+05:00","1.5204912675162474","/firefox"
"2021-10-20T22:47:22.594+05:00","1.4903803332988248","/firefox"
"2021-10-20T22:47:23.096+05:00","1.0627961918206612","/firefox"
"2021-10-20T22:47:23.598+05:00","0.8494507453861732","/firefox"
"2021-10-20T22:47:24.100+05:00","2.8433199858590332","/firefox"
"2021-10-20T22:47:24.602+05:00","2.6893948651423907","/firefox"
"2021-10-20T22:47:25.104+05:00","1.2911240211596842","/firefox"
"2021-10-20T22:47:25.605+05:00","0.8865002148688786","/firefox"
"2021-10-20T22:47:26.107+05:00","1.7529014378088947","/firefox"
"2021-10-20T22:47:26.608+05:00","1.40095215195671","/firefox"
"2021-10-20T22:47:27.109+05:00","0.9715758616538065","/firefox"
"2021-10-20T22:47:27.610+05:00","1.623765966713563","/firefox"
"2021-10-20T22:47:28.112+05:00","1.3852877908100583","/firefox"
"2021-10-20T22:47:28.618+05:00","1.0668730881405448","/firefox"
"2021-10-20T22:47:29.119+05:00","0.6775393700171881","/firefox"
"2021-10-20T22:47:29.620+05:00","0.8037374468673116","/firefox"
"2021-10-20T22:47:30.121+05:00","1.6105769470225437","/firefox"
"2021-10-20T22:47:30.623+05:00","1.3702584110796163","/firefox"
"2021-10-20T22:47:31.125+05:00","1.2793791534376089","/firefox"
"2021-10-20T22:47:31.627+05:00","0.6650450081765202","/firefox"
"2021-10-20T22:47:32.129+05:00","1.520883392385702","/firefox"
"2021-10-20T22:47:32.631+05:00","1.6949427093488905","/firefox"
"2021-10-20T22:47:33.133+05:00","1.5114754186897774","/firefox"
"2021-10-20T22:47:33.635+05:00","0.7976810364533383","/firefox"
"2021-10-20T22:47:34.137+05:00","1.4589993631969955","/firefox"
"2021-10-20T22:47:34.639+05:00","1.4706666872522163","/firefox"
"2021-10-20T22:47:35.142+05:00","2.2586496615044953","/firefox"
"2021-10-20T22:47:35.644+05:00","1.7973725202122814","/firefox"
"2021-10-20T22:47:36.146+05:00","13.462880683260224","/firefox"
"2021-10-20T22:47:36.648+05:00","4.717241193565235","/firefox"
"2021-10-20T22:47:37.149+05:00","19.11480367375569","/firefox"
"2021-10-20T22:47:37.651+05:00","7.415464329438444","/firefox"
"2021-10-20T22:47:38.152+05:00","3.7111466110330125","/firefox"
"2021-10-20T22:47:38.654+05:00","0.5329883867191451","/firefox"
"2021-10-20T22:47:39.157+05:00","0.07418970428531493","/firefox"
"2021-10-20T22:47:39.660+05:00","0.05116180514319946","/firefox"
"2021-10-20T22:47:40.163+05:00","0.18305919646733218","/firefox"
"2021-10-20T22:47:40.666+05:00","0.18483642303568473","/firefox"
"2021-10-20T22:47:41.168+05:00","0.7075799692506588","/firefox"
"2021-10-20T22:47:41.671+05:00","0.01949637441133508","/firefox"
"2021-10-20T22:47:42.174+05:00","0.012455108489158878","/firefox"
"2021-10-20T22:47:42.677+05:00","2.1818390651561943","/firefox"
"2021-10-20T22:47:43.180+05:00","0","/firefox"
"2021-10-20T22:47:44.186+05:00","2.8901565951963626","/firefox"
"2021-10-20T22:47:45.191+05:00","0.058363823881556004","/firefox"
"2021-10-20T22:47:45.693+05:00","0.38951112066535903","/firefox"
"2021-10-20T22:47:47.201+05:00","0.4281643313311673","/firefox"
"2021-10-20T22:47:47.704+05:00","0.12601608907685466","/firefox"
"2021-10-20T22:47:48.208+05:00","1.5526389234165365","/firefox"
"2021-10-20T22:47:48.710+05:00","0.07148146163917254","/firefox"
"2021-10-20T22:47:49.211+05:00","0.11080282178565182","/firefox"
"2021-10-20T22:47:49.716+05:00","0.046316388631688285","/firefox"
"2021-10-20T22:47:50.219+05:00","0.06883242741751573","/firefox"
"2021-10-20T22:47:50.721+05:00","0.47066911761268776","/firefox"
"2021-10-20T22:47:51.224+05:00","0.13157742619057594","/firefox"
"2021-10-20T22:47:51.727+05:00","0.12132751271121149","/firefox"
"2021-10-20T22:47:52.229+05:00","0","/firefox"
"2021-10-20T22:47:52.732+05:00","0.3332039990919702","/firefox"
"2021-10-20T22:47:53.235+05:00","0.10699019384565965","/firefox"
"2021-10-20T22:47:53.737+05:00","0.09026268763049296","/firefox"
"2021-10-20T22:47:54.240+05:00","0","/firefox"
"2021-10-20T22:47:54.743+05:00","0.18478491699384592","/firefox"
"2021-10-20T22:47:55.246+05:00","0","/firefox"
"2021-10-20T22:47:55.749+05:00","0.048982596594268554","/firefox"
"2021-10-20T22:47:56.251+05:00","13.92403900618185","/firefox"
"2021-10-20T22:47:56.753+05:00","3.4848653072653315","/firefox"
"2021-10-20T22:47:57.256+05:00","3.9469109994072724","/firefox"
"2021-10-20T22:47:57.758+05:00","2.7861953699415594","/firefox"
"2021-10-20T22:47:58.260+05:00","2.5099259521496413","/firefox"
"2021-10-20T22:47:58.761+05:00","6.8743683401390046","/firefox"
"2021-10-20T22:47:59.262+05:00","17.757807551138285","/firefox"
"2021-10-20T22:47:59.764+05:00","6.020359705038452","/firefox"
"2021-10-20T22:48:00.266+05:00","4.256215988626845","/firefox"
"2021-10-20T22:48:00.767+05:00","4.068536731987065","/firefox"
"2021-10-20T22:48:01.269+05:00","3.813261803639862","/firefox"
"2021-10-20T22:48:01.771+05:00","1.158018331741277","/firefox"
"2021-10-20T22:48:02.274+05:00","0.3654058595512767","/firefox"
"2021-10-20T22:48:02.777+05:00","0.5898079614870912","/firefox"
"2021-10-20T22:48:03.279+05:00","0.062082994043540785","/firefox"
"2021-10-20T22:48:03.782+05:00","0.22210932725759322","/firefox"
"2021-10-20T22:48:04.284+05:00","4.2873020857202455","/firefox"
"2021-10-20T22:48:04.786+05:00","0.4041165772122808","/firefox"
"2021-10-20T22:48:05.288+05:00","1.2986113224343443","/firefox"
"2021-10-20T22:48:05.791+05:00","5.175378222896686","/firefox"
"2021-10-20T22:48:06.294+05:00","0.8384923429497997","/firefox"
"2021-10-20T22:48:06.796+05:00","0.2282276813437753","/firefox"
"2021-10-20T22:48:07.299+05:00","0.11391280870025777","/firefox"
"2021-10-20T22:48:07.801+05:00","0.3407944510332589","/firefox"
"2021-10-20T22:48:08.304+05:00","3.258324626214123","/firefox"
"2021-10-20T22:48:08.807+05:00","6.550939039670031","/firefox"
"2021-10-20T22:48:09.309+05:00","5.372292684980847","/firefox"
"2021-10-20T22:48:09.823+05:00","4.382026821623701","/firefox"
"2021-10-20T22:48:10.325+05:00","0.4459320651495333","/firefox"
"2021-10-20T22:48:10.827+05:00","0.4376729292580189","/firefox"
"2021-10-20T22:48:11.329+05:00","1.1255185927360505","/firefox"
"2021-10-20T22:48:11.832+05:00","0.1449930637738981","/firefox"
"2021-10-20T22:48:12.335+05:00","0.061530987421567714","/firefox"
"2021-10-20T22:48:12.838+05:00","2.34390538467471","/firefox"
"2021-10-20T22:48:13.341+05:00","0.3137092748440609","/firefox"
"2021-10-20T22:48:13.842+05:00","4.603104099109558","/firefox"
"2021-10-20T22:48:14.345+05:00","0.323267764706574","/firefox"
"2021-10-20T22:48:14.846+05:00","0.2288678681815926","/firefox"
"2021-10-20T22:48:15.348+05:00","0.13170375205753054","/firefox"
"2021-10-20T22:48:15.849+05:00","0.1958161149343979","/firefox"
"2021-10-20T22:48:16.351+05:00","14.928231773790202","/firefox"
"2021-10-20T22:48:16.853+05:00","2.234714839786477","/firefox"
"2021-10-20T22:48:17.355+05:00","4.636308995366811","/firefox"
"2021-10-20T22:48:17.858+05:00","0.883780620865305","/firefox"
"2021-10-20T22:48:18.360+05:00","1.9915356873532795","/firefox"
"2021-10-20T22:48:18.862+05:00","2.5690780734746324","/firefox"
"2021-10-20T22:48:19.364+05:00","2.042141478227677","/firefox"
"2021-10-20T22:48:19.866+05:00","0.9417102377912467","/firefox"
"2021-10-20T22:48:20.369+05:00","2.037906125497785","/firefox"
"2021-10-20T22:48:20.870+05:00","3.8694899417653246","/firefox"
"2021-10-20T22:48:21.372+05:00","3.9911266448776157","/firefox"
"2021-10-20T22:48:21.874+05:00","2.6186794861417226","/firefox"
"2021-10-20T22:48:22.376+05:00","2.9180031603854766","/firefox"
"2021-10-20T22:48:22.878+05:00","10.526400988566767","/firefox"
"2021-10-20T22:48:23.380+05:00","2.538398049508576","/firefox"
"2021-10-20T22:48:23.882+05:00","3.475451249917746","/firefox"
"2021-10-20T22:48:24.384+05:00","6.328806646025891","/firefox"
"2021-10-20T22:48:24.885+05:00","20.8277124702162","/firefox"
"2021-10-20T22:48:25.387+05:00","15.536181921108575","/firefox"
"2021-10-20T22:48:25.888+05:00","19.23331108135485","/firefox"
"2021-10-20T22:48:26.389+05:00","10.827751897938136","/firefox"
"2021-10-20T22:48:26.891+05:00","8.833143601872909","/firefox"
"2021-10-20T22:48:27.392+05:00","11.881782615008746","/firefox"
"2021-10-20T22:48:27.894+05:00","8.084957934022356","/firefox"
"2021-10-20T22:48:28.395+05:00","9.119612434052794","/firefox"
"2021-10-20T22:48:28.897+05:00","9.81443028792914","/firefox"
"2021-10-20T22:48:29.398+05:00","8.721966678481223","/firefox"
"2021-10-20T22:48:29.899+05:00","6.015336609204692","/firefox"
"2021-10-20T22:48:30.401+05:00","7.300863441532869","/firefox"
"2021-10-20T22:48:30.908+05:00","7.0254434339111596","/firefox"
"2021-10-20T22:48:31.409+05:00","7.419482140902193","/firefox"
"2021-10-20T22:48:31.911+05:00","7.003111837531338","/firefox"
"2021-10-20T22:48:32.412+05:00","8.678080755206846","/firefox"
"2021-10-20T22:48:32.913+05:00","11.809909132422822","/firefox"
"2021-10-20T22:48:33.414+05:00","13.677112663293741","/firefox"
"2021-10-20T22:48:33.915+05:00","17.75162664483578","/firefox"
"2021-10-20T22:48:34.416+05:00","7.937079128086134","/firefox"
"2021-10-20T22:48:34.918+05:00","8.251585256186756","/firefox"
"2021-10-20T22:48:35.419+05:00","8.62006767580693","/firefox"
"2021-10-20T22:48:35.921+05:00","9.85333467958014","/firefox"
"2021-10-20T22:48:36.423+05:00","16.946451529863303","/firefox"
"2021-10-20T22:48:36.926+05:00","2.612768118844989","/firefox"
"2021-10-20T22:48:37.427+05:00","14.929829530033768","/firefox"
"2021-10-20T22:48:37.928+05:00","20.464924308382635","/firefox"
"2021-10-20T22:48:38.430+05:00","15.837274469893885","/firefox"
"2021-10-20T22:48:38.931+05:00","7.731191256763946","/firefox"
"2021-10-20T22:48:39.432+05:00","6.397311675632686","/firefox"
"2021-10-20T22:48:39.934+05:00","4.150541578672776","/firefox"
"2021-10-20T22:48:40.436+05:00","6.070126654373568","/firefox"
"2021-10-20T22:48:40.938+05:00","8.001826428180557","/firefox"
"2021-10-20T22:48:41.439+05:00","12.830758942834038","/firefox"
"2021-10-20T22:48:41.940+05:00","8.30873642639587","/firefox"
"2021-10-20T22:48:42.441+05:00","7.117913287469124","/firefox"
"2021-10-20T22:48:42.942+05:00","6.890200610684381","/firefox"
"2021-10-20T22:48:43.444+05:00","10.195274149188101","/firefox"
"2021-10-20T22:48:43.946+05:00","8.730601391177535","/firefox"
"2021-10-20T22:48:44.447+05:00","10.692690389523651","/firefox"
"2021-10-20T22:48:44.949+05:00","10.784524211237258","/firefox"
"2021-10-20T22:48:45.451+05:00","6.980392069956107","/firefox"
"2021-10-20T22:48:45.953+05:00","5.213965121590715","/firefox"
"2021-10-20T22:48:46.455+05:00","6.9227319494607205","/firefox"
"2021-10-20T22:48:46.957+05:00","5.465549228651308","/firefox"
"2021-10-20T22:48:47.458+05:00","4.607517948467951","/firefox"
"2021-10-20T22:48:47.959+05:00","5.05324767790353","/firefox"
"2021-10-20T22:48:48.461+05:00","4.715374345329513","/firefox"
"2021-10-20T22:48:48.964+05:00","5.167691206913917","/firefox"
"2021-10-20T22:48:49.466+05:00","4.867416954086639","/firefox"
"2021-10-20T22:48:49.968+05:00","3.9843633964162604","/firefox"
"2021-10-20T22:48:50.470+05:00","4.810495466509129","/firefox"
"2021-10-20T22:48:50.972+05:00","5.554228191801083","/firefox"
"2021-10-20T22:48:51.474+05:00","4.741214675638451","/firefox"
"2021-10-20T22:48:51.979+05:00","3.379006641426925","/firefox"
"2021-10-20T22:48:52.480+05:00","6.337894784980754","/firefox"
"2021-10-20T22:48:52.982+05:00","5.324307727755453","/firefox"
"2021-10-20T22:48:53.484+05:00","4.624129638357612","/firefox"
"2021-10-20T22:48:53.986+05:00","4.756199305342644","/firefox"
"2021-10-20T22:48:54.488+05:00","4.742980492311032","/firefox"
"2021-10-20T22:48:54.991+05:00","4.778646936985957","/firefox"
"2021-10-20T22:48:55.492+05:00","6.525086393059418","/firefox"
"2021-10-20T22:48:55.994+05:00","3.937929821465514","/firefox"
"2021-10-20T22:48:56.496+05:00","15.793413086591688","/firefox"
"2021-10-20T22:48:56.998+05:00","2.3742117399597484","/firefox"
"2021-10-20T22:48:57.500+05:00","5.093007325416248","/firefox"
"2021-10-20T22:48:58.002+05:00","1.0826258584595378","/firefox"
"2021-10-20T22:48:58.504+05:00","2.2298232589059013","/firefox"
"2021-10-20T22:48:59.006+05:00","1.8337632339745613","/firefox"
"2021-10-20T22:48:59.508+05:00","1.930449714044382","/firefox"
"2021-10-20T22:49:00.009+05:00","0.8354769714416446","/firefox"
"2021-10-20T22:49:00.512+05:00","1.7079453688918915","/firefox"
"2021-10-20T22:49:01.013+05:00","6.129874885894117","/firefox"
"2021-10-20T22:49:01.516+05:00","1.2775333818882255","/firefox"
"2021-10-20T22:49:02.018+05:00","0.7208488579259134","/firefox"
"2021-10-20T22:49:02.520+05:00","2.0427416681374533","/firefox"
"2021-10-20T22:49:03.023+05:00","1.2564026813095635","/firefox"
"2021-10-20T22:49:03.525+05:00","1.5231651744871","/firefox"
"2021-10-20T22:49:04.028+05:00","0.846839121719941","/firefox"
"2021-10-20T22:49:04.529+05:00","3.146432481202223","/firefox"
"2021-10-20T22:49:05.031+05:00","3.163893219434195","/firefox"
"2021-10-20T22:49:05.533+05:00","1.9537728681117488","/firefox"
"2021-10-20T22:49:06.035+05:00","0.9890040891566781","/firefox"
"2021-10-20T22:49:06.537+05:00","1.9548998989987738","/firefox"
"2021-10-20T22:49:07.040+05:00","1.2636720291545775","/firefox"
"2021-10-20T22:49:07.542+05:00","0.8496437964903806","/firefox"
"2021-10-20T22:49:08.045+05:00","0.6267063815816145","/firefox"
"2021-10-20T22:49:08.548+05:00","1.5655375734464712","/firefox"
"2021-10-20T22:49:09.050+05:00","1.486190480068394","/firefox"
"2021-10-20T22:49:09.552+05:00","1.5511515542353056","/firefox"
"2021-10-20T22:49:10.053+05:00","1.5229171181966967","/firefox"
"2021-10-20T22:49:10.555+05:00","5.774238038318086","/firefox"
"2021-10-20T22:49:11.057+05:00","3.840371231564532","/firefox"
"2021-10-20T22:49:11.559+05:00","1.8843104062417866","/firefox"
"2021-10-20T22:49:12.069+05:00","0.88815630988955","/firefox"
"2021-10-20T22:49:12.571+05:00","1.376463556770291","/firefox"
"2021-10-20T22:49:13.073+05:00","1.3065305504425397","/firefox"
"2021-10-20T22:49:13.575+05:00","2.915183210352191","/firefox"
"2021-10-20T22:49:14.077+05:00","0.6058949210328644","/firefox"
"2021-10-20T22:49:14.580+05:00","1.4085862129192364","/firefox"
"2021-10-20T22:49:15.082+05:00","1.6487925245396582","/firefox"
"2021-10-20T22:49:15.584+05:00","1.3930878897633068","/firefox"
"2021-10-20T22:49:16.086+05:00","2.3029452353814635","/firefox"