"time","power_consumption.power"
"2021-10-26T17:04:25.308+05:00","0"
"2021-10-26T17:04:25.811+05:00","0.06170938899860202"
"2021-10-26T17:04:26.313+05:00","0.12521573571633807"
"2021-10-26T17:04:26.817+05:00","0"
"2021-10-26T17:04:27.320+05:00","0"
"2021-10-26T17:04:27.823+05:00","0"
"2021-10-26T17:04:28.327+05:00","0"
"2021-10-26T17:04:28.830+05:00","0"
"2021-10-26T17:04:29.334+05:00","0"
"2021-10-26T17:04:29.838+05:00","0.30983068712259215"
"2021-10-26T17:04:30.845+05:00","0.5631827181924348"
"2021-10-26T17:04:31.348+05:00","0"
"2021-10-26T17:04:31.852+05:00","0"
"2021-10-26T17:04:32.356+05:00","0"
"2021-10-26T17:04:32.860+05:00","0"
"2021-10-26T17:04:33.363+05:00","0"
"2021-10-26T17:04:33.867+05:00","0"
"2021-10-26T17:04:34.370+05:00","0"
"2021-10-26T17:04:34.874+05:00","0.10678006727542343"
"2021-10-26T17:04:35.377+05:00","0"
"2021-10-26T17:04:35.881+05:00","0.05068100671515714"
"2021-10-26T17:04:37.393+05:00","0"
"2021-10-26T17:04:37.896+05:00","0"
"2021-10-26T17:04:38.400+05:00","0.025052048636648457"
"2021-10-26T17:04:38.903+05:00","0"
"2021-10-26T17:04:39.407+05:00","0"
"2021-10-26T17:04:39.910+05:00","0.044408917034595985"
"2021-10-26T17:04:40.414+05:00","0"
"2021-10-26T17:04:40.915+05:00","0.048552402712121676"
"2021-10-26T17:04:41.418+05:00","0"
"2021-10-26T17:04:41.922+05:00","0"
"2021-10-26T17:04:42.425+05:00","0"
"2021-10-26T17:04:42.929+05:00","0"
"2021-10-26T17:04:43.432+05:00","0"
"2021-10-26T17:04:43.936+05:00","0"
"2021-10-26T17:04:44.439+05:00","0"
"2021-10-26T17:05:09.013+05:00","0.011981786201671082"
"2021-10-26T17:05:09.517+05:00","0.10160612131185809"
"2021-10-26T17:05:13.037+05:00","0.3113884095806394"
"2021-10-26T17:05:13.540+05:00","0"
"2021-10-26T17:05:14.044+05:00","0.7209103367456076"
"2021-10-26T17:05:14.548+05:00","0"
"2021-10-26T17:05:15.051+05:00","2.592629488369043"
"2021-10-26T17:05:17.062+05:00","0.7521376195678386"
"2021-10-26T17:05:22.586+05:00","3.115327544029931"
"2021-10-26T17:05:23.593+05:00","0.49711791548631534"
"2021-10-26T17:05:24.097+05:00","0.9618915949001084"
"2021-10-26T17:05:24.601+05:00","0.9984128715928068"
"2021-10-26T17:05:25.608+05:00","2.1345847487683827"
"2021-10-26T17:05:26.111+05:00","1.4586372159466856"
"2021-10-26T17:05:26.614+05:00","3.7273980963904187"
"2021-10-26T17:05:28.626+05:00","1.394565876621892"
"2021-10-26T17:05:29.129+05:00","0.6442554033784573"
"2021-10-26T17:05:30.136+05:00","0.9096528805287067"
"2021-10-26T17:05:30.640+05:00","2.9564001973929956"
"2021-10-26T17:05:31.143+05:00","0.6381575613517595"
"2021-10-26T17:05:32.651+05:00","0.4144465037798092"
"2021-10-26T17:05:33.155+05:00","1.565385634548769"
"2021-10-26T17:05:33.659+05:00","0.41285548681479"
"2021-10-26T17:05:34.664+05:00","17.88506824653668"
"2021-10-26T17:05:36.167+05:00","4.871962666894378"
"2021-10-26T17:05:38.173+05:00","0.022487686592387292"
"2021-10-26T17:05:39.179+05:00","0"
"2021-10-26T17:05:39.683+05:00","0.13158751771120353"
"2021-10-26T17:05:41.193+05:00","0.061440040957057844"
"2021-10-26T17:05:41.697+05:00","0.051432255733295955"
"2021-10-26T17:05:42.199+05:00","0.8402820831651142"
"2021-10-26T17:05:43.707+05:00","0"
"2021-10-26T17:05:44.210+05:00","0.2794987375683525"
"2021-10-26T17:05:45.218+05:00","0.039343907189717316"
"2021-10-26T17:05:45.721+05:00","0.2754498443608516"
"2021-10-26T17:05:46.224+05:00","0"
"2021-10-26T17:05:47.733+05:00","0.3252637497964401"
"2021-10-26T17:05:48.236+05:00","0.48449817266248024"
"2021-10-26T17:05:48.739+05:00","0.10496089490279399"
"2021-10-26T17:05:50.245+05:00","30.183081969229264"
"2021-10-26T17:05:50.746+05:00","31.525076574177255"
"2021-10-26T17:05:52.753+05:00","2.091962438643039"
"2021-10-26T17:05:53.761+05:00","0.5949001119808477"
"2021-10-26T17:05:54.265+05:00","0.4182116946801089"
"2021-10-26T17:05:54.769+05:00","0.42248920750929236"
"2021-10-26T17:05:55.776+05:00","2.6288641469512113"
"2021-10-26T17:05:56.279+05:00","0.7059405168779813"
"2021-10-26T17:05:57.285+05:00","0.8931683755951575"
"2021-10-26T17:05:58.794+05:00","0.4149139354963002"
"2021-10-26T17:05:59.297+05:00","0.33976190358104597"
"2021-10-26T17:06:00.807+05:00","0.40183634501511656"
"2021-10-26T17:06:02.818+05:00","1.2050713827772623"
"2021-10-26T17:06:03.322+05:00","1.3514794365544565"
"2021-10-26T17:06:03.826+05:00","0.6531679793957075"
"2021-10-26T17:06:04.830+05:00","5.86650918850661"
"2021-10-26T17:06:07.339+05:00","3.4085696197164386"
"2021-10-26T17:06:09.851+05:00","0.23207848138820258"
"2021-10-26T17:06:10.354+05:00","0.021290073482434273"
"2021-10-26T17:06:11.361+05:00","0.30667678115266656"
"2021-10-26T17:06:11.865+05:00","0.03024633880127131"
"2021-10-26T17:06:12.369+05:00","1.0517661296291203"
"2021-10-26T17:06:12.873+05:00","0.06963409346612523"
"2021-10-26T17:06:13.374+05:00","16.38181555147259"
"2021-10-26T17:06:13.877+05:00","0"
"2021-10-26T17:06:14.380+05:00","0.11435356344734679"
"2021-10-26T17:06:14.883+05:00","0.12345211624261503"
"2021-10-26T17:06:15.386+05:00","2.1511160035497765"
"2021-10-26T17:06:15.889+05:00","0.054256644225144104"
"2021-10-26T17:06:16.390+05:00","0"
"2021-10-26T17:06:16.894+05:00","0"
"2021-10-26T17:06:18.402+05:00","0.38291528538833924"
"2021-10-26T17:06:18.905+05:00","0.0389406102377035"
"2021-10-26T17:06:19.911+05:00","0.22508384828100264"
"2021-10-26T17:06:20.914+05:00","24.677342212821856"
"2021-10-26T17:06:21.416+05:00","27.566814605004105"
"2021-10-26T17:06:22.420+05:00","32.11980650857185"
"2021-10-26T17:06:23.424+05:00","4.224012531060872"
"2021-10-26T17:06:24.430+05:00","0.70300172509385"
"2021-10-26T17:06:24.933+05:00","0.685492974493455"
"2021-10-26T17:06:25.939+05:00","0.7599894965757732"
"2021-10-26T17:06:26.442+05:00","1.356945667440785"
"2021-10-26T17:06:26.946+05:00","2.1426400503794754"
"2021-10-26T17:06:27.449+05:00","2.652112216173"
"2021-10-26T17:06:27.953+05:00","0.6421599379314166"
"2021-10-26T17:06:28.960+05:00","2.682921550823393"
"2021-10-26T17:06:29.464+05:00","0.7595069963566518"
"2021-10-26T17:06:29.967+05:00","0.9020082680662862"
"2021-10-26T17:06:30.470+05:00","0.9418816881088639"
"2021-10-26T17:06:30.973+05:00","0.44602184303642034"
"2021-10-26T17:06:31.980+05:00","0.2697822374168766"
"2021-10-26T17:06:32.481+05:00","3.2551328371840835"
"2021-10-26T17:06:33.487+05:00","1.4936499145439581"
"2021-10-26T17:06:33.990+05:00","0.7010702988000783"
"2021-10-26T17:06:34.493+05:00","0.3231667874046977"
"2021-10-26T17:06:34.996+05:00","0.6978785800418772"
"2021-10-26T17:06:35.498+05:00","6.041286013795786"
"2021-10-26T17:06:35.999+05:00","7.986121246721908"
"2021-10-26T17:06:36.500+05:00","2.1850538577759044"
"2021-10-26T17:06:37.002+05:00","3.672262943868645"
"2021-10-26T17:06:37.504+05:00","4.443135485555065"
"2021-10-26T17:06:38.006+05:00","3.257701961670063"
"2021-10-26T17:06:38.509+05:00","0.17719508316645338"
"2021-10-26T17:06:39.011+05:00","0.0860052141096409"
"2021-10-26T17:06:40.014+05:00","0.21040856719663592"
"2021-10-26T17:06:44.036+05:00","14.664180953878347"
"2021-10-26T17:06:44.538+05:00","2.9845222862539664"
"2021-10-26T17:06:45.040+05:00","0.06839283132084711"
"2021-10-26T17:06:45.542+05:00","0.06824784481870137"
"2021-10-26T17:06:46.044+05:00","0.078827109208436"
"2021-10-26T17:06:47.050+05:00","0"
"2021-10-26T17:06:47.552+05:00","0.47227062315257295"
"2021-10-26T17:06:48.556+05:00","0.08293964602109617"
"2021-10-26T17:06:49.059+05:00","0.7682936074816952"
"2021-10-26T17:06:49.561+05:00","0.066348458483934"
"2021-10-26T17:06:50.064+05:00","0.023484836662701333"
"2021-10-26T17:06:51.068+05:00","20.920519759012915"
"2021-10-26T17:06:52.070+05:00","16.832169279503784"
"2021-10-26T17:06:52.572+05:00","30.635650286905353"
"2021-10-26T17:06:53.073+05:00","16.149192749463587"
"2021-10-26T17:06:53.576+05:00","1.7173795331901822"
"2021-10-26T17:06:54.581+05:00","1.0338076218416734"
"2021-10-26T17:06:55.084+05:00","0.29524164991210566"
"2021-10-26T17:06:55.586+05:00","0.3599166640560918"
"2021-10-26T17:06:56.088+05:00","0.29709682988164393"
"2021-10-26T17:06:57.093+05:00","0.618456426538569"
"2021-10-26T17:06:57.595+05:00","2.9908298832259717"
"2021-10-26T17:06:58.098+05:00","0.596567387480113"
"2021-10-26T17:06:58.601+05:00","0.7149204486930841"
"2021-10-26T17:06:59.607+05:00","0.7095827112820722"
"2021-10-26T17:07:00.612+05:00","0"
"2021-10-26T17:07:01.115+05:00","0.7109265586220922"
"2021-10-26T17:07:01.626+05:00","0.8101163617426964"
"2021-10-26T17:07:02.128+05:00","0"
"2021-10-26T17:07:02.630+05:00","0"
"2021-10-26T17:07:03.636+05:00","0.8410074921881047"
"2021-10-26T17:07:04.139+05:00","0.8942694335364424"
"2021-10-26T17:07:04.642+05:00","0.7122018182156322"
"2021-10-26T17:07:05.143+05:00","0.8216900962806346"
"2021-10-26T17:07:05.645+05:00","0.6243578788424291"
"2021-10-26T17:07:06.146+05:00","17.533579752518627"
"2021-10-26T17:07:07.148+05:00","5.811892648597065"
"2021-10-26T17:07:07.649+05:00","3.2957187819595237"
"2021-10-26T17:07:08.151+05:00","3.396696501859735"
"2021-10-26T17:07:08.653+05:00","1.4222682895085208"
"2021-10-26T17:07:09.155+05:00","0.126164431995116"
"2021-10-26T17:07:09.657+05:00","0.42546923128064806"
"2021-10-26T17:07:10.159+05:00","0.056961375026256304"
"2021-10-26T17:07:10.660+05:00","0.0496462384471186"
"2021-10-26T17:07:11.163+05:00","0.19667246424375107"
"2021-10-26T17:07:11.665+05:00","0"
"2021-10-26T17:07:12.167+05:00","0.008889479615686627"
"2021-10-26T17:07:12.669+05:00","0"
"2021-10-26T17:07:13.171+05:00","0.0568288970492826"
"2021-10-26T17:07:13.673+05:00","0"
"2021-10-26T17:07:14.175+05:00","14.507013343521983"
"2021-10-26T17:07:14.677+05:00","0"
"2021-10-26T17:07:15.179+05:00","0"
"2021-10-26T17:07:15.682+05:00","0.08596205668074161"
"2021-10-26T17:07:16.185+05:00","0.06675067986419808"
"2021-10-26T17:07:16.687+05:00","0"
"2021-10-26T17:07:17.190+05:00","0"
"2021-10-26T17:07:17.693+05:00","0.36567469609270764"
"2021-10-26T17:07:18.698+05:00","0"
"2021-10-26T17:07:19.201+05:00","0.07856450440840171"
"2021-10-26T17:07:19.704+05:00","0.06221923767742019"
"2021-10-26T17:07:20.708+05:00","0"
"2021-10-26T17:07:21.209+05:00","10.952852049075004"
"2021-10-26T17:07:22.212+05:00","0.7265479371146882"
"2021-10-26T17:07:22.717+05:00","1.5083914291424625"
"2021-10-26T17:07:23.219+05:00","0.9146909637710454"
"2021-10-26T17:07:23.720+05:00","2.3590784633446717"
"2021-10-26T17:07:24.222+05:00","1.4592669600767296"
"2021-10-26T17:07:24.725+05:00","0.7332420363370804"
"2021-10-26T17:07:25.226+05:00","0.8742051049064172"
"2021-10-26T17:07:25.729+05:00","0.9379726449686497"
"2021-10-26T17:07:26.231+05:00","0.6762188014143394"
"2021-10-26T17:07:26.733+05:00","0.6785492346161689"
"2021-10-26T17:07:27.236+05:00","0.6568416983589298"
"2021-10-26T17:07:27.738+05:00","0.7223502876861807"
"2021-10-26T17:07:28.742+05:00","4.635418028984077"
"2021-10-26T17:07:29.744+05:00","5.838039818008142"
"2021-10-26T17:07:30.747+05:00","23.190075023915732"
"2021-10-26T17:07:32.754+05:00","3.4523356801066893"
"2021-10-26T17:07:33.256+05:00","9.495488460983807"
"2021-10-26T17:07:33.756+05:00","12.280981733146909"
"2021-10-26T17:07:34.258+05:00","5.254943994896109"
"2021-10-26T17:07:34.761+05:00","3.0235756551034703"
"2021-10-26T17:07:37.267+05:00","1.1348730548605013"
"2021-10-26T17:07:37.769+05:00","0"
"2021-10-26T17:07:38.272+05:00","0.23862026233075714"
"2021-10-26T17:07:38.774+05:00","0.037676586711975574"
"2021-10-26T17:07:39.277+05:00","0"
"2021-10-26T17:07:40.781+05:00","1.313807237232304"
"2021-10-26T17:07:41.283+05:00","0.7147275449923572"
"2021-10-26T17:07:41.785+05:00","1.3756070639200229"
"2021-10-26T17:07:43.295+05:00","1.1589068578692516"
"2021-10-26T17:07:43.796+05:00","1.0397186836635106"
"2021-10-26T17:07:44.299+05:00","0.5564802476574667"
"2021-10-26T17:07:44.800+05:00","0.9195906409472533"
"2021-10-26T17:07:45.303+05:00","0.873115833195978"
"2021-10-26T17:07:45.804+05:00","0.9185712843821717"
"2021-10-26T17:07:46.307+05:00","0.527206854534945"
"2021-10-26T17:07:46.809+05:00","0.903186000837646"
"2021-10-26T17:07:47.311+05:00","0"
"2021-10-26T17:07:47.812+05:00","1.630886115375463"
"2021-10-26T17:07:48.314+05:00","0.9858272111761428"
"2021-10-26T17:07:48.816+05:00","1.3993478892699598"
"2021-10-26T17:07:49.318+05:00","1.0882187732339057"
"2021-10-26T17:07:49.820+05:00","0.710324598533182"
"2021-10-26T17:07:50.322+05:00","0.2001852564295329"
"2021-10-26T17:07:50.824+05:00","1.9819071726983866"
"2021-10-26T17:07:51.326+05:00","1.2252023435772341"
"2021-10-26T17:07:51.828+05:00","0.7482620226387944"
"2021-10-26T17:07:52.329+05:00","0.3269210640212352"
"2021-10-26T17:07:52.831+05:00","0.9382244522663652"
"2021-10-26T17:07:53.333+05:00","0.554608391027659"
"2021-10-26T17:07:53.835+05:00","5.313741724727031"
"2021-10-26T17:07:54.336+05:00","3.316976143401591"
"2021-10-26T17:07:54.837+05:00","10.720647185048032"
"2021-10-26T17:07:55.339+05:00","4.469211194870881"
"2021-10-26T17:07:55.840+05:00","4.04350329771528"
"2021-10-26T17:07:56.343+05:00","0.742025769268904"
"2021-10-26T17:07:56.846+05:00","0.13930678721354067"
"2021-10-26T17:07:57.348+05:00","0"
"2021-10-26T17:07:57.850+05:00","8.958326272537468"
"2021-10-26T17:07:59.353+05:00","0.709847975007244"
"2021-10-26T17:08:00.356+05:00","18.531612899511558"
"2021-10-26T17:08:00.858+05:00","17.47986591745135"
"2021-10-26T17:08:01.359+05:00","19.855245071306467"
"2021-10-26T17:08:01.859+05:00","16.49299580903561"
"2021-10-26T17:08:02.361+05:00","17.229488115205275"
"2021-10-26T17:08:03.364+05:00","24.00542541462539"
"2021-10-26T17:08:03.870+05:00","18.31570912367278"
"2021-10-26T17:08:04.371+05:00","20.48601225184139"
"2021-10-26T17:08:04.872+05:00","10.03320459919027"
"2021-10-26T17:08:05.874+05:00","20.177004797074474"
"2021-10-26T17:08:06.375+05:00","15.718865179837664"
"2021-10-26T17:08:06.876+05:00","10.726171904178646"
"2021-10-26T17:08:07.377+05:00","19.963314190043423"
"2021-10-26T17:08:09.383+05:00","6.483879786822988"
"2021-10-26T17:08:10.386+05:00","12.151675214213244"
"2021-10-26T17:08:10.887+05:00","5.597437474811445"
"2021-10-26T17:08:11.389+05:00","7.423928502682821"
"2021-10-26T17:08:11.891+05:00","12.565153953456388"
"2021-10-26T17:08:12.392+05:00","4.826550975675961"
"2021-10-26T17:08:12.894+05:00","7.943273944068841"
"2021-10-26T17:08:13.395+05:00","5.220765151627794"
"2021-10-26T17:08:13.896+05:00","4.866370913730833"
"2021-10-26T17:08:14.900+05:00","6.179688595149422"
"2021-10-26T17:08:15.402+05:00","5.374855644956874"
"2021-10-26T17:08:15.903+05:00","6.98905499326664"
"2021-10-26T17:08:16.405+05:00","6.318325056196948"
"2021-10-26T17:08:17.409+05:00","5.744165207703716"
"2021-10-26T17:08:17.910+05:00","6.309968329029662"
"2021-10-26T17:08:18.412+05:00","2.8433365748032027"
"2021-10-26T17:08:18.914+05:00","5.864553904698328"
"2021-10-26T17:08:19.416+05:00","4.930603417335116"
"2021-10-26T17:08:19.918+05:00","10.41963965357541"
"2021-10-26T17:08:20.420+05:00","2.7049155466764354"
"2021-10-26T17:08:20.922+05:00","7.373650149010084"
"2021-10-26T17:08:21.424+05:00","8.205983357169739"
"2021-10-26T17:08:21.926+05:00","5.458744369727522"
"2021-10-26T17:08:22.427+05:00","5.748772795116357"
"2021-10-26T17:08:22.928+05:00","4.93259289904756"
"2021-10-26T17:08:23.429+05:00","5.276414020670063"
"2021-10-26T17:08:23.931+05:00","4.20395066030056"
"2021-10-26T17:08:24.433+05:00","7.133031716361615"
"2021-10-26T17:08:24.939+05:00","6.469357969377537"
"2021-10-26T17:08:25.440+05:00","5.821428788999039"
"2021-10-26T17:08:25.942+05:00","6.440432672121619"
"2021-10-26T17:08:26.444+05:00","4.904986739713763"
"2021-10-26T17:08:26.946+05:00","5.2362580151645925"
"2021-10-26T17:08:27.448+05:00","7.506411412607353"
"2021-10-26T17:08:27.949+05:00","5.858573034838496"
"2021-10-26T17:08:28.451+05:00","5.971093066595102"
"2021-10-26T17:08:28.953+05:00","7.134263886606629"
"2021-10-26T17:08:29.455+05:00","4.821834284925181"
"2021-10-26T17:08:29.957+05:00","4.3327919098589796"
"2021-10-26T17:08:30.458+05:00","13.050944173124236"
"2021-10-26T17:08:30.960+05:00","6.606689567968591"
"2021-10-26T17:08:31.461+05:00","12.255829012788144"
"2021-10-26T17:08:31.962+05:00","14.712878184715628"
"2021-10-26T17:08:32.463+05:00","12.618578592880636"
"2021-10-26T17:08:32.963+05:00","8.021552062981048"
"2021-10-26T17:08:33.464+05:00","10.264154912666738"
"2021-10-26T17:08:33.966+05:00","8.128996799569206"
"2021-10-26T17:08:34.468+05:00","7.120932152455446"
"2021-10-26T17:08:34.969+05:00","5.083613683854801"
"2021-10-26T17:08:35.471+05:00","6.773929717806932"
"2021-10-26T17:08:35.973+05:00","3.891387491810923"
"2021-10-26T17:08:36.475+05:00","2.6162337300351943"
"2021-10-26T17:08:36.976+05:00","9.187572763384564"
"2021-10-26T17:08:37.478+05:00","10.756565470305425"
"2021-10-26T17:08:37.980+05:00","6.535790544684145"
"2021-10-26T17:08:38.481+05:00","9.56865123655527"
"2021-10-26T17:08:38.983+05:00","6.7993658191167885"
"2021-10-26T17:08:39.484+05:00","5.7794445938681624"
"2021-10-26T17:08:39.986+05:00","3.8738894720375"
"2021-10-26T17:08:40.488+05:00","3.3674996323071746"
"2021-10-26T17:08:40.990+05:00","8.905174825424004"
"2021-10-26T17:08:41.492+05:00","8.758879074466716"
"2021-10-26T17:08:41.994+05:00","5.824884874772433"
"2021-10-26T17:08:42.496+05:00","6.7750953667983875"
"2021-10-26T17:08:42.998+05:00","5.964324665074491"
"2021-10-26T17:08:43.500+05:00","3.9299636273197915"
"2021-10-26T17:08:44.002+05:00","5.424427717111308"
"2021-10-26T17:08:44.504+05:00","3.5465502615742825"
"2021-10-26T17:08:45.009+05:00","3.941602542282837"
"2021-10-26T17:08:45.511+05:00","3.200632942879508"
"2021-10-26T17:08:46.013+05:00","5.425388895879083"
"2021-10-26T17:08:46.514+05:00","5.455054205185493"
"2021-10-26T17:08:47.016+05:00","6.543991606713224"
"2021-10-26T17:08:47.518+05:00","4.564095360042524"
"2021-10-26T17:08:48.019+05:00","5.002292136404666"
"2021-10-26T17:08:48.521+05:00","3.9416020322183716"
"2021-10-26T17:08:49.022+05:00","5.400693796892464"
"2021-10-26T17:08:49.525+05:00","6.589124157465923"
"2021-10-26T17:08:50.026+05:00","4.589598662731643"
"2021-10-26T17:08:50.528+05:00","3.4994082225244663"
"2021-10-26T17:08:51.030+05:00","7.328948977470657"
"2021-10-26T17:08:51.532+05:00","5.480711448116293"
"2021-10-26T17:08:52.034+05:00","4.2497595383666615"
"2021-10-26T17:08:52.536+05:00","4.158368687290181"
"2021-10-26T17:08:53.038+05:00","5.60898257542104"
"2021-10-26T17:08:53.539+05:00","4.183015627596658"
"2021-10-26T17:08:54.041+05:00","5.452572625569283"
"2021-10-26T17:08:54.542+05:00","5.2536655373674925"
"2021-10-26T17:08:55.044+05:00","4.495995003462874"
"2021-10-26T17:08:55.546+05:00","5.908958562311406"
"2021-10-26T17:08:56.047+05:00","3.3178098948342503"
"2021-10-26T17:08:56.549+05:00","4.003467862877686"
"2021-10-26T17:08:57.050+05:00","6.569309267416953"
"2021-10-26T17:08:57.553+05:00","5.538667330173634"
"2021-10-26T17:08:58.055+05:00","4.740865117868624"
"2021-10-26T17:08:58.557+05:00","4.354123295314675"
"2021-10-26T17:08:59.060+05:00","6.810427253177576"
"2021-10-26T17:08:59.561+05:00","4.053786348785377"
"2021-10-26T17:09:00.062+05:00","4.346889367529666"
"2021-10-26T17:09:00.564+05:00","4.143308638492599"
"2021-10-26T17:09:01.066+05:00","5.203898839375756"
"2021-10-26T17:09:01.567+05:00","4.557872524347571"
"2021-10-26T17:09:02.069+05:00","7.254040671778192"
"2021-10-26T17:09:02.571+05:00","5.6604254778266485"
"2021-10-26T17:09:03.073+05:00","7.155547403384611"
"2021-10-26T17:09:03.574+05:00","6.627742654386837"
"2021-10-26T17:09:04.076+05:00","4.365159592242755"
"2021-10-26T17:09:04.578+05:00","4.668495316430675"
"2021-10-26T17:09:05.080+05:00","5.888646797037783"
"2021-10-26T17:09:05.582+05:00","5.734718455936694"
"2021-10-26T17:09:06.089+05:00","6.108702195346038"
"2021-10-26T17:09:06.590+05:00","4.5651140014931"
"2021-10-26T17:09:07.092+05:00","7.79807280517783"
"2021-10-26T17:09:07.594+05:00","4.9481570250357185"
"2021-10-26T17:09:08.095+05:00","5.1355124492682975"
"2021-10-26T17:09:08.596+05:00","4.796466068960465"
"2021-10-26T17:09:09.097+05:00","5.925478959843734"
"2021-10-26T17:09:09.599+05:00","6.269026184277181"
"2021-10-26T17:09:10.101+05:00","5.870407384155174"
"2021-10-26T17:09:10.603+05:00","6.635026903210489"
"2021-10-26T17:09:11.104+05:00","5.512795901414856"
"2021-10-26T17:09:11.606+05:00","6.034225674362545"
"2021-10-26T17:09:12.106+05:00","8.312343029404346"
"2021-10-26T17:09:12.608+05:00","4.839079640567855"
"2021-10-26T17:09:13.110+05:00","6.277781046091565"
"2021-10-26T17:09:13.612+05:00","6.008914158834759"
"2021-10-26T17:09:14.113+05:00","4.590506471915009"
"2021-10-26T17:09:14.614+05:00","4.4534809924086"
"2021-10-26T17:09:15.116+05:00","6.070783448581249"
"2021-10-26T17:09:15.618+05:00","4.670386304792533"
"2021-10-26T17:09:16.119+05:00","4.125063284641371"
"2021-10-26T17:09:16.621+05:00","4.431955639946439"
"2021-10-26T17:09:17.123+05:00","5.250752212976778"
"2021-10-26T17:09:17.625+05:00","6.350929066318409"
"2021-10-26T17:09:18.127+05:00","5.969489051661607"
"2021-10-26T17:09:18.628+05:00","6.090195823935513"
"2021-10-26T17:09:19.130+05:00","6.845584578322216"
"2021-10-26T17:09:19.632+05:00","5.93852792128101"
"2021-10-26T17:09:20.134+05:00","4.859687022093436"
"2021-10-26T17:09:20.635+05:00","4.7394917333926205"
"2021-10-26T17:09:21.137+05:00","6.482464546739656"
"2021-10-26T17:09:21.638+05:00","5.346450899366979"
"2021-10-26T17:09:22.140+05:00","6.127040521900669"
"2021-10-26T17:09:22.642+05:00","4.441450581215634"
"2021-10-26T17:09:23.143+05:00","7.604918908721255"
"2021-10-26T17:09:23.645+05:00","5.636220003263214"
"2021-10-26T17:09:24.147+05:00","3.6163534737181506"
"2021-10-26T17:09:24.648+05:00","4.10087408331359"
"2021-10-26T17:09:25.150+05:00","6.8215919384413235"
"2021-10-26T17:09:25.652+05:00","3.567713522742011"
"2021-10-26T17:09:26.154+05:00","6.315526035443229"
"2021-10-26T17:09:26.655+05:00","5.643027055158772"
"2021-10-26T17:09:27.163+05:00","6.963190924158689"
"2021-10-26T17:09:27.665+05:00","5.6718190446631995"
"2021-10-26T17:09:28.166+05:00","5.6802445861525985"
"2021-10-26T17:09:28.668+05:00","3.2693660941338125"
"2021-10-26T17:09:29.169+05:00","6.162899631898512"
"2021-10-26T17:09:29.671+05:00","4.924109312653261"
"2021-10-26T17:09:30.172+05:00","5.938220972039124"
"2021-10-26T17:09:30.674+05:00","5.141731134575474"
"2021-10-26T17:09:31.175+05:00","5.384847564502538"
"2021-10-26T17:09:31.677+05:00","8.254473426978773"
"2021-10-26T17:09:32.178+05:00","5.4196003451244135"
"2021-10-26T17:09:32.679+05:00","5.024517653963594"
"2021-10-26T17:09:33.180+05:00","5.406215770206167"
"2021-10-26T17:09:33.682+05:00","5.198643406383777"
"2021-10-26T17:09:34.183+05:00","5.1971460942659515"
"2021-10-26T17:09:34.684+05:00","5.256648653799822"
"2021-10-26T17:09:35.186+05:00","6.189554602070014"
"2021-10-26T17:09:35.687+05:00","6.0791607929969125"
"2021-10-26T17:09:36.189+05:00","5.7570302265171485"
"2021-10-26T17:09:36.691+05:00","5.2010184622744715"
"2021-10-26T17:09:37.193+05:00","5.712338715528653"
"2021-10-26T17:09:37.695+05:00","5.3839516850072435"
"2021-10-26T17:09:38.197+05:00","5.347458215663009"
"2021-10-26T17:09:38.698+05:00","5.177344981903729"
"2021-10-26T17:09:39.200+05:00","5.045864578688118"
"2021-10-26T17:09:39.703+05:00","6.069374665496131"
"2021-10-26T17:09:40.205+05:00","3.5343040470784564"
"2021-10-26T17:09:40.706+05:00","5.099270854145986"
"2021-10-26T17:09:41.208+05:00","5.046805617874124"
"2021-10-26T17:09:41.709+05:00","6.136053546491536"
"2021-10-26T17:09:42.211+05:00","4.688624109909892"
"2021-10-26T17:09:42.713+05:00","6.225215981391106"
"2021-10-26T17:09:43.214+05:00","6.1529887419014715"
"2021-10-26T17:09:43.716+05:00","6.5352552248796805"
"2021-10-26T17:09:44.217+05:00","6.639200306501376"
"2021-10-26T17:09:44.718+05:00","6.315387875182261"
"2021-10-26T17:09:45.220+05:00","5.838197438038551"
"2021-10-26T17:09:45.721+05:00","5.99692283921589"
"2021-10-26T17:09:46.222+05:00","6.873085315967349"
"2021-10-26T17:09:46.724+05:00","6.366550048759175"
"2021-10-26T17:09:47.231+05:00","5.443791664314782"
"2021-10-26T17:09:47.732+05:00","6.457110757743636"
"2021-10-26T17:09:48.233+05:00","9.154962054665893"
"2021-10-26T17:09:48.735+05:00","7.050094757496193"
"2021-10-26T17:09:49.237+05:00","6.167273006060941"
"2021-10-26T17:09:49.739+05:00","6.156288350742416"
"2021-10-26T17:09:50.240+05:00","5.248658123405079"
"2021-10-26T17:09:50.742+05:00","6.5957459991757705"
"2021-10-26T17:09:51.245+05:00","7.709864294989901"
"2021-10-26T17:09:51.746+05:00","6.394344203582698"
"2021-10-26T17:09:52.247+05:00","6.418501431751967"
"2021-10-26T17:09:52.749+05:00","6.362177401463939"
"2021-10-26T17:09:53.251+05:00","5.953813958817893"
"2021-10-26T17:09:53.752+05:00","5.284455065973831"
"2021-10-26T17:09:54.254+05:00","6.611112375510429"
"2021-10-26T17:09:54.757+05:00","6.2231460194631945"
"2021-10-26T17:09:55.259+05:00","5.660294887565854"
"2021-10-26T17:09:55.760+05:00","6.764386205987941"
"2021-10-26T17:09:56.262+05:00","6.494612322656046"
"2021-10-26T17:09:56.764+05:00","5.10164930445033"
"2021-10-26T17:09:57.266+05:00","5.296725818422388"
"2021-10-26T17:09:57.768+05:00","5.022296300514782"
"2021-10-26T17:09:58.270+05:00","5.130832946065175"
"2021-10-26T17:09:58.771+05:00","5.938689216468523"
"2021-10-26T17:09:59.272+05:00","5.918551763150015"
"2021-10-26T17:09:59.774+05:00","5.580677023053996"
"2021-10-26T17:10:00.277+05:00","5.461016325056239"
"2021-10-26T17:10:00.779+05:00","5.526815432811366"
"2021-10-26T17:10:01.280+05:00","5.390753563020513"
"2021-10-26T17:10:01.782+05:00","6.105028467993471"
"2021-10-26T17:10:02.284+05:00","6.361201328951755"
"2021-10-26T17:10:02.786+05:00","6.227075863828976"
"2021-10-26T17:10:03.288+05:00","4.997559582571197"
"2021-10-26T17:10:03.790+05:00","5.449513110924874"
"2021-10-26T17:10:04.291+05:00","5.40807528792215"
"2021-10-26T17:10:04.793+05:00","5.059600152661048"
"2021-10-26T17:10:05.295+05:00","4.323064871215832"
"2021-10-26T17:10:05.797+05:00","4.872086401177512"
"2021-10-26T17:10:06.299+05:00","4.9427087036700925"
"2021-10-26T17:10:06.800+05:00","5.32143044151721"
"2021-10-26T17:10:07.302+05:00","6.668484184436278"
"2021-10-26T17:10:07.803+05:00","6.432531673441968"
"2021-10-26T17:10:08.310+05:00","5.776356134691569"
"2021-10-26T17:10:08.811+05:00","5.708761700866147"
"2021-10-26T17:10:09.312+05:00","4.649225530051456"
"2021-10-26T17:10:09.814+05:00","5.475928184364981"
"2021-10-26T17:10:10.315+05:00","4.644020785304987"
"2021-10-26T17:10:10.816+05:00","6.254996456982288"
"2021-10-26T17:10:11.818+05:00","4.963336843071758"
"2021-10-26T17:10:12.320+05:00","7.448376962728494"
"2021-10-26T17:10:12.821+05:00","5.533800441186188"
"2021-10-26T17:10:13.323+05:00","5.004301030955033"
"2021-10-26T17:10:13.825+05:00","3.977765516265704"
"2021-10-26T17:10:14.326+05:00","2.9411507991056682"
"2021-10-26T17:10:14.827+05:00","17.19952181061978"
"2021-10-26T17:10:15.328+05:00","22.008057122062098"
"2021-10-26T17:10:15.829+05:00","29.143046035623776"
"2021-10-26T17:10:16.330+05:00","17.990727649718178"
"2021-10-26T17:10:16.831+05:00","26.559984151048273"
"2021-10-26T17:10:17.332+05:00","9.99227749111407"
"2021-10-26T17:10:17.833+05:00","2.7668067046637828"
"2021-10-26T17:10:18.335+05:00","0.7310032442474244"
"2021-10-26T17:10:18.837+05:00","2.2064053510122377"
"2021-10-26T17:10:19.340+05:00","0.7589785377073821"
"2021-10-26T17:10:19.842+05:00","2.2993544486910418"
"2021-10-26T17:10:20.344+05:00","1.2412744436377516"
"2021-10-26T17:10:20.846+05:00","2.42775419798272"
"2021-10-26T17:10:21.347+05:00","3.4013347181400055"
"2021-10-26T17:10:21.849+05:00","5.851918383860047"
"2021-10-26T17:10:22.352+05:00","1.0928845604052504"
"2021-10-26T17:10:22.854+05:00","5.497318045640358"
"2021-10-26T17:10:23.356+05:00","1.5893102323363577"
"2021-10-26T17:10:23.859+05:00","2.0415648929864822"
"2021-10-26T17:10:24.361+05:00","1.1031839872871865"
"2021-10-26T17:10:24.864+05:00","2.5435970398385357"
"2021-10-26T17:10:25.366+05:00","0.6424317475573844"
"2021-10-26T17:10:25.868+05:00","2.0593486545448654"
"2021-10-26T17:10:26.371+05:00","0.796771822078434"
"2021-10-26T17:10:26.873+05:00","6.134015666625824"
"2021-10-26T17:10:27.375+05:00","1.6890797743690267"
"2021-10-26T17:10:27.877+05:00","3.6187964370925796"
"2021-10-26T17:10:28.379+05:00","1.5821441221816654"
"2021-10-26T17:10:28.888+05:00","1.7376113592232085"
"2021-10-26T17:10:29.389+05:00","0.5090695632462159"
"2021-10-26T17:10:29.890+05:00","17.32481977044449"
"2021-10-26T17:10:30.391+05:00","12.323824540995494"
"2021-10-26T17:10:30.893+05:00","12.179996691870002"
"2021-10-26T17:10:31.394+05:00","25.237721258886555"
"2021-10-26T17:10:31.895+05:00","25.179347963327515"
"2021-10-26T17:10:32.396+05:00","21.013487030956135"
"2021-10-26T17:10:32.897+05:00","11.869981163422556"
"2021-10-26T17:10:33.398+05:00","9.204889852714022"
"2021-10-26T17:10:33.900+05:00","4.48602679398912"
"2021-10-26T17:10:34.402+05:00","8.734052418391787"
"2021-10-26T17:10:34.903+05:00","21.85697800422518"
"2021-10-26T17:10:35.404+05:00","17.710628901269065"
"2021-10-26T17:10:35.904+05:00","13.257311507643324"
"2021-10-26T17:10:36.405+05:00","8.503177156367375"
"2021-10-26T17:10:36.906+05:00","10.006716955987766"
"2021-10-26T17:10:37.408+05:00","4.982179719415"
"2021-10-26T17:10:37.910+05:00","10.78941733169754"
"2021-10-26T17:10:38.411+05:00","4.837128369326541"
"2021-10-26T17:10:38.912+05:00","15.121568998589954"
"2021-10-26T17:10:39.413+05:00","9.92985831052178"
"2021-10-26T17:10:39.914+05:00","2.5807637223009903"
"2021-10-26T17:10:40.414+05:00","3.194712291202578"
"2021-10-26T17:10:40.915+05:00","1.5174948834013684"
"2021-10-26T17:10:41.416+05:00","3.0892453614358484"
"2021-10-26T17:10:41.917+05:00","1.5181748618764759"
"2021-10-26T17:10:42.418+05:00","1.496494674505792"
"2021-10-26T17:10:42.919+05:00","5.087387417167005"
"2021-10-26T17:10:43.420+05:00","4.148002593055121"
"2021-10-26T17:10:43.921+05:00","0.6961111702207387"
"2021-10-26T17:10:44.422+05:00","2.658952827754342"
"2021-10-26T17:10:44.922+05:00","0.9748737243635278"
"2021-10-26T17:10:45.423+05:00","26.633439903526497"
"2021-10-26T17:10:45.924+05:00","16.021036611094303"
"2021-10-26T17:10:46.425+05:00","12.52775910670582"
"2021-10-26T17:10:46.926+05:00","4.939291420605812"
"2021-10-26T17:10:47.427+05:00","1.87839139947933"
"2021-10-26T17:10:48.432+05:00","1.0840286460049704"
"2021-10-26T17:10:48.933+05:00","1.3440586576595663"
"2021-10-26T17:10:49.434+05:00","1.1089024935814844"
"2021-10-26T17:10:49.934+05:00","4.039349987073804"
"2021-10-26T17:10:50.937+05:00","6.632356946091563"
"2021-10-26T17:10:51.438+05:00","9.624924045670129"
"2021-10-26T17:10:51.940+05:00","9.93208360340698"
"2021-10-26T17:10:52.442+05:00","1.7755041086348657"
"2021-10-26T17:10:52.944+05:00","2.897144465805347"
"2021-10-26T17:10:53.445+05:00","1.183935485034978"
"2021-10-26T17:10:54.448+05:00","1.471941534426498"
"2021-10-26T17:10:54.950+05:00","1.0935049065772486"
"2021-10-26T17:10:55.452+05:00","0.9984789371594844"
"2021-10-26T17:10:56.456+05:00","4.281159701715693"
"2021-10-26T17:10:56.959+05:00","4.558868687622935"
"2021-10-26T17:10:57.460+05:00","1.1755117196990301"
"2021-10-26T17:10:57.962+05:00","0.8387729585120774"
"2021-10-26T17:10:58.464+05:00","1.0067288838342516"
"2021-10-26T17:10:58.966+05:00","0.15836393583314184"
"2021-10-26T17:10:59.468+05:00","0.5327161615010456"
"2021-10-26T17:10:59.970+05:00","0.008190823651773666"
"2021-10-26T17:11:00.472+05:00","0.9251510220746948"
"2021-10-26T17:11:00.973+05:00","5.962942939453233"
"2021-10-26T17:11:01.474+05:00","17.582138516343306"
"2021-10-26T17:11:01.975+05:00","2.6045638768970933"
"2021-10-26T17:11:02.477+05:00","5.6585383733338555"
"2021-10-26T17:11:02.978+05:00","6.155812537804784"
"2021-10-26T17:11:03.480+05:00","2.4652099796756195"
"2021-10-26T17:11:03.982+05:00","2.2366793967008767"
"2021-10-26T17:11:04.484+05:00","0.36260598436342295"
"2021-10-26T17:11:04.985+05:00","0.4942802032515736"
"2021-10-26T17:11:05.486+05:00","1.6310674781691303"
"2021-10-26T17:11:05.988+05:00","1.2651696929491916"
"2021-10-26T17:11:06.490+05:00","3.283030072962361"
"2021-10-26T17:11:06.991+05:00","2.0747954440814507"
"2021-10-26T17:11:07.492+05:00","0.3033129955939628"
"2021-10-26T17:11:07.993+05:00","0.1391052403353956"
"2021-10-26T17:11:08.494+05:00","0.8120864658761328"
"2021-10-26T17:11:09.003+05:00","0"
"2021-10-26T17:11:09.504+05:00","0.5542262399013524"
"2021-10-26T17:11:10.005+05:00","0.6032011151912577"
"2021-10-26T17:11:10.507+05:00","1.2326663786644372"
"2021-10-26T17:11:11.008+05:00","0.6990987833400611"
"2021-10-26T17:11:11.509+05:00","0.45939340956505814"
"2021-10-26T17:11:12.011+05:00","0"
"2021-10-26T17:11:12.513+05:00","0.8298474982661679"
"2021-10-26T17:11:13.016+05:00","1.0324053390521815"
"2021-10-26T17:11:13.518+05:00","0.6966482007953338"
"2021-10-26T17:11:14.021+05:00","0.5821523265427087"
"2021-10-26T17:11:14.522+05:00","2.3686517844691264"
"2021-10-26T17:11:15.024+05:00","0.1607433158273632"
"2021-10-26T17:11:15.526+05:00","1.2266320794856949"
"2021-10-26T17:11:16.029+05:00","0.08870111987552702"
"2021-10-26T17:11:16.530+05:00","25.322877637736404"
"2021-10-26T17:11:17.031+05:00","5.38268245545491"
"2021-10-26T17:11:17.532+05:00","6.470418155374071"
"2021-10-26T17:11:18.033+05:00","4.646458290515925"
"2021-10-26T17:11:18.535+05:00","4.38643378278928"
"2021-10-26T17:11:19.037+05:00","4.40805793450905"
"2021-10-26T17:11:19.539+05:00","0.11021238733767796"
"2021-10-26T17:11:20.040+05:00","0.5187228468200158"
"2021-10-26T17:11:20.540+05:00","0.18299299122919988"
"2021-10-26T17:11:21.043+05:00","1.0249754984684167"
"2021-10-26T17:11:21.544+05:00","8.09931872883725"
"2021-10-26T17:11:22.045+05:00","0.6866653197512784"
"2021-10-26T17:11:22.546+05:00","0.4789042762242094"
"2021-10-26T17:11:23.047+05:00","0.5978980877630387"
"2021-10-26T17:11:23.548+05:00","0.4041350485599816"
"2021-10-26T17:11:24.050+05:00","0.3156543594094607"
"2021-10-26T17:11:24.552+05:00","0.26165490261490154"
"2021-10-26T17:11:25.053+05:00","1.4708701553344652"
"2021-10-26T17:11:25.555+05:00","0.6689495924226938"
"2021-10-26T17:11:26.057+05:00","3.6260991624206413"
"2021-10-26T17:11:26.559+05:00","1.6094305782198013"
"2021-10-26T17:11:27.061+05:00","1.9858803825792828"
"2021-10-26T17:11:27.562+05:00","0.6506581192658747"
"2021-10-26T17:11:28.064+05:00","0.43475443915903045"
"2021-10-26T17:11:28.566+05:00","0.240243250736294"
"2021-10-26T17:11:29.068+05:00","2.035158157954468"
"2021-10-26T17:11:29.570+05:00","0.9058643039892139"
"2021-10-26T17:11:30.074+05:00","0.8573897932440123"
"2021-10-26T17:11:30.576+05:00","0.6703968592326138"
"2021-10-26T17:11:31.078+05:00","0.6411740317958837"
"2021-10-26T17:11:31.580+05:00","18.466997764343418"
"2021-10-26T17:11:32.081+05:00","7.849886734619879"
"2021-10-26T17:11:32.582+05:00","3.9905758799118183"
"2021-10-26T17:11:33.083+05:00","4.108697777710578"
"2021-10-26T17:11:33.584+05:00","5.203610935276885"
"2021-10-26T17:11:34.086+05:00","1.7338568095860034"
"2021-10-26T17:11:34.588+05:00","2.435808535178416"
"2021-10-26T17:11:35.089+05:00","0.671215589772336"
"2021-10-26T17:11:35.591+05:00","0.011609511828387748"
"2021-10-26T17:11:36.093+05:00","1.9950047333994623"
"2021-10-26T17:11:36.596+05:00","0.22904388986514176"
"2021-10-26T17:11:37.098+05:00","1.009646038607264"
"2021-10-26T17:11:37.599+05:00","0.28729284185087545"
"2021-10-26T17:11:38.101+05:00","3.1811705330081046"
"2021-10-26T17:11:38.602+05:00","2.2583357802100776"
"2021-10-26T17:11:39.103+05:00","1.3914262646076643"
"2021-10-26T17:11:39.605+05:00","0.12989377553758197"
"2021-10-26T17:11:40.107+05:00","0.8733459721893748"
"2021-10-26T17:11:40.609+05:00","0.0573817899938411"
"2021-10-26T17:11:41.111+05:00","3.141983261651459"
"2021-10-26T17:11:41.613+05:00","0.7406750007540356"
"2021-10-26T17:11:42.116+05:00","0.5885424089921452"
"2021-10-26T17:11:42.618+05:00","1.7010480073334486"
"2021-10-26T17:11:43.121+05:00","0.7328027832022346"
"2021-10-26T17:11:43.622+05:00","0.2577969511541892"
"2021-10-26T17:11:44.124+05:00","0.7980952987570693"
"2021-10-26T17:11:44.626+05:00","0.03243503436468349"
"2021-10-26T17:11:45.129+05:00","1.7625664076512817"
"2021-10-26T17:11:45.631+05:00","0.22534990088597703"
"2021-10-26T17:11:46.132+05:00","0.8728820445944379"
"2021-10-26T17:11:46.633+05:00","14.647751197122586"
"2021-10-26T17:11:47.135+05:00","12.467644749518428"
"2021-10-26T17:11:47.636+05:00","3.499379204926195"
"2021-10-26T17:11:48.138+05:00","5.4780985470707035"
"2021-10-26T17:11:48.639+05:00","4.527464491367068"
"2021-10-26T17:11:49.140+05:00","2.640045409043378"
"2021-10-26T17:11:49.641+05:00","1.2809008784634022"
"2021-10-26T17:11:50.150+05:00","0.5705627039533774"
"2021-10-26T17:11:50.651+05:00","0.5162773950530554"
"2021-10-26T17:11:51.153+05:00","0.9993838244497082"
"2021-10-26T17:11:51.654+05:00","0.14688906235773694"
"2021-10-26T17:11:52.156+05:00","0.49334026698090994"
"2021-10-26T17:11:52.659+05:00","0.038383019043083194"
"2021-10-26T17:11:53.161+05:00","0.9847998825215818"
"2021-10-26T17:11:53.662+05:00","0.36685391973348713"
"2021-10-26T17:11:54.165+05:00","1.0611912161774761"
"2021-10-26T17:11:54.666+05:00","0.28215775432503926"
"2021-10-26T17:11:55.167+05:00","0.9473435663259271"
"2021-10-26T17:11:55.668+05:00","0.31302703913206587"
"2021-10-26T17:11:56.170+05:00","2.230450064667508"
"2021-10-26T17:11:56.672+05:00","0.06514083095860657"
"2021-10-26T17:11:57.173+05:00","0.6147376486492879"
"2021-10-26T17:11:57.675+05:00","0.7520597919091248"
"2021-10-26T17:11:58.177+05:00","1.5943306993407862"
"2021-10-26T17:11:58.678+05:00","0.723660293579742"
"2021-10-26T17:11:59.179+05:00","1.3255494968002868"
"2021-10-26T17:11:59.680+05:00","0.021488243065175577"
"2021-10-26T17:12:00.181+05:00","0.5875820399901791"
"2021-10-26T17:12:00.681+05:00","0.16096770712210334"
"2021-10-26T17:12:01.184+05:00","0.32193730258401226"
"2021-10-26T17:12:01.685+05:00","5.241628483578238"
"2021-10-26T17:12:02.186+05:00","21.5455049938745"
"2021-10-26T17:12:02.687+05:00","2.6940741706905986"
"2021-10-26T17:12:03.188+05:00","5.6909649144199275"
"2021-10-26T17:12:03.689+05:00","4.275060043476433"
"2021-10-26T17:12:04.191+05:00","3.9864011523620255"
"2021-10-26T17:12:04.693+05:00","1.301198174670994"
"2021-10-26T17:12:05.194+05:00","2.050771024207914"
"2021-10-26T17:12:05.695+05:00","0.2888476777666926"
"2021-10-26T17:12:06.197+05:00","1.2558477626198261"
"2021-10-26T17:12:06.699+05:00","0.18370152258955239"
"2021-10-26T17:12:07.201+05:00","1.7194491247122365"
"2021-10-26T17:12:07.703+05:00","0.10091531373891768"
"2021-10-26T17:12:08.204+05:00","0.3349386092633823"
"2021-10-26T17:12:08.706+05:00","0"
"2021-10-26T17:12:09.207+05:00","0.7761542760239407"
"2021-10-26T17:12:09.709+05:00","0"
"2021-10-26T17:12:10.210+05:00","0.7412883070211909"
"2021-10-26T17:12:10.720+05:00","0.37152557849826473"
"2021-10-26T17:12:11.220+05:00","2.4717447444908864"
"2021-10-26T17:12:11.721+05:00","0.5240625110109505"
"2021-10-26T17:12:12.222+05:00","0.8628730657174852"
"2021-10-26T17:12:12.723+05:00","0.1522951787800876"
"2021-10-26T17:12:13.224+05:00","0.4498264228772436"
"2021-10-26T17:12:13.725+05:00","0.5399780928292874"
"2021-10-26T17:12:14.226+05:00","0.7424916501043367"
"2021-10-26T17:12:14.727+05:00","0.5166241029051719"
"2021-10-26T17:12:15.228+05:00","1.2082649548693283"
"2021-10-26T17:12:15.729+05:00","0.20905973114042925"
"2021-10-26T17:12:16.231+05:00","0.8563030618450427"
"2021-10-26T17:12:16.733+05:00","0.39812747915989577"
"2021-10-26T17:12:17.235+05:00","20.324321934398114"
"2021-10-26T17:12:17.736+05:00","6.9242148818968365"
"2021-10-26T17:12:18.237+05:00","6.394851477782092"
"2021-10-26T17:12:18.738+05:00","3.9603619156036505"
"2021-10-26T17:12:19.239+05:00","4.880848079714814"
"2021-10-26T17:12:19.740+05:00","3.6161152625917365"
"2021-10-26T17:12:20.241+05:00","0.18501446085523565"
"2021-10-26T17:12:20.742+05:00","1.3141337655929481"
"2021-10-26T17:12:21.243+05:00","0.06169328023838692"
"2021-10-26T17:12:21.744+05:00","1.4452448199441013"
"2021-10-26T17:12:22.245+05:00","1.0499953614602342"
"2021-10-26T17:12:22.746+05:00","0.41490252451706916"
"2021-10-26T17:12:23.248+05:00","0.29227234757058995"
"2021-10-26T17:12:23.749+05:00","1.2025669562755235"
"2021-10-26T17:12:24.250+05:00","0.4184053456287279"
"2021-10-26T17:12:24.752+05:00","1.595565365207122"
"2021-10-26T17:12:25.253+05:00","0"
"2021-10-26T17:12:25.754+05:00","5.453922656146652"
"2021-10-26T17:12:26.256+05:00","3.48813901455706"
"2021-10-26T17:12:26.758+05:00","1.6708012837388257"
"2021-10-26T17:12:27.259+05:00","0.6729254309839572"
"2021-10-26T17:12:27.760+05:00","1.759597960013492"
"2021-10-26T17:12:28.260+05:00","0.581888815778129"
"2021-10-26T17:12:28.761+05:00","0.8069324293169278"
"2021-10-26T17:12:29.262+05:00","0.7606093121382457"
"2021-10-26T17:12:29.763+05:00","2.9779740049902426"
"2021-10-26T17:12:30.264+05:00","2.9385058945508726"
"2021-10-26T17:12:30.766+05:00","1.0025258306881777"
"2021-10-26T17:12:31.267+05:00","1.287739107143937"
"2021-10-26T17:12:31.771+05:00","1.3972443361256863"
"2021-10-26T17:12:32.273+05:00","19.163119070945548"
"2021-10-26T17:12:32.775+05:00","8.575000179667484"
"2021-10-26T17:12:33.276+05:00","4.0843437544795815"
"2021-10-26T17:12:33.777+05:00","5.493541539211378"
"2021-10-26T17:12:34.279+05:00","9.834745558810393"
"2021-10-26T17:12:34.781+05:00","3.3912896467025164"
"2021-10-26T17:12:35.283+05:00","0.6494339789035233"
"2021-10-26T17:12:35.784+05:00","1.8268047966361969"
"2021-10-26T17:12:36.285+05:00","0.6079386625078185"
"2021-10-26T17:12:36.786+05:00","1.2196502452861797"
"2021-10-26T17:12:37.289+05:00","2.647376145298784"
"2021-10-26T17:12:37.790+05:00","1.4637765563515779"
"2021-10-26T17:12:38.291+05:00","3.765839192246345"
"2021-10-26T17:12:38.792+05:00","3.0872436942965815"
"2021-10-26T17:12:39.293+05:00","1.6384224605122997"
"2021-10-26T17:12:39.794+05:00","0.7554620582022689"
"2021-10-26T17:12:40.296+05:00","0.11346413608059863"
"2021-10-26T17:12:40.798+05:00","2.0714267494114584"
"2021-10-26T17:12:41.299+05:00","0.02181284300481899"
"2021-10-26T17:12:41.801+05:00","1.152554907030964"
"2021-10-26T17:12:42.302+05:00","3.357127731837674"
"2021-10-26T17:12:42.803+05:00","1.8088739448675897"
"2021-10-26T17:12:43.304+05:00","0"
"2021-10-26T17:12:43.805+05:00","1.4222758968889642"
"2021-10-26T17:12:44.306+05:00","0.13881684582380344"
"2021-10-26T17:12:44.808+05:00","0.8827753221526935"
"2021-10-26T17:12:45.310+05:00","0.0860797009171747"
"2021-10-26T17:12:45.811+05:00","2.45182172296128"
"2021-10-26T17:12:46.313+05:00","0.31510193347865656"
"2021-10-26T17:12:46.814+05:00","0.735530745137107"
"2021-10-26T17:12:47.316+05:00","7.7769968288412965"
"2021-10-26T17:12:47.817+05:00","11.456144109201167"
"2021-10-26T17:12:48.317+05:00","1.1511039864341395"
"2021-10-26T17:12:48.818+05:00","1.547695823692806"
"2021-10-26T17:12:49.319+05:00","0.3244639945896291"
"2021-10-26T17:12:49.820+05:00","0.8450185226804804"
"2021-10-26T17:12:50.322+05:00","0.4529079726728782"
"2021-10-26T17:12:50.824+05:00","2.498239104108963"
"2021-10-26T17:12:51.326+05:00","0.9998882098040462"
"2021-10-26T17:12:51.828+05:00","2.7824834812636676"
"2021-10-26T17:12:52.329+05:00","6.677070629913404"
"2021-10-26T17:12:52.830+05:00","4.0037015634908855"
"2021-10-26T17:12:53.331+05:00","1.678931758847849"
"2021-10-26T17:12:53.831+05:00","4.982046191642066"
"2021-10-26T17:12:54.332+05:00","1.4762229325844456"
"2021-10-26T17:12:54.833+05:00","2.740799542041755"
"2021-10-26T17:12:55.334+05:00","4.4506775857115395"
"2021-10-26T17:12:55.835+05:00","14.037567476990098"
"2021-10-26T17:12:56.336+05:00","1.4963122980596142"
"2021-10-26T17:12:56.836+05:00","4.029403658354524"
"2021-10-26T17:12:57.337+05:00","10.062824132148524"
"2021-10-26T17:12:57.838+05:00","7.92882156457266"
"2021-10-26T17:12:58.339+05:00","8.261658965320441"
"2021-10-26T17:12:58.839+05:00","6.5689440903939555"
"2021-10-26T17:12:59.340+05:00","0.6039681291977373"
"2021-10-26T17:12:59.841+05:00","6.855307558354827"
"2021-10-26T17:13:00.342+05:00","4.948551403859642"
"2021-10-26T17:13:00.843+05:00","1.0890649008811346"
"2021-10-26T17:13:01.344+05:00","0.9574733924465678"
"2021-10-26T17:13:01.844+05:00","8.283464183851807"
"2021-10-26T17:13:02.345+05:00","11.545409941023618"
"2021-10-26T17:13:02.847+05:00","6.434632619179373"
"2021-10-26T17:13:03.347+05:00","2.8784118582179556"
"2021-10-26T17:13:03.848+05:00","5.476264020294446"
"2021-10-26T17:13:04.349+05:00","4.2196133531324795"
"2021-10-26T17:13:04.850+05:00","12.26548586300537"
"2021-10-26T17:13:05.351+05:00","18.991033550528424"
"2021-10-26T17:13:05.852+05:00","4.7366445078052095"
"2021-10-26T17:13:06.352+05:00","7.862557471753457"
"2021-10-26T17:13:06.853+05:00","8.414972489289653"
"2021-10-26T17:13:07.354+05:00","5.716222404591734"
"2021-10-26T17:13:07.855+05:00","4.2125807201875505"
"2021-10-26T17:13:08.357+05:00","15.299719655858077"
"2021-10-26T17:13:08.859+05:00","3.42164768726741"
"2021-10-26T17:13:09.361+05:00","1.3667914966839394"
"2021-10-26T17:13:09.862+05:00","1.0974313511803526"
"2021-10-26T17:13:10.363+05:00","1.0462675589087844"
"2021-10-26T17:13:10.865+05:00","3.2340111185527793"
"2021-10-26T17:13:11.368+05:00","1.489132083865318"
"2021-10-26T17:13:11.870+05:00","3.106660964053831"
"2021-10-26T17:13:12.371+05:00","1.035505096351659"
"2021-10-26T17:13:12.876+05:00","0.5831165215226122"
"2021-10-26T17:13:13.378+05:00","0.3676293662824665"
"2021-10-26T17:13:13.879+05:00","1.8767748213222673"
"2021-10-26T17:13:14.382+05:00","0.6161585908624809"
"2021-10-26T17:13:14.883+05:00","3.143643169212142"
"2021-10-26T17:13:15.386+05:00","2.0266667693005678"
"2021-10-26T17:13:15.888+05:00","1.9914204402588345"
"2021-10-26T17:13:16.389+05:00","1.668395659616135"
"2021-10-26T17:13:16.891+05:00","3.0680885427681472"
"2021-10-26T17:13:17.392+05:00","1.0282793509990977"
"2021-10-26T17:13:17.894+05:00","1.5625104122824824"
"2021-10-26T17:13:18.396+05:00","1.0881144275445136"
"2021-10-26T17:13:18.898+05:00","1.2898187735258115"
"2021-10-26T17:13:19.399+05:00","0.7920997112532837"
"2021-10-26T17:13:19.901+05:00","2.2624586368958735"
"2021-10-26T17:13:20.403+05:00","0.3855699670384587"
"2021-10-26T17:13:20.904+05:00","1.6933709553505611"
"2021-10-26T17:13:21.407+05:00","1.1138508528471411"
"2021-10-26T17:13:21.909+05:00","1.98787979885661"
"2021-10-26T17:13:22.411+05:00","0.7804103393516122"
"2021-10-26T17:13:22.912+05:00","2.7881528247448264"
"2021-10-26T17:13:23.413+05:00","10.22607973215005"
"2021-10-26T17:13:23.915+05:00","3.7482484327312067"
"2021-10-26T17:13:24.416+05:00","4.864488199178245"
"2021-10-26T17:13:24.917+05:00","4.924283361194614"
"2021-10-26T17:13:25.419+05:00","4.903949253775418"
"2021-10-26T17:13:25.920+05:00","5.099514748988916"
"2021-10-26T17:13:26.422+05:00","14.80290681874342"
"2021-10-26T17:13:26.924+05:00","4.650993212255052"
"2021-10-26T17:13:27.425+05:00","25.425210014173896"
"2021-10-26T17:13:27.926+05:00","33.333604333695526"
"2021-10-26T17:13:28.428+05:00","30.44504175471484"
"2021-10-26T17:13:28.929+05:00","23.41780251287953"
"2021-10-26T17:13:29.430+05:00","10.16918246026108"
"2021-10-26T17:13:29.931+05:00","25.62220168649092"
"2021-10-26T17:13:30.432+05:00","33.3317672267708"
"2021-10-26T17:13:30.933+05:00","11.818760912330614"
"2021-10-26T17:13:31.435+05:00","17.59378668588661"
"2021-10-26T17:13:31.936+05:00","16.655310204644614"
"2021-10-26T17:13:32.437+05:00","14.20460751267119"
"2021-10-26T17:13:32.939+05:00","12.340299299691385"
"2021-10-26T17:13:33.440+05:00","11.121190757570742"
"2021-10-26T17:13:33.949+05:00","15.791228473179295"
"2021-10-26T17:13:34.451+05:00","9.362997801870506"
"2021-10-26T17:13:34.952+05:00","13.925275488357627"
"2021-10-26T17:13:35.454+05:00","7.031731714345694"
"2021-10-26T17:13:35.955+05:00","7.798972917070924"
"2021-10-26T17:13:36.457+05:00","4.770495912429379"
"2021-10-26T17:13:36.959+05:00","8.914961285545644"
"2021-10-26T17:13:37.461+05:00","5.863039979133366"
"2021-10-26T17:13:37.962+05:00","6.8068732259785465"
"2021-10-26T17:13:38.463+05:00","4.854269335137619"
"2021-10-26T17:13:38.964+05:00","4.763358187895172"
"2021-10-26T17:13:39.466+05:00","7.127663591349515"
"2021-10-26T17:13:39.967+05:00","11.910565105402075"
"2021-10-26T17:13:40.468+05:00","6.466515374336954"
"2021-10-26T17:13:40.970+05:00","6.569273740697593"
"2021-10-26T17:13:41.472+05:00","17.86890662435446"
"2021-10-26T17:13:41.974+05:00","5.548369244058536"
"2021-10-26T17:13:42.475+05:00","4.874984095400336"
"2021-10-26T17:13:42.977+05:00","5.790537522753992"
"2021-10-26T17:13:43.479+05:00","6.133508311723547"
"2021-10-26T17:13:43.981+05:00","5.8566730705462025"
"2021-10-26T17:13:44.483+05:00","11.187325124006822"
"2021-10-26T17:13:44.985+05:00","2.8869774223769067"
"2021-10-26T17:13:45.487+05:00","1.227471306208895"
"2021-10-26T17:13:45.989+05:00","2.239156522135157"
"2021-10-26T17:13:46.491+05:00","0.9822510445401383"
"2021-10-26T17:13:46.992+05:00","6.498589729844398"
"2021-10-26T17:13:47.494+05:00","1.9364103911622617"
"2021-10-26T17:13:47.996+05:00","3.618496002081409"
"2021-10-26T17:13:48.497+05:00","0.5845263400819235"
"2021-10-26T17:13:48.998+05:00","1.9819078641569439"
"2021-10-26T17:13:49.500+05:00","0.25187380933887993"
"2021-10-26T17:13:50.002+05:00","1.6944028802152165"
"2021-10-26T17:13:50.504+05:00","0"
"2021-10-26T17:13:51.005+05:00","2.085906327472503"
"2021-10-26T17:13:51.507+05:00","1.0639426920557509"
"2021-10-26T17:13:52.009+05:00","1.500864846965853"
"2021-10-26T17:13:52.511+05:00","2.2893935170578104"
"2021-10-26T17:13:53.013+05:00","1.373409970931198"
"2021-10-26T17:13:53.515+05:00","0.04382906211124379"
"2021-10-26T17:13:54.017+05:00","2.3580559830127705"
"2021-10-26T17:13:54.519+05:00","0.21886823065649122"
"2021-10-26T17:13:55.021+05:00","4.368857351830719"
"2021-10-26T17:13:55.522+05:00","2.33985127144748"
"2021-10-26T17:13:56.024+05:00","4.010039079715081"
"2021-10-26T17:13:56.526+05:00","1.8309304485326747"
"2021-10-26T17:13:57.027+05:00","3.369286240116576"
"2021-10-26T17:13:57.529+05:00","0.725278206192703"
"2021-10-26T17:13:58.030+05:00","2.5388492750833453"
"2021-10-26T17:13:58.532+05:00","1.593767068903888"
"2021-10-26T17:13:59.034+05:00","2.7265832251672384"
"2021-10-26T17:13:59.536+05:00","10.78426983164235"
"2021-10-26T17:14:00.037+05:00","4.979678370888985"
"2021-10-26T17:14:00.538+05:00","4.4496779093983765"
"2021-10-26T17:14:01.040+05:00","3.539128348377704"
"2021-10-26T17:14:01.542+05:00","5.8506906062551485"
"2021-10-26T17:14:02.044+05:00","5.429772045574918"
"2021-10-26T17:14:02.546+05:00","14.01337183493267"
"2021-10-26T17:14:03.048+05:00","4.68303507451196"
"2021-10-26T17:14:03.549+05:00","1.4053930480711319"
"2021-10-26T17:14:04.051+05:00","5.696572780551295"
"2021-10-26T17:14:04.552+05:00","5.547764986118643"
"2021-10-26T17:14:05.054+05:00","10.457716441565879"
"2021-10-26T17:14:05.555+05:00","14.715162145480303"
"2021-10-26T17:14:06.056+05:00","20.683081383175303"
"2021-10-26T17:14:06.557+05:00","7.8981168939833974"
"2021-10-26T17:14:07.059+05:00","7.231050631542786"
"2021-10-26T17:14:07.560+05:00","9.62668927379682"
"2021-10-26T17:14:08.063+05:00","14.074922123382402"
"2021-10-26T17:14:08.564+05:00","6.07326373054707"
"2021-10-26T17:14:09.066+05:00","15.408276356764787"
"2021-10-26T17:14:09.567+05:00","5.102098366362384"
"2021-10-26T17:14:10.069+05:00","13.257482343430269"
"2021-10-26T17:14:10.570+05:00","14.609324031561217"
"2021-10-26T17:14:11.071+05:00","16.18909294666491"
"2021-10-26T17:14:11.573+05:00","10.514645682203437"
"2021-10-26T17:14:12.074+05:00","9.450362133477796"
"2021-10-26T17:14:12.576+05:00","9.882066970208353"
"2021-10-26T17:14:13.079+05:00","11.145248936957248"
"2021-10-26T17:14:13.581+05:00","5.811317812429248"
"2021-10-26T17:14:14.087+05:00","5.160993085191801"
"2021-10-26T17:14:14.588+05:00","14.453057712964258"
"2021-10-26T17:14:15.089+05:00","10.402764527997258"
"2021-10-26T17:14:15.590+05:00","7.522578601912984"
"2021-10-26T17:14:16.091+05:00","9.671886466376016"
"2021-10-26T17:14:16.593+05:00","4.346004623152661"
"2021-10-26T17:14:17.094+05:00","10.185533572699333"
"2021-10-26T17:14:17.595+05:00","23.714578269106482"
"2021-10-26T17:14:18.097+05:00","3.229891916506591"
"2021-10-26T17:14:18.599+05:00","5.379439892143769"
"2021-10-26T17:14:19.101+05:00","3.3875171641876443"
"2021-10-26T17:14:19.603+05:00","5.385831935230152"
"2021-10-26T17:14:20.105+05:00","4.269033745006771"
"2021-10-26T17:14:20.607+05:00","13.754626979046256"
"2021-10-26T17:14:21.109+05:00","6.478356559200873"
"2021-10-26T17:14:21.611+05:00","1.2198530113107724"
"2021-10-26T17:14:22.113+05:00","4.091116327251538"
"2021-10-26T17:14:22.615+05:00","5.535021348563707"
"2021-10-26T17:14:23.116+05:00","2.6972998037779883"
"2021-10-26T17:14:23.618+05:00","1.4962011554613537"
"2021-10-26T17:14:24.120+05:00","4.054080259825584"
"2021-10-26T17:14:24.622+05:00","3.241363241800334"
"2021-10-26T17:14:25.124+05:00","7.526289312603506"
"2021-10-26T17:14:25.626+05:00","3.7544917401058986"
"2021-10-26T17:14:26.129+05:00","4.266521274400076"
"2021-10-26T17:14:26.631+05:00","0.3689265155288092"
"2021-10-26T17:14:27.132+05:00","0.4773249873479539"
"2021-10-26T17:14:27.633+05:00","0.24984468626748108"
"2021-10-26T17:14:28.134+05:00","0.7883979323980186"
"2021-10-26T17:14:28.636+05:00","1.3375514946673928"
"2021-10-26T17:14:29.139+05:00","2.5620022807522784"
"2021-10-26T17:14:29.640+05:00","3.8678227662128153"
"2021-10-26T17:14:30.141+05:00","2.481731989101603"
"2021-10-26T17:14:30.643+05:00","1.9582583298112994"
"2021-10-26T17:14:31.146+05:00","3.3331191024637157"
"2021-10-26T17:14:31.647+05:00","3.5943533652068083"
"2021-10-26T17:14:32.150+05:00","2.9734667335647362"
"2021-10-26T17:14:32.652+05:00","0.9937288530813028"
"2021-10-26T17:14:33.154+05:00","2.7451591240651654"
"2021-10-26T17:14:33.656+05:00","1.162915995343802"
"2021-10-26T17:14:34.158+05:00","2.5014710806093388"
"2021-10-26T17:14:34.660+05:00","7.099055865505981"
"2021-10-26T17:14:35.170+05:00","1.926013279495716"
"2021-10-26T17:14:35.671+05:00","13.040854572011892"
"2021-10-26T17:14:36.172+05:00","4.350373519069882"
"2021-10-26T17:14:36.673+05:00","4.358638698621155"
"2021-10-26T17:14:37.174+05:00","8.884082962433508"
"2021-10-26T17:14:37.675+05:00","7.936323211255923"
"2021-10-26T17:14:38.178+05:00","3.3026256923038684"
"2021-10-26T17:14:38.679+05:00","15.620348754112218"
"2021-10-26T17:14:39.180+05:00","4.3206936663194515"
"2021-10-26T17:14:39.681+05:00","2.00708274198644"
"2021-10-26T17:14:40.183+05:00","2.3160146328848423"
"2021-10-26T17:14:40.684+05:00","2.8072773818282344"
"2021-10-26T17:14:41.185+05:00","3.777658802226541"
"2021-10-26T17:14:41.686+05:00","17.13301814484392"
"2021-10-26T17:14:42.188+05:00","18.505800393897154"
"2021-10-26T17:14:42.689+05:00","19.349241981732447"
"2021-10-26T17:14:43.191+05:00","7.201679531263368"
"2021-10-26T17:14:43.693+05:00","5.429014248300229"
"2021-10-26T17:14:44.194+05:00","9.60682783254569"
"2021-10-26T17:14:44.696+05:00","7.173148920515331"
"2021-10-26T17:14:45.197+05:00","15.782088875474273"
"2021-10-26T17:14:45.697+05:00","19.463785838689006"
"2021-10-26T17:14:46.198+05:00","10.018261414033349"
"2021-10-26T17:14:46.699+05:00","9.617507593220449"
"2021-10-26T17:14:47.200+05:00","4.358248740744153"
"2021-10-26T17:14:47.701+05:00","5.519808135089445"
"2021-10-26T17:14:48.202+05:00","4.590681647585859"
"2021-10-26T17:14:48.703+05:00","1.4278055774322094"
"2021-10-26T17:14:49.205+05:00","1.3965183967676746"
"2021-10-26T17:14:49.707+05:00","2.016163805225242"
"2021-10-26T17:14:50.209+05:00","2.1360200462295906"
"2021-10-26T17:14:50.712+05:00","0.4344829093154813"
"2021-10-26T17:14:51.214+05:00","4.64166015784474"
"2021-10-26T17:14:51.717+05:00","0.6070848121730839"
"2021-10-26T17:14:52.219+05:00","2.8888490038483474"
"2021-10-26T17:14:52.720+05:00","0.2608448240391756"
"2021-10-26T17:14:53.222+05:00","3.1455082286996503"
"2021-10-26T17:14:53.723+05:00","14.3948873811001"
"2021-10-26T17:14:54.225+05:00","3.9316535819502842"
"2021-10-26T17:14:54.726+05:00","3.8388922794753837"
"2021-10-26T17:14:55.228+05:00","4.745976119484444"
"2021-10-26T17:14:55.731+05:00","6.049442542443392"
"2021-10-26T17:14:56.241+05:00","5.511072616665136"
"2021-10-26T17:14:56.742+05:00","12.121655925904694"
"2021-10-26T17:14:57.243+05:00","9.552168993860265"
"2021-10-26T17:14:57.744+05:00","10.679111387925955"
"2021-10-26T17:14:58.244+05:00","15.081999357764541"
"2021-10-26T17:14:58.745+05:00","28.348474955200594"
"2021-10-26T17:14:59.246+05:00","10.788776150462763"
"2021-10-26T17:14:59.747+05:00","15.290764079149563"
"2021-10-26T17:15:00.248+05:00","15.156205264499032"
"2021-10-26T17:15:00.749+05:00","5.386141752368087"
"2021-10-26T17:15:01.250+05:00","7.01254580827074"
"2021-10-26T17:15:01.752+05:00","5.861359016093341"
"2021-10-26T17:15:02.254+05:00","10.566994541842192"
"2021-10-26T17:15:02.756+05:00","3.91121806721974"
"2021-10-26T17:15:03.257+05:00","5.018935871764969"
"2021-10-26T17:15:03.759+05:00","12.221100020770765"
"2021-10-26T17:15:04.260+05:00","8.302484800350838"
"2021-10-26T17:15:04.761+05:00","2.9134042937633478"
"2021-10-26T17:15:05.262+05:00","10.889219707824562"
"2021-10-26T17:15:05.764+05:00","6.695095433093159"
"2021-10-26T17:15:06.265+05:00","5.123968369627276"
"2021-10-26T17:15:06.767+05:00","5.079880130078562"
"2021-10-26T17:15:07.269+05:00","9.553037945662275"
"2021-10-26T17:15:07.771+05:00","4.213426013818237"
"2021-10-26T17:15:08.273+05:00","4.740455456723063"
"2021-10-26T17:15:08.775+05:00","8.193848856977937"
"2021-10-26T17:15:09.277+05:00","4.9946010876019535"
"2021-10-26T17:15:09.779+05:00","5.257573648064344"
"2021-10-26T17:15:10.280+05:00","10.175645863725112"
"2021-10-26T17:15:10.782+05:00","2.688668492194485"
"2021-10-26T17:15:11.284+05:00","4.745292915476636"
"2021-10-26T17:15:11.785+05:00","14.903853996850344"
"2021-10-26T17:15:12.286+05:00","5.977402121083482"
"2021-10-26T17:15:12.787+05:00","6.635064054142192"
"2021-10-26T17:15:13.289+05:00","3.353856346585168"
"2021-10-26T17:15:13.790+05:00","7.2211113811301555"
"2021-10-26T17:15:14.292+05:00","6.176458455191899"
"2021-10-26T17:15:14.794+05:00","12.57509996795813"
"2021-10-26T17:15:15.296+05:00","3.1744560624605587"
"2021-10-26T17:15:15.799+05:00","1.4437475866596854"
"2021-10-26T17:15:16.301+05:00","2.541986302672388"
"2021-10-26T17:15:16.806+05:00","5.5461446395493255"
"2021-10-26T17:15:17.307+05:00","18.36785810827479"
"2021-10-26T17:15:17.808+05:00","18.36232635835427"
"2021-10-26T17:15:18.309+05:00","14.107457857739025"
"2021-10-26T17:15:18.810+05:00","10.937900787457146"
"2021-10-26T17:15:19.311+05:00","14.280815679249425"
"2021-10-26T17:15:19.814+05:00","16.246334292665097"
"2021-10-26T17:15:20.317+05:00","19.411740459878935"
"2021-10-26T17:15:20.818+05:00","26.592085524990722"
"2021-10-26T17:15:21.319+05:00","16.028284954907463"
"2021-10-26T17:15:21.821+05:00","25.02295555740754"
"2021-10-26T17:15:22.322+05:00","16.739860426734744"
"2021-10-26T17:15:22.824+05:00","20.125517216507276"
"2021-10-26T17:15:23.325+05:00","22.92983166287977"
"2021-10-26T17:15:23.826+05:00","19.74328689036784"
"2021-10-26T17:15:24.328+05:00","19.02666385435683"
"2021-10-26T17:15:24.829+05:00","28.362798202857633"
"2021-10-26T17:15:25.330+05:00","25.17737594305374"
"2021-10-26T17:15:25.831+05:00","34.94218502833089"
"2021-10-26T17:15:26.333+05:00","21.16241017636423"
"2021-10-26T17:15:26.834+05:00","25.674202352400055"
"2021-10-26T17:15:27.336+05:00","16.118750830118977"
"2021-10-26T17:15:27.837+05:00","25.62625751214499"
"2021-10-26T17:15:28.338+05:00","28.334268146783245"
"2021-10-26T17:15:28.841+05:00","26.936320387192225"
"2021-10-26T17:15:29.342+05:00","19.191462385329615"
"2021-10-26T17:15:29.843+05:00","23.673198050122956"
"2021-10-26T17:15:30.343+05:00","12.908758124020842"
"2021-10-26T17:15:30.845+05:00","3.5407156404105278"
"2021-10-26T17:15:31.346+05:00","5.653534999318946"
"2021-10-26T17:15:31.848+05:00","5.43406402483089"
"2021-10-26T17:15:32.349+05:00","6.070520943126276"
"2021-10-26T17:15:32.850+05:00","2.8920860423747548"
"2021-10-26T17:15:33.351+05:00","13.559296387770836"
"2021-10-26T17:15:33.852+05:00","2.0475944774162427"
"2021-10-26T17:15:34.353+05:00","6.6107153148519595"
"2021-10-26T17:15:34.854+05:00","4.197119464861798"
"2021-10-26T17:15:35.355+05:00","15.835081788768669"
"2021-10-26T17:15:35.856+05:00","17.69195683010348"
"2021-10-26T17:15:36.358+05:00","25.162620665381997"
"2021-10-26T17:15:36.859+05:00","14.549353700920276"
"2021-10-26T17:15:37.361+05:00","12.16740429429159"
"2021-10-26T17:15:37.867+05:00","6.589910928739487"
"2021-10-26T17:15:38.370+05:00","2.5765545379807424"
"2021-10-26T17:15:38.871+05:00","8.955110402360251"
"2021-10-26T17:15:39.373+05:00","9.878907820936659"
"2021-10-26T17:15:39.874+05:00","4.792745159118583"
"2021-10-26T17:15:40.375+05:00","7.946926021222441"
"2021-10-26T17:15:40.876+05:00","7.516956996608164"
"2021-10-26T17:15:41.377+05:00","3.5301839788848515"
"2021-10-26T17:15:41.879+05:00","1.620632537483168"
"2021-10-26T17:15:42.381+05:00","5.63800547844883"
"2021-10-26T17:15:42.883+05:00","1.8982700461726352"
"2021-10-26T17:15:43.385+05:00","3.588406975727631"
"2021-10-26T17:15:43.888+05:00","1.4835020344967687"
"2021-10-26T17:15:44.389+05:00","1.40736830985342"
"2021-10-26T17:15:44.892+05:00","1.4400746299350404"
"2021-10-26T17:15:45.393+05:00","4.228826709747836"
"2021-10-26T17:15:45.895+05:00","0.592847789086787"
"2021-10-26T17:15:46.396+05:00","3.990893721472558"
"2021-10-26T17:15:46.898+05:00","3.5249455196118546"
"2021-10-26T17:15:47.399+05:00","5.9530328843589295"
"2021-10-26T17:15:47.900+05:00","2.026709936022433"
"2021-10-26T17:15:48.401+05:00","9.673517085390145"
"2021-10-26T17:15:48.902+05:00","4.152783670987043"
"2021-10-26T17:15:49.404+05:00","6.155337074091529"
"2021-10-26T17:15:49.906+05:00","6.738263881265825"
"2021-10-26T17:15:50.407+05:00","5.247234660013253"
"2021-10-26T17:15:50.908+05:00","3.37630327761536"
"2021-10-26T17:15:51.409+05:00","15.509931649434744"
"2021-10-26T17:15:51.911+05:00","4.891653103747979"
"2021-10-26T17:15:52.412+05:00","1.688109500952442"
"2021-10-26T17:15:52.913+05:00","1.1526620820674114"
"2021-10-26T17:15:53.414+05:00","1.36848399058076"
"2021-10-26T17:15:53.915+05:00","4.082463993705868"
"2021-10-26T17:15:54.416+05:00","0.34691380775282127"
"2021-10-26T17:15:54.917+05:00","3.2612563812936815"
"2021-10-26T17:15:55.419+05:00","1.8236191974269695"
"2021-10-26T17:15:55.921+05:00","1.9294648283100013"
"2021-10-26T17:15:56.423+05:00","2.264859041988473"
"2021-10-26T17:15:56.924+05:00","1.0881673792385387"
"2021-10-26T17:15:57.426+05:00","1.5690574824614016"
"2021-10-26T17:15:57.927+05:00","2.150792292822658"
"2021-10-26T17:15:58.429+05:00","3.1560345245662638"
"2021-10-26T17:15:58.933+05:00","1.1405662232064657"
"2021-10-26T17:15:59.435+05:00","1.1432530235592369"
"2021-10-26T17:15:59.936+05:00","2.898990843573386"
"2021-10-26T17:16:00.436+05:00","0.3866010127398284"
"2021-10-26T17:16:00.937+05:00","1.5277113072360025"
"2021-10-26T17:16:01.439+05:00","0.791804738462287"
"2021-10-26T17:16:01.941+05:00","2.6356675431170276"
"2021-10-26T17:16:02.443+05:00","2.15265586445366"
"2021-10-26T17:16:02.944+05:00","1.343052600389059"
"2021-10-26T17:16:03.446+05:00","1.5384744216934247"
"2021-10-26T17:16:03.949+05:00","2.470584692832221"
"2021-10-26T17:16:04.451+05:00","0.7570341414049289"
"2021-10-26T17:16:04.952+05:00","0.6721078753627008"
"2021-10-26T17:16:05.454+05:00","1.0803736482499269"
"2021-10-26T17:16:05.955+05:00","6.013267809904634"
"2021-10-26T17:16:06.456+05:00","13.98464120558952"
"2021-10-26T17:16:06.957+05:00","3.9106857979289393"
"2021-10-26T17:16:07.458+05:00","3.3202149584151908"
"2021-10-26T17:16:07.958+05:00","3.8968222700431907"
"2021-10-26T17:16:08.460+05:00","5.2187037551722675"
"2021-10-26T17:16:08.961+05:00","3.3421484021614605"
"2021-10-26T17:16:09.462+05:00","14.757234612946808"
"2021-10-26T17:16:09.963+05:00","7.408169851928692"
"2021-10-26T17:16:10.464+05:00","1.5200972903839731"
"2021-10-26T17:16:10.965+05:00","5.095504400004269"
"2021-10-26T17:16:11.466+05:00","10.407949359667848"
"2021-10-26T17:16:11.967+05:00","13.23464991407712"
"2021-10-26T17:16:12.468+05:00","21.573014306403714"
"2021-10-26T17:16:12.969+05:00","22.700001174088513"
"2021-10-26T17:16:13.470+05:00","23.258952777036722"
"2021-10-26T17:16:13.972+05:00","18.604645799803663"
"2021-10-26T17:16:14.473+05:00","12.256860035535862"
"2021-10-26T17:16:14.974+05:00","16.270424461087078"
"2021-10-26T17:16:15.475+05:00","16.81046738967951"
"2021-10-26T17:16:15.976+05:00","13.30803424297294"
"2021-10-26T17:16:16.477+05:00","17.451809087349016"
"2021-10-26T17:16:16.979+05:00","16.245901774042885"
"2021-10-26T17:16:17.480+05:00","14.584065739818312"
"2021-10-26T17:16:17.981+05:00","17.637381905288738"
"2021-10-26T17:16:18.483+05:00","15.920465988700485"
"2021-10-26T17:16:18.990+05:00","17.6143604718184"
"2021-10-26T17:16:19.492+05:00","22.880744089789957"
"2021-10-26T17:16:19.993+05:00","39.05395353238814"
"2021-10-26T17:16:20.494+05:00","24.733977319777196"
"2021-10-26T17:16:20.995+05:00","18.868493516648602"
"2021-10-26T17:16:21.498+05:00","12.488741439534117"
"2021-10-26T17:16:21.999+05:00","13.119712751148416"
"2021-10-26T17:16:22.500+05:00","25.428284312617308"
"2021-10-26T17:16:23.002+05:00","21.952198363824408"
"2021-10-26T17:16:23.502+05:00","12.217858128158898"
"2021-10-26T17:16:24.003+05:00","14.534163440611263"
"2021-10-26T17:16:24.504+05:00","16.604245452233492"
"2021-10-26T17:16:25.006+05:00","12.079382094143696"
"2021-10-26T17:16:25.506+05:00","22.424612946659202"
"2021-10-26T17:16:26.008+05:00","4.663903113151805"
"2021-10-26T17:16:26.509+05:00","7.146052845891323"
"2021-10-26T17:16:27.010+05:00","3.534391792446275"
"2021-10-26T17:16:27.512+05:00","5.634570792630107"
"2021-10-26T17:16:28.014+05:00","5.41931191771748"
"2021-10-26T17:16:28.515+05:00","3.376553655432612"
"2021-10-26T17:16:29.016+05:00","6.985595607682229"
"2021-10-26T17:16:29.517+05:00","7.238899468394665"
"2021-10-26T17:16:30.018+05:00","12.971087312653637"
"2021-10-26T17:16:30.519+05:00","3.8238494701338652"
"2021-10-26T17:16:31.019+05:00","1.2490165278711391"
"2021-10-26T17:16:31.520+05:00","10.030270786781955"
"2021-10-26T17:16:32.021+05:00","6.076105615095333"
"2021-10-26T17:16:32.523+05:00","5.867493467759397"
"2021-10-26T17:16:33.024+05:00","2.4579189252263594"
"2021-10-26T17:16:33.525+05:00","2.7618914095893503"
"2021-10-26T17:16:34.027+05:00","3.9130470623906075"
"2021-10-26T17:16:34.529+05:00","6.534759347660164"
"2021-10-26T17:16:35.029+05:00","3.414682355442909"
"2021-10-26T17:16:35.530+05:00","3.4121426598793803"
"2021-10-26T17:16:36.032+05:00","3.5761635385195945"
"2021-10-26T17:16:36.534+05:00","6.565681910609358"
"2021-10-26T17:16:37.035+05:00","7.45470979678638"
"2021-10-26T17:16:37.537+05:00","2.6861111234731525"
"2021-10-26T17:16:38.039+05:00","5.17958482940617"
"2021-10-26T17:16:38.541+05:00","6.740122595518939"
"2021-10-26T17:16:39.042+05:00","5.838848236118852"
"2021-10-26T17:16:39.544+05:00","2.511929206766564"
"2021-10-26T17:16:40.053+05:00","3.2316949812038516"
"2021-10-26T17:16:40.554+05:00","5.705882318815414"
"2021-10-26T17:16:41.056+05:00","5.420963644149427"
"2021-10-26T17:16:41.557+05:00","2.5659156844226474"
"2021-10-26T17:16:42.059+05:00","5.179862901219261"
"2021-10-26T17:16:42.560+05:00","7.327103294115202"
"2021-10-26T17:16:43.061+05:00","7.2100739462320185"
"2021-10-26T17:16:43.562+05:00","9.525202969382864"
"2021-10-26T17:16:44.062+05:00","10.880197088421385"
"2021-10-26T17:16:44.564+05:00","5.5227245105993"
"2021-10-26T17:16:45.065+05:00","5.320698485504863"
"2021-10-26T17:16:45.567+05:00","3.7424255258796086"
"2021-10-26T17:16:46.069+05:00","5.738865074686197"
"2021-10-26T17:16:46.571+05:00","6.742197254912196"
"2021-10-26T17:16:47.072+05:00","13.944080254305202"
"2021-10-26T17:16:47.573+05:00","7.152508492661443"
"2021-10-26T17:16:48.075+05:00","1.8251613866615557"
"2021-10-26T17:16:48.576+05:00","2.622945143380346"
"2021-10-26T17:16:49.077+05:00","0.4946546267331825"
"2021-10-26T17:16:49.579+05:00","0.7387468176224894"
"2021-10-26T17:16:50.080+05:00","2.4913807942821835"
"2021-10-26T17:16:50.581+05:00","4.002372150320486"
"2021-10-26T17:16:51.082+05:00","3.2389362270732365"
"2021-10-26T17:16:51.583+05:00","4.346796099073199"
"2021-10-26T17:16:52.085+05:00","1.1230098269513848"
"2021-10-26T17:16:52.587+05:00","2.2234854661499863"
"2021-10-26T17:16:53.089+05:00","1.2529758767438839"
"2021-10-26T17:16:53.590+05:00","0.808369609807468"
"2021-10-26T17:16:54.091+05:00","6.0878340314336885"
"2021-10-26T17:16:54.592+05:00","10.535128514532804"
"2021-10-26T17:16:55.093+05:00","4.050143504398308"
"2021-10-26T17:16:55.594+05:00","4.782842111119868"
"2021-10-26T17:16:56.095+05:00","7.948823489916755"
"2021-10-26T17:16:56.596+05:00","19.532266011052748"
"2021-10-26T17:16:57.097+05:00","8.363716903552408"
"2021-10-26T17:16:57.598+05:00","7.560436942881617"
"2021-10-26T17:16:58.099+05:00","9.166810389461418"
"2021-10-26T17:16:58.601+05:00","8.437027789558034"
"2021-10-26T17:16:59.102+05:00","6.052091353002082"
"2021-10-26T17:16:59.604+05:00","2.7629705724337947"
"2021-10-26T17:17:00.105+05:00","5.102997128544391"
"2021-10-26T17:17:00.606+05:00","7.926912130126553"
"2021-10-26T17:17:01.112+05:00","6.989275048038072"
"2021-10-26T17:17:01.613+05:00","5.5508077310243005"
"2021-10-26T17:17:02.114+05:00","15.965190296957953"
"2021-10-26T17:17:02.615+05:00","8.382592327325714"
"2021-10-26T17:17:03.116+05:00","7.711030138332016"
"2021-10-26T17:17:03.617+05:00","7.3031667053500975"
"2021-10-26T17:17:04.118+05:00","7.021423875808097"
"2021-10-26T17:17:04.620+05:00","5.465072672684279"
"2021-10-26T17:17:05.121+05:00","12.062586129884776"
"2021-10-26T17:17:05.622+05:00","5.7398468103202305"
"2021-10-26T17:17:06.123+05:00","10.79591162516449"
"2021-10-26T17:17:06.624+05:00","1.0403185426139947"
"2021-10-26T17:17:07.125+05:00","0.5965450555604879"
"2021-10-26T17:17:07.626+05:00","5.489361393576683"
"2021-10-26T17:17:08.127+05:00","6.868823615974812"
"2021-10-26T17:17:08.628+05:00","17.717165171956186"
"2021-10-26T17:17:09.129+05:00","4.625502423145184"
"2021-10-26T17:17:09.631+05:00","1.1476256212729834"
"2021-10-26T17:17:10.132+05:00","0.46796908217138644"
"2021-10-26T17:17:10.634+05:00","3.592367359043959"
"2021-10-26T17:17:11.136+05:00","3.3447414390031662"
"2021-10-26T17:17:11.637+05:00","3.547131294847683"
"2021-10-26T17:17:12.139+05:00","11.127675247683515"
"2021-10-26T17:17:12.641+05:00","5.985434579584593"
"2021-10-26T17:17:13.144+05:00","4.946003816480783"
"2021-10-26T17:17:13.646+05:00","3.326628637333487"
"2021-10-26T17:17:14.147+05:00","5.283970707017686"
"2021-10-26T17:17:14.649+05:00","13.697973409876152"
"2021-10-26T17:17:15.150+05:00","6.907539527961628"
"2021-10-26T17:17:15.651+05:00","2.0550237223258607"
"2021-10-26T17:17:16.152+05:00","4.670701905576301"
"2021-10-26T17:17:16.653+05:00","9.140251055977798"
"2021-10-26T17:17:17.155+05:00","3.756403786435546"
"2021-10-26T17:17:17.657+05:00","2.2827702372310483"
"2021-10-26T17:17:18.159+05:00","5.348833175254878"
"2021-10-26T17:17:18.661+05:00","5.184366913038888"
"2021-10-26T17:17:19.161+05:00","9.468278224729428"
"2021-10-26T17:17:19.662+05:00","14.082892819437395"
"2021-10-26T17:17:20.163+05:00","17.2573845539536"
"2021-10-26T17:17:20.664+05:00","7.114501666980927"
"2021-10-26T17:17:21.169+05:00","6.772132069488077"
"2021-10-26T17:17:21.670+05:00","7.363477333832463"
"2021-10-26T17:17:22.172+05:00","4.912344713957298"
"2021-10-26T17:17:22.674+05:00","4.806253009685161"
"2021-10-26T17:17:23.175+05:00","16.4196403627575"
"2021-10-26T17:17:23.676+05:00","6.288102885923312"
"2021-10-26T17:17:24.178+05:00","12.433407572511518"
"2021-10-26T17:17:24.680+05:00","5.271201842851388"
"2021-10-26T17:17:25.181+05:00","11.862495931120055"
"2021-10-26T17:17:25.682+05:00","7.6909858956271115"
"2021-10-26T17:17:26.182+05:00","6.083361521656965"
"2021-10-26T17:17:26.683+05:00","5.76140205115361"
"2021-10-26T17:17:27.185+05:00","2.796713286764998"
"2021-10-26T17:17:27.686+05:00","2.4788958488647723"
"2021-10-26T17:17:28.187+05:00","3.9282227098350146"
"2021-10-26T17:17:28.688+05:00","4.582690239955133"
"2021-10-26T17:17:29.190+05:00","0.692883061574267"
"2021-10-26T17:17:29.693+05:00","0.670262829126524"
"2021-10-26T17:17:30.194+05:00","0.6689302307258559"
"2021-10-26T17:17:30.695+05:00","3.5752461243040776"
"2021-10-26T17:17:31.196+05:00","9.688692166446437"
"2021-10-26T17:17:31.697+05:00","3.070921352296395"
"2021-10-26T17:17:32.198+05:00","5.084461984807557"
"2021-10-26T17:17:32.700+05:00","1.5799563615390617"
"2021-10-26T17:17:33.203+05:00","4.212691933436359"
"2021-10-26T17:17:33.705+05:00","1.1169426751402205"
"2021-10-26T17:17:34.208+05:00","2.405576352723976"
"2021-10-26T17:17:34.710+05:00","2.142037294176405"
"2021-10-26T17:17:35.211+05:00","3.353754728859437"
"2021-10-26T17:17:35.714+05:00","3.272274734910645"
"2021-10-26T17:17:36.216+05:00","2.6924024417111987"
"2021-10-26T17:17:36.718+05:00","2.2332594878115186"
"2021-10-26T17:17:37.220+05:00","3.9199817145507962"
"2021-10-26T17:17:37.722+05:00","1.6547208625951217"
"2021-10-26T17:17:38.223+05:00","11.031919186280394"
"2021-10-26T17:17:38.725+05:00","4.614789769627994"
"2021-10-26T17:17:39.226+05:00","6.721569752084475"
"2021-10-26T17:17:39.727+05:00","2.7901901968032576"
"2021-10-26T17:17:40.228+05:00","5.452739008576223"
"2021-10-26T17:17:40.729+05:00","4.996422389079148"
"2021-10-26T17:17:41.230+05:00","13.688012137297488"
"2021-10-26T17:17:41.732+05:00","4.242256986416975"
"2021-10-26T17:17:42.241+05:00","1.4675284059777898"
"2021-10-26T17:17:42.743+05:00","3.3037659760349514"
"2021-10-26T17:17:43.244+05:00","1.3229358476546724"
"2021-10-26T17:17:43.745+05:00","1.9733862460576208"
"2021-10-26T17:17:44.247+05:00","2.012932772032083"
"2021-10-26T17:17:44.749+05:00","2.99836776154126"
"2021-10-26T17:17:45.251+05:00","2.0701425473990955"
"2021-10-26T17:17:45.752+05:00","1.3660445093422044"
"2021-10-26T17:17:46.254+05:00","1.6385801022049828"
"2021-10-26T17:17:46.755+05:00","6.827623306593232"
"2021-10-26T17:17:47.258+05:00","3.849547860986636"
"2021-10-26T17:17:47.759+05:00","10.049227821091868"
"2021-10-26T17:17:48.261+05:00","1.9611570766148134"
"2021-10-26T17:17:48.763+05:00","4.597227195186166"
"2021-10-26T17:17:49.265+05:00","1.6184418639383882"
"2021-10-26T17:17:49.767+05:00","2.1612587302698234"
"2021-10-26T17:17:50.269+05:00","1.804901271694896"
"2021-10-26T17:17:50.771+05:00","3.333041990475433"
"2021-10-26T17:17:51.272+05:00","3.1771507971756012"
"2021-10-26T17:17:51.773+05:00","13.66733011223102"
"2021-10-26T17:17:52.274+05:00","8.747387288842926"
"2021-10-26T17:17:52.775+05:00","2.876168315480039"
"2021-10-26T17:17:53.275+05:00","5.426416995280588"
"2021-10-26T17:17:53.776+05:00","4.329219801730957"
"2021-10-26T17:17:54.277+05:00","12.915656848357846"
"2021-10-26T17:17:54.778+05:00","14.501044487146762"
"2021-10-26T17:17:55.279+05:00","22.118422744518146"
"2021-10-26T17:17:55.780+05:00","22.264414747350855"
"2021-10-26T17:17:56.281+05:00","23.138789528382915"
"2021-10-26T17:17:56.782+05:00","7.351816893148859"
"2021-10-26T17:17:57.284+05:00","4.157296137380966"
"2021-10-26T17:17:57.785+05:00","3.8669601084433665"
"2021-10-26T17:17:58.287+05:00","5.205019087738544"
"2021-10-26T17:17:58.788+05:00","3.145622333758738"
"2021-10-26T17:17:59.289+05:00","12.308771552211304"
"2021-10-26T17:17:59.791+05:00","7.489052411041805"
"2021-10-26T17:18:00.293+05:00","4.522679598272615"
"2021-10-26T17:18:00.794+05:00","11.35742643050297"
"2021-10-26T17:18:01.296+05:00","17.940781809854656"
"2021-10-26T17:18:01.797+05:00","10.954429648620149"
"2021-10-26T17:18:02.298+05:00","10.702640375865668"
"2021-10-26T17:18:02.800+05:00","4.102370607655155"
"2021-10-26T17:18:03.306+05:00","1.0911999141646689"
"2021-10-26T17:18:03.807+05:00","0.9755579303173619"
"2021-10-26T17:18:04.309+05:00","1.1527650021741818"
"2021-10-26T17:18:04.812+05:00","2.9485645190767737"
"2021-10-26T17:18:05.314+05:00","1.1687760828350469"
"2021-10-26T17:18:05.817+05:00","1.096121872279493"
"2021-10-26T17:18:06.318+05:00","2.0932447194493733"
"2021-10-26T17:18:06.819+05:00","1.579573596586137"
"2021-10-26T17:18:07.321+05:00","1.596518330076724"
"2021-10-26T17:18:07.822+05:00","2.168857975694884"
"2021-10-26T17:18:08.324+05:00","1.0951885712303286"
"2021-10-26T17:18:08.826+05:00","3.855257100180453"
"2021-10-26T17:18:09.328+05:00","3.3967190182158298"
"2021-10-26T17:18:09.831+05:00","1.4217006448057354"
"2021-10-26T17:18:10.333+05:00","2.314127529992938"
"2021-10-26T17:18:10.835+05:00","2.820208832486219"
"2021-10-26T17:18:11.337+05:00","2.9895356764382295"
"2021-10-26T17:18:11.839+05:00","1.6396108041126463"
"2021-10-26T17:18:12.341+05:00","2.232074308642977"
"2021-10-26T17:18:12.843+05:00","3.738540930116038"
"2021-10-26T17:18:13.345+05:00","2.251335314601267"
"2021-10-26T17:18:13.846+05:00","0.9293578871589782"
"2021-10-26T17:18:14.347+05:00","10.35990083008691"
"2021-10-26T17:18:14.849+05:00","4.9969997253824765"
"2021-10-26T17:18:15.350+05:00","3.832527382982102"
"2021-10-26T17:18:15.852+05:00","4.187481089261693"
"2021-10-26T17:18:16.353+05:00","3.584769257872901"
"2021-10-26T17:18:16.856+05:00","6.233985907407524"
"2021-10-26T17:18:17.358+05:00","14.083613505797214"
"2021-10-26T17:18:17.859+05:00","3.132304702798881"
"2021-10-26T17:18:18.360+05:00","1.009165468880183"
"2021-10-26T17:18:18.862+05:00","3.1627488559655426"
"2021-10-26T17:18:19.364+05:00","0.6940379773850034"
"2021-10-26T17:18:19.865+05:00","3.498091621073111"
"2021-10-26T17:18:20.366+05:00","3.7525026432011526"
"2021-10-26T17:18:20.867+05:00","6.863656565828414"
"2021-10-26T17:18:21.369+05:00","9.021552484144673"
"2021-10-26T17:18:21.870+05:00","6.985406178322748"
"2021-10-26T17:18:22.371+05:00","8.11786581609254"
"2021-10-26T17:18:22.871+05:00","14.238176044393423"
"2021-10-26T17:18:23.376+05:00","17.99908953629801"
"2021-10-26T17:18:23.877+05:00","10.705534750731475"
"2021-10-26T17:18:24.379+05:00","9.017327816881243"
"2021-10-26T17:18:24.880+05:00","6.5382796401088825"
"2021-10-26T17:18:25.382+05:00","8.538362463483939"
"2021-10-26T17:18:25.884+05:00","10.341110311984075"
"2021-10-26T17:18:26.385+05:00","6.3838988887100685"
"2021-10-26T17:18:26.887+05:00","3.9963299246716555"
"2021-10-26T17:18:27.388+05:00","8.179352460485742"
"2021-10-26T17:18:27.889+05:00","6.595883015374035"
"2021-10-26T17:18:28.390+05:00","6.360882771824089"
"2021-10-26T17:18:28.892+05:00","8.57082037419951"
"2021-10-26T17:18:29.394+05:00","7.24698498535377"
"2021-10-26T17:18:29.896+05:00","3.981117229290561"
"2021-10-26T17:18:30.397+05:00","1.2716196656503502"
"2021-10-26T17:18:30.899+05:00","1.635856276821645"
"2021-10-26T17:18:31.400+05:00","2.103910774156374"
"2021-10-26T17:18:31.901+05:00","5.075559817441961"
"2021-10-26T17:18:32.402+05:00","13.247709677247583"
"2021-10-26T17:18:32.904+05:00","5.9123940422456815"
"2021-10-26T17:18:33.404+05:00","6.60737363111854"
"2021-10-26T17:18:33.905+05:00","6.035166975262991"
"2021-10-26T17:18:34.407+05:00","3.652598778347911"
"2021-10-26T17:18:34.908+05:00","4.968613022868105"
"2021-10-26T17:18:35.410+05:00","15.64964125662475"
"2021-10-26T17:18:35.912+05:00","3.1654993677629646"
"2021-10-26T17:18:36.413+05:00","1.28110335366048"
"2021-10-26T17:18:36.915+05:00","2.9167835734021725"
"2021-10-26T17:18:37.417+05:00","5.535938833768083"
"2021-10-26T17:18:37.918+05:00","7.9368366828731665"
"2021-10-26T17:18:38.419+05:00","12.127052227606171"
"2021-10-26T17:18:38.920+05:00","25.359674368318633"
"2021-10-26T17:18:39.421+05:00","18.198872419309264"
"2021-10-26T17:18:39.922+05:00","17.224412602542827"
"2021-10-26T17:18:40.423+05:00","17.385722816505123"
"2021-10-26T17:18:40.924+05:00","24.48725118396639"
"2021-10-26T17:18:41.426+05:00","18.607901878384475"
"2021-10-26T17:18:41.927+05:00","6.6438264109938885"
"2021-10-26T17:18:42.428+05:00","9.40754956117404"
"2021-10-26T17:18:42.929+05:00","8.262839555705575"
"2021-10-26T17:18:43.430+05:00","12.151174230041335"
"2021-10-26T17:18:43.932+05:00","12.539725821634175"
"2021-10-26T17:18:44.437+05:00","17.521801314293256"
"2021-10-26T17:18:44.938+05:00","13.671702715470714"
"2021-10-26T17:18:45.439+05:00","13.838130989618122"
"2021-10-26T17:18:45.940+05:00","19.97410077817773"
"2021-10-26T17:18:46.441+05:00","13.04750888196088"
"2021-10-26T17:18:46.942+05:00","15.62580118951915"
"2021-10-26T17:18:47.443+05:00","19.98119809746637"
"2021-10-26T17:18:47.945+05:00","23.718242204553384"
"2021-10-26T17:18:48.447+05:00","14.79913350944026"
"2021-10-26T17:18:48.950+05:00","17.008839164421172"
"2021-10-26T17:18:49.451+05:00","15.947582303609812"
"2021-10-26T17:18:49.953+05:00","8.459997966297408"
"2021-10-26T17:18:50.454+05:00","14.482313228339823"
"2021-10-26T17:18:50.955+05:00","3.0664435870330706"
"2021-10-26T17:18:51.458+05:00","5.582823272703258"
"2021-10-26T17:18:51.959+05:00","5.409884575500964"
"2021-10-26T17:18:52.461+05:00","8.073132026299387"
"2021-10-26T17:18:52.963+05:00","6.875999811454081"
"2021-10-26T17:18:53.464+05:00","14.512474678202237"
"2021-10-26T17:18:53.966+05:00","3.578241427511287"
"2021-10-26T17:18:54.468+05:00","1.2386774122620081"
"2021-10-26T17:18:54.970+05:00","2.7721757410518126"
"2021-10-26T17:18:55.471+05:00","7.1094226288310916"
"2021-10-26T17:18:55.973+05:00","5.207871280871216"
"2021-10-26T17:18:56.474+05:00","15.217402047392955"
"2021-10-26T17:18:56.975+05:00","18.039804996723564"
"2021-10-26T17:18:57.476+05:00","5.530843758785594"
"2021-10-26T17:18:57.977+05:00","9.403835236118022"
"2021-10-26T17:18:58.479+05:00","5.1495092259270185"
"2021-10-26T17:18:58.981+05:00","5.9053148892084995"
"2021-10-26T17:18:59.484+05:00","2.556210690789257"
"2021-10-26T17:18:59.986+05:00","1.3610203450950962"
"2021-10-26T17:19:00.489+05:00","0.8941521360335631"
"2021-10-26T17:19:00.990+05:00","1.1978696345695659"
"2021-10-26T17:19:01.493+05:00","2.568533182336659"
"2021-10-26T17:19:01.995+05:00","2.331472319399398"
"2021-10-26T17:19:02.497+05:00","0.48836572154602753"
"2021-10-26T17:19:02.999+05:00","2.4443188952357717"
"2021-10-26T17:19:03.501+05:00","3.618113309429608"
"2021-10-26T17:19:04.004+05:00","0.2710371724497588"
"2021-10-26T17:19:04.506+05:00","1.0489040935454645"
"2021-10-26T17:19:05.008+05:00","2.452859499253864"
"2021-10-26T17:19:05.519+05:00","0.5379942313976974"
"2021-10-26T17:19:06.021+05:00","0.824909098101101"
"2021-10-26T17:19:06.523+05:00","0.38200957871470564"
"2021-10-26T17:19:07.025+05:00","0.9414532649869896"
"2021-10-26T17:19:07.527+05:00","0.08136640156552395"
"2021-10-26T17:19:08.028+05:00","1.1618630322570382"
"2021-10-26T17:19:08.529+05:00","13.132166103586469"
"2021-10-26T17:19:09.031+05:00","4.263794133782729"
"2021-10-26T17:19:09.533+05:00","6.891425214828326"
"2021-10-26T17:19:10.034+05:00","3.831474884511711"
"2021-10-26T17:19:10.536+05:00","5.303289354108463"
"2021-10-26T17:19:11.038+05:00","5.218985728037852"
"2021-10-26T17:19:11.539+05:00","12.93207269085276"
"2021-10-26T17:19:12.042+05:00","3.3024764730828036"
"2021-10-26T17:19:12.544+05:00","1.4579621107055174"
"2021-10-26T17:19:13.045+05:00","3.9608436685813597"
"2021-10-26T17:19:13.546+05:00","22.16963201667774"
"2021-10-26T17:19:14.048+05:00","21.845064137460746"
"2021-10-26T17:19:14.549+05:00","3.740672089266444"
"2021-10-26T17:19:15.050+05:00","15.188510164578384"
"2021-10-26T17:19:15.552+05:00","9.113911460591694"
"2021-10-26T17:19:16.054+05:00","7.540636839707586"
"2021-10-26T17:19:16.555+05:00","21.00840389859354"
"2021-10-26T17:19:17.057+05:00","18.374317392976828"
"2021-10-26T17:19:17.558+05:00","15.09736712536964"
"2021-10-26T17:19:18.059+05:00","15.416195744165002"
"2021-10-26T17:19:18.560+05:00","22.564430309921043"
"2021-10-26T17:19:19.061+05:00","12.391054367408174"
"2021-10-26T17:19:19.562+05:00","14.13010239277536"
"2021-10-26T17:19:20.063+05:00","6.014401329713145"
"2021-10-26T17:19:20.564+05:00","10.966399366877216"
"2021-10-26T17:19:21.066+05:00","6.505187570066381"
"2021-10-26T17:19:21.568+05:00","1.9177762280726485"
"2021-10-26T17:19:22.069+05:00","1.7644714012558107"
"2021-10-26T17:19:22.572+05:00","0.5406227761705791"
"2021-10-26T17:19:23.074+05:00","2.574279220530837"
"2021-10-26T17:19:23.575+05:00","2.766682692201261"
"2021-10-26T17:19:24.076+05:00","2.93603493898609"
"2021-10-26T17:19:24.578+05:00","1.1570231981856898"
"2021-10-26T17:19:25.081+05:00","4.409340075178135"
"2021-10-26T17:19:25.583+05:00","1.9904460551400762"
"2021-10-26T17:19:26.093+05:00","0.7711018817507029"
"2021-10-26T17:19:26.595+05:00","6.018349983498391"
"2021-10-26T17:19:27.097+05:00","8.230740405706372"
"2021-10-26T17:19:27.598+05:00","5.640626704176709"
"2021-10-26T17:19:28.100+05:00","4.713417636553482"
"2021-10-26T17:19:28.601+05:00","4.195402464768171"
"2021-10-26T17:19:29.102+05:00","7.48431989456086"
"2021-10-26T17:19:29.603+05:00","4.79039666512005"
"2021-10-26T17:19:30.104+05:00","6.526979401395292"
"2021-10-26T17:19:30.605+05:00","11.14133688459877"
"2021-10-26T17:19:31.107+05:00","10.857874607560138"
"2021-10-26T17:19:31.609+05:00","2.74139044052472"
"2021-10-26T17:19:32.112+05:00","2.2828338348514574"
"2021-10-26T17:19:32.614+05:00","1.7383926275802177"
"2021-10-26T17:19:33.115+05:00","5.399181623198684"
"2021-10-26T17:19:33.617+05:00","3.6301333403407288"
"2021-10-26T17:19:34.118+05:00","3.3919165500576423"
"2021-10-26T17:19:34.619+05:00","5.826510665157821"
"2021-10-26T17:19:35.120+05:00","16.758009113912028"
"2021-10-26T17:19:35.622+05:00","8.209732963909017"
"2021-10-26T17:19:36.123+05:00","7.512062566483842"
"2021-10-26T17:19:36.624+05:00","9.17681959254053"
"2021-10-26T17:19:37.125+05:00","9.388321973784242"
"2021-10-26T17:19:37.626+05:00","8.880232941245325"
"2021-10-26T17:19:38.127+05:00","6.36098105375806"
"2021-10-26T17:19:38.628+05:00","3.4527173855816784"
"2021-10-26T17:19:39.130+05:00","4.13919942984021"
"2021-10-26T17:19:39.631+05:00","4.33756566965625"
"2021-10-26T17:19:40.132+05:00","1.156530412289515"
"2021-10-26T17:19:40.633+05:00","2.6964375868658923"
"2021-10-26T17:19:41.135+05:00","3.3465896480074617"
"2021-10-26T17:19:41.637+05:00","3.1498832915692967"
"2021-10-26T17:19:42.140+05:00","2.96003163105401"
"2021-10-26T17:19:42.641+05:00","2.1104107400104333"
"2021-10-26T17:19:43.144+05:00","2.43620946579839"
"2021-10-26T17:19:43.646+05:00","2.303167130437253"
"2021-10-26T17:19:44.148+05:00","2.375419292684642"
"2021-10-26T17:19:44.649+05:00","1.8533531893572806"
"2021-10-26T17:19:45.150+05:00","1.4985667584147364"
"2021-10-26T17:19:45.652+05:00","10.906359277505018"
"2021-10-26T17:19:46.153+05:00","4.537301787918533"
"2021-10-26T17:19:46.655+05:00","4.824475136812155"
"2021-10-26T17:19:47.164+05:00","5.235030787000195"
"2021-10-26T17:19:47.665+05:00","4.8862384014679545"
"2021-10-26T17:19:48.167+05:00","3.591935767562196"
"2021-10-26T17:19:48.668+05:00","16.458205755415953"
"2021-10-26T17:19:49.170+05:00","4.942788835505139"
"2021-10-26T17:19:49.671+05:00","6.803055047410563"
"2021-10-26T17:19:50.172+05:00","6.515492332879567"
"2021-10-26T17:19:50.673+05:00","11.928834147517874"
"2021-10-26T17:19:51.174+05:00","1.7693896798553266"
"2021-10-26T17:19:51.675+05:00","3.1252696588378113"
"2021-10-26T17:19:52.177+05:00","0.19255829055426915"
"2021-10-26T17:19:52.678+05:00","1.1204962388803237"
"2021-10-26T17:19:53.180+05:00","1.306292969450565"
"2021-10-26T17:19:53.681+05:00","1.7897055987452541"
"2021-10-26T17:19:54.184+05:00","0.5944618349501529"
"2021-10-26T17:19:54.685+05:00","1.6372506718956412"
"2021-10-26T17:19:55.187+05:00","0.2636444890174048"
"2021-10-26T17:19:55.689+05:00","1.0445473750492944"
"2021-10-26T17:19:56.192+05:00","0.5632652929291366"
"2021-10-26T17:19:56.694+05:00","2.435387529428554"
"2021-10-26T17:19:57.196+05:00","7.357127741657091"
"2021-10-26T17:19:57.698+05:00","1.3372600058716637"
"2021-10-26T17:19:58.201+05:00","1.3559450917932332"
"2021-10-26T17:19:58.703+05:00","1.1504154720811641"
"2021-10-26T17:19:59.204+05:00","2.047549535878771"
"2021-10-26T17:19:59.706+05:00","0.1340570933810316"
"2021-10-26T17:20:00.208+05:00","0.6265549150779952"
"2021-10-26T17:20:00.711+05:00","1.047152909738424"
"2021-10-26T17:20:01.213+05:00","5.602707034829203"
"2021-10-26T17:20:01.715+05:00","0.34927541340534435"
"2021-10-26T17:20:02.217+05:00","2.740666525706798"
"2021-10-26T17:20:02.719+05:00","0.8401780839160544"
"2021-10-26T17:20:03.222+05:00","1.581333533552648"
"2021-10-26T17:20:03.723+05:00","11.429489626754712"
"2021-10-26T17:20:04.224+05:00","4.055686750142693"
"2021-10-26T17:20:04.726+05:00","4.7737182495910515"
"2021-10-26T17:20:05.227+05:00","6.319129661211203"
"2021-10-26T17:20:05.729+05:00","5.981498184108705"
"2021-10-26T17:20:06.234+05:00","4.0095775908691325"
"2021-10-26T17:20:06.735+05:00","14.49284541121614"
"2021-10-26T17:20:07.236+05:00","0.6795680754597384"
"2021-10-26T17:20:07.737+05:00","6.1673976306689555"
"2021-10-26T17:20:08.238+05:00","18.345827011447717"
"2021-10-26T17:20:08.739+05:00","20.062259320399406"
"2021-10-26T17:20:09.241+05:00","9.003353528623897"
"2021-10-26T17:20:09.742+05:00","6.36152685713757"
"2021-10-26T17:20:10.243+05:00","6.481557404570047"
"2021-10-26T17:20:10.744+05:00","8.278096001730368"
"2021-10-26T17:20:11.245+05:00","3.7627114962460615"
"2021-10-26T17:20:11.747+05:00","5.439340337948653"
"2021-10-26T17:20:12.248+05:00","9.112160521817497"
"2021-10-26T17:20:12.749+05:00","5.322257170990382"
"2021-10-26T17:20:13.250+05:00","1.6343720340424033"
"2021-10-26T17:20:13.751+05:00","9.824339870863142"
"2021-10-26T17:20:14.253+05:00","9.085721103307376"
"2021-10-26T17:20:14.757+05:00","6.913111525226813"
"2021-10-26T17:20:15.258+05:00","5.482706217245749"
"2021-10-26T17:20:15.759+05:00","5.02736977969807"
"2021-10-26T17:20:16.260+05:00","0.635767190702352"
"2021-10-26T17:20:16.761+05:00","2.9698549041446567"
"2021-10-26T17:20:17.263+05:00","2.628548790010331"
"2021-10-26T17:20:17.764+05:00","2.2980703485039777"
"2021-10-26T17:20:18.266+05:00","0.4462520161160404"
"2021-10-26T17:20:18.768+05:00","1.8763525884513754"
"2021-10-26T17:20:19.270+05:00","3.4624915106492673"
"2021-10-26T17:20:19.773+05:00","1.2727174929760332"
"2021-10-26T17:20:20.275+05:00","0.929360862896767"
"2021-10-26T17:20:20.775+05:00","2.7467338822240865"
"2021-10-26T17:20:21.277+05:00","0.9401065724315617"
"2021-10-26T17:20:21.779+05:00","11.344214182945741"
"2021-10-26T17:20:22.280+05:00","3.968432767291861"
"2021-10-26T17:20:22.782+05:00","4.092828812553552"
"2021-10-26T17:20:23.283+05:00","5.481343167579638"
"2021-10-26T17:20:23.784+05:00","5.277973107365786"
"2021-10-26T17:20:24.286+05:00","3.664154409758852"
"2021-10-26T17:20:24.787+05:00","13.612660661260636"
"2021-10-26T17:20:25.289+05:00","4.6524675626273755"
"2021-10-26T17:20:25.789+05:00","6.052741784593291"
"2021-10-26T17:20:26.294+05:00","4.194296316888281"
"2021-10-26T17:20:26.795+05:00","1.1324054729961595"
"2021-10-26T17:20:27.297+05:00","1.8161335871251743"
"2021-10-26T17:20:27.798+05:00","3.1907377055550965"
"2021-10-26T17:20:28.299+05:00","0.723630881854517"
"2021-10-26T17:20:28.800+05:00","0.08024698111209663"
"2021-10-26T17:20:29.302+05:00","2.633981233572758"
"2021-10-26T17:20:29.804+05:00","0.7754158431915815"
"2021-10-26T17:20:30.306+05:00","1.1905098396744318"
"2021-10-26T17:20:30.808+05:00","1.4401782266217593"
"2021-10-26T17:20:31.310+05:00","2.257356514823588"
"2021-10-26T17:20:31.811+05:00","0.964443449604133"
"2021-10-26T17:20:32.313+05:00","0.9386858413303916"
"2021-10-26T17:20:32.815+05:00","1.7537422697158105"
"2021-10-26T17:20:33.317+05:00","1.1066230606674323"
"2021-10-26T17:20:33.819+05:00","1.3788843349650624"
"2021-10-26T17:20:34.320+05:00","2.033284031711144"
"2021-10-26T17:20:34.822+05:00","0.5700886712218387"
"2021-10-26T17:20:35.324+05:00","2.1389635023462987"
"2021-10-26T17:20:35.827+05:00","0.5040019721625937"
"2021-10-26T17:20:36.327+05:00","0.9727226554990761"
"2021-10-26T17:20:36.830+05:00","0.9982024380811892"
"2021-10-26T17:20:37.332+05:00","2.7553493066587684"
"2021-10-26T17:20:37.835+05:00","0.07008101863465968"
"2021-10-26T17:20:38.336+05:00","1.3912860154817244"
"2021-10-26T17:20:38.839+05:00","1.4197110335186187"
"2021-10-26T17:20:39.340+05:00","3.271698468086811"
"2021-10-26T17:20:39.841+05:00","11.358429857206575"
"2021-10-26T17:20:40.342+05:00","3.102249485481215"
"2021-10-26T17:20:40.843+05:00","5.773792842981121"
"2021-10-26T17:20:41.344+05:00","5.454654210762905"
"2021-10-26T17:20:41.846+05:00","5.887858654815046"
"2021-10-26T17:20:42.347+05:00","5.054394244666923"
"2021-10-26T17:20:42.849+05:00","13.115337217045193"
"2021-10-26T17:20:43.350+05:00","3.398148693814408"
"2021-10-26T17:20:43.852+05:00","4.366632308435655"
"2021-10-26T17:20:44.353+05:00","3.12690534002391"
"2021-10-26T17:20:44.854+05:00","4.707462434992344"
"2021-10-26T17:20:45.355+05:00","6.142376763859336"
"2021-10-26T17:20:45.857+05:00","4.166006453797067"
"2021-10-26T17:20:46.358+05:00","8.729375542877168"
"2021-10-26T17:20:46.859+05:00","16.308391535314506"
"2021-10-26T17:20:47.370+05:00","11.81744443954348"
"2021-10-26T17:20:47.871+05:00","7.522442885521802"
"2021-10-26T17:20:48.372+05:00","3.482426861195891"
"2021-10-26T17:20:48.874+05:00","3.933881897755399"
"2021-10-26T17:20:49.377+05:00","7.969477698703632"
"2021-10-26T17:20:49.878+05:00","7.092922745298322"
"2021-10-26T17:20:50.379+05:00","9.498621075127982"
"2021-10-26T17:20:50.880+05:00","13.107156759296283"
"2021-10-26T17:20:51.382+05:00","20.73781247867216"
"2021-10-26T17:20:51.883+05:00","9.832863031243761"
"2021-10-26T17:20:52.384+05:00","9.132714467336463"
"2021-10-26T17:20:52.885+05:00","7.4795364354744915"
"2021-10-26T17:20:53.387+05:00","6.455775297856977"
"2021-10-26T17:20:53.888+05:00","5.948444741504213"
"2021-10-26T17:20:54.389+05:00","4.836931302323101"
"2021-10-26T17:20:54.890+05:00","6.860640856948647"
"2021-10-26T17:20:55.391+05:00","11.860745815112804"
"2021-10-26T17:20:55.892+05:00","4.859493563654087"
"2021-10-26T17:20:56.393+05:00","2.883070798583653"
"2021-10-26T17:20:56.894+05:00","2.5921862369235797"
"2021-10-26T17:20:57.395+05:00","6.244552603733913"
"2021-10-26T17:20:57.896+05:00","17.069811985286428"
"2021-10-26T17:20:58.397+05:00","6.248874190042873"
"2021-10-26T17:20:58.898+05:00","5.446848946738562"
"2021-10-26T17:20:59.399+05:00","6.009619610270272"
"2021-10-26T17:20:59.900+05:00","6.562092071584909"
"2021-10-26T17:21:00.401+05:00","4.999817053691196"
"2021-10-26T17:21:00.902+05:00","14.297120732205272"
"2021-10-26T17:21:01.404+05:00","9.44537473754528"
"2021-10-26T17:21:01.905+05:00","6.570801153437515"
"2021-10-26T17:21:02.406+05:00","10.15453865347753"
"2021-10-26T17:21:02.907+05:00","3.772806072034539"
"2021-10-26T17:21:03.408+05:00","13.94753954860536"
"2021-10-26T17:21:03.909+05:00","1.9877889529563606"
"2021-10-26T17:21:04.410+05:00","11.0701871015156"
"2021-10-26T17:21:04.911+05:00","6.957858666791296"
"2021-10-26T17:21:05.412+05:00","6.855403391911025"
"2021-10-26T17:21:05.913+05:00","6.4645317302455405"
"2021-10-26T17:21:06.414+05:00","2.7961147510518454"
"2021-10-26T17:21:06.915+05:00","6.584816016449724"
"2021-10-26T17:21:07.416+05:00","6.261117841827499"
"2021-10-26T17:21:07.920+05:00","2.8518430533431545"
"2021-10-26T17:21:08.421+05:00","4.90765701661034"
"2021-10-26T17:21:08.922+05:00","2.3639786525909967"
"2021-10-26T17:21:09.423+05:00","1.3335700430399688"
"2021-10-26T17:21:09.924+05:00","4.352248703655587"
"2021-10-26T17:21:10.424+05:00","6.34898604735772"
"2021-10-26T17:21:10.925+05:00","3.5146423072287902"
"2021-10-26T17:21:11.428+05:00","4.025964563686305"
"2021-10-26T17:21:11.929+05:00","2.705293555219714"
"2021-10-26T17:21:12.429+05:00","3.3016542851429014"
"2021-10-26T17:21:12.931+05:00","2.1653938532536463"
"2021-10-26T17:21:13.433+05:00","2.4879987181649765"
"2021-10-26T17:21:13.935+05:00","1.7208478024482219"
"2021-10-26T17:21:14.436+05:00","3.2668342055325574"
"2021-10-26T17:21:14.937+05:00","2.2970381993705886"
"2021-10-26T17:21:15.439+05:00","5.309440081136008"
"2021-10-26T17:21:15.940+05:00","11.595721802932452"
"2021-10-26T17:21:16.441+05:00","5.926119850895342"
"2021-10-26T17:21:16.942+05:00","3.250057203678477"
"2021-10-26T17:21:17.444+05:00","5.867049357104834"
"2021-10-26T17:21:17.946+05:00","6.379095120506188"
"2021-10-26T17:21:18.448+05:00","3.2288217771403502"
"2021-10-26T17:21:18.949+05:00","14.006080563295107"
"2021-10-26T17:21:19.450+05:00","3.9449660285061263"
"2021-10-26T17:21:19.951+05:00","4.509608582264686"
"2021-10-26T17:21:20.452+05:00","2.563766542044514"
"2021-10-26T17:21:20.953+05:00","1.8580720835892666"
"2021-10-26T17:21:21.455+05:00","5.581820777512542"
"2021-10-26T17:21:21.956+05:00","16.846251090381635"
"2021-10-26T17:21:22.457+05:00","16.362053690416634"
"2021-10-26T17:21:22.959+05:00","18.529066655704213"
"2021-10-26T17:21:23.461+05:00","14.116605156723164"
"2021-10-26T17:21:23.962+05:00","13.746798308173709"
"2021-10-26T17:21:24.463+05:00","7.430236133031525"
"2021-10-26T17:21:24.965+05:00","2.9204390717487456"
"2021-10-26T17:21:25.466+05:00","5.2184005756306195"
"2021-10-26T17:21:25.968+05:00","16.262108581192333"
"2021-10-26T17:21:26.469+05:00","7.657520899583048"
"2021-10-26T17:21:26.970+05:00","12.793763180069732"
"2021-10-26T17:21:27.471+05:00","10.576744767135345"
"2021-10-26T17:21:27.972+05:00","5.698883690981406"
"2021-10-26T17:21:28.474+05:00","9.189375244900756"
"2021-10-26T17:21:28.975+05:00","4.644739196909827"
"2021-10-26T17:21:29.476+05:00","4.5225398660778104"
"2021-10-26T17:21:29.978+05:00","2.0183506864801566"
"2021-10-26T17:21:30.479+05:00","6.4112592475207775"
"2021-10-26T17:21:30.980+05:00","9.82882260621652"
"2021-10-26T17:21:31.483+05:00","5.78581222763175"
"2021-10-26T17:21:31.985+05:00","3.8763140194655548"
"2021-10-26T17:21:32.486+05:00","3.883708135680642"
"2021-10-26T17:21:32.988+05:00","2.1845671873802504"
"2021-10-26T17:21:33.490+05:00","2.1608005331734335"
"2021-10-26T17:21:33.991+05:00","12.853443882047443"
"2021-10-26T17:21:34.492+05:00","5.717156073424974"
"2021-10-26T17:21:34.993+05:00","4.37281770481969"
"2021-10-26T17:21:35.495+05:00","6.334398581101732"
"2021-10-26T17:21:35.996+05:00","5.161804016169085"
"2021-10-26T17:21:36.497+05:00","4.332936868776308"
"2021-10-26T17:21:36.998+05:00","12.414254198944302"
"2021-10-26T17:21:37.499+05:00","3.977474385340376"
"2021-10-26T17:21:38.001+05:00","9.5674421374881"
"2021-10-26T17:21:38.502+05:00","8.347957777478484"
"2021-10-26T17:21:39.003+05:00","10.821706070741897"
"2021-10-26T17:21:39.504+05:00","7.4225716732501485"
"2021-10-26T17:21:40.006+05:00","5.187458628609484"
"2021-10-26T17:21:40.508+05:00","2.5484311401580713"
"2021-10-26T17:21:41.009+05:00","0.6578223842825089"
"2021-10-26T17:21:41.511+05:00","2.562890953864339"
"2021-10-26T17:21:42.013+05:00","1.1279737780830663"
"2021-10-26T17:21:42.515+05:00","2.5670902041665804"
"2021-10-26T17:21:43.016+05:00","0.08689133208325836"
"2021-10-26T17:21:43.518+05:00","3.0054821924013826"
"2021-10-26T17:21:44.021+05:00","0.5182421952819903"
"2021-10-26T17:21:44.523+05:00","1.009256363879517"
"2021-10-26T17:21:45.025+05:00","1.4051729050420179"
"2021-10-26T17:21:45.527+05:00","1.9913644284152532"
"2021-10-26T17:21:46.030+05:00","0.5553524026197224"
"2021-10-26T17:21:46.532+05:00","0.7225818108778472"
"2021-10-26T17:21:47.035+05:00","1.208914142827402"
"2021-10-26T17:21:47.537+05:00","3.533953129063544"
"2021-10-26T17:21:48.039+05:00","1.1174475842741438"
"2021-10-26T17:21:48.541+05:00","1.7179211766574005"
"2021-10-26T17:21:49.052+05:00","0.7917960020808099"
"2021-10-26T17:21:49.554+05:00","1.078314025917578"
"2021-10-26T17:21:50.056+05:00","0.9432935059302753"
"2021-10-26T17:21:50.557+05:00","3.775678886614465"
"2021-10-26T17:21:51.057+05:00","0.16108223311981612"
"2021-10-26T17:21:51.560+05:00","0.3030056297320732"
"2021-10-26T17:21:52.062+05:00","10.320162960266934"
"2021-10-26T17:21:52.564+05:00","5.515459934526451"
"2021-10-26T17:21:53.066+05:00","3.9714856251556956"
"2021-10-26T17:21:53.568+05:00","4.80146888785489"
"2021-10-26T17:21:54.070+05:00","4.622091768585044"
"2021-10-26T17:21:54.572+05:00","4.69718490994669"
"2021-10-26T17:21:55.074+05:00","14.230164925608667"
"2021-10-26T17:21:55.575+05:00","4.64842970729271"
"2021-10-26T17:21:56.078+05:00","3.515599450563449"
"2021-10-26T17:21:56.579+05:00","6.74072302343675"
"2021-10-26T17:21:57.080+05:00","10.804835577357021"
"2021-10-26T17:21:57.581+05:00","15.384138164605046"
"2021-10-26T17:21:58.083+05:00","12.434139551193933"
"2021-10-26T17:21:58.584+05:00","9.208236645292684"
"2021-10-26T17:21:59.086+05:00","3.977671812554213"
"2021-10-26T17:21:59.587+05:00","16.17540383060971"
"2021-10-26T17:22:00.088+05:00","15.414635715093741"
"2021-10-26T17:22:00.589+05:00","18.41165050997619"
"2021-10-26T17:22:01.091+05:00","12.268843427468342"
"2021-10-26T17:22:01.593+05:00","10.95001325433282"
"2021-10-26T17:22:02.094+05:00","12.037336421641076"
"2021-10-26T17:22:02.595+05:00","12.864680886249849"
"2021-10-26T17:22:03.096+05:00","6.91092465237312"
"2021-10-26T17:22:03.597+05:00","8.482238440993864"
"2021-10-26T17:22:04.099+05:00","2.5433418902884726"
"2021-10-26T17:22:04.601+05:00","18.36728626518856"
"2021-10-26T17:22:05.103+05:00","12.880023768917663"
"2021-10-26T17:22:05.603+05:00","6.725253589889629"
"2021-10-26T17:22:06.105+05:00","0.7000818847555217"
"2021-10-26T17:22:06.607+05:00","3.53858951955152"
"2021-10-26T17:22:07.110+05:00","0.77504858110484"
"2021-10-26T17:22:07.612+05:00","4.595529621339283"
"2021-10-26T17:22:08.114+05:00","2.579966932392096"
"2021-10-26T17:22:08.616+05:00","3.084638269400063"
"2021-10-26T17:22:09.116+05:00","1.8035611450105182"
"2021-10-26T17:22:09.617+05:00","2.9641924454278143"
"2021-10-26T17:22:10.124+05:00","17.22641862198971"
"2021-10-26T17:22:10.626+05:00","4.672817129671794"
"2021-10-26T17:22:11.127+05:00","4.847801956314917"
"2021-10-26T17:22:11.630+05:00","6.294208107075795"
"2021-10-26T17:22:12.132+05:00","6.01092863637334"
"2021-10-26T17:22:12.634+05:00","5.836539689617652"
"2021-10-26T17:22:13.136+05:00","11.5987396948686"
"2021-10-26T17:22:13.637+05:00","3.7663577583421186"
"2021-10-26T17:22:14.138+05:00","1.5976033903581683"
"2021-10-26T17:22:14.640+05:00","7.859116347587845"
"2021-10-26T17:22:15.141+05:00","6.123493540725517"
"2021-10-26T17:22:15.643+05:00","8.5739163348339"
"2021-10-26T17:22:16.145+05:00","4.252658457350934"
"2021-10-26T17:22:16.646+05:00","17.360880577789146"
"2021-10-26T17:22:17.148+05:00","15.315866424399331"
"2021-10-26T17:22:17.650+05:00","13.818798806442985"
"2021-10-26T17:22:18.152+05:00","7.635699000653629"
"2021-10-26T17:22:18.654+05:00","7.629032372764442"
"2021-10-26T17:22:19.156+05:00","5.397128104142408"
"2021-10-26T17:22:19.658+05:00","4.507944524243854"
"2021-10-26T17:22:20.159+05:00","15.694056640176623"
"2021-10-26T17:22:20.661+05:00","9.948473827331336"
"2021-10-26T17:22:21.162+05:00","10.578462042730575"
"2021-10-26T17:22:21.663+05:00","10.453205987249065"
"2021-10-26T17:22:22.165+05:00","13.728241436363554"
"2021-10-26T17:22:22.667+05:00","10.503172475593487"
"2021-10-26T17:22:23.168+05:00","5.40786063330034"
"2021-10-26T17:22:23.670+05:00","12.188612019606458"
"2021-10-26T17:22:24.171+05:00","24.13241798440031"
"2021-10-26T17:22:24.672+05:00","5.933806521142223"
"2021-10-26T17:22:25.174+05:00","3.5864560518283213"
"2021-10-26T17:22:25.675+05:00","4.27404699651235"
"2021-10-26T17:22:26.177+05:00","2.3835572756361816"
"2021-10-26T17:22:26.679+05:00","3.80877278604186"
"2021-10-26T17:22:27.180+05:00","5.635248997538898"
"2021-10-26T17:22:27.681+05:00","6.871506462157395"
"2021-10-26T17:22:28.183+05:00","17.000185191051955"
"2021-10-26T17:22:28.685+05:00","6.122508725997623"
"2021-10-26T17:22:29.187+05:00","5.550692255592974"
"2021-10-26T17:22:29.689+05:00","5.519176873867182"
"2021-10-26T17:22:30.191+05:00","5.402689128854815"
"2021-10-26T17:22:30.692+05:00","5.04078691681744"
"2021-10-26T17:22:31.194+05:00","13.15711417065298"
"2021-10-26T17:22:31.696+05:00","4.124518212717547"
"2021-10-26T17:22:32.198+05:00","4.14438122467395"
"2021-10-26T17:22:32.700+05:00","4.093001594517813"
"2021-10-26T17:22:33.202+05:00","2.6473533517381465"
"2021-10-26T17:22:33.703+05:00","6.322504643568433"
"2021-10-26T17:22:34.204+05:00","7.520479519077483"
"2021-10-26T17:22:34.705+05:00","4.143122669049463"
"2021-10-26T17:22:35.206+05:00","11.152218871695048"
"2021-10-26T17:22:35.707+05:00","7.3900641633734745"
"2021-10-26T17:22:36.209+05:00","22.651524956487325"
"2021-10-26T17:22:36.710+05:00","23.29158851133834"
"2021-10-26T17:22:37.211+05:00","19.37219606512147"
"2021-10-26T17:22:37.712+05:00","23.333038688257993"
"2021-10-26T17:22:38.214+05:00","7.279973426000064"
"2021-10-26T17:22:38.716+05:00","11.633862884887535"
"2021-10-26T17:22:39.217+05:00","8.064275579763269"
"2021-10-26T17:22:39.718+05:00","9.269026612922723"
"2021-10-26T17:22:40.220+05:00","7.921657284980233"
"2021-10-26T17:22:40.720+05:00","13.363502232353616"
"2021-10-26T17:22:41.221+05:00","11.303809195400072"
"2021-10-26T17:22:41.723+05:00","8.836116977575454"
"2021-10-26T17:22:42.225+05:00","8.381345963699763"
"2021-10-26T17:22:42.727+05:00","13.790853048333021"
"2021-10-26T17:22:43.227+05:00","26.180351298901606"
"2021-10-26T17:22:43.728+05:00","13.445768497622833"
"2021-10-26T17:22:44.229+05:00","8.514994162869613"
"2021-10-26T17:22:44.731+05:00","3.7678264178918925"
"2021-10-26T17:22:45.233+05:00","4.649592714899992"
"2021-10-26T17:22:45.734+05:00","4.501620377505989"
"2021-10-26T17:22:46.235+05:00","11.39636528590704"
"2021-10-26T17:22:46.737+05:00","5.118100564449001"
"2021-10-26T17:22:47.238+05:00","11.186545622505793"
"2021-10-26T17:22:47.740+05:00","14.446070574985619"
"2021-10-26T17:22:48.241+05:00","5.283287889286047"
"2021-10-26T17:22:48.742+05:00","6.05919076263508"
"2021-10-26T17:22:49.244+05:00","12.277947663182477"
"2021-10-26T17:22:49.746+05:00","5.118014997966112"
"2021-10-26T17:22:50.248+05:00","3.165041910722649"
"2021-10-26T17:22:50.749+05:00","6.741651887101874"
"2021-10-26T17:22:51.254+05:00","2.8700305648299684"
"2021-10-26T17:22:51.756+05:00","7.102725987927136"
"2021-10-26T17:22:52.258+05:00","6.746262403455836"
"2021-10-26T17:22:52.760+05:00","5.853979267167382"
"2021-10-26T17:22:53.262+05:00","3.6288926102602517"
"2021-10-26T17:22:53.763+05:00","7.7917581881638345"
"2021-10-26T17:22:54.264+05:00","15.509626296821567"
"2021-10-26T17:22:54.765+05:00","7.294671693876635"
"2021-10-26T17:22:55.266+05:00","8.418969941340317"
"2021-10-26T17:22:55.767+05:00","17.677303809439536"
"2021-10-26T17:22:56.270+05:00","19.82031159005737"
"2021-10-26T17:22:56.772+05:00","6.569953104698523"
"2021-10-26T17:22:57.273+05:00","6.035591288118338"
"2021-10-26T17:22:57.774+05:00","7.556133361126236"
"2021-10-26T17:22:58.275+05:00","16.287028109260405"
"2021-10-26T17:22:58.777+05:00","10.57764775205427"
"2021-10-26T17:22:59.278+05:00","7.677981280123609"
"2021-10-26T17:22:59.780+05:00","3.6616286085302443"
"2021-10-26T17:23:00.283+05:00","4.158632096769052"
"2021-10-26T17:23:00.785+05:00","3.6713786403152593"
"2021-10-26T17:23:01.287+05:00","6.430864536360968"
"2021-10-26T17:23:01.789+05:00","7.981482924379874"
"2021-10-26T17:23:02.291+05:00","7.319017531941885"
"2021-10-26T17:23:02.793+05:00","5.865628761453068"
"2021-10-26T17:23:03.294+05:00","3.8340383089614027"
"2021-10-26T17:23:03.795+05:00","5.422034394721557"
"2021-10-26T17:23:04.296+05:00","13.295687456998838"
"2021-10-26T17:23:04.798+05:00","5.1777700120077625"
"2021-10-26T17:23:05.300+05:00","5.023723443334974"
"2021-10-26T17:23:05.802+05:00","4.767110394965229"
"2021-10-26T17:23:06.304+05:00","4.308791641122445"
"2021-10-26T17:23:06.805+05:00","3.1892087934924485"
"2021-10-26T17:23:07.306+05:00","14.105677414200013"
"2021-10-26T17:23:07.807+05:00","3.7746142467506774"
"2021-10-26T17:23:08.309+05:00","3.6607581074127675"
"2021-10-26T17:23:08.810+05:00","3.9436301248478847"
"2021-10-26T17:23:09.312+05:00","2.0773585061194133"
"2021-10-26T17:23:09.813+05:00","6.152215828171235"
"2021-10-26T17:23:10.316+05:00","6.61712483668698"
"2021-10-26T17:23:10.817+05:00","2.8811023559177324"
"2021-10-26T17:23:11.320+05:00","2.0728315061519456"
"2021-10-26T17:23:11.821+05:00","3.0247889078778694"
"2021-10-26T17:23:12.333+05:00","4.879790373928693"
"2021-10-26T17:23:12.835+05:00","6.957912573650779"
"2021-10-26T17:23:13.336+05:00","11.430682883398223"
"2021-10-26T17:23:13.837+05:00","10.288936717889383"
"2021-10-26T17:23:14.339+05:00","12.991103374000891"
"2021-10-26T17:23:14.841+05:00","15.685799897015173"
"2021-10-26T17:23:15.342+05:00","6.802071357632464"
"2021-10-26T17:23:15.843+05:00","9.779510894799614"
"2021-10-26T17:23:16.344+05:00","10.317610518893224"
"2021-10-26T17:23:16.846+05:00","5.2206481092235135"
"2021-10-26T17:23:17.349+05:00","9.727792906867123"
"2021-10-26T17:23:17.850+05:00","4.903365635244764"
"2021-10-26T17:23:18.351+05:00","3.8169250860877533"
"2021-10-26T17:23:18.853+05:00","1.5615429993859398"
"2021-10-26T17:23:19.355+05:00","2.0117344695465755"
"2021-10-26T17:23:19.857+05:00","3.385220177490313"
"2021-10-26T17:23:20.359+05:00","3.079563229569739"
"2021-10-26T17:23:20.860+05:00","9.609880139586874"
"2021-10-26T17:23:21.361+05:00","11.165786510597975"
"2021-10-26T17:23:21.863+05:00","14.046932231968746"
"2021-10-26T17:23:22.364+05:00","19.702244740621087"
"2021-10-26T17:23:22.864+05:00","6.87656236955816"
"2021-10-26T17:23:23.366+05:00","3.9720767421297984"
"2021-10-26T17:23:23.867+05:00","5.274810747814923"
"2021-10-26T17:23:24.368+05:00","5.959102347989904"
"2021-10-26T17:23:24.870+05:00","6.050444769097467"
"2021-10-26T17:23:25.371+05:00","11.866034601378907"
"2021-10-26T17:23:25.873+05:00","3.7916662856966195"
"2021-10-26T17:23:26.374+05:00","1.1006686062101385"
"2021-10-26T17:23:26.876+05:00","2.6692781836138586"
"2021-10-26T17:23:27.378+05:00","1.4222591088669831"
"2021-10-26T17:23:27.880+05:00","2.4401421948769633"
"2021-10-26T17:23:28.382+05:00","2.135796963285337"
"2021-10-26T17:23:28.884+05:00","2.7082778642638674"
"2021-10-26T17:23:29.386+05:00","1.5218975090297127"
"2021-10-26T17:23:29.888+05:00","2.800458691703566"
"2021-10-26T17:23:30.390+05:00","1.6114054268017717"
"2021-10-26T17:23:30.891+05:00","3.3127946668232098"
"2021-10-26T17:23:31.393+05:00","0.8500452813596412"
"2021-10-26T17:23:31.895+05:00","1.9210591035129405"
"2021-10-26T17:23:32.404+05:00","2.4621952857659912"
"2021-10-26T17:23:32.905+05:00","3.829730406737029"
"2021-10-26T17:23:33.407+05:00","1.7013405866340943"
"2021-10-26T17:23:33.909+05:00","3.05977821270552"
"2021-10-26T17:23:34.411+05:00","1.8452541543534688"
"2021-10-26T17:23:34.912+05:00","3.3813514404234115"
"2021-10-26T17:23:35.413+05:00","0.8747403075845599"
"2021-10-26T17:23:35.915+05:00","1.6770714906522062"
"2021-10-26T17:23:36.417+05:00","2.2044539842760735"
"2021-10-26T17:23:36.919+05:00","2.8779385803469104"
"2021-10-26T17:23:37.421+05:00","2.8722900193977834"
"2021-10-26T17:23:37.923+05:00","2.793775658026159"
"2021-10-26T17:23:38.425+05:00","0.9625272832675229"
"2021-10-26T17:23:38.926+05:00","2.3883974097482126"
"2021-10-26T17:23:39.427+05:00","0.9356844744057096"
"2021-10-26T17:23:39.928+05:00","2.380181204388118"
"2021-10-26T17:23:40.430+05:00","10.095784528332931"
"2021-10-26T17:23:40.932+05:00","6.341318019100131"
"2021-10-26T17:23:41.433+05:00","5.066189672681613"
"2021-10-26T17:23:41.935+05:00","6.034040680298279"
"2021-10-26T17:23:42.436+05:00","5.597351043746544"
"2021-10-26T17:23:42.937+05:00","7.655187520181315"
"2021-10-26T17:23:43.439+05:00","12.98023389182929"
"2021-10-26T17:23:43.941+05:00","4.721730608051178"
"2021-10-26T17:23:44.442+05:00","4.360242324327978"
"2021-10-26T17:23:44.944+05:00","3.370341810616964"
"2021-10-26T17:23:45.446+05:00","2.0841312931214704"
"2021-10-26T17:23:45.948+05:00","4.40448408533446"
"2021-10-26T17:23:46.450+05:00","1.565809864616433"
"2021-10-26T17:23:46.951+05:00","2.1014840423759935"
"2021-10-26T17:23:47.452+05:00","7.287917897767544"
"2021-10-26T17:23:47.953+05:00","8.521852139886098"
"2021-10-26T17:23:48.455+05:00","4.358031731589991"
"2021-10-26T17:23:48.956+05:00","11.539192734297178"
"2021-10-26T17:23:49.457+05:00","10.971549880062392"
"2021-10-26T17:23:49.958+05:00","7.444956104490263"
"2021-10-26T17:23:50.459+05:00","4.579832204878432"
"2021-10-26T17:23:50.961+05:00","15.683901402141581"
"2021-10-26T17:23:51.463+05:00","6.648473510036002"
"2021-10-26T17:23:51.964+05:00","3.268981729947469"
"2021-10-26T17:23:52.466+05:00","5.175098825842549"
"2021-10-26T17:23:52.975+05:00","4.003273281720764"
"2021-10-26T17:23:53.477+05:00","2.544478742748336"
"2021-10-26T17:23:53.979+05:00","5.3230625433169125"
"2021-10-26T17:23:54.481+05:00","5.174231675130585"
"2021-10-26T17:23:54.982+05:00","4.0560005076518175"
"2021-10-26T17:23:55.484+05:00","0.7565594752201701"
"2021-10-26T17:23:55.987+05:00","2.90249154516485"
"2021-10-26T17:23:56.489+05:00","0.3753088245112312"
"2021-10-26T17:23:56.992+05:00","2.43588377731066"
"2021-10-26T17:23:57.494+05:00","0.37665559821258987"
"2021-10-26T17:23:57.997+05:00","1.6747160751019845"
"2021-10-26T17:23:58.499+05:00","10.481099246586915"
"2021-10-26T17:23:59.001+05:00","4.775246491589367"
"2021-10-26T17:23:59.503+05:00","4.865605399266908"
"2021-10-26T17:24:00.004+05:00","5.976919962226621"
"2021-10-26T17:24:00.506+05:00","7.19476211870868"
"2021-10-26T17:24:01.007+05:00","5.959196228933118"
"2021-10-26T17:24:01.509+05:00","13.662652387650514"
"2021-10-26T17:24:02.011+05:00","6.453656338723424"
"2021-10-26T17:24:02.513+05:00","5.778486571968537"
"2021-10-26T17:24:03.015+05:00","5.734153565202714"
"2021-10-26T17:24:03.516+05:00","5.94856446960652"
"2021-10-26T17:24:04.017+05:00","14.457881157412205"
"2021-10-26T17:24:04.519+05:00","9.706057420641901"
"2021-10-26T17:24:05.021+05:00","3.086765252374067"
"2021-10-26T17:24:05.523+05:00","2.408483860028168"
"2021-10-26T17:24:06.025+05:00","2.909532719782331"
"2021-10-26T17:24:06.526+05:00","1.7578121272984408"
"2021-10-26T17:24:07.028+05:00","1.4559980434028081"
"2021-10-26T17:24:07.530+05:00","0.08660201582348685"
"2021-10-26T17:24:08.032+05:00","2.240932588646197"
"2021-10-26T17:24:08.534+05:00","1.6092428108180314"
"2021-10-26T17:24:09.035+05:00","1.9550910645653747"
"2021-10-26T17:24:09.538+05:00","2.076853967146321"
"2021-10-26T17:24:10.039+05:00","2.8595182049353944"
"2021-10-26T17:24:10.540+05:00","0.25943451479302804"
"2021-10-26T17:24:11.042+05:00","2.6890833778784264"
"2021-10-26T17:24:11.544+05:00","0.0888145982275782"
"2021-10-26T17:24:12.046+05:00","2.439586558582514"
"2021-10-26T17:24:12.547+05:00","0"
"2021-10-26T17:24:13.048+05:00","1.5378741470423032"
"2021-10-26T17:24:13.551+05:00","4.272669769767366"
"2021-10-26T17:24:14.062+05:00","2.62370542207573"
"2021-10-26T17:24:14.563+05:00","8.36574723586445"
"2021-10-26T17:24:15.065+05:00","2.140377013920096"
"2021-10-26T17:24:15.568+05:00","0"
"2021-10-26T17:24:16.070+05:00","3.239707516795083"
"2021-10-26T17:24:16.572+05:00","10.23303895178626"
"2021-10-26T17:24:17.074+05:00","5.524723294791951"
"2021-10-26T17:24:17.576+05:00","5.741720431721658"
"2021-10-26T17:24:18.078+05:00","6.220791894252786"
"2021-10-26T17:24:18.581+05:00","8.02779839773865"
"2021-10-26T17:24:19.084+05:00","6.094142806967902"
"2021-10-26T17:24:19.586+05:00","12.967095898015021"
"2021-10-26T17:24:20.088+05:00","5.096652982532208"
"2021-10-26T17:24:20.590+05:00","3.379727803328467"
"2021-10-26T17:24:21.092+05:00","3.1583261562163427"
"2021-10-26T17:24:21.593+05:00","2.2508658442671132"
"2021-10-26T17:24:22.095+05:00","2.6288296259528154"
"2021-10-26T17:24:22.597+05:00","1.8244423371161143"
"2021-10-26T17:24:23.100+05:00","3.3836394361668787"
"2021-10-26T17:24:23.602+05:00","1.3633359347521385"
"2021-10-26T17:24:24.104+05:00","2.351662510461379"
"2021-10-26T17:24:24.606+05:00","1.7571143400797575"
"2021-10-26T17:24:25.107+05:00","2.6813644582107896"
"2021-10-26T17:24:25.610+05:00","1.8015136791285635"
"2021-10-26T17:24:26.112+05:00","3.2995992918830046"
"2021-10-26T17:24:26.615+05:00","2.4870551916873476"
"2021-10-26T17:24:27.117+05:00","2.5356114979289948"
"2021-10-26T17:24:27.619+05:00","1.5245251398919568"
"2021-10-26T17:24:28.121+05:00","2.9709401111562057"
"2021-10-26T17:24:28.623+05:00","1.5793212077846028"
"2021-10-26T17:24:29.125+05:00","3.1594036234927034"
"2021-10-26T17:24:29.627+05:00","1.2174826082010657"
"2021-10-26T17:24:30.129+05:00","2.985453265782156"
"2021-10-26T17:24:30.631+05:00","1.6064013739782566"
"2021-10-26T17:24:31.132+05:00","17.31490057998583"
"2021-10-26T17:24:31.634+05:00","6.574420413003428"
"2021-10-26T17:24:32.135+05:00","4.498767162838432"
"2021-10-26T17:24:32.636+05:00","4.62405047753174"
"2021-10-26T17:24:33.139+05:00","4.348757437003913"
"2021-10-26T17:24:33.641+05:00","2.8330769516046934"
"2021-10-26T17:24:34.143+05:00","3.0259915847395322"
"2021-10-26T17:24:34.644+05:00","14.346987403937774"
"2021-10-26T17:24:35.145+05:00","5.785227788629642"
"2021-10-26T17:24:35.647+05:00","5.086958399260755"
"2021-10-26T17:24:36.149+05:00","5.955153080696448"
"2021-10-26T17:24:36.651+05:00","4.473014800991946"
"2021-10-26T17:24:37.153+05:00","5.44701129172017"
"2021-10-26T17:24:37.654+05:00","13.098429490235414"
"2021-10-26T17:24:38.156+05:00","3.909416330122792"
"2021-10-26T17:24:38.658+05:00","4.365858216350395"
"2021-10-26T17:24:39.160+05:00","11.655728943302073"
"2021-10-26T17:24:39.660+05:00","7.653242658142668"
"2021-10-26T17:24:40.162+05:00","5.82447846235641"
"2021-10-26T17:24:40.663+05:00","4.706041913205766"
"2021-10-26T17:24:41.165+05:00","6.19844722074889"
"2021-10-26T17:24:41.666+05:00","2.9734718828821154"
"2021-10-26T17:24:42.168+05:00","5.448371946392922"
"2021-10-26T17:24:42.670+05:00","2.8886262468037773"
"2021-10-26T17:24:43.171+05:00","4.142651633550566"
"2021-10-26T17:24:43.673+05:00","12.741120590272903"
"2021-10-26T17:24:44.174+05:00","7.619469289252154"
"2021-10-26T17:24:44.676+05:00","5.099997017610108"
"2021-10-26T17:24:45.178+05:00","2.74435521726218"
"2021-10-26T17:24:45.680+05:00","6.6090478675787185"
"2021-10-26T17:24:46.182+05:00","5.917300954859973"
"2021-10-26T17:24:46.683+05:00","3.6371546597786466"
"2021-10-26T17:24:47.186+05:00","5.988327226034106"
"2021-10-26T17:24:47.687+05:00","4.736659632222057"
"2021-10-26T17:24:48.189+05:00","6.888193744417084"
"2021-10-26T17:24:48.691+05:00","3.584898027360371"
"2021-10-26T17:24:49.192+05:00","2.58731248946118"
"2021-10-26T17:24:49.694+05:00","2.786853840542251"
"2021-10-26T17:24:50.195+05:00","6.077345533148037"
"2021-10-26T17:24:50.697+05:00","7.496626251888427"
"2021-10-26T17:24:51.199+05:00","4.505041188740824"
"2021-10-26T17:24:51.700+05:00","1.7316634848416614"
"2021-10-26T17:24:52.202+05:00","1.140105058594055"
"2021-10-26T17:24:52.704+05:00","10.89056355398857"
"2021-10-26T17:24:53.206+05:00","5.508829674935179"
"2021-10-26T17:24:53.707+05:00","4.438854675848793"
"2021-10-26T17:24:54.210+05:00","5.887143634572408"
"2021-10-26T17:24:54.711+05:00","7.782718551050331"
"2021-10-26T17:24:55.218+05:00","5.400173942086936"
"2021-10-26T17:24:55.720+05:00","13.581780957655187"
"2021-10-26T17:24:56.222+05:00","4.408076739740434"
"2021-10-26T17:24:56.723+05:00","12.097865646787486"
"2021-10-26T17:24:57.224+05:00","16.094253564549852"
"2021-10-26T17:24:57.726+05:00","19.13376019459148"
"2021-10-26T17:24:58.227+05:00","10.580240410264178"
"2021-10-26T17:24:58.729+05:00","5.7301469876795466"
"2021-10-26T17:24:59.230+05:00","5.942234095436422"
"2021-10-26T17:24:59.731+05:00","7.3649537259309765"
"2021-10-26T17:25:00.232+05:00","14.8019070479812"
"2021-10-26T17:25:00.734+05:00","5.153501552128202"
"2021-10-26T17:25:01.235+05:00","15.057339837423601"
"2021-10-26T17:25:01.736+05:00","9.822444371465231"
"2021-10-26T17:25:02.238+05:00","8.171081701235288"
"2021-10-26T17:25:02.740+05:00","8.103947420739342"
"2021-10-26T17:25:03.241+05:00","6.636389311938809"
"2021-10-26T17:25:03.743+05:00","9.095413603402786"
"2021-10-26T17:25:04.244+05:00","6.7275944826154195"
"2021-10-26T17:25:04.746+05:00","3.284044155889347"
"2021-10-26T17:25:05.247+05:00","6.077103903956162"
"2021-10-26T17:25:05.748+05:00","8.388343210106134"
"2021-10-26T17:25:06.250+05:00","7.5331760893397925"
"2021-10-26T17:25:06.751+05:00","5.742933933716816"
"2021-10-26T17:25:07.253+05:00","6.868341465998527"
"2021-10-26T17:25:07.754+05:00","9.583465267300635"
"2021-10-26T17:25:08.255+05:00","7.536369480007161"
"2021-10-26T17:25:08.757+05:00","11.81327963306477"
"2021-10-26T17:25:09.260+05:00","5.693013694351989"
"2021-10-26T17:25:09.761+05:00","1.9394225031698515"
"2021-10-26T17:25:10.263+05:00","2.6882136138543187"
"2021-10-26T17:25:10.765+05:00","12.447947392404025"
"2021-10-26T17:25:11.267+05:00","4.924347154281914"
"2021-10-26T17:25:11.769+05:00","5.7270936238206955"
"2021-10-26T17:25:12.271+05:00","7.409501906199743"
"2021-10-26T17:25:12.773+05:00","4.684047222319422"
"2021-10-26T17:25:13.274+05:00","7.4789463657197945"
"2021-10-26T17:25:13.776+05:00","15.389614816154568"
"2021-10-26T17:25:14.278+05:00","4.592307259123398"
"2021-10-26T17:25:14.780+05:00","9.731276086250631"
"2021-10-26T17:25:15.281+05:00","8.455188441046023"
"2021-10-26T17:25:15.782+05:00","13.618372870081146"
"2021-10-26T17:25:16.288+05:00","8.940050872827854"
"2021-10-26T17:25:16.790+05:00","6.835848693725207"
"2021-10-26T17:25:17.291+05:00","8.28114033412012"
"2021-10-26T17:25:17.792+05:00","7.6308119605540226"
"2021-10-26T17:25:18.293+05:00","14.588019229682459"
"2021-10-26T17:25:18.794+05:00","10.096172174849649"
"2021-10-26T17:25:19.296+05:00","8.817227765520197"
"2021-10-26T17:25:19.796+05:00","8.361063441198453"
"2021-10-26T17:25:20.298+05:00","7.799647916835536"
"2021-10-26T17:25:20.800+05:00","5.321161669096634"
"2021-10-26T17:25:21.302+05:00","10.10503798001266"
"2021-10-26T17:25:21.804+05:00","5.3399693221359135"
"2021-10-26T17:25:22.305+05:00","5.101554435642285"
"2021-10-26T17:25:22.807+05:00","1.9445759144544323"
"2021-10-26T17:25:23.310+05:00","6.339854152512178"
"2021-10-26T17:25:23.811+05:00","0.591676175694442"
"2021-10-26T17:25:24.313+05:00","2.5168731089713092"
"2021-10-26T17:25:24.814+05:00","7.91819314645328"
"2021-10-26T17:25:25.315+05:00","11.006316276758596"
"2021-10-26T17:25:25.816+05:00","10.454383212308926"
"2021-10-26T17:25:26.317+05:00","14.189851272052689"
"2021-10-26T17:25:26.819+05:00","21.269137690768652"
"2021-10-26T17:25:27.320+05:00","12.544594803022985"
"2021-10-26T17:25:27.822+05:00","11.288189682408476"
"2021-10-26T17:25:28.323+05:00","10.13763144264469"
"2021-10-26T17:25:28.824+05:00","20.69589233779129"
"2021-10-26T17:25:29.325+05:00","6.078889447853696"
"2021-10-26T17:25:29.826+05:00","5.286998210798336"
"2021-10-26T17:25:30.327+05:00","6.408327691931224"
"2021-10-26T17:25:30.829+05:00","4.492428800917268"
"2021-10-26T17:25:31.331+05:00","5.698134737825205"
"2021-10-26T17:25:31.832+05:00","12.047647891164683"
"2021-10-26T17:25:32.334+05:00","4.2118492285974884"
"2021-10-26T17:25:32.836+05:00","5.62801359944127"
"2021-10-26T17:25:33.338+05:00","8.276079021515397"
"2021-10-26T17:25:33.839+05:00","9.086745351968684"
"2021-10-26T17:25:34.340+05:00","19.66564838653348"
"2021-10-26T17:25:34.841+05:00","8.28708060559924"
"2021-10-26T17:25:35.343+05:00","23.173736114701043"
"2021-10-26T17:25:35.844+05:00","8.840838201142255"
"2021-10-26T17:25:36.347+05:00","7.07010031930248"
"2021-10-26T17:25:36.848+05:00","7.552279282320491"
"2021-10-26T17:25:37.354+05:00","7.516579341306841"
"2021-10-26T17:25:37.855+05:00","4.407463396969646"
"2021-10-26T17:25:38.356+05:00","4.235632080079622"
"2021-10-26T17:25:38.858+05:00","3.90857439652996"
"2021-10-26T17:25:39.360+05:00","7.928118242122586"
"2021-10-26T17:25:39.861+05:00","9.088477476615832"
"2021-10-26T17:25:40.362+05:00","4.700640408203471"
"2021-10-26T17:25:40.864+05:00","4.321003920450609"
"2021-10-26T17:25:41.366+05:00","4.664137039137846"
"2021-10-26T17:25:41.868+05:00","0.8409295996658774"
"2021-10-26T17:25:42.369+05:00","4.977207816793294"
"2021-10-26T17:25:42.870+05:00","2.9427544446576723"
"2021-10-26T17:25:43.372+05:00","3.1805445037459146"
"2021-10-26T17:25:43.873+05:00","1.148339802540329"
"2021-10-26T17:25:44.374+05:00","3.9168765183316006"
"2021-10-26T17:25:44.874+05:00","2.5544357642775934"
"2021-10-26T17:25:45.375+05:00","2.9268598716323084"
"2021-10-26T17:25:45.876+05:00","1.1115047594340215"
"2021-10-26T17:25:46.377+05:00","3.137992144679174"
"2021-10-26T17:25:46.878+05:00","11.183302357840391"
"2021-10-26T17:25:47.380+05:00","5.13456114138022"
"2021-10-26T17:25:47.881+05:00","5.5062469198342034"
"2021-10-26T17:25:48.382+05:00","6.446633372001543"
"2021-10-26T17:25:48.884+05:00","5.364416740273301"
"2021-10-26T17:25:49.385+05:00","5.151472182689382"
"2021-10-26T17:25:49.886+05:00","12.58603687255994"
"2021-10-26T17:25:50.388+05:00","4.2242005066848565"
"2021-10-26T17:25:50.889+05:00","4.285476109125473"
"2021-10-26T17:25:51.390+05:00","2.3939061182189514"
"2021-10-26T17:25:51.892+05:00","2.4867573006345562"
"2021-10-26T17:25:52.393+05:00","9.273664819983157"
"2021-10-26T17:25:52.895+05:00","3.3413090674260224"
"2021-10-26T17:25:53.397+05:00","3.5363320437903343"
"2021-10-26T17:25:53.898+05:00","3.8149957136481008"
"2021-10-26T17:25:54.399+05:00","5.998882898741598"
"2021-10-26T17:25:54.901+05:00","11.081871839034301"
"2021-10-26T17:25:55.403+05:00","5.545809100782419"
"2021-10-26T17:25:55.904+05:00","4.649669273385822"
"2021-10-26T17:25:56.406+05:00","2.444771277000102"
"2021-10-26T17:25:56.908+05:00","4.209946532419106"
"2021-10-26T17:25:57.413+05:00","6.616626267320233"
"2021-10-26T17:25:57.914+05:00","3.4196453649477685"
"2021-10-26T17:25:58.415+05:00","4.050769743080876"
"2021-10-26T17:25:58.916+05:00","5.780108735379756"
"2021-10-26T17:25:59.417+05:00","12.070748618468116"
"2021-10-26T17:25:59.919+05:00","14.261207549390594"
"2021-10-26T17:26:00.419+05:00","12.004187576701673"
"2021-10-26T17:26:00.921+05:00","7.95740598805669"
"2021-10-26T17:26:01.422+05:00","8.870185780239144"
"2021-10-26T17:26:01.923+05:00","9.976269083357389"
"2021-10-26T17:26:02.424+05:00","4.98720175887327"
"2021-10-26T17:26:02.926+05:00","6.165030120713551"
"2021-10-26T17:26:03.427+05:00","6.688997494398829"
"2021-10-26T17:26:03.928+05:00","3.0277679115211202"
"2021-10-26T17:26:04.430+05:00","1.919403675547448"
"2021-10-26T17:26:04.933+05:00","11.645852897397676"
"2021-10-26T17:26:05.435+05:00","5.154036532374783"
"2021-10-26T17:26:05.936+05:00","6.974387196228909"
"2021-10-26T17:26:06.438+05:00","6.778735974657008"
"2021-10-26T17:26:06.940+05:00","3.8051853672557927"
"2021-10-26T17:26:07.442+05:00","4.056834353597903"
"2021-10-26T17:26:07.943+05:00","12.001515598301253"
"2021-10-26T17:26:08.444+05:00","3.7300728152055758"
"2021-10-26T17:26:08.946+05:00","4.523215667282717"
"2021-10-26T17:26:09.447+05:00","2.554037984841368"
"2021-10-26T17:26:09.948+05:00","8.103093376036366"
"2021-10-26T17:26:10.449+05:00","10.904086766169009"
"2021-10-26T17:26:10.950+05:00","5.010232846205916"
"2021-10-26T17:26:11.451+05:00","8.576892282177543"
"2021-10-26T17:26:11.952+05:00","9.17829585315688"
"2021-10-26T17:26:12.453+05:00","5.421326963913014"
"2021-10-26T17:26:12.954+05:00","6.758746513551523"
"2021-10-26T17:26:13.455+05:00","8.807635378875801"
"2021-10-26T17:26:13.956+05:00","4.840771566227749"
"2021-10-26T17:26:14.457+05:00","3.678202214417505"
"2021-10-26T17:26:14.958+05:00","8.36000537636988"
"2021-10-26T17:26:15.460+05:00","5.000469258327475"
"2021-10-26T17:26:15.961+05:00","1.7568572504886386"
"2021-10-26T17:26:16.462+05:00","2.9381852485180717"
"2021-10-26T17:26:16.964+05:00","0.22720789642123942"
"2021-10-26T17:26:17.465+05:00","1.1381638260142721"
"2021-10-26T17:26:17.966+05:00","2.8358297448975174"
"2021-10-26T17:26:18.473+05:00","1.371288823671434"
"2021-10-26T17:26:18.976+05:00","0.11315749629461418"
"2021-10-26T17:26:19.477+05:00","4.195925587273644"
"2021-10-26T17:26:19.979+05:00","0.23008098932080742"
"2021-10-26T17:26:20.480+05:00","1.0149177327568586"
"2021-10-26T17:26:20.982+05:00","1.1847493569841032"
"2021-10-26T17:26:21.483+05:00","2.3776776572514926"
"2021-10-26T17:26:21.984+05:00","0.5742290009369073"
"2021-10-26T17:26:22.485+05:00","1.2037663742681588"
"2021-10-26T17:26:22.986+05:00","9.772173828273893"
"2021-10-26T17:26:23.488+05:00","8.686763668348489"
"2021-10-26T17:26:23.989+05:00","8.142060733463277"
"2021-10-26T17:26:24.490+05:00","5.920767849209247"
"2021-10-26T17:26:24.992+05:00","5.44051066532655"
"2021-10-26T17:26:25.493+05:00","6.172526565018318"
"2021-10-26T17:26:25.996+05:00","14.087146377495994"
"2021-10-26T17:26:26.498+05:00","4.053716747026327"
"2021-10-26T17:26:27.000+05:00","3.6298812539065257"
"2021-10-26T17:26:27.501+05:00","5.003778612404129"
"2021-10-26T17:26:28.001+05:00","10.505878514397127"
"2021-10-26T17:26:28.502+05:00","7.72686273035947"
"2021-10-26T17:26:29.003+05:00","4.2519346518681145"
"2021-10-26T17:26:29.504+05:00","5.0713578340887775"
"2021-10-26T17:26:30.005+05:00","5.912259457035018"
"2021-10-26T17:26:30.506+05:00","21.082081482345558"
"2021-10-26T17:26:31.007+05:00","24.82458579740643"
"2021-10-26T17:26:31.508+05:00","5.792500439007342"
"2021-10-26T17:26:32.009+05:00","6.278072949217411"
"2021-10-26T17:26:32.510+05:00","13.499959585993462"
"2021-10-26T17:26:33.011+05:00","27.80669782502629"
"2021-10-26T17:26:33.512+05:00","12.951635222591031"
"2021-10-26T17:26:34.013+05:00","11.934593486113844"
"2021-10-26T17:26:34.514+05:00","10.485412138895978"
"2021-10-26T17:26:35.015+05:00","10.825477992939419"
"2021-10-26T17:26:35.516+05:00","10.82832156062012"
"2021-10-26T17:26:36.017+05:00","11.024311605305737"
"2021-10-26T17:26:36.518+05:00","9.094883791026637"
"2021-10-26T17:26:37.019+05:00","11.757344420662243"
"2021-10-26T17:26:37.521+05:00","12.280081151935594"
"2021-10-26T17:26:38.022+05:00","10.670073007704627"
"2021-10-26T17:26:38.524+05:00","8.930894939415111"
"2021-10-26T17:26:39.025+05:00","9.734825401436849"
"2021-10-26T17:26:39.532+05:00","9.110946141228727"
"2021-10-26T17:26:40.033+05:00","8.675641358992324"
"2021-10-26T17:26:40.534+05:00","9.360370343592958"
"2021-10-26T17:26:41.035+05:00","13.111463233562887"
"2021-10-26T17:26:41.536+05:00","5.6742750168844065"
"2021-10-26T17:26:42.038+05:00","4.5774465578435475"
"2021-10-26T17:26:42.539+05:00","5.046749286414217"
"2021-10-26T17:26:43.040+05:00","5.659868459459247"
"2021-10-26T17:26:43.542+05:00","5.613715412452144"
"2021-10-26T17:26:44.044+05:00","12.078221662405593"
"2021-10-26T17:26:44.546+05:00","3.046822211894159"
"2021-10-26T17:26:45.048+05:00","3.2820363114375226"
"2021-10-26T17:26:45.550+05:00","4.1803304755584305"
"2021-10-26T17:26:46.052+05:00","2.69968343564694"
"2021-10-26T17:26:46.554+05:00","1.6218523849461541"
"2021-10-26T17:26:47.056+05:00","1.6438022602865003"
"2021-10-26T17:26:47.558+05:00","3.344953637176175"
"2021-10-26T17:26:48.060+05:00","2.776338832846974"
"2021-10-26T17:26:48.561+05:00","1.8760660030477145"
"2021-10-26T17:26:49.063+05:00","2.3508515129797285"
"2021-10-26T17:26:49.565+05:00","3.2210156323596233"
"2021-10-26T17:26:50.066+05:00","1.965763103381274"
"2021-10-26T17:26:50.568+05:00","1.7306659066212033"
"2021-10-26T17:26:51.071+05:00","1.4187912883463267"
"2021-10-26T17:26:51.573+05:00","2.4783806154430916"
"2021-10-26T17:26:52.075+05:00","1.924772649210971"
"2021-10-26T17:26:52.577+05:00","1.755334764914592"
"2021-10-26T17:26:53.079+05:00","1.1372135565386263"
"2021-10-26T17:26:53.581+05:00","2.546989447006063"
"2021-10-26T17:26:54.082+05:00","2.4749273894151838"
"2021-10-26T17:26:54.584+05:00","1.8458408335625431"
"2021-10-26T17:26:55.086+05:00","1.293491483063508"
"2021-10-26T17:26:55.588+05:00","3.198564154823756"
"2021-10-26T17:26:56.090+05:00","1.0266385755702327"
"2021-10-26T17:26:56.592+05:00","1.2842526981479174"
"2021-10-26T17:26:57.093+05:00","1.8630951035667822"
"2021-10-26T17:26:57.595+05:00","3.125691610130288"
"2021-10-26T17:26:58.098+05:00","0.9970655163674054"
"2021-10-26T17:26:58.599+05:00","1.6750835778469635"
"2021-10-26T17:26:59.101+05:00","10.555091317464242"
"2021-10-26T17:26:59.610+05:00","5.855231680612906"
"2021-10-26T17:27:00.112+05:00","5.2164426599589575"
"2021-10-26T17:27:00.614+05:00","4.430925933857004"
"2021-10-26T17:27:01.116+05:00","4.515713450109422"
"2021-10-26T17:27:01.618+05:00","8.47492924400816"
"2021-10-26T17:27:02.120+05:00","12.853364744918146"
"2021-10-26T17:27:02.622+05:00","3.0171847085028984"
"2021-10-26T17:27:03.123+05:00","6.28917647544789"
"2021-10-26T17:27:03.625+05:00","6.5374890918426845"
"2021-10-26T17:27:04.126+05:00","2.8311811400328795"
"2021-10-26T17:27:04.629+05:00","1.7215665482498328"
"2021-10-26T17:27:05.131+05:00","6.6104038101740175"
"2021-10-26T17:27:05.633+05:00","6.219752399274286"
"2021-10-26T17:27:06.135+05:00","7.211515822458919"
"2021-10-26T17:27:06.637+05:00","3.9507220300015624"
"2021-10-26T17:27:07.139+05:00","1.5294423355452245"
"2021-10-26T17:27:07.641+05:00","3.2394701834208797"
"2021-10-26T17:27:08.143+05:00","1.5433717670011904"
"2021-10-26T17:27:08.645+05:00","3.7108466976476358"
"2021-10-26T17:27:09.148+05:00","4.136547127717678"
"2021-10-26T17:27:09.650+05:00","3.6920532156662467"
"2021-10-26T17:27:10.151+05:00","4.751487231961606"
"2021-10-26T17:27:10.653+05:00","2.8468806530410897"
"2021-10-26T17:27:11.155+05:00","2.2161938349128336"
"2021-10-26T17:27:11.656+05:00","10.877221357789784"
"2021-10-26T17:27:12.157+05:00","10.472298286695533"
"2021-10-26T17:27:12.658+05:00","15.244062158348996"
"2021-10-26T17:27:13.160+05:00","13.545488455624795"
"2021-10-26T17:27:13.662+05:00","7.073384237640103"
"2021-10-26T17:27:14.162+05:00","13.62569773777742"
"2021-10-26T17:27:14.664+05:00","26.06384399839142"
"2021-10-26T17:27:15.165+05:00","13.508469271547476"
"2021-10-26T17:27:15.666+05:00","11.331405962193596"
"2021-10-26T17:27:16.167+05:00","11.768192165165326"
"2021-10-26T17:27:16.669+05:00","13.741871711460288"
"2021-10-26T17:27:17.170+05:00","16.31268970335179"
"2021-10-26T17:27:17.672+05:00","5.805369835573266"
"2021-10-26T17:27:18.173+05:00","5.594030778630288"
"2021-10-26T17:27:18.676+05:00","4.72887037904308"
"2021-10-26T17:27:19.178+05:00","5.4170314953895975"
"2021-10-26T17:27:19.680+05:00","5.5320574398754525"
"2021-10-26T17:27:20.181+05:00","13.180365213815227"
"2021-10-26T17:27:20.687+05:00","4.349974705804972"
"2021-10-26T17:27:21.188+05:00","3.5104334926190512"
"2021-10-26T17:27:21.690+05:00","3.5073982383323545"
"2021-10-26T17:27:22.191+05:00","5.599562018949632"
"2021-10-26T17:27:22.692+05:00","14.483318736073286"
"2021-10-26T17:27:23.193+05:00","7.479381055368447"
"2021-10-26T17:27:23.695+05:00","5.915307670969641"
"2021-10-26T17:27:24.198+05:00","3.3252903284203716"
"2021-10-26T17:27:24.700+05:00","2.776953288800714"
"2021-10-26T17:27:25.203+05:00","1.5024992989336499"
"2021-10-26T17:27:25.704+05:00","1.7276895287682918"
"2021-10-26T17:27:26.205+05:00","2.739742447221222"
"2021-10-26T17:27:26.707+05:00","1.976228163150728"
"2021-10-26T17:27:27.210+05:00","0.9711457127436861"
"2021-10-26T17:27:27.712+05:00","2.4150124985646615"
"2021-10-26T17:27:28.213+05:00","4.773317724078316"
"2021-10-26T17:27:28.716+05:00","8.667487155286498"
"2021-10-26T17:27:29.219+05:00","0.46042066880213306"
"2021-10-26T17:27:29.721+05:00","3.0074525681610416"
"2021-10-26T17:27:30.223+05:00","2.0002519393909797"
"2021-10-26T17:27:30.726+05:00","1.128310345293167"
"2021-10-26T17:27:31.228+05:00","1.987509747998447"
"2021-10-26T17:27:31.730+05:00","1.3811261274639364"
"2021-10-26T17:27:32.233+05:00","2.3543456814302908"
"2021-10-26T17:27:32.735+05:00","4.83679752939625"
"2021-10-26T17:27:33.237+05:00","2.1903377894358678"
"2021-10-26T17:27:33.740+05:00","2.82888708389189"
"2021-10-26T17:27:34.243+05:00","1.489242845167823"
"2021-10-26T17:27:34.746+05:00","1.4964577852603298"
"2021-10-26T17:27:35.248+05:00","10.746921699040218"
"2021-10-26T17:27:35.750+05:00","7.112197753839634"
"2021-10-26T17:27:36.252+05:00","5.361336813819486"
"2021-10-26T17:27:36.754+05:00","4.5540518905741685"
"2021-10-26T17:27:37.256+05:00","4.740530736463702"
"2021-10-26T17:27:37.758+05:00","6.089303399338059"
"2021-10-26T17:27:38.260+05:00","11.7613888636286"
"2021-10-26T17:27:38.762+05:00","10.042744947875658"
"2021-10-26T17:27:39.264+05:00","4.783548817051049"
"2021-10-26T17:27:39.767+05:00","2.9585005820513577"
"2021-10-26T17:27:40.269+05:00","1.6322216359454005"
"2021-10-26T17:27:40.772+05:00","1.4176714005691502"
"2021-10-26T17:27:41.274+05:00","0.5674228350505159"
"2021-10-26T17:27:41.784+05:00","0.8394719972101558"
"2021-10-26T17:27:42.287+05:00","1.361939573575346"
"2021-10-26T17:27:42.789+05:00","2.155840049493666"
"2021-10-26T17:27:43.292+05:00","0.8999733770846763"
"2021-10-26T17:27:43.793+05:00","1.967601327453353"
"2021-10-26T17:27:44.296+05:00","0.3660318541181464"
"2021-10-26T17:27:44.798+05:00","2.0824777991860057"
"2021-10-26T17:27:45.301+05:00","0.16314326097444842"
"2021-10-26T17:27:45.803+05:00","2.0881512006092002"
"2021-10-26T17:27:46.305+05:00","1.993752660888112"
"2021-10-26T17:27:46.806+05:00","1.4914477312944043"
"2021-10-26T17:27:47.307+05:00","0.9569814067043453"
"2021-10-26T17:27:47.809+05:00","2.7964678475581084"
"2021-10-26T17:27:48.311+05:00","1.9409252712041747"
"2021-10-26T17:27:48.814+05:00","0.5570610552321278"
"2021-10-26T17:27:49.317+05:00","0.07399072085240238"
"2021-10-26T17:27:49.820+05:00","1.2342470634673413"
"2021-10-26T17:27:50.321+05:00","2.607513230595611"
"2021-10-26T17:27:50.823+05:00","1.785376066477861"
"2021-10-26T17:27:51.326+05:00","0.7050666815047394"
"2021-10-26T17:27:51.827+05:00","1.7644460886504698"
"2021-10-26T17:27:52.329+05:00","0.345298082374441"
"2021-10-26T17:27:52.832+05:00","1.6812976503068842"
"2021-10-26T17:27:53.334+05:00","9.787224509466348"
"2021-10-26T17:27:53.835+05:00","5.365232026622992"
"2021-10-26T17:27:54.336+05:00","5.950864478060533"
"2021-10-26T17:27:54.838+05:00","5.061199923643051"
"2021-10-26T17:27:55.340+05:00","3.9899256786099544"
"2021-10-26T17:27:55.841+05:00","6.246705943635184"
"2021-10-26T17:27:56.343+05:00","12.036182718569929"
"2021-10-26T17:27:56.846+05:00","2.8816282184510875"
"2021-10-26T17:27:57.347+05:00","4.1803683359066435"
"2021-10-26T17:27:57.848+05:00","9.099880803710379"
"2021-10-26T17:27:58.350+05:00","3.5224087574788623"
"2021-10-26T17:27:58.852+05:00","6.050910144775208"
"2021-10-26T17:27:59.353+05:00","7.817870071352086"
"2021-10-26T17:27:59.855+05:00","9.088253570285023"
"2021-10-26T17:28:00.357+05:00","3.4204990779107307"
"2021-10-26T17:28:00.859+05:00","6.491920217139224"
"2021-10-26T17:28:01.361+05:00","8.13253708683326"
"2021-10-26T17:28:01.863+05:00","3.680455476783822"
"2021-10-26T17:28:02.370+05:00","8.298694897408225"
"2021-10-26T17:28:02.871+05:00","3.034668694499816"
"2021-10-26T17:28:03.374+05:00","2.2278642981944774"
"2021-10-26T17:28:03.876+05:00","2.4463738399657133"
"2021-10-26T17:28:04.379+05:00","5.177314641646229"
"2021-10-26T17:28:04.881+05:00","1.8637462982246642"
"2021-10-26T17:28:05.384+05:00","0.022767736334576207"
"2021-10-26T17:28:05.886+05:00","0.9214316461055193"
"2021-10-26T17:28:06.389+05:00","6.217052595387896"
"2021-10-26T17:28:06.892+05:00","1.7818904964831312"
"2021-10-26T17:28:07.394+05:00","1.1094140153041971"
"2021-10-26T17:28:07.897+05:00","1.451647573305812"
"2021-10-26T17:28:08.399+05:00","3.82425886497739"
"2021-10-26T17:28:08.901+05:00","1.898974020793751"
"2021-10-26T17:28:09.403+05:00","0.2562345252327819"
"2021-10-26T17:28:09.906+05:00","1.4871705212724184"
"2021-10-26T17:28:10.408+05:00","5.615198455280258"
"2021-10-26T17:28:10.910+05:00","1.0901478255308392"
"2021-10-26T17:28:11.412+05:00","9.038066326384795"
"2021-10-26T17:28:11.913+05:00","6.430110026536209"
"2021-10-26T17:28:12.414+05:00","5.112806037900949"
"2021-10-26T17:28:12.916+05:00","3.4936310380799362"
"2021-10-26T17:28:13.418+05:00","5.559422215184013"
"2021-10-26T17:28:13.919+05:00","5.822582331723064"
"2021-10-26T17:28:14.421+05:00","11.766674050105149"
"2021-10-26T17:28:14.922+05:00","3.448831870107115"
"2021-10-26T17:28:15.424+05:00","5.057513468934706"
"2021-10-26T17:28:15.926+05:00","7.640135968555124"
"2021-10-26T17:28:16.428+05:00","7.902916795100523"
"2021-10-26T17:28:16.929+05:00","13.141527345915408"
"2021-10-26T17:28:17.431+05:00","13.268233613431462"
"2021-10-26T17:28:17.933+05:00","7.82653524927061"
"2021-10-26T17:28:18.435+05:00","9.696367452399517"
"2021-10-26T17:28:18.937+05:00","5.759738682713777"
"2021-10-26T17:28:19.438+05:00","10.709330197855099"
"2021-10-26T17:28:19.940+05:00","14.8566221055377"
"2021-10-26T17:28:20.442+05:00","6.9974361423000015"
"2021-10-26T17:28:20.944+05:00","5.88064762820209"
"2021-10-26T17:28:21.446+05:00","5.578929963039911"
"2021-10-26T17:28:21.949+05:00","2.382231361610685"
"2021-10-26T17:28:22.451+05:00","5.055167896615715"
"2021-10-26T17:28:22.954+05:00","1.67993043330604"
"2021-10-26T17:28:23.459+05:00","1.926270385121437"
"2021-10-26T17:28:23.962+05:00","4.452361602028703"
"2021-10-26T17:28:24.465+05:00","3.3572440728804263"
"2021-10-26T17:28:24.967+05:00","1.6797774812179826"
"2021-10-26T17:28:25.470+05:00","1.9178465057200822"
"2021-10-26T17:28:25.972+05:00","3.132217018873569"
"2021-10-26T17:28:26.474+05:00","4.348484051411653"
"2021-10-26T17:28:26.976+05:00","2.478059616906992"
"2021-10-26T17:28:27.478+05:00","1.9636059414883718"
"2021-10-26T17:28:27.980+05:00","2.0427581224958766"
"2021-10-26T17:28:28.483+05:00","3.3367572293203067"
"2021-10-26T17:28:28.984+05:00","1.981105286271828"
"2021-10-26T17:28:29.486+05:00","13.284952347081209"
"2021-10-26T17:28:29.988+05:00","6.005413738405603"
"2021-10-26T17:28:30.490+05:00","4.9461000464306615"
"2021-10-26T17:28:30.992+05:00","4.725273398404104"
"2021-10-26T17:28:31.494+05:00","4.851059501573217"
"2021-10-26T17:28:31.996+05:00","6.213833770156848"
"2021-10-26T17:28:32.498+05:00","12.19629726362539"
"2021-10-26T17:28:33.000+05:00","8.128558449373731"
"2021-10-26T17:28:33.501+05:00","10.515790214867337"
"2021-10-26T17:28:34.003+05:00","8.692663339115104"
"2021-10-26T17:28:34.504+05:00","15.718277352407508"
"2021-10-26T17:28:35.005+05:00","11.286476142620916"
"2021-10-26T17:28:35.506+05:00","23.447402036212356"
"2021-10-26T17:28:36.008+05:00","15.088656183730983"
"2021-10-26T17:28:36.509+05:00","11.640749753021378"
"2021-10-26T17:28:37.011+05:00","15.25856835351975"
"2021-10-26T17:28:37.513+05:00","15.659590210047135"
"2021-10-26T17:28:38.015+05:00","10.65101420211985"
"2021-10-26T17:28:38.516+05:00","16.883620657737175"
"2021-10-26T17:28:39.018+05:00","8.583477180042701"
"2021-10-26T17:28:39.519+05:00","9.063182632552342"
"2021-10-26T17:28:40.021+05:00","7.948740677258107"
"2021-10-26T17:28:40.522+05:00","8.84450003195049"
"2021-10-26T17:28:41.025+05:00","14.615182127317112"
"2021-10-26T17:28:41.527+05:00","7.661579610271335"
"2021-10-26T17:28:42.030+05:00","5.148872403306461"
"2021-10-26T17:28:42.531+05:00","12.061782380014659"
"2021-10-26T17:28:43.032+05:00","6.900531476913046"
"2021-10-26T17:28:43.534+05:00","11.771121366307046"
"2021-10-26T17:28:44.036+05:00","7.719210136491843"
"2021-10-26T17:28:44.539+05:00","7.158636084675228"
"2021-10-26T17:28:45.041+05:00","5.270709057067572"
"2021-10-26T17:28:45.543+05:00","5.596817352171131"
"2021-10-26T17:28:46.045+05:00","6.707904063183539"
"2021-10-26T17:28:46.547+05:00","5.3764901079415495"
"2021-10-26T17:28:47.049+05:00","3.783156161476428"
"2021-10-26T17:28:47.551+05:00","12.525356903939727"
"2021-10-26T17:28:48.053+05:00","6.703437507052465"
"2021-10-26T17:28:48.556+05:00","6.403945629012813"
"2021-10-26T17:28:49.058+05:00","4.7459098849315335"
"2021-10-26T17:28:49.559+05:00","5.688393600945309"
"2021-10-26T17:28:50.060+05:00","6.575062605938036"
"2021-10-26T17:28:50.562+05:00","13.883339342636418"
"2021-10-26T17:28:51.064+05:00","3.805465908477058"
"2021-10-26T17:28:51.565+05:00","4.48828136682168"
"2021-10-26T17:28:52.067+05:00","2.5488551634924512"
"2021-10-26T17:28:52.570+05:00","3.9422125136585966"
"2021-10-26T17:28:53.071+05:00","8.166505583100715"
"2021-10-26T17:28:53.572+05:00","10.949517600950255"
"2021-10-26T17:28:54.074+05:00","23.370769871730893"
"2021-10-26T17:28:54.576+05:00","16.191497880923592"
"2021-10-26T17:28:55.077+05:00","9.82359840853488"
"2021-10-26T17:28:55.578+05:00","5.635131612875147"
"2021-10-26T17:28:56.080+05:00","6.111573875641576"
"2021-10-26T17:28:56.581+05:00","1.2454436178819908"
"2021-10-26T17:28:57.082+05:00","3.953257979286492"
"2021-10-26T17:28:57.584+05:00","1.8208628325423206"
"2021-10-26T17:28:58.086+05:00","3.241908053746539"
"2021-10-26T17:28:58.587+05:00","12.952848953894119"
"2021-10-26T17:28:59.088+05:00","5.246955747658192"
"2021-10-26T17:28:59.590+05:00","9.567085290956758"
"2021-10-26T17:29:00.091+05:00","8.335786233613543"
"2021-10-26T17:29:00.594+05:00","6.7762145874932935"
"2021-10-26T17:29:01.096+05:00","9.678185059549758"
"2021-10-26T17:29:01.597+05:00","8.175921009898097"
"2021-10-26T17:29:02.099+05:00","3.4735432343315513"
"2021-10-26T17:29:02.601+05:00","9.557786669133545"
"2021-10-26T17:29:03.103+05:00","4.4067746873989755"
"2021-10-26T17:29:03.604+05:00","6.026409270993334"
"2021-10-26T17:29:04.106+05:00","4.03917181809174"
"2021-10-26T17:29:04.617+05:00","1.2511562360615995"
"2021-10-26T17:29:05.119+05:00","0.9280601267665413"
"2021-10-26T17:29:05.621+05:00","14.65420508225527"
"2021-10-26T17:29:06.122+05:00","4.886405908024939"
"2021-10-26T17:29:06.623+05:00","4.988428302398292"
"2021-10-26T17:29:07.125+05:00","5.158309949610198"
"2021-10-26T17:29:07.627+05:00","7.028951952613886"
"2021-10-26T17:29:08.128+05:00","5.770609165422717"
"2021-10-26T17:29:08.630+05:00","12.555847834991596"
"2021-10-26T17:29:09.131+05:00","6.696334778235036"
"2021-10-26T17:29:09.632+05:00","10.887048468386539"
"2021-10-26T17:29:10.133+05:00","12.020407508327189"
"2021-10-26T17:29:10.634+05:00","19.59466057267977"
"2021-10-26T17:29:11.135+05:00","17.965673108943633"
"2021-10-26T17:29:11.637+05:00","16.596802125264844"
"2021-10-26T17:29:12.139+05:00","18.368987117536662"
"2021-10-26T17:29:12.640+05:00","8.7918723468947"
"2021-10-26T17:29:13.141+05:00","4.640460785179645"
"2021-10-26T17:29:13.642+05:00","8.323221789881156"
"2021-10-26T17:29:14.144+05:00","5.493262543294322"
"2021-10-26T17:29:14.645+05:00","4.054127165037986"
"2021-10-26T17:29:15.147+05:00","6.309749658741122"
"2021-10-26T17:29:15.649+05:00","5.099449093314455"
"2021-10-26T17:29:16.150+05:00","3.069887704515015"
"2021-10-26T17:29:16.652+05:00","7.399553640548769"
"2021-10-26T17:29:17.152+05:00","4.951506620961518"
"2021-10-26T17:29:17.654+05:00","5.169573816509057"
"2021-10-26T17:29:18.156+05:00","2.209305076331751"
"2021-10-26T17:29:18.658+05:00","2.1902847687785787"
"2021-10-26T17:29:19.160+05:00","0.7147313767662933"
"2021-10-26T17:29:19.662+05:00","1.2523596866254951"
"2021-10-26T17:29:20.164+05:00","1.1717839765136189"
"2021-10-26T17:29:20.665+05:00","4.517414117315893"
"2021-10-26T17:29:21.166+05:00","5.001565869102988"
"2021-10-26T17:29:21.668+05:00","0.8876654863480787"
"2021-10-26T17:29:22.170+05:00","5.068614684320699"
"2021-10-26T17:29:22.673+05:00","4.094588133705839"
"2021-10-26T17:29:23.175+05:00","1.4810427266942237"
"2021-10-26T17:29:23.676+05:00","10.07898030137573"
"2021-10-26T17:29:24.179+05:00","1.8374802563205608"
"2021-10-26T17:29:24.691+05:00","0.7013185739894099"
"2021-10-26T17:29:25.193+05:00","0.8137780724599648"
"2021-10-26T17:29:25.696+05:00","0.11278523820051863"
"2021-10-26T17:29:26.199+05:00","0.8264373994940863"
"2021-10-26T17:29:26.701+05:00","11.453519878312648"
"2021-10-26T17:29:27.202+05:00","1.9871683595135456"
"2021-10-26T17:29:27.703+05:00","5.392430147979442"
"2021-10-26T17:29:28.205+05:00","2.9995687373476394"
"2021-10-26T17:29:28.707+05:00","9.144608580235204"
"2021-10-26T17:29:29.209+05:00","1.8379984507987668"
"2021-10-26T17:29:29.711+05:00","3.2759249937304484"
"2021-10-26T17:29:30.213+05:00","1.7417636196114241"
"2021-10-26T17:29:30.715+05:00","1.5391796678506178"
"2021-10-26T17:29:31.217+05:00","1.0501635216312257"
"2021-10-26T17:29:31.720+05:00","1.565821433848453"
"2021-10-26T17:29:32.222+05:00","2.085505332837043"
"2021-10-26T17:29:32.725+05:00","3.068820267252425"
"2021-10-26T17:29:33.226+05:00","1.7225444092498399"
"2021-10-26T17:29:33.728+05:00","2.6122162020567705"
"2021-10-26T17:29:34.231+05:00","2.005173568465704"
"2021-10-26T17:29:34.733+05:00","2.1153845179670645"
"2021-10-26T17:29:35.235+05:00","1.0990849338834066"
"2021-10-26T17:29:35.737+05:00","1.5864753632569888"
"2021-10-26T17:29:36.239+05:00","1.508233815224447"
"2021-10-26T17:29:36.742+05:00","2.2596497272462437"
"2021-10-26T17:29:37.244+05:00","0.8719858774610277"
"2021-10-26T17:29:37.746+05:00","2.3532804874195197"
"2021-10-26T17:29:38.248+05:00","1.7898676279528731"
"2021-10-26T17:29:38.750+05:00","1.9243020859266808"
"2021-10-26T17:29:39.252+05:00","0.9262831558613117"
"2021-10-26T17:29:39.754+05:00","1.073413044394223"
"2021-10-26T17:29:40.256+05:00","1.5898515110710751"
"2021-10-26T17:29:40.759+05:00","1.1947986133012929"
"2021-10-26T17:29:41.260+05:00","0.8296342740883251"
"2021-10-26T17:29:41.762+05:00","6.943156610892051"
"2021-10-26T17:29:42.265+05:00","0.12291697113222474"
"2021-10-26T17:29:42.767+05:00","0.6601266444222698"
"2021-10-26T17:29:43.270+05:00","0.07511782667254772"
"2021-10-26T17:29:43.771+05:00","1.4454218749180285"
"2021-10-26T17:29:44.274+05:00","0.1740803636867476"
"2021-10-26T17:29:44.787+05:00","10.253514788439595"
"2021-10-26T17:29:45.288+05:00","2.4316691057371287"
"2021-10-26T17:29:45.790+05:00","10.594428350075436"
"2021-10-26T17:29:46.291+05:00","15.244311160357423"
"2021-10-26T17:29:46.792+05:00","3.5279046591153223"
"2021-10-26T17:29:47.294+05:00","14.809949632791737"
"2021-10-26T17:29:47.797+05:00","3.895297535985028"
"2021-10-26T17:29:48.299+05:00","2.753534105328839"
"2021-10-26T17:29:48.801+05:00","13.604285561235717"
"2021-10-26T17:29:49.303+05:00","3.96084197555379"
"2021-10-26T17:29:49.805+05:00","4.861539130182356"
"2021-10-26T17:29:50.307+05:00","4.304227101658206"
"2021-10-26T17:29:50.809+05:00","2.4391841708925233"
"2021-10-26T17:29:51.310+05:00","1.1896618187833483"
"2021-10-26T17:29:51.812+05:00","1.4900072732071628"
"2021-10-26T17:29:52.314+05:00","1.5629439275791024"
"2021-10-26T17:29:52.815+05:00","7.468480210028405"
"2021-10-26T17:29:53.316+05:00","11.903861943341514"
"2021-10-26T17:29:53.817+05:00","17.621137195835264"
"2021-10-26T17:29:54.319+05:00","12.0377126801333"
"2021-10-26T17:29:54.821+05:00","16.86263665065077"
"2021-10-26T17:29:55.323+05:00","7.774734046132586"
"2021-10-26T17:29:55.825+05:00","7.54345953957754"
"2021-10-26T17:29:56.326+05:00","10.309044307765177"
"2021-10-26T17:29:56.828+05:00","4.276980820983452"
"2021-10-26T17:29:57.330+05:00","19.445254613601097"
"2021-10-26T17:29:57.831+05:00","19.994500737093304"
"2021-10-26T17:29:58.332+05:00","13.874947140387228"
"2021-10-26T17:29:58.833+05:00","8.753509660604102"
"2021-10-26T17:29:59.335+05:00","9.563748402800266"
"2021-10-26T17:29:59.836+05:00","10.274813896186458"
"2021-10-26T17:30:00.336+05:00","3.6708952255572487"
"2021-10-26T17:30:00.838+05:00","0.29416334712046793"
"2021-10-26T17:30:01.339+05:00","0.07740313333966295"
"2021-10-26T17:30:01.840+05:00","1.422350622926821"
"2021-10-26T17:30:02.342+05:00","1.064990357575897"
"2021-10-26T17:30:02.845+05:00","10.5640661203472"
"2021-10-26T17:30:03.347+05:00","1.7888552177401993"
"2021-10-26T17:30:03.848+05:00","5.584275719515494"
"2021-10-26T17:30:04.349+05:00","15.040971214469344"
"2021-10-26T17:30:04.850+05:00","8.776244722936273"
"2021-10-26T17:30:05.352+05:00","4.268190609272892"
"2021-10-26T17:30:05.855+05:00","8.960915692920889"
"2021-10-26T17:30:06.357+05:00","7.811081844577031"
"2021-10-26T17:30:06.859+05:00","4.456860360863981"
"2021-10-26T17:30:07.361+05:00","1.7249544929261518"
"2021-10-26T17:30:07.863+05:00","3.038057003277819"
"2021-10-26T17:30:08.365+05:00","5.455948978979526"
"2021-10-26T17:30:08.868+05:00","2.594564048703532"
"2021-10-26T17:30:09.370+05:00","0.47816061890559136"
"2021-10-26T17:30:09.873+05:00","0.36207527753017366"
"2021-10-26T17:30:10.376+05:00","0.9011234199592482"
"2021-10-26T17:30:10.878+05:00","7.110407970659683"
"2021-10-26T17:30:11.378+05:00","5.581996540758887"
"2021-10-26T17:30:11.879+05:00","6.34763505093545"
"2021-10-26T17:30:12.382+05:00","5.382040708725416"
"2021-10-26T17:30:12.884+05:00","0.4142577512934722"
"2021-10-26T17:30:13.386+05:00","0.16694726222931738"
"2021-10-26T17:30:13.887+05:00","0.47701992381315306"
"2021-10-26T17:30:14.390+05:00","0.604246785751594"
"2021-10-26T17:30:14.892+05:00","1.7496849527853635"
"2021-10-26T17:30:15.395+05:00","5.120166009428072"
"2021-10-26T17:30:15.897+05:00","0.4118927914906449"
"2021-10-26T17:30:16.399+05:00","0.3262258558348852"
"2021-10-26T17:30:16.901+05:00","6.0330558671133225"
"2021-10-26T17:30:17.402+05:00","5.683590592614192"
"2021-10-26T17:30:17.905+05:00","9.119679850313506"
"2021-10-26T17:30:18.408+05:00","0"
"2021-10-26T17:30:18.910+05:00","2.3942346627606694"
"2021-10-26T17:30:19.412+05:00","3.1924329041427235"
"2021-10-26T17:30:19.915+05:00","2.970956513881052"
"2021-10-26T17:30:20.417+05:00","0.0395742015848921"
"2021-10-26T17:30:20.920+05:00","10.25644493266524"
"2021-10-26T17:30:21.422+05:00","1.2231137828992287"
"2021-10-26T17:30:21.924+05:00","3.218611433294664"
"2021-10-26T17:30:22.427+05:00","1.8577199178736654"
"2021-10-26T17:30:22.929+05:00","1.586590439022456"
"2021-10-26T17:30:23.432+05:00","0.7580629041031741"
"2021-10-26T17:30:23.933+05:00","2.4197647714596413"
"2021-10-26T17:30:24.435+05:00","1.4539531437448707"
"2021-10-26T17:30:24.938+05:00","1.227283140634076"
"2021-10-26T17:30:25.445+05:00","0.627516464478544"
"2021-10-26T17:30:25.947+05:00","1.8795921603324008"
"2021-10-26T17:30:26.449+05:00","2.4871569459923997"
"2021-10-26T17:30:26.951+05:00","1.1423359754948974"
"2021-10-26T17:30:27.452+05:00","1.0933678993848694"
"2021-10-26T17:30:27.954+05:00","1.5273100381687355"
"2021-10-26T17:30:28.456+05:00","2.241332746903225"
"2021-10-26T17:30:28.957+05:00","5.251978614549835"
"2021-10-26T17:30:29.459+05:00","3.4140414931958487"
"2021-10-26T17:30:29.961+05:00","2.0438855273264465"
"2021-10-26T17:30:30.463+05:00","3.886091298602883"
"2021-10-26T17:30:30.965+05:00","2.9563239055564368"
"2021-10-26T17:30:31.466+05:00","4.590273025466847"
"2021-10-26T17:30:31.967+05:00","2.0903849403237973"
"2021-10-26T17:30:32.470+05:00","3.876615751372768"
"2021-10-26T17:30:32.972+05:00","3.474408772524537"
"2021-10-26T17:30:33.473+05:00","2.7075574357784546"
"2021-10-26T17:30:33.974+05:00","2.055205931944647"
"2021-10-26T17:30:34.476+05:00","2.020203892494425"
"2021-10-26T17:30:34.979+05:00","1.7477428513195572"
"2021-10-26T17:30:35.480+05:00","0.7241577668119253"
"2021-10-26T17:30:35.981+05:00","7.301168639647305"
"2021-10-26T17:30:36.482+05:00","0"
"2021-10-26T17:30:36.983+05:00","1.0770855708587763"
"2021-10-26T17:30:37.485+05:00","0.03302842069033713"
"2021-10-26T17:30:37.988+05:00","0.9343279275118014"
"2021-10-26T17:30:38.489+05:00","0.2074888861307088"
"2021-10-26T17:30:38.991+05:00","9.279189371295763"
"2021-10-26T17:30:39.493+05:00","2.3974814116937453"
"2021-10-26T17:30:39.994+05:00","13.596754286287187"
"2021-10-26T17:30:40.495+05:00","23.33228190944995"
"2021-10-26T17:30:40.998+05:00","9.885167533266564"
"2021-10-26T17:30:41.499+05:00","10.637656896022726"
"2021-10-26T17:30:42.000+05:00","24.125420271343117"
"2021-10-26T17:30:42.501+05:00","9.815682585363476"
"2021-10-26T17:30:43.003+05:00","7.3552681812851075"
"2021-10-26T17:30:43.504+05:00","8.21426970289252"
"2021-10-26T17:30:44.005+05:00","9.059608653994708"
"2021-10-26T17:30:44.507+05:00","8.803754239366278"
"2021-10-26T17:30:45.008+05:00","8.773527245785566"
"2021-10-26T17:30:45.509+05:00","8.49549824432571"
"2021-10-26T17:30:46.011+05:00","9.938506291928025"
"2021-10-26T17:30:46.520+05:00","8.2366293037364"
"2021-10-26T17:30:47.021+05:00","11.487972642427934"
"2021-10-26T17:30:47.523+05:00","9.044131214337636"
"2021-10-26T17:30:48.024+05:00","8.776298545206632"
"2021-10-26T17:30:48.525+05:00","9.48248510552815"
"2021-10-26T17:30:49.027+05:00","8.784807093339843"
"2021-10-26T17:30:49.528+05:00","8.091182906618178"
"2021-10-26T17:30:50.029+05:00","8.819959800851462"
"2021-10-26T17:30:50.531+05:00","8.129501196708155"
"2021-10-26T17:30:51.033+05:00","9.086433974439554"
"2021-10-26T17:30:51.534+05:00","9.238742093111519"
"2021-10-26T17:30:52.036+05:00","8.028890838776062"
"2021-10-26T17:30:52.537+05:00","8.632898715128395"
"2021-10-26T17:30:53.039+05:00","8.373164276427536"
"2021-10-26T17:30:53.540+05:00","7.421816612492663"
"2021-10-26T17:30:54.043+05:00","10.72453620969409"
"2021-10-26T17:30:54.545+05:00","0"
"2021-10-26T17:30:55.048+05:00","2.1032148703854734"
"2021-10-26T17:30:55.551+05:00","0.024095543679928843"
"2021-10-26T17:30:56.054+05:00","0.7943595554835624"
"2021-10-26T17:30:56.556+05:00","0.22633659871317818"
"2021-10-26T17:30:57.059+05:00","9.509188265154485"
"2021-10-26T17:30:57.560+05:00","2.098863278010402"
"2021-10-26T17:30:58.062+05:00","2.8025486388115937"
"2021-10-26T17:30:58.565+05:00","1.992620740554751"
"2021-10-26T17:30:59.067+05:00","3.2247946713739837"
"2021-10-26T17:30:59.569+05:00","1.004292736166887"
"2021-10-26T17:31:00.070+05:00","2.415247937304803"
"2021-10-26T17:31:00.571+05:00","5.381363830882806"
"2021-10-26T17:31:01.073+05:00","4.184002693849834"
"2021-10-26T17:31:01.576+05:00","3.1474056847749026"
"2021-10-26T17:31:02.078+05:00","3.8709312600621266"
"2021-10-26T17:31:02.580+05:00","3.8613435508700817"
"2021-10-26T17:31:03.081+05:00","6.275690656294175"
"2021-10-26T17:31:03.583+05:00","3.0366545510306016"
"2021-10-26T17:31:04.084+05:00","17.00961519999812"
"2021-10-26T17:31:04.586+05:00","22.479775949960615"
"2021-10-26T17:31:05.087+05:00","19.38409629949779"
"2021-10-26T17:31:05.588+05:00","11.767889868677958"
"2021-10-26T17:31:06.089+05:00","4.958549671683194"
"2021-10-26T17:31:06.590+05:00","3.8667727311826234"
"2021-10-26T17:31:07.091+05:00","2.3438263663070464"
"2021-10-26T17:31:07.592+05:00","4.2898797442607215"
"2021-10-26T17:31:08.093+05:00","3.2329262725566514"
"2021-10-26T17:31:08.594+05:00","4.190359598650332"
"2021-10-26T17:31:09.095+05:00","4.030537773079302"
"2021-10-26T17:31:09.596+05:00","3.619342990270077"
"2021-10-26T17:31:10.097+05:00","2.9917034536683187"
"2021-10-26T17:31:10.598+05:00","3.4624378460677927"
"2021-10-26T17:31:11.099+05:00","4.779702065483222"
"2021-10-26T17:31:11.600+05:00","2.842947499758326"
"2021-10-26T17:31:12.101+05:00","4.775639138937988"
"2021-10-26T17:31:12.602+05:00","4.838437808202334"
"2021-10-26T17:31:13.103+05:00","8.110972265565973"
"2021-10-26T17:31:13.604+05:00","3.8163929724354806"
"2021-10-26T17:31:14.105+05:00","1.8381737914143133"
"2021-10-26T17:31:14.606+05:00","3.281465347977834"
"2021-10-26T17:31:15.107+05:00","12.987198668384764"
"2021-10-26T17:31:15.608+05:00","4.434874284668398"
"2021-10-26T17:31:16.109+05:00","6.2798117987313695"
"2021-10-26T17:31:16.610+05:00","11.668706406135072"
"2021-10-26T17:31:17.111+05:00","9.982863159694556"
"2021-10-26T17:31:17.612+05:00","21.212130361931536"
"2021-10-26T17:31:18.113+05:00","8.758381310134574"
"2021-10-26T17:31:18.615+05:00","11.99447569751689"
"2021-10-26T17:31:19.116+05:00","8.52323163367547"
"2021-10-26T17:31:19.618+05:00","4.573335322495439"
"2021-10-26T17:31:20.119+05:00","10.639583699630027"
"2021-10-26T17:31:20.620+05:00","12.580413390993247"
"2021-10-26T17:31:21.122+05:00","12.369284061849015"
"2021-10-26T17:31:21.623+05:00","14.67973376405116"
"2021-10-26T17:31:22.125+05:00","9.065554072517674"
"2021-10-26T17:31:22.626+05:00","21.433658057472734"
"2021-10-26T17:31:23.128+05:00","19.528644993476433"
"2021-10-26T17:31:23.629+05:00","16.007106055445426"
"2021-10-26T17:31:24.130+05:00","18.97357149761104"
"2021-10-26T17:31:24.631+05:00","16.07744716210754"
"2021-10-26T17:31:25.133+05:00","6.139163214109395"
"2021-10-26T17:31:25.634+05:00","4.1111161759885215"
"2021-10-26T17:31:26.135+05:00","2.4380057345453623"
"2021-10-26T17:31:26.637+05:00","4.81446993185444"
"2021-10-26T17:31:27.138+05:00","4.681497181621976"
"2021-10-26T17:31:27.644+05:00","4.324489738133767"
"2021-10-26T17:31:28.146+05:00","2.5226134595929124"
"2021-10-26T17:31:28.647+05:00","4.962144011783222"
"2021-10-26T17:31:29.148+05:00","5.8824583098963865"
"2021-10-26T17:31:29.649+05:00","3.054697089855528"
"2021-10-26T17:31:30.150+05:00","7.996767854066652"
"2021-10-26T17:31:30.652+05:00","0"
"2021-10-26T17:31:31.154+05:00","0.6703286985998698"
"2021-10-26T17:31:31.657+05:00","0.11877807386507097"
"2021-10-26T17:31:32.159+05:00","0.33763737140347494"
"2021-10-26T17:31:32.662+05:00","0.027027824781921825"
"2021-10-26T17:31:33.164+05:00","10.987766593532651"
"2021-10-26T17:31:33.666+05:00","3.574227123325709"
"2021-10-26T17:31:34.168+05:00","9.034396067158994"
"2021-10-26T17:31:34.669+05:00","7.161886011695058"
"2021-10-26T17:31:35.170+05:00","5.173593324070298"
"2021-10-26T17:31:35.671+05:00","3.8947918970098643"
"2021-10-26T17:31:36.173+05:00","0.42313508232379987"
"2021-10-26T17:31:36.674+05:00","0.12019091802834676"
"2021-10-26T17:31:37.176+05:00","0.29539217411091323"
"2021-10-26T17:31:37.678+05:00","0.11596243878520783"
"2021-10-26T17:31:38.180+05:00","0.06533078616018992"
"2021-10-26T17:31:38.682+05:00","0.44508684961151546"
"2021-10-26T17:31:39.183+05:00","0.08914975388558563"
"2021-10-26T17:31:39.684+05:00","0.09979456941731737"
"2021-10-26T17:31:40.187+05:00","0.06241997810516296"
"2021-10-26T17:31:40.688+05:00","0.10189312355758197"
"2021-10-26T17:31:41.189+05:00","2.6764307203308397"
"2021-10-26T17:31:41.690+05:00","0.040257560607827286"
"2021-10-26T17:31:42.191+05:00","0.06003834780039139"
"2021-10-26T17:31:42.692+05:00","0"
"2021-10-26T17:31:43.193+05:00","0.07317907939761584"
"2021-10-26T17:31:43.694+05:00","0.17432211426721514"
"2021-10-26T17:31:44.195+05:00","0.11310301785726742"
"2021-10-26T17:31:44.696+05:00","0.10117217736607746"
"2021-10-26T17:31:45.197+05:00","1.0124218753028948"
"2021-10-26T17:31:45.698+05:00","0.0260567846329017"
"2021-10-26T17:31:46.199+05:00","0.31879352618388246"
"2021-10-26T17:31:46.700+05:00","0.08957717484591518"
"2021-10-26T17:31:47.201+05:00","0"
"2021-10-26T17:31:47.702+05:00","0"
"2021-10-26T17:31:48.204+05:00","5.318901460370971"
"2021-10-26T17:31:48.709+05:00","1.4442616581945749"
"2021-10-26T17:31:49.210+05:00","0.49989378727600686"
"2021-10-26T17:31:49.711+05:00","0.0936428492336015"
"2021-10-26T17:31:50.212+05:00","0.8762538161161288"
"2021-10-26T17:31:50.713+05:00","0.11361665320288523"
"2021-10-26T17:31:51.214+05:00","9.864844459808634"
"2021-10-26T17:31:51.715+05:00","2.6712258185700946"
"2021-10-26T17:31:52.216+05:00","2.94446746441146"
"2021-10-26T17:31:52.717+05:00","2.6617515748170546"
"2021-10-26T17:31:53.218+05:00","3.013617667841991"
"2021-10-26T17:31:53.719+05:00","3.0284285180498114"
"2021-10-26T17:31:54.220+05:00","6.834707444484586"
"2021-10-26T17:31:54.721+05:00","5.230995975194794"
"2021-10-26T17:31:55.222+05:00","4.749082092064147"
"2021-10-26T17:31:55.723+05:00","12.219824483856733"
"2021-10-26T17:31:56.225+05:00","13.02966796084051"
"2021-10-26T17:31:56.726+05:00","11.36301955113402"
"2021-10-26T17:31:57.227+05:00","7.51648147430167"
"2021-10-26T17:31:57.728+05:00","3.76997262685331"
"2021-10-26T17:31:58.230+05:00","3.831043153229561"
"2021-10-26T17:31:58.731+05:00","1.9039916472711282"
"2021-10-26T17:31:59.232+05:00","4.533892045602114"
"2021-10-26T17:31:59.733+05:00","2.5969882627617054"
"2021-10-26T17:32:00.235+05:00","1.4076619730620121"
"2021-10-26T17:32:00.736+05:00","3.712508929293263"
"2021-10-26T17:32:01.237+05:00","2.9591251605936"
"2021-10-26T17:32:01.738+05:00","3.799276682403044"
"2021-10-26T17:32:02.239+05:00","8.190839102917842"
"2021-10-26T17:32:02.740+05:00","8.605328170845116"
"2021-10-26T17:32:03.241+05:00","8.551371391037964"
"2021-10-26T17:32:03.742+05:00","4.967116456694127"
"2021-10-26T17:32:04.244+05:00","5.59271004105846"
"2021-10-26T17:32:04.746+05:00","3.9141468811058604"
"2021-10-26T17:32:05.248+05:00","5.364850638340693"
"2021-10-26T17:32:05.749+05:00","3.08657162329102"
"2021-10-26T17:32:06.250+05:00","9.595863378683156"
"2021-10-26T17:32:06.752+05:00","0"
"2021-10-26T17:32:07.253+05:00","0.7626637250194981"
"2021-10-26T17:32:07.754+05:00","0.060206905649639264"
"2021-10-26T17:32:08.255+05:00","0.44234357801278157"
"2021-10-26T17:32:08.757+05:00","0.1322249486748972"
"2021-10-26T17:32:09.259+05:00","8.925236043446828"
"2021-10-26T17:32:09.760+05:00","1.4255802757082006"
"2021-10-26T17:32:10.261+05:00","4.684882171333807"
"2021-10-26T17:32:10.762+05:00","1.627381975871635"
"2021-10-26T17:32:11.264+05:00","6.595173623502877"
"2021-10-26T17:32:11.765+05:00","18.474462166381024"
"2021-10-26T17:32:12.266+05:00","19.038279979957327"
"2021-10-26T17:32:12.767+05:00","6.307607538991835"
"2021-10-26T17:32:13.268+05:00","6.879704720407661"
"2021-10-26T17:32:13.770+05:00","3.8801849705069458"
"2021-10-26T17:32:14.271+05:00","1.6952883073547003"
"2021-10-26T17:32:14.772+05:00","3.816654219602455"
"2021-10-26T17:32:15.273+05:00","1.1336050258628423"
"2021-10-26T17:32:15.775+05:00","1.1156303893388047"
"2021-10-26T17:32:16.277+05:00","0.9738945422179526"
"2021-10-26T17:32:16.780+05:00","2.4444899351204907"
"2021-10-26T17:32:17.281+05:00","4.229859997773301"
"2021-10-26T17:32:17.783+05:00","2.5080186156869706"
"2021-10-26T17:32:18.286+05:00","1.2342096537990281"
"2021-10-26T17:32:18.788+05:00","3.0539711064892714"
"2021-10-26T17:32:19.290+05:00","0.9954764235250371"
"2021-10-26T17:32:19.793+05:00","0.9831846669169577"
"2021-10-26T17:32:20.295+05:00","0.9896043326646219"
"2021-10-26T17:32:20.798+05:00","0.9245199061858795"
"2021-10-26T17:32:21.300+05:00","0.9937828291315136"
"2021-10-26T17:32:21.802+05:00","1.0321539992716686"
"2021-10-26T17:32:22.304+05:00","0.7066951190170466"
"2021-10-26T17:32:22.807+05:00","1.2390941467448373"
"2021-10-26T17:32:23.310+05:00","1.0960074703637854"
"2021-10-26T17:32:23.811+05:00","2.571589668056996"
"2021-10-26T17:32:24.314+05:00","7.944141290667624"
"2021-10-26T17:32:24.816+05:00","0.46595617044525856"
"2021-10-26T17:32:25.319+05:00","5.94815317092557"
"2021-10-26T17:32:25.822+05:00","0.06488067314168165"
"2021-10-26T17:32:26.324+05:00","0.3947751579127964"
"2021-10-26T17:32:26.827+05:00","0.10607441234814884"
"2021-10-26T17:32:27.329+05:00","9.848284917412245"
"2021-10-26T17:32:27.831+05:00","3.217269326490472"
"2021-10-26T17:32:28.333+05:00","2.0113569853798063"
"2021-10-26T17:32:28.836+05:00","2.8589111930462563"
"2021-10-26T17:32:29.337+05:00","8.23244880045371"
"2021-10-26T17:32:29.846+05:00","7.849530115972644"
"2021-10-26T17:32:30.347+05:00","16.631350711898424"
"2021-10-26T17:32:30.848+05:00","19.57780577253456"
"2021-10-26T17:32:31.349+05:00","12.217095358095657"
"2021-10-26T17:32:31.851+05:00","11.803192897382962"
"2021-10-26T17:32:32.352+05:00","19.465079435610257"
"2021-10-26T17:32:32.854+05:00","14.75074911258898"
"2021-10-26T17:32:33.355+05:00","9.920881368446551"
"2021-10-26T17:32:33.857+05:00","9.438585192579517"
"2021-10-26T17:32:34.358+05:00","11.788607227448738"
"2021-10-26T17:32:34.859+05:00","5.162036807404298"
"2021-10-26T17:32:35.361+05:00","5.850639455913968"
"2021-10-26T17:32:35.863+05:00","6.990528976742954"
"2021-10-26T17:32:36.365+05:00","4.361128963113396"
"2021-10-26T17:32:36.867+05:00","2.3713697093170376"
"2021-10-26T17:32:37.369+05:00","2.9891257229272004"
"2021-10-26T17:32:37.870+05:00","6.533061598671476"
"2021-10-26T17:32:38.372+05:00","5.812393812537421"
"2021-10-26T17:32:38.873+05:00","7.081743060797109"
"2021-10-26T17:32:39.375+05:00","3.1387155964632094"
"2021-10-26T17:32:39.877+05:00","2.7056909571519046"
"2021-10-26T17:32:40.380+05:00","2.469679566058553"
"2021-10-26T17:32:40.881+05:00","6.514256671293481"
"2021-10-26T17:32:41.383+05:00","6.9855506783871455"
"2021-10-26T17:32:41.886+05:00","4.639701280988795"
"2021-10-26T17:32:42.388+05:00","9.737650704090935"
"2021-10-26T17:32:42.891+05:00","1.4234352140011155"
"2021-10-26T17:32:43.394+05:00","1.0455626488291414"
"2021-10-26T17:32:43.895+05:00","0.4895992978934667"
"2021-10-26T17:32:44.396+05:00","0.7716015687611129"
"2021-10-26T17:32:44.898+05:00","0.16513571877906838"
"2021-10-26T17:32:45.401+05:00","9.6590813489863"
"2021-10-26T17:32:45.903+05:00","2.584201194269645"
"2021-10-26T17:32:46.405+05:00","1.9887587665960942"
"2021-10-26T17:32:46.907+05:00","2.083335361231822"
"2021-10-26T17:32:47.408+05:00","2.007025657436505"
"2021-10-26T17:32:47.910+05:00","2.090084640094374"
"2021-10-26T17:32:48.412+05:00","1.9338656516720711"
"2021-10-26T17:32:48.914+05:00","3.0474842202749275"
"2021-10-26T17:32:49.416+05:00","1.5848406674704298"
"2021-10-26T17:32:49.919+05:00","1.732468719156636"
"2021-10-26T17:32:50.421+05:00","1.1194366258241928"
"2021-10-26T17:32:50.933+05:00","1.172826242022126"
"2021-10-26T17:32:51.435+05:00","8.307026073660182"
"2021-10-26T17:32:51.938+05:00","2.8831276631215377"
"2021-10-26T17:32:52.440+05:00","0.6309005842047279"
"2021-10-26T17:32:52.943+05:00","0.06966580785624336"
"2021-10-26T17:32:53.446+05:00","2.382227513881797"
"2021-10-26T17:32:53.949+05:00","0.13159969901494384"
"2021-10-26T17:32:54.452+05:00","0.08976901327778687"
"2021-10-26T17:32:54.955+05:00","0.3322572856563717"
"2021-10-26T17:32:55.457+05:00","0"
"2021-10-26T17:32:55.960+05:00","0.07497806852064426"
"2021-10-26T17:32:56.462+05:00","0.028141899802838873"
"2021-10-26T17:32:56.965+05:00","0.12979586634887863"
"2021-10-26T17:32:57.467+05:00","1.1286049090615993"
"2021-10-26T17:32:57.970+05:00","0"
"2021-10-26T17:32:58.472+05:00","0"
"2021-10-26T17:32:58.975+05:00","0.0844785555638222"
"2021-10-26T17:32:59.478+05:00","0.1680317939065721"
"2021-10-26T17:32:59.979+05:00","2.2286302181118756"
"2021-10-26T17:33:00.481+05:00","5.852413128139077"
"2021-10-26T17:33:00.984+05:00","0.807328775326344"
"2021-10-26T17:33:01.486+05:00","2.934293221486789"
"2021-10-26T17:33:01.989+05:00","0.25549377430910913"
"2021-10-26T17:33:02.491+05:00","0.38237369858463577"
"2021-10-26T17:33:02.994+05:00","0.09070150189452392"
"2021-10-26T17:33:03.496+05:00","9.216448571392792"
"2021-10-26T17:33:03.998+05:00","2.5922040065382284"
"2021-10-26T17:33:04.499+05:00","3.078366145630128"
"2021-10-26T17:33:05.001+05:00","2.693745131252599"
"2021-10-26T17:33:05.502+05:00","1.8688940114249326"
"2021-10-26T17:33:06.004+05:00","9.87057228194985"
"2021-10-26T17:33:06.506+05:00","10.295537793072176"
"2021-10-26T17:33:07.007+05:00","20.11432475501759"
"2021-10-26T17:33:07.509+05:00","15.814991319061413"
"2021-10-26T17:33:08.010+05:00","8.585279748103261"
"2021-10-26T17:33:08.512+05:00","17.24857726586119"
"2021-10-26T17:33:09.013+05:00","8.796120663147889"
"2021-10-26T17:33:09.515+05:00","4.298984471924166"
"2021-10-26T17:33:10.016+05:00","4.759187877641526"
"2021-10-26T17:33:10.517+05:00","8.871637291562799"
"2021-10-26T17:33:11.018+05:00","9.875415716563637"
"2021-10-26T17:33:11.519+05:00","6.491624833349892"
"2021-10-26T17:33:12.021+05:00","10.338739713856775"
"2021-10-26T17:33:12.522+05:00","13.580354884965878"
"2021-10-26T17:33:13.023+05:00","12.939536363230289"
"2021-10-26T17:33:13.525+05:00","7.616388588598718"
"2021-10-26T17:33:14.027+05:00","12.327241334436646"
"2021-10-26T17:33:14.528+05:00","18.848143806270667"
"2021-10-26T17:33:15.029+05:00","10.23683957699507"
"2021-10-26T17:33:15.531+05:00","13.265312051488134"
"2021-10-26T17:33:16.032+05:00","21.62948524243537"
"2021-10-26T17:33:16.533+05:00","14.933393411671217"
"2021-10-26T17:33:17.036+05:00","14.251207896339004"
"2021-10-26T17:33:17.539+05:00","9.140264052770705"
"2021-10-26T17:33:18.040+05:00","11.156120452814685"
"2021-10-26T17:33:18.541+05:00","15.80417283173182"
"2021-10-26T17:33:19.042+05:00","2.6429061760344728"
"2021-10-26T17:33:19.544+05:00","1.799221363378696"
"2021-10-26T17:33:20.046+05:00","2.077245375136328"
"2021-10-26T17:33:20.547+05:00","5.044963276619407"
"2021-10-26T17:33:21.049+05:00","3.223341312131515"
"2021-10-26T17:33:21.550+05:00","9.585178961720475"
"2021-10-26T17:33:22.052+05:00","2.7483789262143232"
"2021-10-26T17:33:22.554+05:00","2.0246752640838768"
"2021-10-26T17:33:23.056+05:00","1.5325979874621232"
"2021-10-26T17:33:23.557+05:00","9.293758677079968"
"2021-10-26T17:33:24.059+05:00","20.14835267715256"
"2021-10-26T17:33:24.562+05:00","6.147461233963439"
"2021-10-26T17:33:25.063+05:00","7.603265105084516"
"2021-10-26T17:33:25.565+05:00","8.331448987769033"
"2021-10-26T17:33:26.067+05:00","6.073084943866641"
"2021-10-26T17:33:26.570+05:00","7.356725359175025"
"2021-10-26T17:33:27.071+05:00","4.2214998213809665"
"2021-10-26T17:33:27.573+05:00","8.124565118061257"
"2021-10-26T17:33:28.076+05:00","1.2297617436494805"
"2021-10-26T17:33:28.578+05:00","0.31603338582069024"
"2021-10-26T17:33:29.080+05:00","1.2185877184283056"
"2021-10-26T17:33:29.581+05:00","8.11650192825109"
"2021-10-26T17:33:30.082+05:00","4.066965885381345"
"2021-10-26T17:33:30.584+05:00","0.7023324176813228"
"2021-10-26T17:33:31.086+05:00","1.3230435718898608"
"2021-10-26T17:33:31.590+05:00","4.908371283025968"
"2021-10-26T17:33:32.091+05:00","3.195151339381444"
"2021-10-26T17:33:32.593+05:00","0.7159504804103111"
"2021-10-26T17:33:33.096+05:00","1.7267483536361736"
"2021-10-26T17:33:33.599+05:00","0.22113697180366595"
"2021-10-26T17:33:34.100+05:00","5.786653764795812"
"2021-10-26T17:33:34.603+05:00","0.5813917568573945"
"2021-10-26T17:33:35.105+05:00","1.0249850653731603"
"2021-10-26T17:33:35.607+05:00","4.092548006239046"
"2021-10-26T17:33:36.108+05:00","1.3241655488174642"
"2021-10-26T17:33:36.611+05:00","7.963024415624339"
"2021-10-26T17:33:37.113+05:00","1.4955689261207825"
"2021-10-26T17:33:37.615+05:00","1.4154131234285836"
"2021-10-26T17:33:38.117+05:00","0.17297973541219352"
"2021-10-26T17:33:38.620+05:00","0.41608332218727395"
"2021-10-26T17:33:39.122+05:00","0.5645450894400226"
"2021-10-26T17:33:39.623+05:00","9.859964844688097"
"2021-10-26T17:33:40.125+05:00","2.570186576020672"
"2021-10-26T17:33:40.627+05:00","0.8570863424647164"
"2021-10-26T17:33:41.129+05:00","1.505033181508896"
"2021-10-26T17:33:41.631+05:00","1.6597672797835763"
"2021-10-26T17:33:42.132+05:00","3.0752356995734424"
"2021-10-26T17:33:42.633+05:00","2.67474964529606"
"2021-10-26T17:33:43.135+05:00","1.0085625000962677"
"2021-10-26T17:33:43.637+05:00","1.574139312665183"
"2021-10-26T17:33:44.140+05:00","1.3654788544991612"
"2021-10-26T17:33:44.641+05:00","6.562837634026501"
"2021-10-26T17:33:45.143+05:00","1.0426194747490007"
"2021-10-26T17:33:45.645+05:00","7.9291855570147876"
"2021-10-26T17:33:46.147+05:00","2.7307006317813"
"2021-10-26T17:33:46.649+05:00","1.033491257332904"
"2021-10-26T17:33:47.151+05:00","1.4224705148733834"
"2021-10-26T17:33:47.653+05:00","1.494919061083618"
"2021-10-26T17:33:48.154+05:00","1.9883015280499958"
"2021-10-26T17:33:48.657+05:00","1.6160427778690418"
"2021-10-26T17:33:49.159+05:00","2.5399113036268206"
"2021-10-26T17:33:49.662+05:00","2.03638833687669"
"2021-10-26T17:33:50.164+05:00","2.4753144630091377"
"2021-10-26T17:33:50.666+05:00","1.3335092471697956"
"2021-10-26T17:33:51.168+05:00","2.7036154446028453"
"2021-10-26T17:33:51.670+05:00","1.1051768109682105"
"2021-10-26T17:33:52.172+05:00","3.1621739536454676"
"2021-10-26T17:33:52.681+05:00","1.0536168350614592"
"2021-10-26T17:33:53.184+05:00","2.2199302929319065"
"2021-10-26T17:33:53.686+05:00","3.095288406520218"
"2021-10-26T17:33:54.187+05:00","6.05177351352076"
"2021-10-26T17:33:54.690+05:00","5.67147978951799"
"2021-10-26T17:33:55.192+05:00","0.45288346014112313"
"2021-10-26T17:33:55.695+05:00","0.6518094156359063"
"2021-10-26T17:33:56.197+05:00","0.3422823530248546"
"2021-10-26T17:33:56.700+05:00","0.2258168316267195"
"2021-10-26T17:33:57.201+05:00","0.40419062918220106"
"2021-10-26T17:33:57.703+05:00","9.589376918477384"
"2021-10-26T17:33:58.206+05:00","3.155290737708037"
"2021-10-26T17:33:58.707+05:00","11.380630331151716"
"2021-10-26T17:33:59.208+05:00","17.881849782011052"
"2021-10-26T17:33:59.709+05:00","16.69244647603821"
"2021-10-26T17:34:00.211+05:00","24.73916003841788"
"2021-10-26T17:34:00.712+05:00","14.60088136924632"
"2021-10-26T17:34:01.213+05:00","14.276262197935075"
"2021-10-26T17:34:01.715+05:00","11.09841813244127"
"2021-10-26T17:34:02.216+05:00","5.6061439654542315"
"2021-10-26T17:34:02.717+05:00","12.263402148707332"
"2021-10-26T17:34:03.218+05:00","8.26343281241075"
"2021-10-26T17:34:03.720+05:00","7.295386848918579"
"2021-10-26T17:34:04.221+05:00","6.412338653785735"
"2021-10-26T17:34:04.723+05:00","3.4354416892244664"
"2021-10-26T17:34:05.224+05:00","3.986360206024879"
"2021-10-26T17:34:05.726+05:00","4.843816656861554"
"2021-10-26T17:34:06.228+05:00","3.4551298244837043"
"2021-10-26T17:34:06.730+05:00","2.720814873465076"
"2021-10-26T17:34:07.232+05:00","3.3048963521270034"
"2021-10-26T17:34:07.734+05:00","3.7100779583507753"
"2021-10-26T17:34:08.236+05:00","5.291478296046076"
"2021-10-26T17:34:08.738+05:00","2.293315401855775"
"2021-10-26T17:34:09.240+05:00","2.9840997809596126"
"2021-10-26T17:34:09.741+05:00","3.0583725696416386"
"2021-10-26T17:34:10.243+05:00","3.632782860506322"
"2021-10-26T17:34:10.745+05:00","3.820452406502062"
"2021-10-26T17:34:11.246+05:00","5.93619220781911"
"2021-10-26T17:34:11.748+05:00","5.191065132071826"
"2021-10-26T17:34:12.249+05:00","5.462996584801729"
"2021-10-26T17:34:12.751+05:00","6.441127788892633"
"2021-10-26T17:34:13.254+05:00","0.10011182987546476"
"2021-10-26T17:34:13.755+05:00","0.6898265900138751"
"2021-10-26T17:34:14.256+05:00","0.5923382513955598"
"2021-10-26T17:34:14.759+05:00","0.909013793129539"
"2021-10-26T17:34:15.261+05:00","0.3890575237418881"
"2021-10-26T17:34:15.763+05:00","9.592930460496657"
"2021-10-26T17:34:16.265+05:00","1.9802735493758148"
"2021-10-26T17:34:16.767+05:00","3.408158515984047"
"2021-10-26T17:34:17.269+05:00","2.7899890680649393"
"2021-10-26T17:34:17.771+05:00","2.1722424574317856"
"2021-10-26T17:34:18.273+05:00","2.6894296402019298"
"2021-10-26T17:34:18.775+05:00","2.2368151507509966"
"2021-10-26T17:34:19.277+05:00","2.034130411022463"
"2021-10-26T17:34:19.778+05:00","8.638522869719795"
"2021-10-26T17:34:20.280+05:00","11.426131747111246"
"2021-10-26T17:34:20.782+05:00","17.0172446759224"
"2021-10-26T17:34:21.283+05:00","11.366127025941848"
"2021-10-26T17:34:21.784+05:00","7.7722517498356325"
"2021-10-26T17:34:22.285+05:00","8.01761239755034"
"2021-10-26T17:34:22.786+05:00","9.037107777841495"
"2021-10-26T17:34:23.288+05:00","10.711169065821577"
"2021-10-26T17:34:23.790+05:00","15.816705616201945"
"2021-10-26T17:34:24.292+05:00","6.984559557948256"
"2021-10-26T17:34:24.794+05:00","9.604937013846222"
"2021-10-26T17:34:25.295+05:00","7.800331419357033"
"2021-10-26T17:34:25.796+05:00","11.953945790094636"
"2021-10-26T17:34:26.297+05:00","6.31972510201617"
"2021-10-26T17:34:26.800+05:00","3.281143968245487"
"2021-10-26T17:34:27.302+05:00","2.7277592977720717"
"2021-10-26T17:34:27.805+05:00","1.56863698709359"
"2021-10-26T17:34:28.307+05:00","1.9922132545745408"
"2021-10-26T17:34:28.810+05:00","1.223687648627441"
"2021-10-26T17:34:29.312+05:00","1.3462977869320376"
"2021-10-26T17:34:29.814+05:00","5.07803281031269"
"2021-10-26T17:34:30.315+05:00","5.508694420081642"
"2021-10-26T17:34:30.817+05:00","6.519548102409534"
"2021-10-26T17:34:31.318+05:00","0.9664328906903144"
"2021-10-26T17:34:31.821+05:00","1.1140706757709045"
"2021-10-26T17:34:32.324+05:00","0.43310960405521887"
"2021-10-26T17:34:32.825+05:00","0.5039919325700217"
"2021-10-26T17:34:33.327+05:00","0.2514158613855651"
"2021-10-26T17:34:33.831+05:00","10.355020950493515"
"2021-10-26T17:34:34.333+05:00","6.198363646137538"
"2021-10-26T17:34:34.836+05:00","6.336612562861216"
"2021-10-26T17:34:35.338+05:00","5.40697641429891"
"2021-10-26T17:34:35.839+05:00","7.961511171361079"
"2021-10-26T17:34:36.340+05:00","9.395388465720533"
"2021-10-26T17:34:36.841+05:00","6.980939247529531"
"2021-10-26T17:34:37.343+05:00","4.506987490541476"
"2021-10-26T17:34:37.844+05:00","3.4350320462575477"
"2021-10-26T17:34:38.346+05:00","6.009925369429961"
"2021-10-26T17:34:38.848+05:00","3.8198957198940815"
"2021-10-26T17:34:39.349+05:00","2.6266130789421527"
"2021-10-26T17:34:39.851+05:00","5.74304892946279"
"2021-10-26T17:34:40.354+05:00","2.5483653210279402"
"2021-10-26T17:34:40.856+05:00","4.019788639907935"
"2021-10-26T17:34:41.357+05:00","13.36904871509137"
"2021-10-26T17:34:41.858+05:00","5.8968792214888825"
"2021-10-26T17:34:42.361+05:00","2.4942240462892213"
"2021-10-26T17:34:42.863+05:00","1.6513744036502818"
"2021-10-26T17:34:43.364+05:00","2.084818868391196"
"2021-10-26T17:34:43.865+05:00","4.526317242689745"
"2021-10-26T17:34:44.368+05:00","3.040255393073112"
"2021-10-26T17:34:44.870+05:00","0.9583936730601742"
"2021-10-26T17:34:45.371+05:00","4.040922169669209"
"2021-10-26T17:34:45.873+05:00","3.329807054062755"
"2021-10-26T17:34:46.376+05:00","1.6580370033270524"
"2021-10-26T17:34:46.879+05:00","1.0748179633630233"
"2021-10-26T17:34:47.381+05:00","1.6956270894870515"
"2021-10-26T17:34:47.884+05:00","3.9430778386805603"
"2021-10-26T17:34:48.385+05:00","5.445106202340508"
"2021-10-26T17:34:48.887+05:00","5.584022293487067"
"2021-10-26T17:34:49.388+05:00","0.3078556957097809"
"2021-10-26T17:34:49.891+05:00","0.5620053864432167"
"2021-10-26T17:34:50.393+05:00","0.5865026717376389"
"2021-10-26T17:34:50.895+05:00","0.7122572673150523"
"2021-10-26T17:34:51.396+05:00","0.19497740107315756"
"2021-10-26T17:34:51.897+05:00","9.433663389596072"
"2021-10-26T17:34:52.399+05:00","3.109250051952245"
"2021-10-26T17:34:52.901+05:00","2.7187527982969284"
"2021-10-26T17:34:53.403+05:00","1.7348619486368082"
"2021-10-26T17:34:53.904+05:00","6.746894936024492"
"2021-10-26T17:34:54.405+05:00","7.3591351760583095"
"2021-10-26T17:34:54.915+05:00","5.895144842709408"
"2021-10-26T17:34:55.416+05:00","16.773963057549658"
"2021-10-26T17:34:55.918+05:00","8.87549802121014"
"2021-10-26T17:34:56.420+05:00","12.656480939070276"
"2021-10-26T17:34:56.921+05:00","17.25325018016286"
"2021-10-26T17:34:57.422+05:00","12.184327710693855"
"2021-10-26T17:34:57.924+05:00","4.352648156783552"
"2021-10-26T17:34:58.426+05:00","3.8925450269754007"
"2021-10-26T17:34:58.927+05:00","2.1017602122382812"
"2021-10-26T17:34:59.428+05:00","6.776258593880485"
"2021-10-26T17:34:59.929+05:00","13.823518476466756"
"2021-10-26T17:35:00.430+05:00","15.08434035176414"
"2021-10-26T17:35:00.932+05:00","8.076477721381002"
"2021-10-26T17:35:01.433+05:00","9.05437023800301"
"2021-10-26T17:35:01.935+05:00","8.425800824727702"
"2021-10-26T17:35:02.437+05:00","10.131275517068964"
"2021-10-26T17:35:02.938+05:00","4.7807425288965515"
"2021-10-26T17:35:03.440+05:00","5.332614477136206"
"2021-10-26T17:35:03.942+05:00","4.051860023401275"
"2021-10-26T17:35:04.445+05:00","2.0460630317039996"
"2021-10-26T17:35:04.947+05:00","1.8017249343582715"
"2021-10-26T17:35:05.449+05:00","2.5842052289488975"
"2021-10-26T17:35:05.952+05:00","2.4648220413129645"
"2021-10-26T17:35:06.453+05:00","6.3220979357035105"
"2021-10-26T17:35:06.954+05:00","8.171221597431366"
"2021-10-26T17:35:07.455+05:00","9.634162971230396"
"2021-10-26T17:35:07.958+05:00","4.734809439426067"
"2021-10-26T17:35:08.460+05:00","0.5873570165223064"
"2021-10-26T17:35:08.963+05:00","0.33032276796900945"
"2021-10-26T17:35:09.464+05:00","0.8607181944959819"
"2021-10-26T17:35:09.967+05:00","9.60780088624773"
"2021-10-26T17:35:10.469+05:00","1.824628882553619"
"2021-10-26T17:35:10.971+05:00","0.7942606546536017"
"2021-10-26T17:35:11.473+05:00","2.02124371282958"
"2021-10-26T17:35:11.975+05:00","5.315548172946668"
"2021-10-26T17:35:12.476+05:00","6.497255667321507"
"2021-10-26T17:35:12.977+05:00","1.9847339885915376"
"2021-10-26T17:35:13.480+05:00","9.03289461126096"
"2021-10-26T17:35:13.982+05:00","7.602395382678974"
"2021-10-26T17:35:14.484+05:00","0.8527595811181186"
"2021-10-26T17:35:14.987+05:00","0.3787600769540713"
"2021-10-26T17:35:15.490+05:00","1.2516597740409132"
"2021-10-26T17:35:16.000+05:00","0.32324434021625015"
"2021-10-26T17:35:16.502+05:00","0.4880071382095428"
"2021-10-26T17:35:17.003+05:00","1.0226788042479145"
"2021-10-26T17:35:17.506+05:00","3.4063103224589177"
"2021-10-26T17:35:18.007+05:00","1.141080515000503"
"2021-10-26T17:35:18.509+05:00","0.6269076006031827"
"2021-10-26T17:35:19.011+05:00","1.0702408980305589"
"2021-10-26T17:35:19.513+05:00","0.4796079493693704"
"2021-10-26T17:35:20.014+05:00","0.677971394032228"
"2021-10-26T17:35:20.516+05:00","0.5205873497552789"
"2021-10-26T17:35:21.019+05:00","0.4145884981245136"
"2021-10-26T17:35:21.521+05:00","1.4219619396308905"
"2021-10-26T17:35:22.023+05:00","0.2934827270909816"
"2021-10-26T17:35:22.524+05:00","0.8829709604970531"
"2021-10-26T17:35:23.026+05:00","0.3243964202289239"
"2021-10-26T17:35:23.529+05:00","0.39010088952132466"
"2021-10-26T17:35:24.031+05:00","0.482443935067996"
"2021-10-26T17:35:24.533+05:00","5.042383780638859"
"2021-10-26T17:35:25.034+05:00","3.3306387425535036"
"2021-10-26T17:35:25.537+05:00","0.9153445606829006"
"2021-10-26T17:35:26.039+05:00","0.8384364458980753"
"2021-10-26T17:35:26.541+05:00","0.5238481485234173"
"2021-10-26T17:35:27.044+05:00","0.5331803693665678"
"2021-10-26T17:35:27.545+05:00","4.266678376066679"
"2021-10-26T17:35:28.047+05:00","8.89210558501416"
"2021-10-26T17:35:28.549+05:00","8.956517310896086"
"2021-10-26T17:35:29.052+05:00","6.922385649578751"
"2021-10-26T17:35:29.553+05:00","13.75312888229367"
"2021-10-26T17:35:30.054+05:00","19.17073983927247"
"2021-10-26T17:35:30.556+05:00","7.97904584796119"
"2021-10-26T17:35:31.057+05:00","7.204942279578608"
"2021-10-26T17:35:31.559+05:00","2.841394482824736"
"2021-10-26T17:35:32.061+05:00","5.589640410594727"
"2021-10-26T17:35:32.562+05:00","4.705962077946042"
"2021-10-26T17:35:33.063+05:00","11.077705064203801"
"2021-10-26T17:35:33.565+05:00","3.6004053380003502"
"2021-10-26T17:35:34.067+05:00","10.964623932542395"
"2021-10-26T17:35:34.569+05:00","10.678064069865842"
"2021-10-26T17:35:35.070+05:00","6.824716754884115"
"2021-10-26T17:35:35.571+05:00","5.997345776181121"
"2021-10-26T17:35:36.080+05:00","9.822015822240505"
"2021-10-26T17:35:36.582+05:00","3.842802073232832"
"2021-10-26T17:35:37.083+05:00","0.5150806540124699"
"2021-10-26T17:35:37.586+05:00","0.5203621271337768"
"2021-10-26T17:35:38.087+05:00","8.380232277592723"
"2021-10-26T17:35:38.589+05:00","8.308840447888867"
"2021-10-26T17:35:39.092+05:00","0.5367217196825866"
"2021-10-26T17:35:39.595+05:00","0.48104549928962015"
"2021-10-26T17:35:40.097+05:00","7.7240734239129605"
"2021-10-26T17:35:40.599+05:00","1.167023085887068"
"2021-10-26T17:35:41.101+05:00","0.4436162826251799"
"2021-10-26T17:35:41.604+05:00","0.3103874222029405"
"2021-10-26T17:35:42.106+05:00","8.687507844207003"
"2021-10-26T17:35:42.607+05:00","11.160823466798655"
"2021-10-26T17:35:43.109+05:00","6.423270654529672"
"2021-10-26T17:35:43.612+05:00","0.6050868088867811"
"2021-10-26T17:35:44.115+05:00","4.9199921390877135"
"2021-10-26T17:35:44.618+05:00","0.19045158072772445"
"2021-10-26T17:35:45.120+05:00","0.35089362008393915"
"2021-10-26T17:35:45.621+05:00","4.698690335378813"
"2021-10-26T17:35:46.123+05:00","8.302883943046465"
"2021-10-26T17:35:46.626+05:00","3.3158184070771846"
"2021-10-26T17:35:47.128+05:00","3.58182661832001"
"2021-10-26T17:35:47.630+05:00","1.8317971919583624"
"2021-10-26T17:35:48.131+05:00","9.141129266484473"
"2021-10-26T17:35:48.632+05:00","13.593590684924184"
"2021-10-26T17:35:49.134+05:00","6.111566371272497"
"2021-10-26T17:35:49.637+05:00","3.110526880207477"
"2021-10-26T17:35:50.138+05:00","3.6228990649653143"
"2021-10-26T17:35:50.639+05:00","3.012267796343865"
"2021-10-26T17:35:51.142+05:00","0.35551311141619046"
"2021-10-26T17:35:51.645+05:00","0.21120773934173095"
"2021-10-26T17:35:52.147+05:00","0.5677184102548367"
"2021-10-26T17:35:52.650+05:00","2.8191520054233488"
"2021-10-26T17:35:53.153+05:00","0.2971163506505379"
"2021-10-26T17:35:53.654+05:00","1.1763135943908904"
"2021-10-26T17:35:54.156+05:00","3.6493273630398377"
"2021-10-26T17:35:54.659+05:00","0.5023180472728976"
"2021-10-26T17:35:55.161+05:00","0.05781862067789481"
"2021-10-26T17:35:55.664+05:00","0.6070474706943544"
"2021-10-26T17:35:56.167+05:00","0.35362962162285444"
"2021-10-26T17:35:56.669+05:00","0.49834128451852816"
"2021-10-26T17:35:57.179+05:00","0.028371176852144138"
"2021-10-26T17:35:57.681+05:00","0.5970047311754835"
"2021-10-26T17:35:58.182+05:00","2.7338431515208153"
"2021-10-26T17:35:58.685+05:00","0.38413034718682887"
"2021-10-26T17:35:59.186+05:00","0.33678994669091106"
"2021-10-26T17:35:59.689+05:00","0.345323885198595"
"2021-10-26T17:36:00.191+05:00","1.03499196998649"
"2021-10-26T17:36:00.693+05:00","5.6828488612679005"
"2021-10-26T17:36:01.195+05:00","2.497074556128042"
"2021-10-26T17:36:01.697+05:00","0.144055624881724"
"2021-10-26T17:36:02.200+05:00","0.48793497873692226"
"2021-10-26T17:36:02.703+05:00","0.28034298548482284"
"2021-10-26T17:36:03.206+05:00","0.24743103430897206"
"2021-10-26T17:36:03.707+05:00","5.559795727469671"
"2021-10-26T17:36:04.209+05:00","7.771613273720129"
"2021-10-26T17:36:04.711+05:00","1.6840828552996203"
"2021-10-26T17:36:05.213+05:00","8.823629323273508"
"2021-10-26T17:36:05.715+05:00","4.28711599112805"
"2021-10-26T17:36:06.216+05:00","5.991856801650758"
"2021-10-26T17:36:06.718+05:00","3.7414055480496127"
"2021-10-26T17:36:07.219+05:00","13.207366648664937"
"2021-10-26T17:36:07.721+05:00","10.247176057739134"
"2021-10-26T17:36:08.222+05:00","6.531925844498124"
"2021-10-26T17:36:08.723+05:00","9.681162689790487"
"2021-10-26T17:36:09.224+05:00","8.554779036988847"
"2021-10-26T17:36:09.727+05:00","2.883300724345739"
"2021-10-26T17:36:10.229+05:00","1.3226161502333882"
"2021-10-26T17:36:10.731+05:00","4.632881633340645"
"2021-10-26T17:36:11.233+05:00","2.1807828986247104"
"2021-10-26T17:36:11.735+05:00","1.133615213131082"
"2021-10-26T17:36:12.237+05:00","4.752683146734362"
"2021-10-26T17:36:12.738+05:00","4.6655440065640486"
"2021-10-26T17:36:13.241+05:00","1.12010600133569"
"2021-10-26T17:36:13.743+05:00","3.3973416937984005"
"2021-10-26T17:36:14.246+05:00","0.11356187084284167"
"2021-10-26T17:36:14.747+05:00","0.1717093908432828"
"2021-10-26T17:36:15.250+05:00","0.1388708832333864"
"2021-10-26T17:36:15.752+05:00","0.19470158982509056"
"2021-10-26T17:36:16.255+05:00","2.5029377166392575"
"2021-10-26T17:36:16.757+05:00","4.43569392295554"
"2021-10-26T17:36:17.259+05:00","0.08454046222100414"
"2021-10-26T17:36:17.761+05:00","0"
"2021-10-26T17:36:18.267+05:00","0.18374008307031242"
"2021-10-26T17:36:18.768+05:00","5.819971312771884"
"2021-10-26T17:36:19.269+05:00","3.675064224852168"
"2021-10-26T17:36:19.770+05:00","0.34462733034383797"
"2021-10-26T17:36:20.271+05:00","1.2153677800038174"
"2021-10-26T17:36:20.773+05:00","0.39964315430839437"
"2021-10-26T17:36:21.276+05:00","0.5683930061926534"
"2021-10-26T17:36:21.777+05:00","6.402519537579717"
"2021-10-26T17:36:22.279+05:00","7.115910840264659"
"2021-10-26T17:36:22.781+05:00","1.629163590964792"
"2021-10-26T17:36:23.283+05:00","1.8452091898998426"
"2021-10-26T17:36:23.784+05:00","2.102569913410264"
"2021-10-26T17:36:24.285+05:00","3.2704238678554276"
"2021-10-26T17:36:24.786+05:00","2.763018410206744"
"2021-10-26T17:36:25.288+05:00","1.7109327642254966"
"2021-10-26T17:36:25.789+05:00","7.187958368678396"
"2021-10-26T17:36:26.291+05:00","9.476080856448501"
"2021-10-26T17:36:26.792+05:00","15.10644285193779"
"2021-10-26T17:36:27.293+05:00","13.831648430559099"
"2021-10-26T17:36:27.795+05:00","15.430615140516664"
"2021-10-26T17:36:28.296+05:00","5.657076826779985"
"2021-10-26T17:36:28.797+05:00","11.762604328384278"
"2021-10-26T17:36:29.298+05:00","8.172232564684425"
"2021-10-26T17:36:29.799+05:00","8.264634081167397"
"2021-10-26T17:36:30.300+05:00","8.10285454837743"
"2021-10-26T17:36:30.801+05:00","5.277240766591967"
"2021-10-26T17:36:31.302+05:00","4.823736334393146"
"2021-10-26T17:36:31.803+05:00","2.7106307881411023"
"2021-10-26T17:36:32.306+05:00","1.8718254055316006"
"2021-10-26T17:36:32.807+05:00","2.321618350691822"
"2021-10-26T17:36:33.308+05:00","0.2514759854017531"
"2021-10-26T17:36:33.809+05:00","5.10443924629957"
"2021-10-26T17:36:34.310+05:00","1.8597515560120814"
"2021-10-26T17:36:34.811+05:00","0.33424349931917563"
"2021-10-26T17:36:35.312+05:00","0"
"2021-10-26T17:36:35.813+05:00","0.4006418171597327"
"2021-10-26T17:36:36.316+05:00","0.5684030535752859"
"2021-10-26T17:36:36.819+05:00","6.197847259312452"
"2021-10-26T17:36:37.320+05:00","5.081223866565496"
"2021-10-26T17:36:37.821+05:00","0.1971428037392954"
"2021-10-26T17:36:38.322+05:00","0.5325332947262204"
"2021-10-26T17:36:38.827+05:00","0.14388513926027158"
"2021-10-26T17:36:39.328+05:00","0.28685269852282147"
"2021-10-26T17:36:39.829+05:00","6.858086423113217"
"2021-10-26T17:36:40.331+05:00","6.7407355688084145"
"2021-10-26T17:36:40.833+05:00","3.000427936234394"
"2021-10-26T17:36:41.334+05:00","2.3159251877370535"
"2021-10-26T17:36:41.835+05:00","4.727077131908613"
"2021-10-26T17:36:42.336+05:00","5.658066516503055"
"2021-10-26T17:36:42.838+05:00","13.395958939881199"
"2021-10-26T17:36:43.339+05:00","10.560590860272487"
"2021-10-26T17:36:43.840+05:00","19.882777662829582"
"2021-10-26T17:36:44.342+05:00","21.124916682759682"
"2021-10-26T17:36:44.843+05:00","11.591095429711764"
"2021-10-26T17:36:45.345+05:00","12.120465009668532"
"2021-10-26T17:36:45.847+05:00","9.716770353043088"
"2021-10-26T17:36:46.348+05:00","10.49188784836108"
"2021-10-26T17:36:46.850+05:00","12.424205099498025"
"2021-10-26T17:36:47.351+05:00","18.34683341245463"
"2021-10-26T17:36:47.853+05:00","21.446685996847783"
"2021-10-26T17:36:48.354+05:00","31.124593833121807"
"2021-10-26T17:36:48.856+05:00","24.234379315559174"
"2021-10-26T17:36:49.357+05:00","26.88995356171046"
"2021-10-26T17:36:49.858+05:00","30.24679270540809"
"2021-10-26T17:36:50.360+05:00","29.416998728599673"
"2021-10-26T17:36:50.861+05:00","29.35166171397127"
"2021-10-26T17:36:51.362+05:00","21.892900367807282"
"2021-10-26T17:36:51.863+05:00","18.478407592416183"
"2021-10-26T17:36:52.364+05:00","10.837877363047141"
"2021-10-26T17:36:52.865+05:00","9.778336568542283"
"2021-10-26T17:36:53.366+05:00","9.037399370523914"
"2021-10-26T17:36:53.867+05:00","8.560923122525306"
"2021-10-26T17:36:54.369+05:00","11.839713674429662"
"2021-10-26T17:36:54.870+05:00","13.893799740757197"
"2021-10-26T17:36:55.371+05:00","15.006112680109645"
"2021-10-26T17:36:55.872+05:00","10.544237528260219"
"2021-10-26T17:36:56.375+05:00","11.464407058365605"
"2021-10-26T17:36:56.877+05:00","0.42453755191490783"
"2021-10-26T17:36:57.378+05:00","1.6945168656860312"
"2021-10-26T17:36:57.879+05:00","5.887139547426816"
"2021-10-26T17:36:58.380+05:00","7.695387910834221"
"2021-10-26T17:36:58.881+05:00","3.7340902952493624"
"2021-10-26T17:36:59.382+05:00","3.4500685509143163"
"2021-10-26T17:36:59.888+05:00","10.303529048008656"
"2021-10-26T17:37:00.390+05:00","15.672921807552257"
"2021-10-26T17:37:00.891+05:00","12.758800066024449"
"2021-10-26T17:37:01.392+05:00","18.016191008903043"
"2021-10-26T17:37:01.893+05:00","23.193794417653514"
"2021-10-26T17:37:02.394+05:00","23.65674209565534"
"2021-10-26T17:37:02.896+05:00","24.828621990948943"
"2021-10-26T17:37:03.397+05:00","12.489074004666701"
"2021-10-26T17:37:03.898+05:00","11.158018587835706"
"2021-10-26T17:37:04.399+05:00","11.306213205955693"
"2021-10-26T17:37:04.901+05:00","10.767444283634054"
"2021-10-26T17:37:05.402+05:00","12.070735455676642"
"2021-10-26T17:37:05.903+05:00","11.605959234573088"
"2021-10-26T17:37:06.404+05:00","10.442572327540148"
"2021-10-26T17:37:06.905+05:00","15.381138316281358"
"2021-10-26T17:37:07.406+05:00","7.08464056774195"
"2021-10-26T17:37:07.908+05:00","7.687154239798549"
"2021-10-26T17:37:08.409+05:00","12.450662492669114"
"2021-10-26T17:37:08.910+05:00","11.910121550784918"
"2021-10-26T17:37:09.411+05:00","11.215012528542832"
"2021-10-26T17:37:09.913+05:00","10.421851515347544"
"2021-10-26T17:37:10.414+05:00","10.538328605321583"
"2021-10-26T17:37:10.915+05:00","8.32955952526908"
"2021-10-26T17:37:11.416+05:00","9.416120483186766"
"2021-10-26T17:37:11.917+05:00","10.357584897619635"
"2021-10-26T17:37:12.418+05:00","9.15052835582399"
"2021-10-26T17:37:12.919+05:00","11.107486237573966"
"2021-10-26T17:37:13.420+05:00","6.707555407388415"
"2021-10-26T17:37:13.921+05:00","2.506290089814966"
"2021-10-26T17:37:14.423+05:00","0.8090394029777345"
"2021-10-26T17:37:14.925+05:00","0.44756722871778803"
"2021-10-26T17:37:15.426+05:00","0.46466780844425176"
"2021-10-26T17:37:15.927+05:00","3.941204836574879"
"2021-10-26T17:37:16.429+05:00","7.682084540078006"
"2021-10-26T17:37:16.930+05:00","5.228376472486626"
"2021-10-26T17:37:17.431+05:00","4.8672516056800355"
"2021-10-26T17:37:17.932+05:00","8.977520198466301"
"2021-10-26T17:37:18.433+05:00","48.430146612033724"
"2021-10-26T17:37:18.935+05:00","7.870398307315006"
"2021-10-26T17:37:19.436+05:00","0.34282158122525846"
"2021-10-26T17:37:19.937+05:00","0.5999253683930084"
"2021-10-26T17:37:20.439+05:00","0.5946675496786167"
"2021-10-26T17:37:20.940+05:00","0.2538345862031157"
"2021-10-26T17:37:21.442+05:00","0.4150374781391489"
"2021-10-26T17:37:21.943+05:00","3.2458013031477595"
"2021-10-26T17:37:22.445+05:00","4.986573001503947"
"2021-10-26T17:37:22.946+05:00","3.536561008193497"
"2021-10-26T17:37:23.447+05:00","1.3257175946594524"
"2021-10-26T17:37:23.948+05:00","0.6501707396949781"
"2021-10-26T17:37:24.449+05:00","0.4007076146530865"
"2021-10-26T17:37:24.951+05:00","0.2698420690856251"
"2021-10-26T17:37:25.454+05:00","0.22523629868884698"
"2021-10-26T17:37:25.956+05:00","0.16895862994049549"
"2021-10-26T17:37:26.459+05:00","0.3973685063362433"
"2021-10-26T17:37:26.962+05:00","0.29719333385540003"
"2021-10-26T17:37:27.464+05:00","0.4361187724609849"
"2021-10-26T17:37:27.967+05:00","0.3619133826364228"
"2021-10-26T17:37:28.469+05:00","0.7003109154503656"
"2021-10-26T17:37:28.971+05:00","0.3732231875310734"
"2021-10-26T17:37:29.474+05:00","1.01064781182077"
"2021-10-26T17:37:29.977+05:00","0.17065208702150747"
"2021-10-26T17:37:30.480+05:00","0.5971347554646412"
"2021-10-26T17:37:30.981+05:00","4.57541258554536"
"2021-10-26T17:37:31.484+05:00","5.103460655844809"
"2021-10-26T17:37:31.986+05:00","0.10541356863535631"
"2021-10-26T17:37:32.489+05:00","0.9423911720805936"
"2021-10-26T17:37:32.991+05:00","0.45043386467447644"
"2021-10-26T17:37:33.493+05:00","0.6508432358265144"
"2021-10-26T17:37:33.995+05:00","4.683910998376072"
"2021-10-26T17:37:34.496+05:00","7.930017498836171"
"2021-10-26T17:37:34.998+05:00","1.547157381499954"
"2021-10-26T17:37:35.500+05:00","2.868779070455121"
"2021-10-26T17:37:36.002+05:00","1.2190757633039042"
"2021-10-26T17:37:36.504+05:00","1.9085479536645755"
"2021-10-26T17:37:37.007+05:00","1.9826775578988507"
"2021-10-26T17:37:37.509+05:00","3.1849443566234896"
"2021-10-26T17:37:38.010+05:00","0.819498386507828"
"2021-10-26T17:37:38.513+05:00","1.6553100275240942"
"2021-10-26T17:37:39.014+05:00","4.70102757963739"
"2021-10-26T17:37:39.516+05:00","7.765407552976266"
"2021-10-26T17:37:40.017+05:00","2.3179765786357667"
"2021-10-26T17:37:40.518+05:00","12.340028704587596"
"2021-10-26T17:37:41.024+05:00","6.459435788481382"
"2021-10-26T17:37:41.526+05:00","4.826750158683342"
"2021-10-26T17:37:42.028+05:00","2.8252591635176625"
"2021-10-26T17:37:42.530+05:00","4.953923470601484"
"2021-10-26T17:37:43.032+05:00","4.460454795242786"
"2021-10-26T17:37:43.534+05:00","6.4910147860447935"
"2021-10-26T17:37:44.037+05:00","4.857984733327415"
"2021-10-26T17:37:44.539+05:00","2.735252835018312"
"2021-10-26T17:37:45.041+05:00","3.372808403119402"
"2021-10-26T17:37:45.543+05:00","3.6520012183272064"
"2021-10-26T17:37:46.045+05:00","0.8099860954918177"
"2021-10-26T17:37:46.548+05:00","3.4375836033229277"
"2021-10-26T17:37:47.050+05:00","6.493245156946541"
"2021-10-26T17:37:47.552+05:00","3.5925244376271928"
"2021-10-26T17:37:48.054+05:00","2.04091717887809"
"2021-10-26T17:37:48.556+05:00","2.5524292892966867"
"2021-10-26T17:37:49.058+05:00","5.980735617492556"
"2021-10-26T17:37:49.561+05:00","6.237967753828662"
"2021-10-26T17:37:50.062+05:00","1.500835436102725"
"2021-10-26T17:37:50.564+05:00","5.475542127849514"
"2021-10-26T17:37:51.067+05:00","0.44821505041658144"
"2021-10-26T17:37:51.570+05:00","0.44692896200995064"
"2021-10-26T17:37:52.071+05:00","4.755699375370161"
"2021-10-26T17:37:52.573+05:00","7.416193997162139"
"2021-10-26T17:37:53.075+05:00","1.5690754146729946"
"2021-10-26T17:37:53.577+05:00","2.5239719848237843"
"2021-10-26T17:37:54.079+05:00","1.089473006383587"
"2021-10-26T17:37:54.582+05:00","3.4137892833145562"
"2021-10-26T17:37:55.083+05:00","6.76515409316624"
"2021-10-26T17:37:55.584+05:00","4.964324139700395"
"2021-10-26T17:37:56.085+05:00","20.153859972242984"
"2021-10-26T17:37:56.586+05:00","12.16432732669518"
"2021-10-26T17:37:57.087+05:00","19.598032988616403"
"2021-10-26T17:37:57.588+05:00","26.362102684211585"
"2021-10-26T17:37:58.090+05:00","15.300232904263417"
"2021-10-26T17:37:58.591+05:00","7.440645401104323"
"2021-10-26T17:37:59.092+05:00","5.948047679159981"
"2021-10-26T17:37:59.594+05:00","7.760504942950886"
"2021-10-26T17:38:00.096+05:00","7.453961310125558"
"2021-10-26T17:38:00.598+05:00","10.336364366177193"
"2021-10-26T17:38:01.100+05:00","5.967437680901679"
"2021-10-26T17:38:01.601+05:00","5.746353291895762"
"2021-10-26T17:38:02.114+05:00","3.722317957963324"
"2021-10-26T17:38:02.616+05:00","6.8007447771916425"
"2021-10-26T17:38:03.119+05:00","11.973505009762322"
"2021-10-26T17:38:03.620+05:00","4.912114507640114"
"2021-10-26T17:38:04.122+05:00","7.619830554576315"
"2021-10-26T17:38:04.623+05:00","6.195490345803092"
"2021-10-26T17:38:05.125+05:00","4.131017221046417"
"2021-10-26T17:38:05.627+05:00","3.383969888842677"
"2021-10-26T17:38:06.130+05:00","2.1470691617806685"
"2021-10-26T17:38:06.632+05:00","4.936635795292263"
"2021-10-26T17:38:07.134+05:00","7.088009052774366"
"2021-10-26T17:38:07.637+05:00","6.653632092690404"
"2021-10-26T17:38:08.139+05:00","0.6816582733387835"
"2021-10-26T17:38:08.642+05:00","1.1149619435034381"
"2021-10-26T17:38:09.144+05:00","0.5889208213216026"
"2021-10-26T17:38:09.646+05:00","0.5671359998304885"
"2021-10-26T17:38:10.147+05:00","6.791222234407159"
"2021-10-26T17:38:10.650+05:00","5.8305045542618155"
"2021-10-26T17:38:11.151+05:00","3.050512498184951"
"2021-10-26T17:38:11.653+05:00","3.3956333744402976"
"2021-10-26T17:38:12.155+05:00","3.5835223259623734"
"2021-10-26T17:38:12.656+05:00","6.271535352285969"
"2021-10-26T17:38:13.158+05:00","7.668269054717581"
"2021-10-26T17:38:13.660+05:00","14.788982043002793"
"2021-10-26T17:38:14.161+05:00","12.031781629381749"
"2021-10-26T17:38:14.662+05:00","5.379298725078081"
"2021-10-26T17:38:15.163+05:00","11.668900390171167"
"2021-10-26T17:38:15.664+05:00","7.839760866837114"
"2021-10-26T17:38:16.166+05:00","10.894513065398336"
"2021-10-26T17:38:16.668+05:00","21.756526941532904"
"2021-10-26T17:38:17.170+05:00","12.417920716794592"
"2021-10-26T17:38:17.672+05:00","8.09957042306306"
"2021-10-26T17:38:18.173+05:00","14.197590613359836"
"2021-10-26T17:38:18.675+05:00","6.030679762880757"
"2021-10-26T17:38:19.177+05:00","4.761191431378409"
"2021-10-26T17:38:19.680+05:00","2.408327876930581"
"2021-10-26T17:38:20.181+05:00","4.1270759781512405"
"2021-10-26T17:38:20.682+05:00","2.1178596308324837"
"2021-10-26T17:38:21.183+05:00","2.998223410249127"
"2021-10-26T17:38:21.684+05:00","4.457388841909397"
"2021-10-26T17:38:22.186+05:00","3.849905669038541"
"2021-10-26T17:38:22.689+05:00","4.343559345966136"
"2021-10-26T17:38:23.190+05:00","5.854334973753064"
"2021-10-26T17:38:23.691+05:00","4.897997103181007"
"2021-10-26T17:38:24.193+05:00","4.226264047212116"
"2021-10-26T17:38:24.695+05:00","4.898286973047185"
"2021-10-26T17:38:25.197+05:00","7.891245697665428"
"2021-10-26T17:38:25.699+05:00","5.759728919606515"
"2021-10-26T17:38:26.200+05:00","0.48651626671697373"
"2021-10-26T17:38:26.701+05:00","1.1124722168682075"
"2021-10-26T17:38:27.204+05:00","3.121004738477177"
"2021-10-26T17:38:27.706+05:00","0.5173681932170973"
"2021-10-26T17:38:28.208+05:00","6.414466477040265"
"2021-10-26T17:38:28.710+05:00","5.536779715410449"
"2021-10-26T17:38:29.212+05:00","2.8108126546570276"
"2021-10-26T17:38:29.714+05:00","3.0581869370816004"
"2021-10-26T17:38:30.216+05:00","1.2774072286846567"
"2021-10-26T17:38:30.718+05:00","1.442615370639054"
"2021-10-26T17:38:31.220+05:00","1.5366592444901732"
"2021-10-26T17:38:31.722+05:00","1.7401854051241468"
"2021-10-26T17:38:32.223+05:00","1.5752886051221502"
"2021-10-26T17:38:32.725+05:00","1.0043408368511433"
"2021-10-26T17:38:33.228+05:00","0.9807938760994662"
"2021-10-26T17:38:33.730+05:00","1.051535926858473"
"2021-10-26T17:38:34.232+05:00","1.2678937561055261"
"2021-10-26T17:38:34.734+05:00","1.1405462545214087"
"2021-10-26T17:38:35.236+05:00","1.4772880760115332"
"2021-10-26T17:38:35.739+05:00","3.01295597995567"
"2021-10-26T17:38:36.241+05:00","1.3456876525071544"
"2021-10-26T17:38:36.744+05:00","1.828370762291988"
"2021-10-26T17:38:37.245+05:00","4.181161986364415"
"2021-10-26T17:38:37.747+05:00","7.342068376108633"
"2021-10-26T17:38:38.248+05:00","14.082236675118533"
"2021-10-26T17:38:38.750+05:00","8.104575821120024"
"2021-10-26T17:38:39.252+05:00","7.5789799072921795"
"2021-10-26T17:38:39.753+05:00","6.783863037371908"
"2021-10-26T17:38:40.254+05:00","15.456317379023888"
"2021-10-26T17:38:40.755+05:00","6.93793002654571"
"2021-10-26T17:38:41.257+05:00","6.066159408791648"
"2021-10-26T17:38:41.759+05:00","6.741018735433473"
"2021-10-26T17:38:42.261+05:00","6.451423703006059"
"2021-10-26T17:38:42.762+05:00","5.662923476857911"
"2021-10-26T17:38:43.267+05:00","8.618197556115518"
"2021-10-26T17:38:43.770+05:00","7.77280215325025"
"2021-10-26T17:38:44.272+05:00","0.24710800457901536"
"2021-10-26T17:38:44.775+05:00","0.4789037464217005"
"2021-10-26T17:38:45.278+05:00","0.2072153998071138"
"2021-10-26T17:38:45.780+05:00","0.5413210854528415"
"2021-10-26T17:38:46.282+05:00","7.214647734209838"
"2021-10-26T17:38:46.783+05:00","6.150977974508795"
"2021-10-26T17:38:47.284+05:00","2.2082454158027196"
"2021-10-26T17:38:47.786+05:00","5.0374982912515165"
"2021-10-26T17:38:48.287+05:00","11.397749249683292"
"2021-10-26T17:38:48.788+05:00","16.235675685392987"
"2021-10-26T17:38:49.289+05:00","15.40173019821617"
"2021-10-26T17:38:49.790+05:00","22.883930633152033"
"2021-10-26T17:38:50.291+05:00","21.84757335005395"
"2021-10-26T17:38:50.793+05:00","20.20337283656372"
"2021-10-26T17:38:51.294+05:00","9.063901924931894"
"2021-10-26T17:38:51.795+05:00","10.97394074467199"
"2021-10-26T17:38:52.297+05:00","3.1309471023845985"
"2021-10-26T17:38:52.798+05:00","18.14381222812846"
"2021-10-26T17:38:53.299+05:00","17.68691562221029"
"2021-10-26T17:38:53.800+05:00","19.853644809157114"
"2021-10-26T17:38:54.301+05:00","25.48683268831335"
"2021-10-26T17:38:54.803+05:00","14.477632854580872"
"2021-10-26T17:38:55.304+05:00","20.752926543833283"
"2021-10-26T17:38:55.806+05:00","10.32246941736477"
"2021-10-26T17:38:56.307+05:00","14.324896559633697"
"2021-10-26T17:38:56.809+05:00","12.98406555790358"
"2021-10-26T17:38:57.310+05:00","9.315717756630676"
"2021-10-26T17:38:57.811+05:00","9.05168890851408"
"2021-10-26T17:38:58.312+05:00","9.324687935737272"
"2021-10-26T17:38:58.812+05:00","8.280037002907465"
"2021-10-26T17:38:59.314+05:00","5.755988821364542"
"2021-10-26T17:38:59.817+05:00","1.3940398777406453"
"2021-10-26T17:39:00.319+05:00","2.9136872480672626"
"2021-10-26T17:39:00.821+05:00","2.0840259579630045"
"2021-10-26T17:39:01.322+05:00","9.368282799135915"
"2021-10-26T17:39:01.825+05:00","10.30443782334711"
"2021-10-26T17:39:02.327+05:00","0.7087994954254184"
"2021-10-26T17:39:02.839+05:00","1.1075684559313463"
"2021-10-26T17:39:03.341+05:00","4.1838505741573515"
"2021-10-26T17:39:03.843+05:00","2.7006753550899383"
"2021-10-26T17:39:04.345+05:00","7.808339139243324"
"2021-10-26T17:39:04.847+05:00","7.96643507293743"
"2021-10-26T17:39:05.348+05:00","2.59844999207887"
"2021-10-26T17:39:05.851+05:00","4.183516694832859"
"2021-10-26T17:39:06.353+05:00","0.29303203475429906"
"2021-10-26T17:39:06.855+05:00","0.09147037012666757"
"2021-10-26T17:39:07.358+05:00","0"
"2021-10-26T17:39:07.860+05:00","0.08050136745712592"
"2021-10-26T17:39:08.362+05:00","0.11953205418686871"
"2021-10-26T17:39:08.864+05:00","0"
"2021-10-26T17:39:09.367+05:00","0.17718813797631494"
"2021-10-26T17:39:09.870+05:00","0.1080190288352428"
"2021-10-26T17:39:10.372+05:00","0.3512235256831676"
"2021-10-26T17:39:10.875+05:00","0.02855379808315797"
"2021-10-26T17:39:11.377+05:00","0.21741713479850416"
"2021-10-26T17:39:11.879+05:00","0"
"2021-10-26T17:39:12.381+05:00","0.28423861726770866"
"2021-10-26T17:39:12.884+05:00","1.3141109750816569"
"2021-10-26T17:39:13.386+05:00","0"
"2021-10-26T17:39:13.888+05:00","0"
"2021-10-26T17:39:14.389+05:00","0.12148431022682857"
"2021-10-26T17:39:14.891+05:00","0.07845614238559591"
"2021-10-26T17:39:15.394+05:00","0"
"2021-10-26T17:39:15.896+05:00","0.30071249446372933"
"2021-10-26T17:39:16.399+05:00","0.06058313846292075"
"2021-10-26T17:39:16.901+05:00","1.6725829173847617"
"2021-10-26T17:39:17.403+05:00","0.2449037185824873"
"2021-10-26T17:39:17.906+05:00","0"
"2021-10-26T17:39:18.408+05:00","0.025521226614721983"
"2021-10-26T17:39:18.911+05:00","0.12466207309272213"
"2021-10-26T17:39:19.411+05:00","6.063925385455103"
"2021-10-26T17:39:19.912+05:00","0.9535937683559317"
"2021-10-26T17:39:20.415+05:00","2.2020603515216486"
"2021-10-26T17:39:20.917+05:00","0.5690865980736765"
"2021-10-26T17:39:21.420+05:00","2.349818883495895"
"2021-10-26T17:39:21.923+05:00","0.5743891884361151"
"2021-10-26T17:39:22.424+05:00","9.119586917213446"
"2021-10-26T17:39:22.934+05:00","3.869725348907339"
"2021-10-26T17:39:23.435+05:00","4.433187351822169"
"2021-10-26T17:39:23.936+05:00","11.659084454763178"
"2021-10-26T17:39:24.437+05:00","5.972296998111375"
"2021-10-26T17:39:24.939+05:00","3.3845469124510927"
"2021-10-26T17:39:25.441+05:00","1.6641462759692232"
"2021-10-26T17:39:25.942+05:00","4.65519991117783"
"2021-10-26T17:39:26.443+05:00","3.79764781415526"
"2021-10-26T17:39:26.945+05:00","19.79777438837526"
"2021-10-26T17:39:27.447+05:00","11.871002121945423"
"2021-10-26T17:39:27.948+05:00","6.959028589529568"
"2021-10-26T17:39:28.450+05:00","9.645644485175215"
"2021-10-26T17:39:28.952+05:00","3.478030546745946"
"2021-10-26T17:39:29.455+05:00","2.59118605141464"
"2021-10-26T17:39:29.956+05:00","10.09280526609728"
"2021-10-26T17:39:30.457+05:00","7.999855236571485"
"2021-10-26T17:39:30.958+05:00","6.414344208230164"
"2021-10-26T17:39:31.460+05:00","4.364790948306865"
"2021-10-26T17:39:31.961+05:00","5.845219370054796"
"2021-10-26T17:39:32.463+05:00","10.092145160107512"
"2021-10-26T17:39:32.964+05:00","10.928029703002856"
"2021-10-26T17:39:33.465+05:00","8.65280157897685"
"2021-10-26T17:39:33.967+05:00","8.693810899682916"
"2021-10-26T17:39:34.469+05:00","11.355355766111341"
"2021-10-26T17:39:34.971+05:00","8.153637003689099"
"2021-10-26T17:39:35.473+05:00","15.27529892260075"
"2021-10-26T17:39:35.973+05:00","13.37805569544945"
"2021-10-26T17:39:36.475+05:00","19.676718702112037"
"2021-10-26T17:39:36.976+05:00","9.45331628779097"
"2021-10-26T17:39:37.478+05:00","19.704425050044325"
"2021-10-26T17:39:37.980+05:00","8.047862416232"
"2021-10-26T17:39:38.482+05:00","0.813885097072768"
"2021-10-26T17:39:38.985+05:00","0.6447793090693582"
"2021-10-26T17:39:39.488+05:00","0.5075940560843928"
"2021-10-26T17:39:39.991+05:00","0.5363411171107487"
"2021-10-26T17:39:40.493+05:00","9.619504188870295"
"2021-10-26T17:39:40.995+05:00","4.187954927405924"
"2021-10-26T17:39:41.497+05:00","3.171510090925064"
"2021-10-26T17:39:41.998+05:00","4.334321739004567"
"2021-10-26T17:39:42.500+05:00","5.824380667326083"
"2021-10-26T17:39:43.002+05:00","13.58361724048661"
"2021-10-26T17:39:43.503+05:00","12.654220596607036"
"2021-10-26T17:39:44.005+05:00","4.264876222868626"
"2021-10-26T17:39:44.506+05:00","20.66528294353026"
"2021-10-26T17:39:45.007+05:00","23.488043773277468"
"2021-10-26T17:39:45.508+05:00","24.995142383068696"
"2021-10-26T17:39:46.009+05:00","22.98884727879448"
"2021-10-26T17:39:46.512+05:00","14.222276245768148"
"2021-10-26T17:39:47.013+05:00","13.751351255690858"
"2021-10-26T17:39:47.515+05:00","8.844421319420228"
"2021-10-26T17:39:48.017+05:00","8.3102336406107"
"2021-10-26T17:39:48.519+05:00","10.599090311703485"
"2021-10-26T17:39:49.021+05:00","5.832436259463481"
"2021-10-26T17:39:49.522+05:00","8.400431649261291"
"2021-10-26T17:39:50.023+05:00","12.472008945963621"
"2021-10-26T17:39:50.525+05:00","9.947846831946535"
"2021-10-26T17:39:51.028+05:00","10.119383252075185"
"2021-10-26T17:39:51.529+05:00","9.501794276695424"
"2021-10-26T17:39:52.032+05:00","12.885489436077282"
"2021-10-26T17:39:52.533+05:00","5.455285400448773"
"2021-10-26T17:39:53.035+05:00","6.129506831997945"
"2021-10-26T17:39:53.536+05:00","5.3032635015726095"
"2021-10-26T17:39:54.038+05:00","8.105805815744553"
"2021-10-26T17:39:54.539+05:00","15.631317766537562"
"2021-10-26T17:39:55.040+05:00","7.99323689424997"
"2021-10-26T17:39:55.541+05:00","22.22429006947789"
"2021-10-26T17:39:56.042+05:00","5.943360664924934"
"2021-10-26T17:39:56.543+05:00","0.6057515282673279"
"2021-10-26T17:39:57.045+05:00","0.38231032276889637"
"2021-10-26T17:39:57.548+05:00","0.34121132533915455"
"2021-10-26T17:39:58.049+05:00","2.309621291527746"
"2021-10-26T17:39:58.551+05:00","10.659438978172021"
"2021-10-26T17:39:59.053+05:00","3.831351424032483"
"2021-10-26T17:39:59.555+05:00","4.443997879105087"
"2021-10-26T17:40:00.056+05:00","2.3612182559461923"
"2021-10-26T17:40:00.558+05:00","1.9282557556256006"
"2021-10-26T17:40:01.059+05:00","2.6367273219215472"
"2021-10-26T17:40:01.561+05:00","1.73012947594218"
"2021-10-26T17:40:02.063+05:00","9.058587646436985"
"2021-10-26T17:40:02.563+05:00","8.664773561206129"
"2021-10-26T17:40:03.065+05:00","16.544228751027596"
"2021-10-26T17:40:03.566+05:00","9.837525493360118"
"2021-10-26T17:40:04.076+05:00","8.021943358131935"
"2021-10-26T17:40:04.577+05:00","10.499780617639633"
"2021-10-26T17:40:05.079+05:00","9.867206238523897"
"2021-10-26T17:40:05.580+05:00","18.387229418013877"
"2021-10-26T17:40:06.081+05:00","18.559004945124954"
"2021-10-26T17:40:06.582+05:00","6.9688551327467625"
"2021-10-26T17:40:07.083+05:00","9.324199717313544"
"2021-10-26T17:40:07.584+05:00","13.190027404873678"
"2021-10-26T17:40:08.086+05:00","10.79866558163276"
"2021-10-26T17:40:08.588+05:00","23.52990188252347"
"2021-10-26T17:40:09.090+05:00","13.624322717839227"
"2021-10-26T17:40:09.591+05:00","8.552306520094291"
"2021-10-26T17:40:10.092+05:00","9.24658421764956"
"2021-10-26T17:40:10.594+05:00","2.1979204126155083"
"2021-10-26T17:40:11.096+05:00","3.0285788855704934"
"2021-10-26T17:40:11.597+05:00","2.517523356081925"
"2021-10-26T17:40:12.099+05:00","6.10167984310563"
"2021-10-26T17:40:12.601+05:00","1.8697137245466033"
"2021-10-26T17:40:13.103+05:00","2.2150318800477806"
"2021-10-26T17:40:13.606+05:00","9.38856182023438"
"2021-10-26T17:40:14.108+05:00","1.462400415734996"
"2021-10-26T17:40:14.609+05:00","0.07313308406435176"
"2021-10-26T17:40:15.111+05:00","0.7930618198876979"
"2021-10-26T17:40:15.613+05:00","0.5945689135369208"
"2021-10-26T17:40:16.116+05:00","1.055413052216003"
"2021-10-26T17:40:16.618+05:00","9.877206360294089"
"2021-10-26T17:40:17.121+05:00","6.738563292661696"
"2021-10-26T17:40:17.622+05:00","17.11035964501101"
"2021-10-26T17:40:18.125+05:00","28.203132790327764"
"2021-10-26T17:40:18.627+05:00","21.17388896667552"
"2021-10-26T17:40:19.128+05:00","15.880311118043162"
"2021-10-26T17:40:19.629+05:00","16.730499875820136"
"2021-10-26T17:40:20.131+05:00","19.66766404830446"
"2021-10-26T17:40:20.632+05:00","10.243750560721985"
"2021-10-26T17:40:21.132+05:00","8.095069862877025"
"2021-10-26T17:40:21.633+05:00","11.733325690336429"
"2021-10-26T17:40:22.134+05:00","14.031869448245793"
"2021-10-26T17:40:22.635+05:00","6.459305072669057"
"2021-10-26T17:40:23.136+05:00","22.78478542492683"
"2021-10-26T17:40:23.637+05:00","13.146492615067286"
"2021-10-26T17:40:24.139+05:00","20.809820294751525"
"2021-10-26T17:40:24.640+05:00","9.394104710293819"
"2021-10-26T17:40:25.150+05:00","9.542199840544264"
"2021-10-26T17:40:25.651+05:00","10.009353229307964"
"2021-10-26T17:40:26.152+05:00","16.694221233923408"
"2021-10-26T17:40:26.653+05:00","6.245117012300663"
"2021-10-26T17:40:27.155+05:00","7.912343195538632"
"2021-10-26T17:40:27.657+05:00","4.35121032482466"
"2021-10-26T17:40:28.159+05:00","4.68229244661316"
"2021-10-26T17:40:28.660+05:00","5.194441366918246"
"2021-10-26T17:40:29.162+05:00","4.254873859692148"
"2021-10-26T17:40:29.664+05:00","4.073915268055857"
"2021-10-26T17:40:30.166+05:00","5.128005812985953"
"2021-10-26T17:40:30.668+05:00","1.8621471238584573"
"2021-10-26T17:40:31.170+05:00","3.4249641726399367"
"2021-10-26T17:40:31.671+05:00","11.596181575572315"
"2021-10-26T17:40:32.174+05:00","2.618900989727244"
"2021-10-26T17:40:32.675+05:00","6.339860637316187"
"2021-10-26T17:40:33.176+05:00","14.614804550352316"
"2021-10-26T17:40:33.677+05:00","0.6762643871136391"
"2021-10-26T17:40:34.180+05:00","2.184543920580032"
"2021-10-26T17:40:34.682+05:00","9.299885603265604"
"2021-10-26T17:40:35.184+05:00","4.71274176009034"
"2021-10-26T17:40:35.687+05:00","1.95159629871537"
"2021-10-26T17:40:36.189+05:00","2.9578462434130133"
"2021-10-26T17:40:36.690+05:00","4.316050570485885"
"2021-10-26T17:40:37.192+05:00","9.16207015910361"
"2021-10-26T17:40:37.694+05:00","4.896414067272817"
"2021-10-26T17:40:38.196+05:00","8.649933582788458"
"2021-10-26T17:40:38.698+05:00","4.190063691129816"
"2021-10-26T17:40:39.199+05:00","16.882504567291747"
"2021-10-26T17:40:39.700+05:00","13.682926851634335"
"2021-10-26T17:40:40.202+05:00","8.480354697759221"
"2021-10-26T17:40:40.704+05:00","10.898571037130136"
"2021-10-26T17:40:41.205+05:00","22.469307935670855"
"2021-10-26T17:40:41.707+05:00","17.663789345079326"
"2021-10-26T17:40:42.208+05:00","18.603067066179424"
"2021-10-26T17:40:42.709+05:00","26.25924322120204"
"2021-10-26T17:40:43.210+05:00","26.520439808358635"
"2021-10-26T17:40:43.712+05:00","17.786622986183527"
"2021-10-26T17:40:44.213+05:00","9.02845142231218"
"2021-10-26T17:40:44.714+05:00","8.361813826388827"
"2021-10-26T17:40:45.215+05:00","7.893096505444202"
"2021-10-26T17:40:45.716+05:00","6.41965203115384"
"2021-10-26T17:40:46.217+05:00","6.712388906818945"
"2021-10-26T17:40:46.719+05:00","8.11361585817476"
"2021-10-26T17:40:47.220+05:00","6.788925457012423"
"2021-10-26T17:40:47.722+05:00","7.157375181162556"
"2021-10-26T17:40:48.224+05:00","10.370731715992406"
"2021-10-26T17:40:48.725+05:00","7.707803288847211"
"2021-10-26T17:40:49.227+05:00","7.0730470674993065"
"2021-10-26T17:40:49.728+05:00","14.132817435102535"
"2021-10-26T17:40:50.230+05:00","2.013498949596695"
"2021-10-26T17:40:50.733+05:00","0.20825325556648502"
"2021-10-26T17:40:51.235+05:00","0.9167640453393611"
"2021-10-26T17:40:51.738+05:00","0.3495575223613167"
"2021-10-26T17:40:52.240+05:00","7.7087314814415775"
"2021-10-26T17:40:52.741+05:00","15.64144585333774"
"2021-10-26T17:40:53.242+05:00","3.1966087706602306"
"2021-10-26T17:40:53.744+05:00","2.952039135429199"
"2021-10-26T17:40:54.246+05:00","3.066327186949862"
"2021-10-26T17:40:54.747+05:00","1.3682245044554906"
"2021-10-26T17:40:55.248+05:00","6.257704060787871"
"2021-10-26T17:40:55.750+05:00","4.736120232469185"
"2021-10-26T17:40:56.252+05:00","3.982847131649552"
"2021-10-26T17:40:56.753+05:00","2.670794188920709"
"2021-10-26T17:40:57.255+05:00","18.647834830701704"
"2021-10-26T17:40:57.756+05:00","6.0003552719643745"
"2021-10-26T17:40:58.257+05:00","8.47693971776274"
"2021-10-26T17:40:58.759+05:00","4.191619165601869"
"2021-10-26T17:40:59.261+05:00","12.790672659402176"
"2021-10-26T17:40:59.763+05:00","5.001114667121989"
"2021-10-26T17:41:00.264+05:00","8.83844261443501"
"2021-10-26T17:41:00.765+05:00","3.024201624606097"
"2021-10-26T17:41:01.267+05:00","11.125763220138746"
"2021-10-26T17:41:01.769+05:00","10.342901590603244"
"2021-10-26T17:41:02.270+05:00","5.000679511236786"
"2021-10-26T17:41:02.771+05:00","4.277112677684638"
"2021-10-26T17:41:03.272+05:00","3.7569694364809525"
"2021-10-26T17:41:03.774+05:00","4.081286596487454"
"2021-10-26T17:41:04.276+05:00","3.8447314743606906"
"2021-10-26T17:41:04.778+05:00","2.7888940081591262"
"2021-10-26T17:41:05.279+05:00","4.542411572811495"
"2021-10-26T17:41:05.781+05:00","4.46552529330185"
"2021-10-26T17:41:06.296+05:00","4.535180083726705"
"2021-10-26T17:41:06.797+05:00","2.5633291847644193"
"2021-10-26T17:41:07.298+05:00","3.2993549972213803"
"2021-10-26T17:41:07.799+05:00","9.674455483921875"
"2021-10-26T17:41:08.302+05:00","1.2805741361666205"
"2021-10-26T17:41:08.803+05:00","0.09685746518704498"
"2021-10-26T17:41:09.306+05:00","0.4429289929479051"
"2021-10-26T17:41:09.808+05:00","0.324563926848699"
"2021-10-26T17:41:10.311+05:00","0.9099167332570757"
"2021-10-26T17:41:10.812+05:00","9.379980076737144"
"2021-10-26T17:41:11.314+05:00","2.29175880521164"
"2021-10-26T17:41:11.816+05:00","3.738021645439523"
"2021-10-26T17:41:12.318+05:00","1.7801842885670063"
"2021-10-26T17:41:12.820+05:00","1.0368491325546572"
"2021-10-26T17:41:13.323+05:00","1.741367362810976"
"2021-10-26T17:41:13.824+05:00","6.2580004217141685"
"2021-10-26T17:41:14.326+05:00","1.6983648502677646"
"2021-10-26T17:41:14.827+05:00","3.0817525151510754"
"2021-10-26T17:41:15.328+05:00","4.932435127427603"
"2021-10-26T17:41:15.829+05:00","11.403539437579735"
"2021-10-26T17:41:16.330+05:00","6.160339849768113"
"2021-10-26T17:41:16.831+05:00","5.499282037709863"
"2021-10-26T17:41:17.333+05:00","4.835805243708512"
"2021-10-26T17:41:17.835+05:00","3.1886127604963765"
"2021-10-26T17:41:18.336+05:00","4.689059701881208"
"2021-10-26T17:41:18.837+05:00","3.449907001235301"
"2021-10-26T17:41:19.340+05:00","2.5342407781096927"
"2021-10-26T17:41:19.842+05:00","2.0550300220177107"
"2021-10-26T17:41:20.344+05:00","0.2678698462390685"
"2021-10-26T17:41:20.846+05:00","0.009531454246760879"
"2021-10-26T17:41:21.348+05:00","0.8871960384692421"
"2021-10-26T17:41:21.850+05:00","0.07791200147954826"
"2021-10-26T17:41:22.351+05:00","0"
"2021-10-26T17:41:22.852+05:00","0.9591591293891967"
"2021-10-26T17:41:23.354+05:00","0.4347977837809099"
"2021-10-26T17:41:23.855+05:00","0.07392557227902513"
"2021-10-26T17:41:24.358+05:00","0.1097048215904132"
"2021-10-26T17:41:24.859+05:00","0.2883274285677514"
"2021-10-26T17:41:25.362+05:00","0.10527526369559492"
"2021-10-26T17:41:25.863+05:00","6.830889544282728"
"2021-10-26T17:41:26.364+05:00","0.5429243244021008"
"2021-10-26T17:41:26.865+05:00","1.799108085378134"
"2021-10-26T17:41:27.370+05:00","0.31366192557836464"
"2021-10-26T17:41:27.872+05:00","0.3115785942630756"
"2021-10-26T17:41:28.373+05:00","1.331961503227749"
"2021-10-26T17:41:28.874+05:00","8.863485125526552"
"2021-10-26T17:41:29.375+05:00","3.9913135147082066"
"2021-10-26T17:41:29.876+05:00","3.960991300096021"
"2021-10-26T17:41:30.377+05:00","6.758471947894275"
"2021-10-26T17:41:30.879+05:00","5.1287724425334265"
"2021-10-26T17:41:31.380+05:00","5.520394246464304"
"2021-10-26T17:41:31.881+05:00","2.4425483045467025"
"2021-10-26T17:41:32.383+05:00","22.228577003495793"
"2021-10-26T17:41:32.884+05:00","19.34702467397137"
"2021-10-26T17:41:33.385+05:00","9.799192639010592"
"2021-10-26T17:41:33.886+05:00","10.647341429815306"
"2021-10-26T17:41:34.387+05:00","8.825149219669614"
"2021-10-26T17:41:34.889+05:00","5.161939000548001"
"2021-10-26T17:41:35.390+05:00","4.934678781689044"
"2021-10-26T17:41:35.890+05:00","6.174058574502469"
"2021-10-26T17:41:36.392+05:00","5.1452802457194835"
"2021-10-26T17:41:36.893+05:00","8.665625295606754"
"2021-10-26T17:41:37.395+05:00","2.5002890579889874"
"2021-10-26T17:41:37.897+05:00","3.507058927551544"
"2021-10-26T17:41:38.399+05:00","3.840970986913512"
"2021-10-26T17:41:38.900+05:00","1.7607665040907658"
"2021-10-26T17:41:39.402+05:00","0.9728682908729752"
"2021-10-26T17:41:39.903+05:00","1.4618672172787721"
"2021-10-26T17:41:40.404+05:00","1.6470360818676866"
"2021-10-26T17:41:40.905+05:00","3.870581107560111"
"2021-10-26T17:41:41.406+05:00","1.5598423648080404"
"2021-10-26T17:41:41.908+05:00","1.421340749909318"
"2021-10-26T17:41:42.410+05:00","1.0923475748526168"
"2021-10-26T17:41:42.911+05:00","1.912341043527889"
"2021-10-26T17:41:43.412+05:00","0.5178189111315312"
"2021-10-26T17:41:43.913+05:00","7.373582141584989"
"2021-10-26T17:41:44.415+05:00","1.4208411493050839"
"2021-10-26T17:41:44.916+05:00","0.07673994167262901"
"2021-10-26T17:41:45.418+05:00","0.39583878318632404"
"2021-10-26T17:41:45.920+05:00","0.3425370019092805"
"2021-10-26T17:41:46.421+05:00","1.1728338918068897"
"2021-10-26T17:41:46.922+05:00","9.201938444114974"
"2021-10-26T17:41:47.423+05:00","3.0733305703048432"
"2021-10-26T17:41:47.928+05:00","3.762209176594176"
"2021-10-26T17:41:48.429+05:00","2.3989074841752354"
"2021-10-26T17:41:48.930+05:00","2.347209244287563"
"2021-10-26T17:41:49.432+05:00","3.088815648833809"
"2021-10-26T17:41:49.934+05:00","1.4790850894868632"
"2021-10-26T17:41:50.436+05:00","1.639573440689603"
"2021-10-26T17:41:50.937+05:00","0.8921547924914764"
"2021-10-26T17:41:51.438+05:00","7.612673176388093"
"2021-10-26T17:41:51.940+05:00","4.435428078234011"
"2021-10-26T17:41:52.441+05:00","13.253446256021775"
"2021-10-26T17:41:52.942+05:00","19.662366680647033"
"2021-10-26T17:41:53.443+05:00","16.199777060508485"
"2021-10-26T17:41:53.944+05:00","7.759060286900497"
"2021-10-26T17:41:54.445+05:00","13.778268998167475"
"2021-10-26T17:41:54.946+05:00","6.452311697971846"
"2021-10-26T17:41:55.449+05:00","7.132179287989485"
"2021-10-26T17:41:55.950+05:00","8.003562819564694"
"2021-10-26T17:41:56.451+05:00","8.012262513120938"
"2021-10-26T17:41:56.952+05:00","17.693167302516045"
"2021-10-26T17:41:57.453+05:00","6.61080066392369"
"2021-10-26T17:41:57.954+05:00","11.732671969922407"
"2021-10-26T17:41:58.455+05:00","10.297855074814"
"2021-10-26T17:41:58.956+05:00","4.60224883523178"
"2021-10-26T17:41:59.457+05:00","9.81295725256103"
"2021-10-26T17:41:59.959+05:00","7.9867419518090035"
"2021-10-26T17:42:00.460+05:00","3.6073700647449014"
"2021-10-26T17:42:00.962+05:00","8.98367519918601"
"2021-10-26T17:42:01.463+05:00","5.483641911878875"
"2021-10-26T17:42:01.964+05:00","8.447212008324684"
"2021-10-26T17:42:02.466+05:00","1.866556806373303"
"2021-10-26T17:42:02.967+05:00","0.16359789081924378"
"2021-10-26T17:42:03.468+05:00","0.6346913025536658"
"2021-10-26T17:42:03.970+05:00","0.2452274557734273"
"2021-10-26T17:42:04.472+05:00","2.0837592274236494"
"2021-10-26T17:42:04.973+05:00","16.111621294149437"
"2021-10-26T17:42:05.474+05:00","2.529049665470833"
"2021-10-26T17:42:05.976+05:00","2.032266719766432"
"2021-10-26T17:42:06.477+05:00","2.6833432114369105"
"2021-10-26T17:42:06.979+05:00","1.9965141618409337"
"2021-10-26T17:42:07.480+05:00","11.464186347999656"
"2021-10-26T17:42:07.981+05:00","11.630444719559218"
"2021-10-26T17:42:08.482+05:00","24.322774943175617"
"2021-10-26T17:42:08.991+05:00","20.399150898624097"
"2021-10-26T17:42:09.492+05:00","15.321027806485914"
"2021-10-26T17:42:09.995+05:00","15.749697068495827"
"2021-10-26T17:42:10.497+05:00","12.205452601967469"
"2021-10-26T17:42:10.999+05:00","10.576582008804044"
"2021-10-26T17:42:11.500+05:00","8.654987340584913"
"2021-10-26T17:42:12.001+05:00","13.901737974892862"
"2021-10-26T17:42:12.503+05:00","8.634596970393552"
"2021-10-26T17:42:13.004+05:00","11.276803592363418"
"2021-10-26T17:42:13.507+05:00","12.320725604443812"
"2021-10-26T17:42:14.009+05:00","8.307133693001575"
"2021-10-26T17:42:14.511+05:00","7.374394849108214"
"2021-10-26T17:42:15.013+05:00","7.737433030159883"
"2021-10-26T17:42:15.515+05:00","10.873898523106032"
"2021-10-26T17:42:16.017+05:00","11.786064582336799"
"2021-10-26T17:42:16.520+05:00","19.993560415369288"
"2021-10-26T17:42:17.021+05:00","22.6367878997"
"2021-10-26T17:42:17.522+05:00","17.726453065696152"
"2021-10-26T17:42:18.024+05:00","9.899759948403755"
"2021-10-26T17:42:18.525+05:00","6.246545867631864"
"2021-10-26T17:42:19.027+05:00","13.30478930641901"
"2021-10-26T17:42:19.529+05:00","9.423396263699502"
"2021-10-26T17:42:20.030+05:00","15.667901458859635"
"2021-10-26T17:42:20.532+05:00","2.184748523568217"
"2021-10-26T17:42:21.034+05:00","3.3447525006766456"
"2021-10-26T17:42:21.537+05:00","0.7605614433953507"
"2021-10-26T17:42:22.039+05:00","0.5542849732810146"
"2021-10-26T17:42:22.540+05:00","13.174160369606977"
"2021-10-26T17:42:23.042+05:00","5.54962807578689"
"2021-10-26T17:42:23.544+05:00","2.482723540107469"
"2021-10-26T17:42:24.045+05:00","3.477356058285228"
"2021-10-26T17:42:24.547+05:00","4.674987457700487"
"2021-10-26T17:42:25.048+05:00","6.856874707583295"
"2021-10-26T17:42:25.549+05:00","24.26674124479361"
"2021-10-26T17:42:26.051+05:00","20.250762049974917"
"2021-10-26T17:42:26.553+05:00","15.811985488837196"
"2021-10-26T17:42:27.056+05:00","8.755455422686424"
"2021-10-26T17:42:27.558+05:00","13.68315590976194"
"2021-10-26T17:42:28.060+05:00","16.164616557419347"
"2021-10-26T17:42:28.561+05:00","7.98412527375934"
"2021-10-26T17:42:29.062+05:00","8.345333662100002"
"2021-10-26T17:42:29.563+05:00","5.686209480798382"
"2021-10-26T17:42:30.069+05:00","7.93292595914733"
"2021-10-26T17:42:30.570+05:00","5.327400485894886"
"2021-10-26T17:42:31.071+05:00","6.499058948610799"
"2021-10-26T17:42:31.572+05:00","3.774541565299274"
"2021-10-26T17:42:32.074+05:00","4.528338070434254"
"2021-10-26T17:42:32.576+05:00","7.6300161509112705"
"2021-10-26T17:42:33.078+05:00","3.9595093806320616"
"2021-10-26T17:42:33.580+05:00","0.4427490641479166"
"2021-10-26T17:42:34.081+05:00","3.925033953290217"
"2021-10-26T17:42:34.584+05:00","2.4005431658000957"
"2021-10-26T17:42:35.087+05:00","6.124625874904121"
"2021-10-26T17:42:35.589+05:00","0.37786074281290827"
"2021-10-26T17:42:36.092+05:00","0.83954316208557"
"2021-10-26T17:42:36.595+05:00","5.627803732958113"
"2021-10-26T17:42:37.097+05:00","1.177204315534146"
"2021-10-26T17:42:37.598+05:00","0.41450427147969665"
"2021-10-26T17:42:38.100+05:00","9.576763769858685"
"2021-10-26T17:42:38.602+05:00","7.756662836063623"
"2021-10-26T17:42:39.104+05:00","0.7503241405017265"
"2021-10-26T17:42:39.605+05:00","0.2161777304158674"
"2021-10-26T17:42:40.106+05:00","1.0686277365643027"
"2021-10-26T17:42:40.608+05:00","1.0096544873302848"
"2021-10-26T17:42:41.109+05:00","1.0216908854171802"
"2021-10-26T17:42:41.610+05:00","1.198004620090933"
"2021-10-26T17:42:42.111+05:00","1.4053110778259539"
"2021-10-26T17:42:42.612+05:00","1.090817885627109"
"2021-10-26T17:42:43.113+05:00","5.02368386469019"
"2021-10-26T17:42:43.614+05:00","9.11959895338137"
"2021-10-26T17:42:44.116+05:00","3.6489211589738773"
"2021-10-26T17:42:44.618+05:00","3.686746083821209"
"2021-10-26T17:42:45.119+05:00","2.1702479551078007"
"2021-10-26T17:42:45.622+05:00","5.513303451553514"
"2021-10-26T17:42:46.123+05:00","3.9403230563459113"
"2021-10-26T17:42:46.625+05:00","8.361445500975421"
"2021-10-26T17:42:47.127+05:00","5.912439345022513"
"2021-10-26T17:42:47.629+05:00","5.406710134954266"
"2021-10-26T17:42:48.131+05:00","5.765255306410825"
"2021-10-26T17:42:48.633+05:00","4.996671860024216"
"2021-10-26T17:42:49.135+05:00","5.774853201564556"
"2021-10-26T17:42:49.637+05:00","8.565654026081088"
"2021-10-26T17:42:50.138+05:00","3.4866990852241653"
"2021-10-26T17:42:50.639+05:00","2.2578093349235413"
"2021-10-26T17:42:51.142+05:00","0.6382902615168901"
"2021-10-26T17:42:51.644+05:00","0.3316417098364458"
"2021-10-26T17:42:52.147+05:00","0.1162031125336038"
"2021-10-26T17:42:52.650+05:00","0.1086721580871633"
"2021-10-26T17:42:53.153+05:00","0.4207270743701807"
"2021-10-26T17:42:53.655+05:00","0.10166226445358899"
"2021-10-26T17:42:54.158+05:00","2.2447712052976194"
"2021-10-26T17:42:54.660+05:00","0.2864929042091316"
"2021-10-26T17:42:55.163+05:00","0.09044573805662252"
"2021-10-26T17:42:55.666+05:00","0.11825306071512721"
"2021-10-26T17:42:56.167+05:00","5.872398305590519"
"2021-10-26T17:42:56.670+05:00","4.807946193009298"
"2021-10-26T17:42:57.172+05:00","0.09451487527588037"
"2021-10-26T17:42:57.675+05:00","0.3750188625877461"
"2021-10-26T17:42:58.177+05:00","0.20984565570991698"
"2021-10-26T17:42:58.679+05:00","0.5696237466468652"
"2021-10-26T17:42:59.180+05:00","5.120388885201001"
"2021-10-26T17:42:59.681+05:00","7.313988480693025"
"2021-10-26T17:43:00.183+05:00","1.646449637550733"
"2021-10-26T17:43:00.685+05:00","3.478711724463155"
"2021-10-26T17:43:01.186+05:00","11.090569140826478"
"2021-10-26T17:43:01.688+05:00","6.680170187134069"
"2021-10-26T17:43:02.189+05:00","4.735668505491308"
"2021-10-26T17:43:02.690+05:00","3.430314045736099"
"2021-10-26T17:43:03.192+05:00","4.29416133253176"
"2021-10-26T17:43:03.693+05:00","13.174300195214066"
"2021-10-26T17:43:04.194+05:00","22.355665523302978"
"2021-10-26T17:43:04.696+05:00","21.511436048136723"
"2021-10-26T17:43:05.197+05:00","10.635580360438993"
"2021-10-26T17:43:05.699+05:00","16.296093854240894"
"2021-10-26T17:43:06.200+05:00","9.804458081322998"
"2021-10-26T17:43:06.701+05:00","7.313709477359218"
"2021-10-26T17:43:07.202+05:00","12.556853197559942"
"2021-10-26T17:43:07.704+05:00","5.3238604145229065"
"2021-10-26T17:43:08.207+05:00","11.395847284334199"
"2021-10-26T17:43:08.708+05:00","13.138580620404323"
"2021-10-26T17:43:09.210+05:00","5.925650838716827"
"2021-10-26T17:43:09.712+05:00","3.673816534787379"
"2021-10-26T17:43:10.222+05:00","4.531795259302394"
"2021-10-26T17:43:10.723+05:00","10.087374231624231"
"2021-10-26T17:43:11.224+05:00","8.024706561025189"
"2021-10-26T17:43:11.725+05:00","8.120132871803962"
"2021-10-26T17:43:12.227+05:00","11.21926233725728"
"2021-10-26T17:43:12.728+05:00","5.9111242546891685"
"2021-10-26T17:43:13.230+05:00","4.385779549775865"
"2021-10-26T17:43:13.732+05:00","10.714955683554738"
"2021-10-26T17:43:14.234+05:00","12.44166125209965"
"2021-10-26T17:43:14.736+05:00","6.749250702489811"
"2021-10-26T17:43:15.238+05:00","1.9063040406268108"
"2021-10-26T17:43:15.741+05:00","0.5300043584623522"
"2021-10-26T17:43:16.243+05:00","2.8804170060039227"
"2021-10-26T17:43:16.746+05:00","0.6435780222417441"
"2021-10-26T17:43:17.247+05:00","6.215069864715624"
"2021-10-26T17:43:17.749+05:00","8.075656875477057"
"2021-10-26T17:43:18.251+05:00","3.6608045923154853"
"2021-10-26T17:43:18.752+05:00","7.075912669002908"
"2021-10-26T17:43:19.254+05:00","11.835395861681617"
"2021-10-26T17:43:19.757+05:00","1.377602833296204"
"2021-10-26T17:43:20.260+05:00","1.3902583851382766"
"2021-10-26T17:43:20.763+05:00","0"
"2021-10-26T17:43:21.266+05:00","0.20128280042581914"
"2021-10-26T17:43:21.769+05:00","0.0544589496885364"
"2021-10-26T17:43:22.271+05:00","0.6016743248442551"
"2021-10-26T17:43:22.772+05:00","0.5743495136689714"
"2021-10-26T17:43:23.274+05:00","4.504009133000998"
"2021-10-26T17:43:23.777+05:00","0.06460569671541658"
"2021-10-26T17:43:24.280+05:00","0.2865892002978552"
"2021-10-26T17:43:24.783+05:00","0.5665557697709159"
"2021-10-26T17:43:25.286+05:00","0"
"2021-10-26T17:43:25.788+05:00","0.010609871225760294"
"2021-10-26T17:43:26.290+05:00","0.22323669075436284"
"2021-10-26T17:43:26.793+05:00","0"
"2021-10-26T17:43:27.296+05:00","0"
"2021-10-26T17:43:27.799+05:00","0.029594325003473514"
"2021-10-26T17:43:28.301+05:00","0.030298164929165917"
"2021-10-26T17:43:28.803+05:00","0.03726608152931319"
"2021-10-26T17:43:29.306+05:00","0.18666181849301772"
"2021-10-26T17:43:29.809+05:00","0.06814599258818865"
"2021-10-26T17:43:30.312+05:00","0.24586479195484506"
"2021-10-26T17:43:30.815+05:00","0.14208587158178593"
"2021-10-26T17:43:31.325+05:00","0.1723917736792823"
"2021-10-26T17:43:31.828+05:00","0"
"2021-10-26T17:43:32.329+05:00","4.736343638021729"
"2021-10-26T17:43:32.831+05:00","2.120602073813366"
"2021-10-26T17:43:33.332+05:00","3.075425293326547"
"2021-10-26T17:43:33.834+05:00","0.34534561852383294"
"2021-10-26T17:43:34.335+05:00","2.31261808955468"
"2021-10-26T17:43:34.838+05:00","0.8235537346978087"
"2021-10-26T17:43:35.339+05:00","6.286483160662808"
"2021-10-26T17:43:35.841+05:00","4.472915244421728"
"2021-10-26T17:43:36.343+05:00","2.5966334182514883"
"2021-10-26T17:43:36.845+05:00","2.5799124113252514"
"2021-10-26T17:43:37.346+05:00","4.697373020614617"
"2021-10-26T17:43:37.849+05:00","1.0167773723904037"
"2021-10-26T17:43:38.351+05:00","1.7544642224587934"
"2021-10-26T17:43:38.853+05:00","1.419137825028257"
"2021-10-26T17:43:39.355+05:00","0.1635971099382522"
"2021-10-26T17:43:39.858+05:00","0.03897926245395152"
"2021-10-26T17:43:40.360+05:00","0.2221359718253986"
"2021-10-26T17:43:40.862+05:00","2.5397545966232777"
"2021-10-26T17:43:41.365+05:00","0.4481501252398663"
"2021-10-26T17:43:41.868+05:00","0.021860064506675384"
"2021-10-26T17:43:42.371+05:00","0.26437055081647265"
"2021-10-26T17:43:42.873+05:00","0.1136769404073164"
"2021-10-26T17:43:43.375+05:00","0.3940608965808667"
"2021-10-26T17:43:43.876+05:00","0.24908193024506073"
"2021-10-26T17:43:44.378+05:00","1.181402704290369"
"2021-10-26T17:43:44.881+05:00","3.4857514243306094"
"2021-10-26T17:43:45.384+05:00","0"
"2021-10-26T17:43:45.887+05:00","0.02467096390215185"
"2021-10-26T17:43:46.389+05:00","0.2591981889907638"
"2021-10-26T17:43:46.892+05:00","0"
"2021-10-26T17:43:47.395+05:00","0.12124050312545047"
"2021-10-26T17:43:47.898+05:00","0.04470440383273698"
"2021-10-26T17:43:48.400+05:00","0.33231402360653284"
"2021-10-26T17:43:48.903+05:00","0.19623716539463304"
"2021-10-26T17:43:49.406+05:00","1.3425905625040162"
"2021-10-26T17:43:49.908+05:00","0"
"2021-10-26T17:43:50.409+05:00","6.172564704551989"
"2021-10-26T17:43:50.911+05:00","0.32005877026195945"
"2021-10-26T17:43:51.414+05:00","0.24720068870955092"
"2021-10-26T17:43:51.916+05:00","0.4028696284905195"
"2021-10-26T17:43:52.419+05:00","0.12543953713726874"
"2021-10-26T17:43:52.922+05:00","0.48143503260553394"
"2021-10-26T17:43:53.423+05:00","9.150809110143317"
"2021-10-26T17:43:53.926+05:00","3.4520739433275165"
"2021-10-26T17:43:54.427+05:00","3.233327266446749"
"2021-10-26T17:43:54.929+05:00","3.8811857271885604"
"2021-10-26T17:43:55.431+05:00","5.894033570742177"
"2021-10-26T17:43:55.931+05:00","3.339500929764795"
"2021-10-26T17:43:56.433+05:00","17.830818122589346"
"2021-10-26T17:43:56.935+05:00","12.473356598833579"
"2021-10-26T17:43:57.436+05:00","7.804388547581701"
"2021-10-26T17:43:57.937+05:00","17.431991351459253"
"2021-10-26T17:43:58.440+05:00","10.804282939727493"
"2021-10-26T17:43:58.941+05:00","5.177896007528833"
"2021-10-26T17:43:59.444+05:00","4.965851967599047"
"2021-10-26T17:43:59.946+05:00","4.284511775060326"
"2021-10-26T17:44:00.448+05:00","7.1924331148238"
"2021-10-26T17:44:00.950+05:00","4.619016844128914"
"2021-10-26T17:44:01.452+05:00","4.521266744568516"
"2021-10-26T17:44:01.954+05:00","4.735223468143678"
"2021-10-26T17:44:02.455+05:00","7.967203048740611"
"2021-10-26T17:44:02.957+05:00","5.270322995066384"
"2021-10-26T17:44:03.460+05:00","2.678035164215545"
"2021-10-26T17:44:03.962+05:00","3.1069099847111"
"2021-10-26T17:44:04.464+05:00","6.298674887569458"
"2021-10-26T17:44:04.967+05:00","3.830725110827726"
"2021-10-26T17:44:05.469+05:00","2.21664462253083"
"2021-10-26T17:44:05.971+05:00","1.1625186162242027"
"2021-10-26T17:44:06.473+05:00","5.50610871277792"
"2021-10-26T17:44:06.976+05:00","3.8526983426721153"
"2021-10-26T17:44:07.478+05:00","2.2881475081994758"
"2021-10-26T17:44:07.981+05:00","2.101514165279803"
"2021-10-26T17:44:08.482+05:00","7.812780148355421"
"2021-10-26T17:44:08.985+05:00","4.73070809799679"
"2021-10-26T17:44:09.488+05:00","1.918543785042647"
"2021-10-26T17:44:09.989+05:00","0.3565858728332607"
"2021-10-26T17:44:10.491+05:00","0.4536106580466508"
"2021-10-26T17:44:10.994+05:00","0.6613470434392431"
"2021-10-26T17:44:11.495+05:00","8.822410310069419"
"2021-10-26T17:44:11.997+05:00","4.3321727716591285"
"2021-10-26T17:44:12.510+05:00","2.542916535376193"
"2021-10-26T17:44:13.012+05:00","10.979704348523414"
"2021-10-26T17:44:13.514+05:00","15.735898845524156"
"2021-10-26T17:44:14.016+05:00","11.440351920795916"
"2021-10-26T17:44:14.517+05:00","6.0461993586255085"
"2021-10-26T17:44:15.020+05:00","11.00380423353112"
"2021-10-26T17:44:15.521+05:00","6.854218260460879"
"2021-10-26T17:44:16.024+05:00","8.977802690236985"
"2021-10-26T17:44:16.526+05:00","4.710807426538544"
"2021-10-26T17:44:17.029+05:00","5.115027128994201"
"2021-10-26T17:44:17.531+05:00","4.146521107698489"
"2021-10-26T17:44:18.033+05:00","2.2947677429564797"
"2021-10-26T17:44:18.536+05:00","7.859632570319365"
"2021-10-26T17:44:19.039+05:00","0.2751093110641505"
"2021-10-26T17:44:19.542+05:00","2.2977588553143407"
"2021-10-26T17:44:20.043+05:00","0.08403994673706165"
"2021-10-26T17:44:20.545+05:00","1.528521304444216"
"2021-10-26T17:44:21.048+05:00","0.8261195393504188"
"2021-10-26T17:44:21.551+05:00","0.40012414508641886"
"2021-10-26T17:44:22.054+05:00","0.4660050834023307"
"2021-10-26T17:44:22.556+05:00","3.598244526296959"
"2021-10-26T17:44:23.059+05:00","5.200874919216184"
"2021-10-26T17:44:23.560+05:00","2.8595513231866163"
"2021-10-26T17:44:24.063+05:00","5.437613383805932"
"2021-10-26T17:44:24.565+05:00","6.698881619806132"
"2021-10-26T17:44:25.067+05:00","7.048450094757701"
"2021-10-26T17:44:25.568+05:00","1.7162437178767622"
"2021-10-26T17:44:26.070+05:00","0.33356976259570903"
"2021-10-26T17:44:26.572+05:00","6.831230143114765"
"2021-10-26T17:44:27.073+05:00","3.5242496017277394"
"2021-10-26T17:44:27.575+05:00","0.1484648716868684"
"2021-10-26T17:44:28.078+05:00","0.22868805799726644"
"2021-10-26T17:44:28.581+05:00","0.21452957487599858"
"2021-10-26T17:44:29.084+05:00","0.9988261090098144"
"2021-10-26T17:44:29.586+05:00","9.053774375781824"
"2021-10-26T17:44:30.087+05:00","2.6712451972819915"
"2021-10-26T17:44:30.588+05:00","3.6474896086050013"
"2021-10-26T17:44:31.090+05:00","2.9528364851423152"
"2021-10-26T17:44:31.591+05:00","11.874420762890129"
"2021-10-26T17:44:32.092+05:00","14.710647508469528"
"2021-10-26T17:44:32.594+05:00","19.32969064287039"
"2021-10-26T17:44:33.095+05:00","20.61588989997022"
"2021-10-26T17:44:33.603+05:00","8.761353068073994"
"2021-10-26T17:44:34.104+05:00","6.272936318913912"
"2021-10-26T17:44:34.605+05:00","10.129986938053621"
"2021-10-26T17:44:35.106+05:00","4.530903624364852"
"2021-10-26T17:44:35.607+05:00","7.524069415979456"
"2021-10-26T17:44:36.108+05:00","8.144602840254556"
"2021-10-26T17:44:36.609+05:00","11.130700252860215"
"2021-10-26T17:44:37.111+05:00","16.136749772270846"
"2021-10-26T17:44:37.612+05:00","13.761853510617904"
"2021-10-26T17:44:38.113+05:00","14.697836314760627"
"2021-10-26T17:44:38.614+05:00","11.301858173800555"
"2021-10-26T17:44:39.115+05:00","8.741447535287612"
"2021-10-26T17:44:39.617+05:00","14.158659328227525"
"2021-10-26T17:44:40.118+05:00","6.549783969857604"
"2021-10-26T17:44:40.619+05:00","7.079338024351236"
"2021-10-26T17:44:41.122+05:00","8.068202203620652"
"2021-10-26T17:44:41.623+05:00","10.031197222505037"
"2021-10-26T17:44:42.124+05:00","13.843073894092864"
"2021-10-26T17:44:42.627+05:00","7.8195041398085845"
"2021-10-26T17:44:43.129+05:00","7.387136466769089"
"2021-10-26T17:44:43.632+05:00","4.89388409340704"
"2021-10-26T17:44:44.134+05:00","9.157517639061112"
"2021-10-26T17:44:44.636+05:00","12.604596143261826"
"2021-10-26T17:44:45.138+05:00","7.613189767425637"
"2021-10-26T17:44:45.641+05:00","0.7365088005546965"
"2021-10-26T17:44:46.143+05:00","0.44738481341120884"
"2021-10-26T17:44:46.644+05:00","3.6197964137396577"
"2021-10-26T17:44:47.147+05:00","0.9267592968620402"
"2021-10-26T17:44:47.648+05:00","5.440288561899555"
"2021-10-26T17:44:48.149+05:00","7.748642099518797"
"2021-10-26T17:44:48.650+05:00","6.8433086111126205"
"2021-10-26T17:44:49.152+05:00","15.561504418665942"
"2021-10-26T17:44:49.654+05:00","4.485273705679221"
"2021-10-26T17:44:50.156+05:00","3.6833710096184236"
"2021-10-26T17:44:50.659+05:00","2.2921412362512035"
"2021-10-26T17:44:51.161+05:00","2.8570344670560726"
"2021-10-26T17:44:51.662+05:00","3.246412931586322"
"2021-10-26T17:44:52.164+05:00","23.45492099759198"
"2021-10-26T17:44:52.665+05:00","15.727926741129721"
"2021-10-26T17:44:53.166+05:00","23.5314883414583"
"2021-10-26T17:44:53.668+05:00","22.26913932807824"
"2021-10-26T17:44:54.169+05:00","22.6374393796824"
"2021-10-26T17:44:54.675+05:00","26.1610862228613"
"2021-10-26T17:44:55.177+05:00","24.691242496569327"
"2021-10-26T17:44:55.679+05:00","8.03520503713415"
"2021-10-26T17:44:56.180+05:00","14.149285500351166"
"2021-10-26T17:44:56.682+05:00","21.73660156379313"
"2021-10-26T17:44:57.184+05:00","14.038269367558497"
"2021-10-26T17:44:57.685+05:00","11.055678516651167"
"2021-10-26T17:44:58.186+05:00","6.622924182000678"
"2021-10-26T17:44:58.687+05:00","8.100727556340718"
"2021-10-26T17:44:59.189+05:00","15.755798079916982"
"2021-10-26T17:44:59.690+05:00","10.939352588992783"
"2021-10-26T17:45:00.192+05:00","6.396313618872995"
"2021-10-26T17:45:00.693+05:00","12.37172320029231"
"2021-10-26T17:45:01.195+05:00","18.261701482271462"
"2021-10-26T17:45:01.696+05:00","7.6872782714022945"
"2021-10-26T17:45:02.198+05:00","5.639063971825089"
"2021-10-26T17:45:02.699+05:00","10.370852976812726"
"2021-10-26T17:45:03.200+05:00","14.031707295536645"
"2021-10-26T17:45:03.702+05:00","1.73353732275743"
"2021-10-26T17:45:04.204+05:00","0.8727725443037896"
"2021-10-26T17:45:04.707+05:00","3.45029379938779"
"2021-10-26T17:45:05.210+05:00","0.8958722974129666"
"2021-10-26T17:45:05.711+05:00","19.39039377482712"
"2021-10-26T17:45:06.212+05:00","12.442096541594308"
"2021-10-26T17:45:06.714+05:00","7.620326823019688"
"2021-10-26T17:45:07.215+05:00","2.394641059919821"
"2021-10-26T17:45:07.717+05:00","2.3597489649609686"
"2021-10-26T17:45:08.219+05:00","1.4012026129851765"
"2021-10-26T17:45:08.721+05:00","1.6827574269399777"
"2021-10-26T17:45:09.224+05:00","2.818785396351017"
"2021-10-26T17:45:09.726+05:00","6.896503926720068"
"2021-10-26T17:45:10.228+05:00","4.4874337066926815"
"2021-10-26T17:45:10.731+05:00","11.639993945264333"
"2021-10-26T17:45:11.232+05:00","19.425114392066973"
"2021-10-26T17:45:11.733+05:00","23.489620191679677"
"2021-10-26T17:45:12.235+05:00","15.33442332208384"
"2021-10-26T17:45:12.736+05:00","10.193650605138462"
"2021-10-26T17:45:13.239+05:00","4.983646910575304"
"2021-10-26T17:45:13.741+05:00","5.77198715130999"
"2021-10-26T17:45:14.243+05:00","7.721939241821482"
"2021-10-26T17:45:14.745+05:00","7.114662792128823"
"2021-10-26T17:45:15.256+05:00","5.057375649668128"
"2021-10-26T17:45:15.757+05:00","8.465661014827184"
"2021-10-26T17:45:16.260+05:00","2.017322317120792"
"2021-10-26T17:45:16.761+05:00","5.973602569661167"
"2021-10-26T17:45:17.262+05:00","2.5146814430065993"
"2021-10-26T17:45:17.763+05:00","3.2760791747932427"
"2021-10-26T17:45:18.264+05:00","2.6070355502820104"
"2021-10-26T17:45:18.765+05:00","2.5039033094738032"
"2021-10-26T17:45:19.266+05:00","5.951674533530749"
"2021-10-26T17:45:19.767+05:00","3.807263276834257"
"2021-10-26T17:45:20.268+05:00","0.8561997755359048"
"2021-10-26T17:45:20.769+05:00","8.219394178753685"
"2021-10-26T17:45:21.270+05:00","7.311846509139291"
"2021-10-26T17:45:21.771+05:00","3.6524228848609512"
"2021-10-26T17:45:22.272+05:00","3.912602742396117"
"2021-10-26T17:45:22.773+05:00","5.989113045083354"
"2021-10-26T17:45:23.274+05:00","2.449892488071177"
"2021-10-26T17:45:23.775+05:00","8.727908202662718"
"2021-10-26T17:45:24.276+05:00","7.998182718794946"
"2021-10-26T17:45:24.777+05:00","2.4389012899527267"
"2021-10-26T17:45:25.279+05:00","4.755524890523912"
"2021-10-26T17:45:25.779+05:00","3.5211775519148634"
"2021-10-26T17:45:26.281+05:00","1.5293327337399087"
"2021-10-26T17:45:26.782+05:00","5.397272889729261"
"2021-10-26T17:45:27.283+05:00","9.48733326337256"
"2021-10-26T17:45:27.784+05:00","11.750117274488922"
"2021-10-26T17:45:28.285+05:00","19.067407979334106"
"2021-10-26T17:45:28.786+05:00","7.770868275470557"
"2021-10-26T17:45:29.287+05:00","15.733062492971198"
"2021-10-26T17:45:29.788+05:00","5.791292745147341"
"2021-10-26T17:45:30.289+05:00","12.125773273851072"
"2021-10-26T17:45:30.790+05:00","14.466470211524548"
"2021-10-26T17:45:31.291+05:00","17.280477068401307"
"2021-10-26T17:45:31.792+05:00","12.508401814192357"
"2021-10-26T17:45:32.293+05:00","15.940442674750415"
"2021-10-26T17:45:32.794+05:00","22.87823676963848"
"2021-10-26T17:45:33.295+05:00","12.586177337585376"
"2021-10-26T17:45:33.796+05:00","13.542280849052865"
"2021-10-26T17:45:34.297+05:00","12.658876707628252"
"2021-10-26T17:45:34.798+05:00","5.8828894234461275"
"2021-10-26T17:45:35.299+05:00","10.144398864110642"
"2021-10-26T17:45:35.800+05:00","14.599399026586259"
"2021-10-26T17:45:36.305+05:00","9.231538367370675"
"2021-10-26T17:45:36.806+05:00","4.438807764566564"
"2021-10-26T17:45:37.309+05:00","11.848597353137587"
"2021-10-26T17:45:37.811+05:00","11.469669490202605"
"2021-10-26T17:45:38.313+05:00","8.328774464402354"
"2021-10-26T17:45:38.814+05:00","10.105466418519491"
"2021-10-26T17:45:39.317+05:00","6.875141979361679"
"2021-10-26T17:45:39.818+05:00","3.8802953567279457"
"2021-10-26T17:45:40.320+05:00","0.37729310032475616"
"2021-10-26T17:45:40.823+05:00","0.12781177257349113"
"2021-10-26T17:45:41.325+05:00","0.8076049857737093"
"2021-10-26T17:45:41.827+05:00","5.648131416356852"
"2021-10-26T17:45:42.329+05:00","7.3896618380043995"
"2021-10-26T17:45:42.830+05:00","2.4683325506421285"
"2021-10-26T17:45:43.332+05:00","3.9752243149326407"
"2021-10-26T17:45:43.834+05:00","2.7544748202475358"
"2021-10-26T17:45:44.336+05:00","0.7630160538938626"
"2021-10-26T17:45:44.838+05:00","2.7552755075619784"
"2021-10-26T17:45:45.340+05:00","2.6923663183466395"
"2021-10-26T17:45:45.842+05:00","1.5591383016416538"
"2021-10-26T17:45:46.344+05:00","9.333266786484439"
"2021-10-26T17:45:46.845+05:00","10.519613133460417"
"2021-10-26T17:45:47.346+05:00","14.575844035677495"
"2021-10-26T17:45:47.847+05:00","21.860102065537994"
"2021-10-26T17:45:48.348+05:00","16.80611938146542"
"2021-10-26T17:45:48.850+05:00","6.0663485703541795"
"2021-10-26T17:45:49.352+05:00","6.4255904425370804"
"2021-10-26T17:45:49.853+05:00","7.834596108341923"
"2021-10-26T17:45:50.354+05:00","10.89517024900714"
"2021-10-26T17:45:50.856+05:00","5.665704224001981"
"2021-10-26T17:45:51.357+05:00","6.38945603028307"
"2021-10-26T17:45:51.859+05:00","6.74297315548592"
"2021-10-26T17:45:52.361+05:00","5.930380457754847"
"2021-10-26T17:45:52.862+05:00","6.414908609489998"
"2021-10-26T17:45:53.363+05:00","5.340266213086478"
"2021-10-26T17:45:53.865+05:00","3.4810525728840034"
"2021-10-26T17:45:54.366+05:00","4.537545642588275"
"2021-10-26T17:45:54.867+05:00","11.134333130224746"
"2021-10-26T17:45:55.369+05:00","4.95875908337183"
"2021-10-26T17:45:55.872+05:00","10.361032898923723"
"2021-10-26T17:45:56.373+05:00","11.421171087021808"
"2021-10-26T17:45:56.874+05:00","7.666467348661499"
"2021-10-26T17:45:57.375+05:00","15.272224832494562"
"2021-10-26T17:45:57.876+05:00","1.77156408150201"
"2021-10-26T17:45:58.377+05:00","8.20574666803217"
"2021-10-26T17:45:58.880+05:00","0.20061221141793362"
"2021-10-26T17:45:59.382+05:00","0.15078654818541723"
"2021-10-26T17:45:59.883+05:00","5.009117113355637"
"2021-10-26T17:46:00.384+05:00","7.669043990392364"
"2021-10-26T17:46:00.886+05:00","2.317424818931836"
"2021-10-26T17:46:01.389+05:00","2.0457401652635934"
"2021-10-26T17:46:01.891+05:00","2.7100285695040345"
"2021-10-26T17:46:02.392+05:00","5.547435559278032"
"2021-10-26T17:46:02.893+05:00","7.290107659071933"
"2021-10-26T17:46:03.395+05:00","5.000386090255749"
"2021-10-26T17:46:03.896+05:00","2.7559020931709863"
"2021-10-26T17:46:04.398+05:00","0.8176909085354889"
"2021-10-26T17:46:04.899+05:00","5.466677266105846"
"2021-10-26T17:46:05.400+05:00","11.499262093781802"
"2021-10-26T17:46:05.902+05:00","7.768898391801989"
"2021-10-26T17:46:06.404+05:00","6.100579228187383"
"2021-10-26T17:46:06.906+05:00","3.9873900809623013"
"2021-10-26T17:46:07.408+05:00","1.1396497123675298"
"2021-10-26T17:46:07.911+05:00","0.6575605820500139"
"2021-10-26T17:46:08.413+05:00","1.0670043116432795"
"2021-10-26T17:46:08.914+05:00","1.5464508554415992"
"2021-10-26T17:46:09.415+05:00","3.843535226836441"
"2021-10-26T17:46:09.916+05:00","2.37867864437662"
"2021-10-26T17:46:10.417+05:00","1.877059705289624"
"2021-10-26T17:46:10.918+05:00","1.4719207867448283"
"2021-10-26T17:46:11.419+05:00","1.4316007246236913"
"2021-10-26T17:46:11.921+05:00","1.9455783534499904"
"2021-10-26T17:46:12.423+05:00","0.9570177066964035"
"2021-10-26T17:46:12.925+05:00","0.7187515202648802"
"2021-10-26T17:46:13.428+05:00","2.4149535974266163"
"2021-10-26T17:46:13.930+05:00","1.507134384156793"
"2021-10-26T17:46:14.433+05:00","0.6486794809259686"
"2021-10-26T17:46:14.935+05:00","4.431340080797208"
"2021-10-26T17:46:15.438+05:00","3.4883925966757294"
"2021-10-26T17:46:15.941+05:00","0.5956128481247214"
"2021-10-26T17:46:16.442+05:00","0.3036962818577947"
"2021-10-26T17:46:16.944+05:00","0.36251882256065876"
"2021-10-26T17:46:17.455+05:00","0.5688491501171651"
"2021-10-26T17:46:17.956+05:00","4.9676594327018115"
"2021-10-26T17:46:18.457+05:00","7.337384853792809"
"2021-10-26T17:46:18.959+05:00","2.622529451301353"
"2021-10-26T17:46:19.460+05:00","3.030735072765389"
"2021-10-26T17:46:19.961+05:00","15.935216849751814"
"2021-10-26T17:46:20.464+05:00","2.762710488762776"
"2021-10-26T17:46:20.966+05:00","1.921826791083966"
"2021-10-26T17:46:21.468+05:00","0.33597381251801917"
"2021-10-26T17:46:21.970+05:00","0.11847214161123247"
"2021-10-26T17:46:22.473+05:00","0.14576219487779188"
"2021-10-26T17:46:22.976+05:00","0.022618658679554385"
"2021-10-26T17:46:23.477+05:00","5.291203848109509"
"2021-10-26T17:46:23.980+05:00","0.08752392989085114"
"2021-10-26T17:46:24.481+05:00","0.051869062612055344"
"2021-10-26T17:46:24.983+05:00","2.179558508795753"
"2021-10-26T17:46:25.484+05:00","0.0953329761380714"
"2021-10-26T17:46:25.986+05:00","0.09234535092963743"
"2021-10-26T17:46:26.487+05:00","0.41238003353186925"
"2021-10-26T17:46:26.990+05:00","0.06200390707404576"
"2021-10-26T17:46:27.492+05:00","1.9844531276902109"
"2021-10-26T17:46:27.995+05:00","0.4599944308368624"
"2021-10-26T17:46:28.496+05:00","0.043146571268728555"
"2021-10-26T17:46:28.997+05:00","0"
"2021-10-26T17:46:29.498+05:00","0.08853053993918467"
"2021-10-26T17:46:30.000+05:00","0.08208621536790865"
"2021-10-26T17:46:30.501+05:00","0"
"2021-10-26T17:46:31.003+05:00","0.19759200217291395"
"2021-10-26T17:46:31.504+05:00","0.25736424790181034"
"2021-10-26T17:46:32.006+05:00","0"
"2021-10-26T17:46:32.508+05:00","0.07293637864304672"
"2021-10-26T17:46:33.009+05:00","3.745006071220779"
"2021-10-26T17:46:33.511+05:00","3.2723309280878348"
"2021-10-26T17:46:34.013+05:00","0.4924021522951828"
"2021-10-26T17:46:34.514+05:00","2.7174100382059234"
"2021-10-26T17:46:35.016+05:00","0.08831309802259897"
"2021-10-26T17:46:35.518+05:00","0.6726880928139538"
"2021-10-26T17:46:36.020+05:00","6.332190845305151"
"2021-10-26T17:46:36.521+05:00","7.848564483736983"
"2021-10-26T17:46:37.023+05:00","1.6673223988113357"
"2021-10-26T17:46:37.524+05:00","3.442453283037117"
"2021-10-26T17:46:38.025+05:00","1.8571545031993533"
"2021-10-26T17:46:38.530+05:00","0.8780662291236504"
"2021-10-26T17:46:39.032+05:00","0.9142937069077717"
"2021-10-26T17:46:39.533+05:00","6.365449901494764"
"2021-10-26T17:46:40.034+05:00","4.197203507738193"
"2021-10-26T17:46:40.535+05:00","10.980888531191356"
"2021-10-26T17:46:41.036+05:00","8.507013513729849"
"2021-10-26T17:46:41.537+05:00","14.694880516936607"
"2021-10-26T17:46:42.038+05:00","26.86152007690628"
"2021-10-26T17:46:42.540+05:00","25.45630880129569"
"2021-10-26T17:46:43.041+05:00","23.67772073937485"
"2021-10-26T17:46:43.542+05:00","23.819331206967437"
"2021-10-26T17:46:44.044+05:00","20.131372642230318"
"2021-10-26T17:46:44.545+05:00","19.861726932963283"
"2021-10-26T17:46:45.046+05:00","14.37673893408004"
"2021-10-26T17:46:45.547+05:00","15.102640535453316"
"2021-10-26T17:46:46.049+05:00","6.918508645597495"
"2021-10-26T17:46:46.550+05:00","8.587314434637612"
"2021-10-26T17:46:47.051+05:00","16.954993130956158"
"2021-10-26T17:46:47.552+05:00","8.30703302383131"
"2021-10-26T17:46:48.053+05:00","9.21628814882238"
"2021-10-26T17:46:48.554+05:00","10.28316685537007"
"2021-10-26T17:46:49.055+05:00","7.513716386878289"
"2021-10-26T17:46:49.557+05:00","11.344323791722065"
"2021-10-26T17:46:50.058+05:00","8.755209368608103"
"2021-10-26T17:46:50.559+05:00","7.7664693361472565"
"2021-10-26T17:46:51.060+05:00","8.875521568144308"
"2021-10-26T17:46:51.562+05:00","10.957553417807059"
"2021-10-26T17:46:52.063+05:00","1.3689645458358735"
"2021-10-26T17:46:52.564+05:00","0.9004456562875398"
"2021-10-26T17:46:53.065+05:00","0.43192318065313523"
"2021-10-26T17:46:53.566+05:00","0.6821039601661467"
"2021-10-26T17:46:54.067+05:00","0.028840097773848203"
"2021-10-26T17:46:54.568+05:00","8.918056321447006"
"2021-10-26T17:46:55.069+05:00","1.9488851224811585"
"2021-10-26T17:46:55.570+05:00","4.075331285094727"
"2021-10-26T17:46:56.071+05:00","5.8506785639181835"
"2021-10-26T17:46:56.572+05:00","4.1316679378085865"
"2021-10-26T17:46:57.074+05:00","3.1756836278900638"
"2021-10-26T17:46:57.575+05:00","5.130853031624682"
"2021-10-26T17:46:58.076+05:00","17.857659527658633"
"2021-10-26T17:46:58.577+05:00","11.379606805944062"
"2021-10-26T17:46:59.078+05:00","3.0277347110922905"
"2021-10-26T17:46:59.580+05:00","2.3249368155748114"
"2021-10-26T17:47:00.081+05:00","0.2559327479907517"
"2021-10-26T17:47:00.582+05:00","0.1062772276081132"
"2021-10-26T17:47:01.083+05:00","0.2131737251272173"
"2021-10-26T17:47:01.585+05:00","0.04013994249489133"
"2021-10-26T17:47:02.088+05:00","0"
"2021-10-26T17:47:02.590+05:00","2.1401120505621756"
"2021-10-26T17:47:03.091+05:00","0.01610141852858375"
"2021-10-26T17:47:03.592+05:00","0.04579446188859415"
"2021-10-26T17:47:04.095+05:00","0.16539453349687386"
"2021-10-26T17:47:04.596+05:00","1.719867094938625"
"2021-10-26T17:47:05.098+05:00","0.9648288351966293"
"2021-10-26T17:47:05.599+05:00","0.1415092406335696"
"2021-10-26T17:47:06.102+05:00","0.5037717773084652"
"2021-10-26T17:47:06.603+05:00","1.113130978523599"
"2021-10-26T17:47:07.104+05:00","0.22288730574876595"
"2021-10-26T17:47:07.606+05:00","0"
"2021-10-26T17:47:08.107+05:00","0.021269690820613956"
"2021-10-26T17:47:08.608+05:00","0.053005961938945835"
"2021-10-26T17:47:09.109+05:00","2.4114287811018955"
"2021-10-26T17:47:09.611+05:00","6.489516704149291"
"2021-10-26T17:47:10.112+05:00","0.44838849829090005"
"2021-10-26T17:47:10.613+05:00","0.23566597771035547"
"2021-10-26T17:47:11.114+05:00","0.1666260398959083"
"2021-10-26T17:47:11.616+05:00","0.6325593306413422"
"2021-10-26T17:47:12.117+05:00","0.12156896862466145"
"2021-10-26T17:47:12.618+05:00","8.714978950171623"
"2021-10-26T17:47:13.120+05:00","1.8323118508338259"
"2021-10-26T17:47:13.623+05:00","3.062185746010463"
"2021-10-26T17:47:14.125+05:00","2.126292648070218"
"2021-10-26T17:47:14.627+05:00","2.6528770738808896"
"2021-10-26T17:47:15.128+05:00","2.6922659613272053"
"2021-10-26T17:47:15.629+05:00","3.062954996045201"
"2021-10-26T17:47:16.130+05:00","7.7839429605388775"
"2021-10-26T17:47:16.632+05:00","12.596410346638915"
"2021-10-26T17:47:17.134+05:00","8.57083829664266"
"2021-10-26T17:47:17.635+05:00","6.234138162065027"
"2021-10-26T17:47:18.136+05:00","15.29059342208669"
"2021-10-26T17:47:18.637+05:00","7.06752681338749"
"2021-10-26T17:47:19.140+05:00","5.14285187510545"
"2021-10-26T17:47:19.649+05:00","5.9646220438263935"
"2021-10-26T17:47:20.150+05:00","20.89563232526725"
"2021-10-26T17:47:20.651+05:00","15.175078795738472"
"2021-10-26T17:47:21.152+05:00","10.481420749340609"
"2021-10-26T17:47:21.654+05:00","10.700906029359105"
"2021-10-26T17:47:22.155+05:00","8.946185868797029"
"2021-10-26T17:47:22.657+05:00","7.346287641868948"
"2021-10-26T17:47:23.158+05:00","7.635789698853884"
"2021-10-26T17:47:23.659+05:00","7.374104919390842"
"2021-10-26T17:47:24.161+05:00","5.959308305663354"
"2021-10-26T17:47:24.663+05:00","7.082630032107313"
"2021-10-26T17:47:25.165+05:00","7.474495125481425"
"2021-10-26T17:47:25.667+05:00","8.002998792247181"
"2021-10-26T17:47:26.168+05:00","7.611928345591308"
"2021-10-26T17:47:26.670+05:00","6.7759124294481445"
"2021-10-26T17:47:27.171+05:00","8.212802588816881"
"2021-10-26T17:47:27.673+05:00","6.854184393339128"
"2021-10-26T17:47:28.176+05:00","0.7639197611303988"
"2021-10-26T17:47:28.678+05:00","0.377112547323397"
"2021-10-26T17:47:29.180+05:00","0.1813003828103273"
"2021-10-26T17:47:29.683+05:00","0.49801517018159897"
"2021-10-26T17:47:30.185+05:00","0.31256250875518526"
"2021-10-26T17:47:30.688+05:00","13.910236343187247"
"2021-10-26T17:47:31.191+05:00","0.15428207589264184"
"2021-10-26T17:47:31.694+05:00","3.8671813502694192"
"2021-10-26T17:47:32.196+05:00","0.2829371572471163"
"2021-10-26T17:47:32.699+05:00","0.395733200361256"
"2021-10-26T17:47:33.201+05:00","0"
"2021-10-26T17:47:33.704+05:00","0.03821103908090856"
"2021-10-26T17:47:34.207+05:00","0.060247722742500016"
"2021-10-26T17:47:34.710+05:00","2.461369127252296"
"2021-10-26T17:47:35.213+05:00","0"
"2021-10-26T17:47:35.716+05:00","0.47586486209693196"
"2021-10-26T17:47:36.218+05:00","0.12625937855300878"
"2021-10-26T17:47:36.720+05:00","0.8357623555934974"
"2021-10-26T17:47:37.222+05:00","0.19624094629378427"
"2021-10-26T17:47:37.725+05:00","0.06513884124357446"
"2021-10-26T17:47:38.228+05:00","0.17389930816846622"
"2021-10-26T17:47:38.731+05:00","2.0928109438276263"
"2021-10-26T17:47:39.234+05:00","0"
"2021-10-26T17:47:39.737+05:00","0.11674207578645242"
"2021-10-26T17:47:40.239+05:00","0.08581342235569259"
"2021-10-26T17:47:40.752+05:00","0.14410679562442164"
"2021-10-26T17:47:41.255+05:00","0.05864263109538604"
"2021-10-26T17:47:41.757+05:00","0.10183671741541167"
"2021-10-26T17:47:42.260+05:00","0.11705914605639117"
"2021-10-26T17:47:42.763+05:00","1.271111300792798"
"2021-10-26T17:47:43.265+05:00","0.08726968592769242"
"2021-10-26T17:47:43.768+05:00","0"
"2021-10-26T17:47:44.270+05:00","0"
"2021-10-26T17:47:44.773+05:00","0.09965513477423939"
"2021-10-26T17:47:45.274+05:00","3.175279398756127"
"2021-10-26T17:47:45.776+05:00","3.293378074526147"
"2021-10-26T17:47:46.279+05:00","0.33198288748455507"
"2021-10-26T17:47:46.782+05:00","0.34634611706566293"
"2021-10-26T17:47:47.284+05:00","0.24113401409949828"
"2021-10-26T17:47:47.786+05:00","1.0305086853362786"
"2021-10-26T17:47:48.288+05:00","4.589496685595499"
"2021-10-26T17:47:48.790+05:00","7.789517811425028"
"2021-10-26T17:47:49.292+05:00","0.9957284491215281"
"2021-10-26T17:47:49.793+05:00","4.982441026233648"
"2021-10-26T17:47:50.296+05:00","1.6271421672052315"
"2021-10-26T17:47:50.798+05:00","1.4303804058324059"
"2021-10-26T17:47:51.299+05:00","0.6932625021026222"
"2021-10-26T17:47:51.801+05:00","1.3000984796008388"
"2021-10-26T17:47:52.303+05:00","1.8306671833158987"
"2021-10-26T17:47:52.805+05:00","3.406226466579968"
"2021-10-26T17:47:53.307+05:00","0.9564686837217098"
"2021-10-26T17:47:53.809+05:00","1.0616880756831246"
"2021-10-26T17:47:54.310+05:00","0.9366499305135805"
"2021-10-26T17:47:54.813+05:00","1.0818227084394478"
"2021-10-26T17:47:55.315+05:00","0.5356473321415333"
"2021-10-26T17:47:55.817+05:00","0.9631531772362661"
"2021-10-26T17:47:56.319+05:00","1.0946362738472755"
"2021-10-26T17:47:56.821+05:00","1.8302397707445506"
"2021-10-26T17:47:57.323+05:00","0.9534725790639174"
"2021-10-26T17:47:57.826+05:00","0.9965503736685105"
"2021-10-26T17:47:58.328+05:00","0.9914635995219576"
"2021-10-26T17:47:58.830+05:00","1.0112406161669418"
"2021-10-26T17:47:59.332+05:00","0.5078474147979937"
"2021-10-26T17:47:59.835+05:00","1.0673658737121556"
"2021-10-26T17:48:00.337+05:00","1.3995305846090107"
"2021-10-26T17:48:00.848+05:00","0.7082020778960363"
"2021-10-26T17:48:01.350+05:00","0.8253743862085532"
"2021-10-26T17:48:01.852+05:00","0.935167400594707"
"2021-10-26T17:48:02.353+05:00","1.0739130915215451"
"2021-10-26T17:48:02.855+05:00","0.9536980808196331"
"2021-10-26T17:48:03.357+05:00","3.6663787073684713"
"2021-10-26T17:48:03.859+05:00","3.398570389108166"
"2021-10-26T17:48:04.361+05:00","0.3407256339248057"
"2021-10-26T17:48:04.864+05:00","0.4348052891732527"
"2021-10-26T17:48:05.367+05:00","0.6680151292085876"
"2021-10-26T17:48:05.870+05:00","0.7827842170668557"
"2021-10-26T17:48:06.371+05:00","6.647713810102239"
"2021-10-26T17:48:06.873+05:00","7.13958041340798"
"2021-10-26T17:48:07.375+05:00","2.1239286178732617"
"2021-10-26T17:48:07.878+05:00","3.701823798923399"
"2021-10-26T17:48:08.380+05:00","2.1225056714848076"
"2021-10-26T17:48:08.881+05:00","6.9435259642051905"
"2021-10-26T17:48:09.381+05:00","4.870518392775203"
"2021-10-26T17:48:09.884+05:00","7.1127212962222846"
"2021-10-26T17:48:10.385+05:00","4.053547887922228"
"2021-10-26T17:48:10.886+05:00","16.802952001076576"
"2021-10-26T17:48:11.388+05:00","14.592529799813036"
"2021-10-26T17:48:11.890+05:00","15.869836600487858"
"2021-10-26T17:48:12.392+05:00","4.317194528770395"
"2021-10-26T17:48:12.893+05:00","3.1198359177784916"
"2021-10-26T17:48:13.396+05:00","4.229533168819634"
"2021-10-26T17:48:13.897+05:00","1.4979748356575093"
"2021-10-26T17:48:14.399+05:00","0.6187865136358236"
"2021-10-26T17:48:14.900+05:00","5.036655522634161"
"2021-10-26T17:48:15.401+05:00","0.29592478869190497"
"2021-10-26T17:48:15.902+05:00","0.4959666376408475"
"2021-10-26T17:48:16.405+05:00","6.293626267871625"
"2021-10-26T17:48:16.907+05:00","1.7422886523774157"
"2021-10-26T17:48:17.409+05:00","0.5564714191222222"
"2021-10-26T17:48:17.911+05:00","3.9357304843227636"
"2021-10-26T17:48:18.413+05:00","0.2487296288670615"
"2021-10-26T17:48:18.914+05:00","4.6066547630634"
"2021-10-26T17:48:19.415+05:00","0.07000092187710735"
"2021-10-26T17:48:19.917+05:00","0"
"2021-10-26T17:48:20.420+05:00","1.2361277446778078"
"2021-10-26T17:48:20.922+05:00","0.15950040805393742"
"2021-10-26T17:48:21.431+05:00","3.8587346779963445"
"2021-10-26T17:48:21.934+05:00","4.5029198436167"
"2021-10-26T17:48:22.437+05:00","0.13730246950022268"
"2021-10-26T17:48:22.939+05:00","0.482136071623973"
"2021-10-26T17:48:23.442+05:00","0.15942145281048292"
"2021-10-26T17:48:23.944+05:00","0.7901725636344722"
"2021-10-26T17:48:24.445+05:00","5.511587649158635"
"2021-10-26T17:48:24.947+05:00","6.092853205926756"
"2021-10-26T17:48:25.448+05:00","2.5472151368282585"
"2021-10-26T17:48:25.950+05:00","5.527466568243152"
"2021-10-26T17:48:26.452+05:00","6.972221040654915"
"2021-10-26T17:48:26.954+05:00","4.326600277205147"
"2021-10-26T17:48:27.455+05:00","6.778145434388147"
"2021-10-26T17:48:27.956+05:00","4.903312192420472"
"2021-10-26T17:48:28.457+05:00","4.429055640386673"
"2021-10-26T17:48:28.959+05:00","3.1969974531722096"
"2021-10-26T17:48:29.460+05:00","1.2479197567528315"
"2021-10-26T17:48:29.963+05:00","3.68833140553002"
"2021-10-26T17:48:30.464+05:00","1.2860452353155079"
"2021-10-26T17:48:30.967+05:00","2.619278091832076"
"2021-10-26T17:48:31.470+05:00","0.8235835195115225"
"2021-10-26T17:48:31.972+05:00","4.928580634656548"
"2021-10-26T17:48:32.475+05:00","2.624404078200746"
"2021-10-26T17:48:32.977+05:00","2.8748700537396323"
"2021-10-26T17:48:33.480+05:00","0.2872793824039963"
"2021-10-26T17:48:33.982+05:00","0.5905874448237813"
"2021-10-26T17:48:34.485+05:00","0.29747073329580875"
"2021-10-26T17:48:34.987+05:00","0.44012223270079615"
"2021-10-26T17:48:35.490+05:00","2.057120704844996"
"2021-10-26T17:48:35.992+05:00","0.12659769043200925"
"2021-10-26T17:48:36.495+05:00","0.7194396095965093"
"2021-10-26T17:48:36.997+05:00","1.7191428461264064"
"2021-10-26T17:48:37.500+05:00","0.7148433436114687"
"2021-10-26T17:48:38.002+05:00","0.07991389409223801"
"2021-10-26T17:48:38.505+05:00","0.7536060737067048"
"2021-10-26T17:48:39.008+05:00","1.4152199769565372"
"2021-10-26T17:48:39.510+05:00","4.235989661791572"
"2021-10-26T17:48:40.011+05:00","2.6213948283069186"
"2021-10-26T17:48:40.523+05:00","0.29651629232962995"
"2021-10-26T17:48:41.026+05:00","0.5651899733987961"
"2021-10-26T17:48:41.528+05:00","0.2650594675231043"
"2021-10-26T17:48:42.030+05:00","0.4610392675069482"
"2021-10-26T17:48:42.532+05:00","6.487235426380089"
"2021-10-26T17:48:43.033+05:00","6.175002470802676"
"2021-10-26T17:48:43.535+05:00","1.878741870080124"
"2021-10-26T17:48:44.037+05:00","1.6888850359127427"
"2021-10-26T17:48:44.539+05:00","2.072414724715207"
"2021-10-26T17:48:45.042+05:00","1.4529111483954575"
"2021-10-26T17:48:45.545+05:00","4.884233559333632"
"2021-10-26T17:48:46.046+05:00","5.2231845218714374"
"2021-10-26T17:48:46.547+05:00","8.365625199358107"
"2021-10-26T17:48:47.050+05:00","5.609951038018016"
"2021-10-26T17:48:47.552+05:00","3.304791295453406"
"2021-10-26T17:48:48.054+05:00","4.9262025943118175"
"2021-10-26T17:48:48.556+05:00","3.532324437548616"
"2021-10-26T17:48:49.059+05:00","11.136215898181266"
"2021-10-26T17:48:49.560+05:00","7.566549250462173"
"2021-10-26T17:48:50.061+05:00","6.591243366313583"
"2021-10-26T17:48:50.562+05:00","14.915276504313521"
"2021-10-26T17:48:51.064+05:00","5.1616916040697145"
"2021-10-26T17:48:51.565+05:00","4.567361965898832"
"2021-10-26T17:48:52.067+05:00","8.583986897084953"
"2021-10-26T17:48:52.569+05:00","13.03850257318511"
"2021-10-26T17:48:53.071+05:00","20.37561718564173"
"2021-10-26T17:48:53.572+05:00","18.08263250004691"
"2021-10-26T17:48:54.074+05:00","25.002583900640033"
"2021-10-26T17:48:54.575+05:00","22.86253898731278"
"2021-10-26T17:48:55.077+05:00","9.437583614732699"
"2021-10-26T17:48:55.579+05:00","6.160046489060337"
"2021-10-26T17:48:56.080+05:00","5.595298599781762"
"2021-10-26T17:48:56.582+05:00","8.442352270169408"
"2021-10-26T17:48:57.084+05:00","12.055972216587453"
"2021-10-26T17:48:57.586+05:00","22.874177963775967"
"2021-10-26T17:48:58.088+05:00","5.978219681219383"
"2021-10-26T17:48:58.590+05:00","0.44300966727159413"
"2021-10-26T17:48:59.093+05:00","0.48942543634253843"
"2021-10-26T17:48:59.594+05:00","0.18389515552838853"
"2021-10-26T17:49:00.095+05:00","0.4926838379440082"
"2021-10-26T17:49:00.596+05:00","6.063286594957519"
"2021-10-26T17:49:01.098+05:00","6.599018332765216"
"2021-10-26T17:49:01.611+05:00","1.7264600021591467"
"2021-10-26T17:49:02.112+05:00","7.627754487155782"
"2021-10-26T17:49:02.613+05:00","7.084415175937642"
"2021-10-26T17:49:03.115+05:00","6.234248397216014"
"2021-10-26T17:49:03.616+05:00","23.588542874077046"
"2021-10-26T17:49:04.117+05:00","20.90207050610838"
"2021-10-26T17:49:04.618+05:00","23.318232238280146"
"2021-10-26T17:49:05.119+05:00","24.68787487735038"
"2021-10-26T17:49:05.621+05:00","13.367497283351259"
"2021-10-26T17:49:06.122+05:00","7.769305918781141"
"2021-10-26T17:49:06.623+05:00","8.047045945391417"
"2021-10-26T17:49:07.124+05:00","5.594370271341722"
"2021-10-26T17:49:07.626+05:00","4.7857022470877"
"2021-10-26T17:49:08.127+05:00","3.774905436103959"
"2021-10-26T17:49:08.629+05:00","4.564877575201284"
"2021-10-26T17:49:09.130+05:00","9.719481387881903"
"2021-10-26T17:49:09.632+05:00","2.801511475717837"
"2021-10-26T17:49:10.134+05:00","2.7830982775473236"
"2021-10-26T17:49:10.637+05:00","2.714907002533878"
"2021-10-26T17:49:11.139+05:00","2.5550722512457016"
"2021-10-26T17:49:11.641+05:00","1.9304877629384904"
"2021-10-26T17:49:12.143+05:00","3.987489101552811"
"2021-10-26T17:49:12.645+05:00","3.409964232790451"
"2021-10-26T17:49:13.147+05:00","6.96124132278456"
"2021-10-26T17:49:13.650+05:00","3.0602052644722"
"2021-10-26T17:49:14.152+05:00","2.1551307032260816"
"2021-10-26T17:49:14.655+05:00","1.738954310404213"
"2021-10-26T17:49:15.156+05:00","2.52719364509933"
"2021-10-26T17:49:15.658+05:00","5.493625875831256"
"2021-10-26T17:49:16.160+05:00","7.546350795901114"
"2021-10-26T17:49:16.662+05:00","0.42437512048170795"
"2021-10-26T17:49:17.163+05:00","0.9911517410649011"
"2021-10-26T17:49:17.665+05:00","0.2508729886308575"
"2021-10-26T17:49:18.168+05:00","0.6759467002036832"
"2021-10-26T17:49:18.669+05:00","6.447580976799243"
"2021-10-26T17:49:19.170+05:00","5.179086232509334"
"2021-10-26T17:49:19.672+05:00","2.6314454881328055"
"2021-10-26T17:49:20.175+05:00","5.3393215358354364"
"2021-10-26T17:49:20.676+05:00","14.558350355979657"
"2021-10-26T17:49:21.178+05:00","12.245658925738322"
"2021-10-26T17:49:21.680+05:00","15.550092972549116"
"2021-10-26T17:49:22.181+05:00","13.321708639766022"
"2021-10-26T17:49:22.683+05:00","16.11325785628739"
"2021-10-26T17:49:23.184+05:00","11.207803315864052"
"2021-10-26T17:49:23.686+05:00","10.55102961820027"
"2021-10-26T17:49:24.188+05:00","18.356457449616315"
"2021-10-26T17:49:24.689+05:00","10.183561790194355"
"2021-10-26T17:49:25.190+05:00","7.56446636828349"
"2021-10-26T17:49:25.692+05:00","10.369323278959719"
"2021-10-26T17:49:26.193+05:00","8.264009167721742"
"2021-10-26T17:49:26.694+05:00","11.1675379724174"
"2021-10-26T17:49:27.196+05:00","8.511144187613404"
"2021-10-26T17:49:27.698+05:00","20.00928452123054"
"2021-10-26T17:49:28.200+05:00","19.816781053449475"
"2021-10-26T17:49:28.701+05:00","14.542234605873848"
"2021-10-26T17:49:29.203+05:00","17.97962440142873"
"2021-10-26T17:49:29.705+05:00","17.848308731483034"
"2021-10-26T17:49:30.207+05:00","7.361430950204048"
"2021-10-26T17:49:30.709+05:00","6.25547133873871"
"2021-10-26T17:49:31.211+05:00","6.0517933236547385"
"2021-10-26T17:49:31.712+05:00","5.207383857866057"
"2021-10-26T17:49:32.213+05:00","4.999091727944237"
"2021-10-26T17:49:32.715+05:00","3.5236637507727955"
"2021-10-26T17:49:33.218+05:00","2.882488317276375"
"2021-10-26T17:49:33.719+05:00","5.119064685878467"
"2021-10-26T17:49:34.220+05:00","8.468257075442498"
"2021-10-26T17:49:34.721+05:00","8.141637888626144"
"2021-10-26T17:49:35.224+05:00","9.088331428631577"
"2021-10-26T17:49:35.726+05:00","1.1715655484253984"
"2021-10-26T17:49:36.229+05:00","1.3635431596681482"
"2021-10-26T17:49:36.730+05:00","5.235295244873402"
"2021-10-26T17:49:37.231+05:00","8.100939336141918"
"2021-10-26T17:49:37.732+05:00","1.7894270378941153"
"2021-10-26T17:49:38.233+05:00","3.311094252524128"
"2021-10-26T17:49:38.735+05:00","3.404268214552434"
"2021-10-26T17:49:39.237+05:00","1.9554985120507518"
"2021-10-26T17:49:39.740+05:00","0.7839745721058362"
"2021-10-26T17:49:40.242+05:00","1.3259361877965783"
"2021-10-26T17:49:40.744+05:00","1.3958542971173529"
"2021-10-26T17:49:41.246+05:00","1.126164855139114"
"2021-10-26T17:49:41.748+05:00","0.6553887247099162"
"2021-10-26T17:49:42.249+05:00","6.56005666695977"
"2021-10-26T17:49:42.756+05:00","2.3126386474508323"
"2021-10-26T17:49:43.257+05:00","7.010610540139214"
"2021-10-26T17:49:43.759+05:00","15.550983428198636"
"2021-10-26T17:49:44.261+05:00","5.109183027065886"
"2021-10-26T17:49:44.763+05:00","5.560267114271603"
"2021-10-26T17:49:45.265+05:00","17.50723217287047"
"2021-10-26T17:49:45.766+05:00","9.153985569878387"
"2021-10-26T17:49:46.267+05:00","7.46034178140992"
"2021-10-26T17:49:46.769+05:00","7.652905457302188"
"2021-10-26T17:49:47.271+05:00","3.416440815308068"
"2021-10-26T17:49:47.774+05:00","0.22866450544370323"
"2021-10-26T17:49:48.277+05:00","0.05452231108751415"
"2021-10-26T17:49:48.780+05:00","0.09880386409819596"
"2021-10-26T17:49:49.282+05:00","3.298796675507992"
"2021-10-26T17:49:49.785+05:00","3.726759903000772"
"2021-10-26T17:49:50.288+05:00","3.928700235065246"
"2021-10-26T17:49:50.790+05:00","2.181463788997437"
"2021-10-26T17:49:51.293+05:00","0.4034310365562669"
"2021-10-26T17:49:51.794+05:00","4.555094306324983"
"2021-10-26T17:49:52.297+05:00","4.5929605750330795"
"2021-10-26T17:49:52.799+05:00","2.6883745652772575"
"2021-10-26T17:49:53.302+05:00","0.510581052083127"
"2021-10-26T17:49:53.803+05:00","0.125281886858636"
"2021-10-26T17:49:54.304+05:00","0.5301227896842843"
"2021-10-26T17:49:54.805+05:00","6.964541796532444"
"2021-10-26T17:49:55.308+05:00","7.533041183857998"
"2021-10-26T17:49:55.810+05:00","1.6911575752405652"
"2021-10-26T17:49:56.312+05:00","3.112336554227824"
"2021-10-26T17:49:56.814+05:00","1.8832753214036242"
"2021-10-26T17:49:57.316+05:00","5.981575245934355"
"2021-10-26T17:49:57.817+05:00","9.872011769232792"
"2021-10-26T17:49:58.318+05:00","16.32234406262049"
"2021-10-26T17:49:58.819+05:00","18.19900596055782"
"2021-10-26T17:49:59.320+05:00","21.657477380958966"
"2021-10-26T17:49:59.822+05:00","15.923751120839654"
"2021-10-26T17:50:00.324+05:00","5.387268056880045"
"2021-10-26T17:50:00.826+05:00","8.297737235818229"
"2021-10-26T17:50:01.328+05:00","7.28177919788121"
"2021-10-26T17:50:01.829+05:00","9.590525955719304"
"2021-10-26T17:50:02.330+05:00","7.019711272706731"
"2021-10-26T17:50:02.832+05:00","4.395627184451852"
"2021-10-26T17:50:03.333+05:00","6.031872038035885"
"2021-10-26T17:50:03.844+05:00","3.913658314608133"
"2021-10-26T17:50:04.346+05:00","4.636743703437892"
"2021-10-26T17:50:04.847+05:00","11.431060094645218"
"2021-10-26T17:50:05.349+05:00","10.25687946581981"
"2021-10-26T17:50:05.850+05:00","4.641599997608346"
"2021-10-26T17:50:06.351+05:00","6.07415038529705"
"2021-10-26T17:50:06.853+05:00","5.751258606950205"
"2021-10-26T17:50:07.355+05:00","3.5638614835738043"
"2021-10-26T17:50:07.857+05:00","2.744655253060276"
"2021-10-26T17:50:08.359+05:00","3.0125159703481432"
"2021-10-26T17:50:08.861+05:00","4.4915996812075445"
"2021-10-26T17:50:09.363+05:00","4.1638163185656545"
"2021-10-26T17:50:09.865+05:00","7.3539188861049425"
"2021-10-26T17:50:10.367+05:00","5.543319333569173"
"2021-10-26T17:50:10.870+05:00","1.2917391226604051"
"2021-10-26T17:50:11.373+05:00","0.622131940167068"
"2021-10-26T17:50:11.876+05:00","0.5986211001005226"
"2021-10-26T17:50:12.377+05:00","5.420810246892129"
"2021-10-26T17:50:12.879+05:00","8.278138565024786"
"2021-10-26T17:50:13.380+05:00","4.840650332370865"
"2021-10-26T17:50:13.882+05:00","1.2025122271007338"
"2021-10-26T17:50:14.383+05:00","2.604457324441617"
"2021-10-26T17:50:14.884+05:00","4.564711247234387"
"2021-10-26T17:50:15.386+05:00","2.6327573300758607"
"2021-10-26T17:50:15.888+05:00","2.1601635931449144"
"2021-10-26T17:50:16.390+05:00","8.367656885608596"
"2021-10-26T17:50:16.891+05:00","8.922707292361423"
"2021-10-26T17:50:17.392+05:00","18.575928028767812"
"2021-10-26T17:50:17.893+05:00","12.369316169370471"
"2021-10-26T17:50:18.394+05:00","7.693979695348162"
"2021-10-26T17:50:18.896+05:00","6.045437065471125"
"2021-10-26T17:50:19.398+05:00","6.629893414148642"
"2021-10-26T17:50:19.899+05:00","8.65285901348883"
"2021-10-26T17:50:20.400+05:00","8.284428320900926"
"2021-10-26T17:50:20.901+05:00","6.70861541368499"
"2021-10-26T17:50:21.403+05:00","6.730302628849049"
"2021-10-26T17:50:21.905+05:00","7.5966174562171265"
"2021-10-26T17:50:22.406+05:00","14.309584745188454"
"2021-10-26T17:50:22.907+05:00","18.436307033585074"
"2021-10-26T17:50:23.409+05:00","15.280754123729182"
"2021-10-26T17:50:23.910+05:00","9.082587495577796"
"2021-10-26T17:50:24.419+05:00","10.09711909349181"
"2021-10-26T17:50:24.921+05:00","9.683014989774623"
"2021-10-26T17:50:25.423+05:00","7.851281790847503"
"2021-10-26T17:50:25.924+05:00","10.548138350161597"
"2021-10-26T17:50:26.425+05:00","11.847575472311226"
"2021-10-26T17:50:26.927+05:00","10.489467602920055"
"2021-10-26T17:50:27.428+05:00","7.534501060157185"
"2021-10-26T17:50:27.929+05:00","11.878762871058498"
"2021-10-26T17:50:28.430+05:00","8.487492067751365"
"2021-10-26T17:50:28.932+05:00","0.13705672980855232"
"2021-10-26T17:50:29.434+05:00","0.4605192608974358"
"2021-10-26T17:50:29.937+05:00","1.8256878867876998"
"2021-10-26T17:50:30.439+05:00","0.47301567550107737"
"2021-10-26T17:50:30.941+05:00","7.523969281744666"
"2021-10-26T17:50:31.443+05:00","5.066089950238409"
"2021-10-26T17:50:31.944+05:00","2.3775013283986866"
"2021-10-26T17:50:32.445+05:00","3.4164054267001105"
"2021-10-26T17:50:32.946+05:00","6.161354223904631"
"2021-10-26T17:50:33.447+05:00","3.2642622504395646"
"2021-10-26T17:50:33.949+05:00","1.4620875800146103"
"2021-10-26T17:50:34.451+05:00","1.0853295789961164"
"2021-10-26T17:50:34.953+05:00","0.9788182610683783"
"2021-10-26T17:50:35.454+05:00","7.088054397748073"
"2021-10-26T17:50:35.955+05:00","10.81086057701058"
"2021-10-26T17:50:36.457+05:00","16.883757215290757"
"2021-10-26T17:50:36.959+05:00","15.788346111371437"
"2021-10-26T17:50:37.459+05:00","4.03843292334189"
"2021-10-26T17:50:37.960+05:00","13.383280469559882"
"2021-10-26T17:50:38.461+05:00","14.866894912387597"
"2021-10-26T17:50:38.962+05:00","15.403990104258234"
"2021-10-26T17:50:39.464+05:00","16.055588107806315"
"2021-10-26T17:50:39.965+05:00","13.682021036587342"
"2021-10-26T17:50:40.467+05:00","12.981213809506922"
"2021-10-26T17:50:40.968+05:00","13.337455378623904"
"2021-10-26T17:50:41.469+05:00","19.0685457926896"
"2021-10-26T17:50:41.970+05:00","14.758991544582138"
"2021-10-26T17:50:42.471+05:00","14.84071117243499"
"2021-10-26T17:50:42.973+05:00","14.483375660125244"
"2021-10-26T17:50:43.475+05:00","10.293573846215544"
"2021-10-26T17:50:43.977+05:00","11.886029395251168"
"2021-10-26T17:50:44.479+05:00","12.192074057518873"
"2021-10-26T17:50:44.981+05:00","10.17641214853576"
"2021-10-26T17:50:45.490+05:00","10.560498721612111"
"2021-10-26T17:50:45.991+05:00","12.960976169544196"
"2021-10-26T17:50:46.493+05:00","5.0450189455734495"
"2021-10-26T17:50:46.996+05:00","0.13255121809152698"
"2021-10-26T17:50:47.499+05:00","0.6076012026018652"
"2021-10-26T17:50:48.000+05:00","0.5533445636122318"
"2021-10-26T17:50:48.503+05:00","0.3266127547308001"
"2021-10-26T17:50:49.004+05:00","6.229864612597506"
"2021-10-26T17:50:49.506+05:00","6.101675962733631"
"2021-10-26T17:50:50.008+05:00","1.5752232104184989"
"2021-10-26T17:50:50.510+05:00","8.020424003409623"
"2021-10-26T17:50:51.012+05:00","8.185727236051811"
"2021-10-26T17:50:51.514+05:00","7.967039073164653"
"2021-10-26T17:50:52.015+05:00","3.6798728967033525"
"2021-10-26T17:50:52.517+05:00","24.252570386493524"
"2021-10-26T17:50:53.018+05:00","12.06740614848566"
"2021-10-26T17:50:53.519+05:00","15.971974084711404"
"2021-10-26T17:50:54.020+05:00","14.985500468159628"
"2021-10-26T17:50:54.521+05:00","15.370458292048365"
"2021-10-26T17:50:55.022+05:00","13.542299020264862"
"2021-10-26T17:50:55.524+05:00","13.538656797030274"
"2021-10-26T17:50:56.025+05:00","27.77436155938462"
"2021-10-26T17:50:56.526+05:00","26.417312588323156"
"2021-10-26T17:50:57.027+05:00","28.00673205409804"
"2021-10-26T17:50:57.528+05:00","26.655924027527238"
"2021-10-26T17:50:58.029+05:00","18.834852160860315"
"2021-10-26T17:50:58.531+05:00","15.679635611220917"
"2021-10-26T17:50:59.032+05:00","10.49344360404461"
"2021-10-26T17:50:59.533+05:00","16.617182092634618"
"2021-10-26T17:51:00.034+05:00","8.301465232636833"
"2021-10-26T17:51:00.535+05:00","1.9612425764407333"
"2021-10-26T17:51:01.036+05:00","9.158478343178698"
"2021-10-26T17:51:01.538+05:00","8.223653717325384"
"2021-10-26T17:51:02.039+05:00","5.659075902109533"
"2021-10-26T17:51:02.541+05:00","10.297129801265983"
"2021-10-26T17:51:03.043+05:00","12.357888629073596"
"2021-10-26T17:51:03.544+05:00","19.9500885848926"
"2021-10-26T17:51:04.046+05:00","7.82367238039571"
"2021-10-26T17:51:04.547+05:00","17.000548647055343"
"2021-10-26T17:51:05.049+05:00","2.1534618389881515"
"2021-10-26T17:51:05.552+05:00","2.9917681506789924"
"2021-10-26T17:51:06.053+05:00","3.424779453160384"
"2021-10-26T17:51:06.563+05:00","0.18980501527559065"
"2021-10-26T17:51:07.064+05:00","7.757499441909119"
"2021-10-26T17:51:07.567+05:00","5.530883888242756"
"2021-10-26T17:51:08.068+05:00","1.0441202323549497"
"2021-10-26T17:51:08.570+05:00","3.110577917193297"
"2021-10-26T17:51:09.072+05:00","9.680647200735455"
"2021-10-26T17:51:09.573+05:00","9.310712331587638"
"2021-10-26T17:51:10.074+05:00","13.22511216337318"
"2021-10-26T17:51:10.575+05:00","8.085471246676297"
"2021-10-26T17:51:11.076+05:00","8.375692395843494"
"2021-10-26T17:51:11.578+05:00","9.092328674767021"
"2021-10-26T17:51:12.079+05:00","5.389388062114058"
"2021-10-26T17:51:12.581+05:00","10.762334416973864"
"2021-10-26T17:51:13.083+05:00","4.693341534644675"
"2021-10-26T17:51:13.585+05:00","7.653933139992395"
"2021-10-26T17:51:14.087+05:00","3.600204206029457"
"2021-10-26T17:51:14.588+05:00","1.027522223562522"
"2021-10-26T17:51:15.090+05:00","7.589496970197153"
"2021-10-26T17:51:15.592+05:00","6.1483849297985085"
"2021-10-26T17:51:16.093+05:00","3.60963931532375"
"2021-10-26T17:51:16.594+05:00","1.6703663637505541"
"2021-10-26T17:51:17.096+05:00","0.3017952062553375"
"2021-10-26T17:51:17.599+05:00","6.507036551507999"
"2021-10-26T17:51:18.100+05:00","0.6440720606795228"
"2021-10-26T17:51:18.601+05:00","5.1993595553703145"
"2021-10-26T17:51:19.103+05:00","4.782486473269851"
"2021-10-26T17:51:19.605+05:00","2.61129246951998"
"2021-10-26T17:51:20.107+05:00","6.2376980501390324"
"2021-10-26T17:51:20.608+05:00","3.018407031426375"
"2021-10-26T17:51:21.111+05:00","4.415422803739508"
"2021-10-26T17:51:21.614+05:00","0.7258799575151892"
"2021-10-26T17:51:22.115+05:00","6.213440984045723"
"2021-10-26T17:51:22.618+05:00","5.336716083849311"
"2021-10-26T17:51:23.121+05:00","0.31318199854835715"
"2021-10-26T17:51:23.623+05:00","0.4676134726067393"
"2021-10-26T17:51:24.126+05:00","0.17387410273541476"
"2021-10-26T17:51:24.629+05:00","0.26819866784196966"
"2021-10-26T17:51:25.130+05:00","7.337894593221728"
"2021-10-26T17:51:25.631+05:00","4.576228263686608"
"2021-10-26T17:51:26.133+05:00","1.6857899872484252"
"2021-10-26T17:51:26.638+05:00","8.27805254392274"
"2021-10-26T17:51:27.140+05:00","4.66300105918677"
"2021-10-26T17:51:27.642+05:00","3.42940100226839"
"2021-10-26T17:51:28.143+05:00","4.756939965999008"
"2021-10-26T17:51:28.644+05:00","6.630442605072295"
"2021-10-26T17:51:29.145+05:00","11.560343862737936"
"2021-10-26T17:51:29.647+05:00","6.627730669376157"
"2021-10-26T17:51:30.148+05:00","5.259249796219896"
"2021-10-26T17:51:30.651+05:00","2.600956420005743"
"2021-10-26T17:51:31.153+05:00","0.5526707513624626"
"2021-10-26T17:51:31.654+05:00","0.07926966675131057"
"2021-10-26T17:51:32.155+05:00","0.243075577118663"
"2021-10-26T17:51:32.658+05:00","0.15133796656437892"
"2021-10-26T17:51:33.160+05:00","0.712236314430476"
"2021-10-26T17:51:33.663+05:00","2.5939787632021147"
"2021-10-26T17:51:34.165+05:00","0.09694319011036684"
"2021-10-26T17:51:34.668+05:00","0.029284624105324227"
"2021-10-26T17:51:35.171+05:00","0.17648026390488747"
"2021-10-26T17:51:35.673+05:00","1.9867411126546648"
"2021-10-26T17:51:36.176+05:00","0.14183105116930783"
"2021-10-26T17:51:36.678+05:00","0.017436523875891643"
"2021-10-26T17:51:37.181+05:00","3.859132852602588"
"2021-10-26T17:51:37.684+05:00","1.8474194594901208"
"2021-10-26T17:51:38.187+05:00","0.03152832809809568"
"2021-10-26T17:51:38.689+05:00","0.12094228650754238"
"2021-10-26T17:51:39.192+05:00","0"
"2021-10-26T17:51:39.695+05:00","0"
"2021-10-26T17:51:40.196+05:00","6.86504022028484"
"2021-10-26T17:51:40.699+05:00","0.26033750057524147"
"2021-10-26T17:51:41.202+05:00","0.27424075673515175"
"2021-10-26T17:51:41.704+05:00","0.46766550107404614"
"2021-10-26T17:51:42.207+05:00","0.11487072360158249"
"2021-10-26T17:51:42.709+05:00","0.7643464100271272"
"2021-10-26T17:51:43.210+05:00","9.188025484071765"
"2021-10-26T17:51:43.711+05:00","3.8429341336080562"
"2021-10-26T17:51:44.212+05:00","2.4411265665890585"
"2021-10-26T17:51:44.713+05:00","5.990457082142306"
"2021-10-26T17:51:45.214+05:00","10.660567222917809"
"2021-10-26T17:51:45.716+05:00","15.33328530254655"
"2021-10-26T17:51:46.217+05:00","15.481667928859888"
"2021-10-26T17:51:46.718+05:00","10.313470255955998"
"2021-10-26T17:51:47.219+05:00","9.154032743304455"
"2021-10-26T17:51:47.727+05:00","11.723153783838246"
"2021-10-26T17:51:48.228+05:00","12.433964198528678"
"2021-10-26T17:51:48.729+05:00","5.826638932969784"
"2021-10-26T17:51:49.230+05:00","5.710784893280003"
"2021-10-26T17:51:49.732+05:00","11.808470569004545"
"2021-10-26T17:51:50.234+05:00","7.555861788003222"
"2021-10-26T17:51:50.735+05:00","5.04371938285575"
"2021-10-26T17:51:51.236+05:00","7.382859363225251"
"2021-10-26T17:51:51.737+05:00","6.972435021684369"
"2021-10-26T17:51:52.238+05:00","9.166837399637064"
"2021-10-26T17:51:52.740+05:00","2.7930838563086473"
"2021-10-26T17:51:53.241+05:00","8.263196418218662"
"2021-10-26T17:51:53.743+05:00","3.155580855427195"
"2021-10-26T17:51:54.245+05:00","2.667013333712899"
"2021-10-26T17:51:54.746+05:00","3.4340983295045415"
"2021-10-26T17:51:55.248+05:00","2.9552141485286203"
"2021-10-26T17:51:55.750+05:00","2.1553783141921583"
"2021-10-26T17:51:56.251+05:00","1.4314975835966695"
"2021-10-26T17:51:56.753+05:00","2.6329201969019804"
"2021-10-26T17:51:57.254+05:00","2.059164197859736"
"2021-10-26T17:51:57.755+05:00","4.617285666484297"
"2021-10-26T17:51:58.256+05:00","8.39025687567018"
"2021-10-26T17:51:58.759+05:00","2.465493075930217"
"2021-10-26T17:51:59.260+05:00","1.1183689874434737"
"2021-10-26T17:51:59.761+05:00","0.4871757925827224"
"2021-10-26T17:52:00.263+05:00","0.11288759217463458"
"2021-10-26T17:52:00.766+05:00","0.467859974191307"
"2021-10-26T17:52:01.267+05:00","8.04058841472603"
"2021-10-26T17:52:01.769+05:00","3.8544994138143807"
"2021-10-26T17:52:02.271+05:00","1.9615789441838456"
"2021-10-26T17:52:02.773+05:00","1.5411945626275345"
"2021-10-26T17:52:03.274+05:00","5.026431308982975"
"2021-10-26T17:52:03.775+05:00","18.255537469196582"
"2021-10-26T17:52:04.276+05:00","17.74336641972265"
"2021-10-26T17:52:04.777+05:00","6.979910091944908"
"2021-10-26T17:52:05.279+05:00","9.824941556035167"
"2021-10-26T17:52:05.780+05:00","10.652138556207328"
"2021-10-26T17:52:06.282+05:00","11.034681907581636"
"2021-10-26T17:52:06.784+05:00","9.451683965995397"
"2021-10-26T17:52:07.286+05:00","8.852256971048764"
"2021-10-26T17:52:07.792+05:00","7.984637726890826"
"2021-10-26T17:52:08.293+05:00","6.480882390346936"
"2021-10-26T17:52:08.794+05:00","5.1691372416110175"
"2021-10-26T17:52:09.295+05:00","6.191871982521906"
"2021-10-26T17:52:09.796+05:00","12.682757618459387"
"2021-10-26T17:52:10.297+05:00","5.997621802679964"
"2021-10-26T17:52:10.799+05:00","4.663848205234492"
"2021-10-26T17:52:11.300+05:00","4.596494757768728"
"2021-10-26T17:52:11.801+05:00","5.6011812357022635"
"2021-10-26T17:52:12.303+05:00","3.5703140346782125"
"2021-10-26T17:52:12.805+05:00","3.989648989193813"
"2021-10-26T17:52:13.307+05:00","4.1362473322907"
"2021-10-26T17:52:13.809+05:00","4.10959584894296"
"2021-10-26T17:52:14.311+05:00","4.053071952698166"
"2021-10-26T17:52:14.812+05:00","3.9959638580253793"
"2021-10-26T17:52:15.315+05:00","4.221442844129395"
"2021-10-26T17:52:15.817+05:00","5.416602705913593"
"2021-10-26T17:52:16.319+05:00","9.726467579576603"
"2021-10-26T17:52:16.821+05:00","2.461071816818726"
"2021-10-26T17:52:17.322+05:00","0.5702485021387115"
"2021-10-26T17:52:17.823+05:00","0.5201766611986612"
"2021-10-26T17:52:18.324+05:00","0.07958991715089896"
"2021-10-26T17:52:18.826+05:00","0.33252585097373083"
"2021-10-26T17:52:19.327+05:00","8.47380758388251"
"2021-10-26T17:52:19.829+05:00","4.890005111101432"
"2021-10-26T17:52:20.330+05:00","2.148235096662183"
"2021-10-26T17:52:20.831+05:00","9.567158313409411"
"2021-10-26T17:52:21.332+05:00","12.844932956033066"
"2021-10-26T17:52:21.833+05:00","11.631345417722914"
"2021-10-26T17:52:22.334+05:00","16.8842911373089"
"2021-10-26T17:52:22.835+05:00","12.948069950005667"
"2021-10-26T17:52:23.336+05:00","11.552669571093528"
"2021-10-26T17:52:23.838+05:00","15.953531643805185"
"2021-10-26T17:52:24.340+05:00","18.04614328301834"
"2021-10-26T17:52:24.842+05:00","16.003480781780805"
"2021-10-26T17:52:25.343+05:00","29.619293853331996"
"2021-10-26T17:52:25.844+05:00","32.219421374617305"
"2021-10-26T17:52:26.345+05:00","25.915198521879756"
"2021-10-26T17:52:26.847+05:00","19.15809972819469"
"2021-10-26T17:52:27.348+05:00","15.087005148613962"
"2021-10-26T17:52:27.848+05:00","10.969270249655914"
"2021-10-26T17:52:28.350+05:00","14.55495524757017"
"2021-10-26T17:52:28.851+05:00","15.15834331815547"
"2021-10-26T17:52:29.352+05:00","13.9084961791871"
"2021-10-26T17:52:29.853+05:00","5.711691266131284"
"2021-10-26T17:52:30.354+05:00","6.631500342923826"
"2021-10-26T17:52:30.855+05:00","4.355515046207428"
"2021-10-26T17:52:31.356+05:00","3.955606410289633"
"2021-10-26T17:52:31.857+05:00","4.832460157890891"
"2021-10-26T17:52:32.358+05:00","4.34866347708876"
"2021-10-26T17:52:32.860+05:00","3.7811458083575165"
"2021-10-26T17:52:33.362+05:00","5.5403331373885205"
"2021-10-26T17:52:33.863+05:00","5.459355828370178"
"2021-10-26T17:52:34.365+05:00","13.954707285902778"
"2021-10-26T17:52:34.866+05:00","9.970857375993784"
"2021-10-26T17:52:35.366+05:00","2.307323072136822"
"2021-10-26T17:52:35.869+05:00","2.1100361397718865"
"2021-10-26T17:52:36.370+05:00","0.3969642477956963"
"2021-10-26T17:52:36.871+05:00","0.14917558904189795"
"2021-10-26T17:52:37.372+05:00","8.029801444289498"
"2021-10-26T17:52:37.874+05:00","4.625340865013059"
"2021-10-26T17:52:38.375+05:00","1.891792747065121"
"2021-10-26T17:52:38.876+05:00","2.7770987961969222"
"2021-10-26T17:52:39.378+05:00","4.536822124492361"
"2021-10-26T17:52:39.879+05:00","3.561153714720109"
"2021-10-26T17:52:40.380+05:00","1.5008740226791633"
"2021-10-26T17:52:40.881+05:00","1.3455670449993027"
"2021-10-26T17:52:41.384+05:00","2.274560010361862"
"2021-10-26T17:52:41.885+05:00","16.359835013518655"
"2021-10-26T17:52:42.386+05:00","2.798184336764802"
"2021-10-26T17:52:42.887+05:00","6.311306308744461"
"2021-10-26T17:52:43.389+05:00","0.9900779187396674"
"2021-10-26T17:52:43.890+05:00","1.6831303741584653"
"2021-10-26T17:52:44.391+05:00","2.4717394029446127"
"2021-10-26T17:52:44.892+05:00","0.535193570874582"
"2021-10-26T17:52:45.394+05:00","1.0833758735653032"
"2021-10-26T17:52:45.896+05:00","4.84132870959483"
"2021-10-26T17:52:46.398+05:00","7.868215425092901"
"2021-10-26T17:52:46.900+05:00","2.477756999778398"
"2021-10-26T17:52:47.402+05:00","0.7642056017046854"
"2021-10-26T17:52:47.903+05:00","0.3401602067565669"
"2021-10-26T17:52:48.404+05:00","0.08106899757638246"
"2021-10-26T17:52:48.913+05:00","0"
"2021-10-26T17:52:49.415+05:00","0.4974493183237581"
"2021-10-26T17:52:49.917+05:00","1.80363559619735"
"2021-10-26T17:52:50.418+05:00","0.01598688525930833"
"2021-10-26T17:52:50.919+05:00","1.7307509672477712"
"2021-10-26T17:52:51.421+05:00","0.39743860160819333"
"2021-10-26T17:52:51.923+05:00","0.188521608845656"
"2021-10-26T17:52:52.425+05:00","4.435019924877288"
"2021-10-26T17:52:52.927+05:00","1.8688601365621487"
"2021-10-26T17:52:53.429+05:00","0.18237009307108118"
"2021-10-26T17:52:53.931+05:00","0.41789296113871643"
"2021-10-26T17:52:54.432+05:00","0.12503407267442324"
"2021-10-26T17:52:54.933+05:00","0.2731910478532836"
"2021-10-26T17:52:55.434+05:00","7.359172096099033"
"2021-10-26T17:52:55.936+05:00","7.334741277096452"
"2021-10-26T17:52:56.437+05:00","2.8514583351967953"
"2021-10-26T17:52:56.938+05:00","5.64820534958208"
"2021-10-26T17:52:57.440+05:00","0.5053088628542085"
"2021-10-26T17:52:57.942+05:00","0.025753374264729345"
"2021-10-26T17:52:58.444+05:00","0.11452783708204628"
"2021-10-26T17:52:58.945+05:00","0.04613501638945241"
"2021-10-26T17:52:59.447+05:00","0.1307623759858496"
"2021-10-26T17:52:59.949+05:00","0.08329193377845566"
"2021-10-26T17:53:00.450+05:00","0.024422557853149278"
"2021-10-26T17:53:00.952+05:00","0.024910507352918075"
"2021-10-26T17:53:01.453+05:00","0.2618238802239614"
"2021-10-26T17:53:01.955+05:00","0"
"2021-10-26T17:53:02.457+05:00","2.4079754639076043"
"2021-10-26T17:53:02.959+05:00","0.07380363068678694"
"2021-10-26T17:53:03.460+05:00","0.2634866800269543"
"2021-10-26T17:53:03.962+05:00","1.0945162408418212"
"2021-10-26T17:53:04.464+05:00","0.42599665608548193"
"2021-10-26T17:53:04.967+05:00","0"
"2021-10-26T17:53:05.469+05:00","0.029380394355719056"
"2021-10-26T17:53:05.972+05:00","1.7375512776537079"
"2021-10-26T17:53:06.475+05:00","0.15301773582919273"
"2021-10-26T17:53:06.978+05:00","0"
"2021-10-26T17:53:07.479+05:00","0.43424890878729244"
"2021-10-26T17:53:07.982+05:00","1.1724390951195616"
"2021-10-26T17:53:08.485+05:00","0.04063003167952795"
"2021-10-26T17:53:08.987+05:00","0.08616585444151845"
"2021-10-26T17:53:09.490+05:00","0.05801830951639973"
"2021-10-26T17:53:09.996+05:00","0.014397591851639567"
"2021-10-26T17:53:10.497+05:00","5.605573408816802"
"2021-10-26T17:53:11.000+05:00","0.14979494745032854"
"2021-10-26T17:53:11.502+05:00","2.5327442374252094"
"2021-10-26T17:53:12.005+05:00","0.38518664160736915"
"2021-10-26T17:53:12.507+05:00","0.17006180206351304"
"2021-10-26T17:53:13.010+05:00","0.1583598007731088"
"2021-10-26T17:53:13.511+05:00","8.126823108247079"
"2021-10-26T17:53:14.013+05:00","4.032166058498067"
"2021-10-26T17:53:14.514+05:00","2.0970540656655974"
"2021-10-26T17:53:15.016+05:00","2.3496433954969373"
"2021-10-26T17:53:15.518+05:00","1.726909854916316"
"2021-10-26T17:53:16.019+05:00","9.595888385049964"
"2021-10-26T17:53:16.521+05:00","5.562540835117008"
"2021-10-26T17:53:17.023+05:00","3.3950976262049704"
"2021-10-26T17:53:17.524+05:00","7.744240808056114"
"2021-10-26T17:53:18.025+05:00","18.739318794389778"
"2021-10-26T17:53:18.527+05:00","19.84830454371643"
"2021-10-26T17:53:19.028+05:00","28.29766059381585"
"2021-10-26T17:53:19.529+05:00","22.81251746922311"
"2021-10-26T17:53:20.030+05:00","25.208893652323866"
"2021-10-26T17:53:20.532+05:00","23.996774114703566"
"2021-10-26T17:53:21.033+05:00","16.011816800724848"
"2021-10-26T17:53:21.534+05:00","10.814486772625525"
"2021-10-26T17:53:22.036+05:00","16.13575843699402"
"2021-10-26T17:53:22.538+05:00","9.935717734834494"
"2021-10-26T17:53:23.039+05:00","12.066408945108744"
"2021-10-26T17:53:23.540+05:00","14.096798196957522"
"2021-10-26T17:53:24.042+05:00","11.20371809107585"
"2021-10-26T17:53:24.544+05:00","8.644870814440708"
"2021-10-26T17:53:25.045+05:00","15.03931517985153"
"2021-10-26T17:53:25.547+05:00","17.564759312935124"
"2021-10-26T17:53:26.049+05:00","8.467049673788365"
"2021-10-26T17:53:26.551+05:00","13.565485218553867"
"2021-10-26T17:53:27.053+05:00","4.888276055308647"
"2021-10-26T17:53:27.555+05:00","6.565559675263883"
"2021-10-26T17:53:28.057+05:00","3.039208137032528"
"2021-10-26T17:53:28.558+05:00","6.828940804904464"
"2021-10-26T17:53:29.061+05:00","4.0898320275813775"
"2021-10-26T17:53:29.564+05:00","0.09518014620305977"
"2021-10-26T17:53:30.065+05:00","0.8261385793083224"
"2021-10-26T17:53:30.568+05:00","0.23261383694993162"
"2021-10-26T17:53:31.070+05:00","12.180524460124357"
"2021-10-26T17:53:31.571+05:00","7.735022305225074"
"2021-10-26T17:53:32.073+05:00","3.714231717834823"
"2021-10-26T17:53:32.575+05:00","2.3533903477135127"
"2021-10-26T17:53:33.076+05:00","1.7528549933919781"
"2021-10-26T17:53:33.578+05:00","4.111792130084073"
"2021-10-26T17:53:34.079+05:00","3.915640901425471"
"2021-10-26T17:53:34.581+05:00","6.25710352978405"
"2021-10-26T17:53:35.083+05:00","5.1583100702425835"
"2021-10-26T17:53:35.584+05:00","21.967800275719345"
"2021-10-26T17:53:36.085+05:00","20.631394493885512"
"2021-10-26T17:53:36.587+05:00","12.240591373497901"
"2021-10-26T17:53:37.089+05:00","4.617774356882045"
"2021-10-26T17:53:37.591+05:00","7.890726894242913"
"2021-10-26T17:53:38.092+05:00","6.4288846616032105"
"2021-10-26T17:53:38.593+05:00","6.660775557923603"
"2021-10-26T17:53:39.095+05:00","4.397875493677305"
"2021-10-26T17:53:39.596+05:00","3.0091131619456206"
"2021-10-26T17:53:40.098+05:00","2.571749681560271"
"2021-10-26T17:53:40.600+05:00","8.546887088302954"
"2021-10-26T17:53:41.102+05:00","8.431200266556829"
"2021-10-26T17:53:41.603+05:00","4.53840340084218"
"2021-10-26T17:53:42.105+05:00","8.982969934263746"
"2021-10-26T17:53:42.606+05:00","10.448244652347082"
"2021-10-26T17:53:43.108+05:00","3.2274003912326865"
"2021-10-26T17:53:43.610+05:00","3.6567209966544567"
"2021-10-26T17:53:44.112+05:00","7.290957075207553"
"2021-10-26T17:53:44.614+05:00","4.836736416927776"
"2021-10-26T17:53:45.116+05:00","6.018505456408251"
"2021-10-26T17:53:45.618+05:00","5.970727093439152"
"2021-10-26T17:53:46.120+05:00","3.3395881282744915"
"2021-10-26T17:53:46.621+05:00","11.85200984731186"
"2021-10-26T17:53:47.123+05:00","5.0495304920873245"
"2021-10-26T17:53:47.625+05:00","0.18337765111297957"
"2021-10-26T17:53:48.128+05:00","0.49827437366628935"
"2021-10-26T17:53:48.630+05:00","0.16696070931362333"
"2021-10-26T17:53:49.133+05:00","3.972430169226955"
"2021-10-26T17:53:49.634+05:00","7.763529732751586"
"2021-10-26T17:53:50.136+05:00","5.798200091827064"
"2021-10-26T17:53:50.637+05:00","4.3668845838677885"
"2021-10-26T17:53:51.138+05:00","8.312601543615934"
"2021-10-26T17:53:51.646+05:00","6.512251334089953"
"2021-10-26T17:53:52.148+05:00","3.8893138961652345"
"2021-10-26T17:53:52.650+05:00","7.498049546735421"
"2021-10-26T17:53:53.151+05:00","2.8988636605048272"
"2021-10-26T17:53:53.652+05:00","1.9754393815426934"
"2021-10-26T17:53:54.153+05:00","7.19021655693146"
"2021-10-26T17:53:54.654+05:00","18.924343312732294"
"2021-10-26T17:53:55.155+05:00","8.677026585761965"
"2021-10-26T17:53:55.656+05:00","12.636589468146301"
"2021-10-26T17:53:56.157+05:00","22.615974116708955"
"2021-10-26T17:53:56.659+05:00","11.954245021812081"
"2021-10-26T17:53:57.161+05:00","7.918341833430357"
"2021-10-26T17:53:57.663+05:00","13.506819190417463"
"2021-10-26T17:53:58.164+05:00","12.149665988117487"
"2021-10-26T17:53:58.666+05:00","8.16733548175189"
"2021-10-26T17:53:59.167+05:00","11.823654012895087"
"2021-10-26T17:53:59.668+05:00","10.353403766862446"
"2021-10-26T17:54:00.169+05:00","5.500267471709073"
"2021-10-26T17:54:00.670+05:00","28.929982775714596"
"2021-10-26T17:54:01.173+05:00","21.627727874527054"
"2021-10-26T17:54:01.675+05:00","29.668250571886734"
"2021-10-26T17:54:02.177+05:00","24.477180246052413"
"2021-10-26T17:54:02.679+05:00","17.89593579943538"
"2021-10-26T17:54:03.181+05:00","9.166975427011733"
"2021-10-26T17:54:03.683+05:00","7.54630065272847"
"2021-10-26T17:54:04.184+05:00","6.931518591405501"
"2021-10-26T17:54:04.685+05:00","12.968183723026545"
"2021-10-26T17:54:05.188+05:00","7.0198732049984525"
"2021-10-26T17:54:05.690+05:00","3.9203339639138632"
"2021-10-26T17:54:06.192+05:00","2.6008635685323043"
"2021-10-26T17:54:06.695+05:00","0.40942479009532495"
"2021-10-26T17:54:07.197+05:00","19.552007359555795"
"2021-10-26T17:54:07.699+05:00","4.179768796466602"
"2021-10-26T17:54:08.201+05:00","4.824801023972806"
"2021-10-26T17:54:08.703+05:00","2.310847055837052"
"2021-10-26T17:54:09.204+05:00","1.7447752228418856"
"2021-10-26T17:54:09.706+05:00","1.0594609845875154"
"2021-10-26T17:54:10.208+05:00","2.601824059411531"
"2021-10-26T17:54:10.709+05:00","7.252790103224987"
"2021-10-26T17:54:11.211+05:00","11.982640081880533"
"2021-10-26T17:54:11.712+05:00","16.888639455285613"
"2021-10-26T17:54:12.213+05:00","12.21235054903798"
"2021-10-26T17:54:12.720+05:00","11.667977140309256"
"2021-10-26T17:54:13.221+05:00","9.218982924672972"
"2021-10-26T17:54:13.722+05:00","9.20999347771864"
"2021-10-26T17:54:14.224+05:00","6.076176696836913"
"2021-10-26T17:54:14.726+05:00","4.614039180521516"
"2021-10-26T17:54:15.228+05:00","6.88402906906418"
"2021-10-26T17:54:15.729+05:00","4.08443866860883"
"2021-10-26T17:54:16.231+05:00","6.361384383146083"
"2021-10-26T17:54:16.733+05:00","5.29835563829832"
"2021-10-26T17:54:17.234+05:00","8.313818525476705"
"2021-10-26T17:54:17.735+05:00","6.311436049517747"
"2021-10-26T17:54:18.238+05:00","3.670345959798319"
"2021-10-26T17:54:18.740+05:00","1.0969297544825438"
"2021-10-26T17:54:19.242+05:00","0.43984647283215816"
"2021-10-26T17:54:19.745+05:00","0.5474846880975565"
"2021-10-26T17:54:20.248+05:00","0.38716094345297564"
"2021-10-26T17:54:20.751+05:00","0.46051403619124714"
"2021-10-26T17:54:21.253+05:00","1.797425309336679"
"2021-10-26T17:54:21.756+05:00","3.167786027980349"
"2021-10-26T17:54:22.258+05:00","0.780317751038321"
"2021-10-26T17:54:22.760+05:00","0.7958369587451635"
"2021-10-26T17:54:23.261+05:00","9.36768046899973"
"2021-10-26T17:54:23.764+05:00","0.48897504343212495"
"2021-10-26T17:54:24.266+05:00","1.2171172182306604"
"2021-10-26T17:54:24.768+05:00","0.07760420161810783"
"2021-10-26T17:54:25.271+05:00","0.04547076334291961"
"2021-10-26T17:54:25.774+05:00","0.46542912854870305"
"2021-10-26T17:54:26.276+05:00","8.918946049635538"
"2021-10-26T17:54:26.777+05:00","2.5567809924043456"
"2021-10-26T17:54:27.279+05:00","9.657255472014128"
"2021-10-26T17:54:27.781+05:00","8.087267368547629"
"2021-10-26T17:54:28.282+05:00","17.96558226678408"
"2021-10-26T17:54:28.783+05:00","12.45132041938023"
"2021-10-26T17:54:29.284+05:00","10.413494768194418"
"2021-10-26T17:54:29.785+05:00","7.668029210252306"
"2021-10-26T17:54:30.287+05:00","5.311010858711111"
"2021-10-26T17:54:30.789+05:00","7.372594020832068"
"2021-10-26T17:54:31.290+05:00","2.5707778940687125"
"2021-10-26T17:54:31.792+05:00","8.692013563545828"
"2021-10-26T17:54:32.293+05:00","10.237664712433851"
"2021-10-26T17:54:32.794+05:00","15.342487132807817"
"2021-10-26T17:54:33.295+05:00","11.051723021916416"
"2021-10-26T17:54:33.796+05:00","19.548450569387256"
"2021-10-26T17:54:34.297+05:00","17.256660966810372"
"2021-10-26T17:54:34.799+05:00","8.491007682727547"
"2021-10-26T17:54:35.300+05:00","8.620169857012387"
"2021-10-26T17:54:35.802+05:00","10.818117997695168"
"2021-10-26T17:54:36.303+05:00","7.132855767635135"
"2021-10-26T17:54:36.804+05:00","9.789274626727208"
"2021-10-26T17:54:37.306+05:00","8.117684182210425"
"2021-10-26T17:54:37.807+05:00","8.239773565463128"
"2021-10-26T17:54:38.309+05:00","8.44135032207868"
"2021-10-26T17:54:38.811+05:00","9.831132565597775"
"2021-10-26T17:54:39.312+05:00","7.780991846240001"
"2021-10-26T17:54:39.814+05:00","6.153779435356455"
"2021-10-26T17:54:40.316+05:00","7.02033976517181"
"2021-10-26T17:54:40.817+05:00","7.843204761603428"
"2021-10-26T17:54:41.319+05:00","10.776223932079185"
"2021-10-26T17:54:41.821+05:00","0.8192376097268458"
"2021-10-26T17:54:42.324+05:00","0.5351369348870965"
"2021-10-26T17:54:42.826+05:00","0.15607739124814513"
"2021-10-26T17:54:43.329+05:00","0.09897184445902155"
"2021-10-26T17:54:43.830+05:00","0.8946585105130909"
"2021-10-26T17:54:44.330+05:00","10.290365903605204"
"2021-10-26T17:54:44.832+05:00","3.361974697705541"
"2021-10-26T17:54:45.333+05:00","2.5783980247953773"
"2021-10-26T17:54:45.836+05:00","7.020232854259119"
"2021-10-26T17:54:46.337+05:00","10.437980107812665"
"2021-10-26T17:54:46.839+05:00","5.163065648343286"
"2021-10-26T17:54:47.341+05:00","5.183928794773949"
"2021-10-26T17:54:47.844+05:00","5.288656575928497"
"2021-10-26T17:54:48.345+05:00","3.4988663924742585"
"2021-10-26T17:54:48.847+05:00","6.32697803002961"
"2021-10-26T17:54:49.349+05:00","4.8802542139473655"
"2021-10-26T17:54:49.851+05:00","5.8904872444708944"
"2021-10-26T17:54:50.353+05:00","2.68515858762681"
"2021-10-26T17:54:50.856+05:00","2.931116029250491"
"2021-10-26T17:54:51.357+05:00","2.836362797942347"
"2021-10-26T17:54:51.859+05:00","3.20097018812869"
"2021-10-26T17:54:52.361+05:00","3.886773649630938"
"2021-10-26T17:54:52.863+05:00","7.100369544382035"
"2021-10-26T17:54:53.364+05:00","6.10262822389044"
"2021-10-26T17:54:53.875+05:00","5.352282494066193"
"2021-10-26T17:54:54.376+05:00","6.856942203487632"
"2021-10-26T17:54:54.878+05:00","8.89475505833363"
"2021-10-26T17:54:55.380+05:00","1.0824365864132997"
"2021-10-26T17:54:55.882+05:00","1.0079014968705877"
"2021-10-26T17:54:56.384+05:00","1.5235194040357345"
"2021-10-26T17:54:56.886+05:00","0.2468828350035125"
"2021-10-26T17:54:57.388+05:00","0.059756341597691984"
"2021-10-26T17:54:57.891+05:00","0.1904461135087242"
"2021-10-26T17:54:58.392+05:00","0.24519070472082058"
"2021-10-26T17:54:58.895+05:00","2.8056758457326385"
"2021-10-26T17:54:59.396+05:00","7.34411874210449"
"2021-10-26T17:54:59.899+05:00","0.6897814707364038"
"2021-10-26T17:55:00.401+05:00","0.42912734027320765"
"2021-10-26T17:55:00.904+05:00","0.09588093419005861"
"2021-10-26T17:55:01.407+05:00","0.1378302487765304"
"2021-10-26T17:55:01.910+05:00","0.884543688172348"
"2021-10-26T17:55:02.412+05:00","8.794683668160122"
"2021-10-26T17:55:02.913+05:00","7.436286832578217"
"2021-10-26T17:55:03.414+05:00","11.668345265905822"
"2021-10-26T17:55:03.915+05:00","16.73620872188752"
"2021-10-26T17:55:04.417+05:00","6.427810114919309"
"2021-10-26T17:55:04.920+05:00","2.8524611799340254"
"2021-10-26T17:55:05.421+05:00","12.04135081981283"
"2021-10-26T17:55:05.923+05:00","2.025957740539191"
"2021-10-26T17:55:06.425+05:00","3.971606348654025"
"2021-10-26T17:55:06.927+05:00","4.066526887355971"
"2021-10-26T17:55:07.429+05:00","2.103798019899679"
"2021-10-26T17:55:07.932+05:00","0.5930316669586164"
"2021-10-26T17:55:08.435+05:00","0.40304547632957716"
"2021-10-26T17:55:08.938+05:00","1.2196670183258393"
"2021-10-26T17:55:09.441+05:00","0.06423270105325032"
"2021-10-26T17:55:09.944+05:00","0.09433522101281236"
"2021-10-26T17:55:10.446+05:00","3.5557439265569575"
"2021-10-26T17:55:10.948+05:00","0.4288287006014727"
"2021-10-26T17:55:11.449+05:00","0.23378938623690138"
"2021-10-26T17:55:11.951+05:00","0.05942613527287245"
"2021-10-26T17:55:12.454+05:00","3.794405361982195"
"2021-10-26T17:55:12.957+05:00","0.1635393515506669"
"2021-10-26T17:55:13.459+05:00","0.21600078125138364"
"2021-10-26T17:55:13.960+05:00","0.034650654370475216"
"2021-10-26T17:55:14.462+05:00","2.1262797156411977"
"2021-10-26T17:55:14.973+05:00","0.07876012307000131"
"2021-10-26T17:55:15.476+05:00","0.052353607129207856"
"2021-10-26T17:55:15.977+05:00","0"
"2021-10-26T17:55:16.479+05:00","0.4998704380402813"
"2021-10-26T17:55:16.981+05:00","0.0884221504576454"
"2021-10-26T17:55:17.483+05:00","4.569185466123677"
"2021-10-26T17:55:17.986+05:00","0.2061030018257098"
"2021-10-26T17:55:18.489+05:00","2.5725634446243806"
"2021-10-26T17:55:18.992+05:00","0.05563990163033857"
"2021-10-26T17:55:19.494+05:00","0.49225248697575436"
"2021-10-26T17:55:19.996+05:00","0.5148966725479942"
"2021-10-26T17:55:20.498+05:00","8.943038493705295"
"2021-10-26T17:55:21.001+05:00","4.302835631989619"
"2021-10-26T17:55:21.503+05:00","3.0775475866634467"
"2021-10-26T17:55:22.004+05:00","7.356114122081204"
"2021-10-26T17:55:22.504+05:00","10.912598638009621"
"2021-10-26T17:55:23.005+05:00","5.861864084277868"
"2021-10-26T17:55:23.506+05:00","2.646979200893746"
"2021-10-26T17:55:24.007+05:00","2.4156759539088926"
"2021-10-26T17:55:24.508+05:00","3.9973546853871977"
"2021-10-26T17:55:25.009+05:00","4.965185588108853"
"2021-10-26T17:55:25.510+05:00","10.88322799204199"
"2021-10-26T17:55:26.011+05:00","24.84877448080146"
"2021-10-26T17:55:26.514+05:00","17.356369032248047"
"2021-10-26T17:55:27.015+05:00","17.534259959067374"
"2021-10-26T17:55:27.516+05:00","8.95914524932334"
"2021-10-26T17:55:28.018+05:00","10.00346049117227"
"2021-10-26T17:55:28.519+05:00","10.083401017077431"
"2021-10-26T17:55:29.021+05:00","3.9075714823848777"
"2021-10-26T17:55:29.523+05:00","12.507975665380972"
"2021-10-26T17:55:30.024+05:00","19.041520873942794"
"2021-10-26T17:55:30.527+05:00","5.38889049848772"
"2021-10-26T17:55:31.028+05:00","9.233742044975067"
"2021-10-26T17:55:31.530+05:00","17.60575251995966"
"2021-10-26T17:55:32.031+05:00","4.9070724884365475"
"2021-10-26T17:55:32.533+05:00","12.673057132495316"
"2021-10-26T17:55:33.036+05:00","5.480345419497416"
"2021-10-26T17:55:33.538+05:00","2.7616268023340496"
"2021-10-26T17:55:34.040+05:00","1.971890161942391"
"2021-10-26T17:55:34.542+05:00","1.8953169985903053"
"2021-10-26T17:55:35.045+05:00","1.6565951813900575"
"2021-10-26T17:55:35.546+05:00","7.03919602095448"
"2021-10-26T17:55:36.048+05:00","2.4270940248757356"
"2021-10-26T17:55:36.550+05:00","0.9418384283091261"
"2021-10-26T17:55:37.052+05:00","0.03187773543277264"
"2021-10-26T17:55:37.554+05:00","0.36968412158880726"
"2021-10-26T17:55:38.056+05:00","0.3473011553968775"
"2021-10-26T17:55:38.558+05:00","9.869502503605066"
"2021-10-26T17:55:39.060+05:00","2.8216084755602235"
"2021-10-26T17:55:39.563+05:00","1.4572277355782643"
"2021-10-26T17:55:40.064+05:00","4.137045157718145"
"2021-10-26T17:55:40.565+05:00","6.643799054985371"
"2021-10-26T17:55:41.067+05:00","15.684806319138964"
"2021-10-26T17:55:41.569+05:00","13.776432082012136"
"2021-10-26T17:55:42.070+05:00","2.499901806439472"
"2021-10-26T17:55:42.572+05:00","2.83038421977021"
"2021-10-26T17:55:43.073+05:00","2.1494602818332345"
"2021-10-26T17:55:43.575+05:00","0.8115788698112971"
"2021-10-26T17:55:44.078+05:00","0.11919925081068648"
"2021-10-26T17:55:44.581+05:00","0.6907192264397553"
"2021-10-26T17:55:45.083+05:00","0.22472530921602205"
"2021-10-26T17:55:45.585+05:00","3.0821938414920256"
"2021-10-26T17:55:46.088+05:00","0.4542622064105152"
"2021-10-26T17:55:46.589+05:00","0.4509850190422863"
"2021-10-26T17:55:47.090+05:00","0.8967896984294169"
"2021-10-26T17:55:47.591+05:00","0.2450487909463871"
"2021-10-26T17:55:48.092+05:00","0.6989622993867979"
"2021-10-26T17:55:48.595+05:00","0.27466401701807713"
"2021-10-26T17:55:49.097+05:00","0.08021510316061355"
"2021-10-26T17:55:49.600+05:00","1.454612221870378"
"2021-10-26T17:55:50.101+05:00","0.36375641786731355"
"2021-10-26T17:55:50.604+05:00","0.7231409207902175"
"2021-10-26T17:55:51.106+05:00","2.08950358991652"
"2021-10-26T17:55:51.609+05:00","0.26952185280298857"
"2021-10-26T17:55:52.112+05:00","0.07169894682889386"
"2021-10-26T17:55:52.614+05:00","0.5752415010503931"
"2021-10-26T17:55:53.117+05:00","0.42568052377328774"
"2021-10-26T17:55:53.619+05:00","7.7504266992009585"
"2021-10-26T17:55:54.122+05:00","0.1941794658977172"
"2021-10-26T17:55:54.624+05:00","0.44953109746592723"
"2021-10-26T17:55:55.127+05:00","0.3340806654368827"
"2021-10-26T17:55:55.628+05:00","0.26783884633541655"
"2021-10-26T17:55:56.137+05:00","0.3435233493809587"
"2021-10-26T17:55:56.639+05:00","8.908192694165074"
"2021-10-26T17:55:57.141+05:00","2.0288733695516425"
"2021-10-26T17:55:57.643+05:00","1.4693962520232373"
"2021-10-26T17:55:58.145+05:00","1.3406923206624177"
"2021-10-26T17:55:58.648+05:00","1.5432724533321498"
"2021-10-26T17:55:59.150+05:00","2.44636699793191"
"2021-10-26T17:55:59.652+05:00","0.7154184693377738"
"2021-10-26T17:56:00.153+05:00","1.6388677178534228"
"2021-10-26T17:56:00.655+05:00","1.209779539241226"
"2021-10-26T17:56:01.157+05:00","1.263841636959151"
"2021-10-26T17:56:01.659+05:00","4.064425634971768"
"2021-10-26T17:56:02.162+05:00","1.1042906357333702"
"2021-10-26T17:56:02.664+05:00","2.1631497897176453"
"2021-10-26T17:56:03.166+05:00","2.111521326444913"
"2021-10-26T17:56:03.668+05:00","2.622880131212052"
"2021-10-26T17:56:04.170+05:00","7.483814865607034"
"2021-10-26T17:56:04.671+05:00","13.195936744593563"
"2021-10-26T17:56:05.172+05:00","13.006175932735474"
"2021-10-26T17:56:05.673+05:00","21.42115037817915"
"2021-10-26T17:56:06.174+05:00","9.885584183438944"
"2021-10-26T17:56:06.675+05:00","6.1138660681207"
"2021-10-26T17:56:07.177+05:00","10.695835031666585"
"2021-10-26T17:56:07.678+05:00","7.852873551212465"
"2021-10-26T17:56:08.179+05:00","12.079474725148351"
"2021-10-26T17:56:08.680+05:00","18.968089950152947"
"2021-10-26T17:56:09.181+05:00","7.703273257924028"
"2021-10-26T17:56:09.683+05:00","19.786577598928616"
"2021-10-26T17:56:10.185+05:00","21.592957022882107"
"2021-10-26T17:56:10.686+05:00","8.284950809838369"
"2021-10-26T17:56:11.188+05:00","13.569234623085514"
"2021-10-26T17:56:11.689+05:00","17.387527135566156"
"2021-10-26T17:56:12.192+05:00","0.6603825840040105"
"2021-10-26T17:56:12.695+05:00","0.7589686684764336"
"2021-10-26T17:56:13.197+05:00","0.18694678338053988"
"2021-10-26T17:56:13.700+05:00","0.12116724260766339"
"2021-10-26T17:56:14.202+05:00","0.76256992392158"
"2021-10-26T17:56:14.704+05:00","9.889894651792217"
"2021-10-26T17:56:15.205+05:00","2.4844918112901517"
"2021-10-26T17:56:15.707+05:00","2.550167537093704"
"2021-10-26T17:56:16.209+05:00","2.837855991677743"
"2021-10-26T17:56:16.711+05:00","4.591899004344333"
"2021-10-26T17:56:17.218+05:00","16.06771376743533"
"2021-10-26T17:56:17.719+05:00","7.240172396715209"
"2021-10-26T17:56:18.221+05:00","3.387125963202428"
"2021-10-26T17:56:18.722+05:00","3.1487748516947547"
"2021-10-26T17:56:19.223+05:00","3.039006125942617"
"2021-10-26T17:56:19.724+05:00","1.9158694498069593"
"2021-10-26T17:56:20.225+05:00","0.25820983828297706"
"2021-10-26T17:56:20.727+05:00","0.7234749837022987"
"2021-10-26T17:56:21.228+05:00","2.894433718854347"
"2021-10-26T17:56:21.729+05:00","1.4172644665511647"
"2021-10-26T17:56:22.232+05:00","1.2484040211529788"
"2021-10-26T17:56:22.733+05:00","3.580076613757374"
"2021-10-26T17:56:23.236+05:00","1.6161431580378487"
"2021-10-26T17:56:23.737+05:00","0.13567381167614534"
"2021-10-26T17:56:24.240+05:00","0.3586688023864603"
"2021-10-26T17:56:24.743+05:00","0.11572620877670736"
"2021-10-26T17:56:25.245+05:00","0.4336715141961683"
"2021-10-26T17:56:25.747+05:00","0.19737489728681112"
"2021-10-26T17:56:26.248+05:00","0.5650897657252982"
"2021-10-26T17:56:26.751+05:00","2.1778960496767867"
"2021-10-26T17:56:27.253+05:00","0.41311710715167393"
"2021-10-26T17:56:27.755+05:00","0.12136688549916563"
"2021-10-26T17:56:28.257+05:00","0.6020652770910623"
"2021-10-26T17:56:28.760+05:00","0.15142583147581423"
"2021-10-26T17:56:29.263+05:00","0.4732781040857346"
"2021-10-26T17:56:29.766+05:00","6.528410681194301"
"2021-10-26T17:56:30.269+05:00","0.22203486668068914"
"2021-10-26T17:56:30.771+05:00","0.4215090202455615"
"2021-10-26T17:56:31.273+05:00","0.2274154209788659"
"2021-10-26T17:56:31.774+05:00","0.20811164766501067"
"2021-10-26T17:56:32.276+05:00","0.8462308991779591"
"2021-10-26T17:56:32.778+05:00","8.936461942589064"
"2021-10-26T17:56:33.280+05:00","2.93602082172378"
"2021-10-26T17:56:33.782+05:00","2.7282750616900104"
"2021-10-26T17:56:34.283+05:00","8.634763241108931"
"2021-10-26T17:56:34.784+05:00","9.39592425793855"
"2021-10-26T17:56:35.285+05:00","6.167645492733956"
"2021-10-26T17:56:35.787+05:00","4.473307235399762"
"2021-10-26T17:56:36.289+05:00","7.899804669579229"
"2021-10-26T17:56:36.789+05:00","5.406271548204051"
"2021-10-26T17:56:37.291+05:00","5.516466586724135"
"2021-10-26T17:56:37.792+05:00","9.048444794194992"
"2021-10-26T17:56:38.293+05:00","4.88448662347242"
"2021-10-26T17:56:38.794+05:00","5.052864899364329"
"2021-10-26T17:56:39.296+05:00","8.876242133240083"
"2021-10-26T17:56:39.797+05:00","8.5023157727496"
"2021-10-26T17:56:40.298+05:00","12.176898461186994"
"2021-10-26T17:56:40.799+05:00","9.539936528787944"
"2021-10-26T17:56:41.301+05:00","5.717767878980761"
"2021-10-26T17:56:41.803+05:00","4.727669179510674"
"2021-10-26T17:56:42.304+05:00","8.316338259811005"
"2021-10-26T17:56:42.805+05:00","4.31978352807669"
"2021-10-26T17:56:43.308+05:00","2.27640035336957"
"2021-10-26T17:56:43.809+05:00","6.850454549636124"
"2021-10-26T17:56:44.310+05:00","5.268565307438598"
"2021-10-26T17:56:44.811+05:00","4.238885643237538"
"2021-10-26T17:56:45.313+05:00","2.306446782717667"
"2021-10-26T17:56:45.815+05:00","0.6422184443015224"
"2021-10-26T17:56:46.317+05:00","0.796271758763456"
"2021-10-26T17:56:46.820+05:00","0.3416797424132151"
"2021-10-26T17:56:47.323+05:00","0.05037200247311205"
"2021-10-26T17:56:47.824+05:00","7.696862473824337"
"2021-10-26T17:56:48.326+05:00","0.8365501633671505"
"2021-10-26T17:56:48.827+05:00","1.2158814361137487"
"2021-10-26T17:56:49.330+05:00","0.08171651653716631"
"2021-10-26T17:56:49.831+05:00","0.2246388181946384"
"2021-10-26T17:56:50.334+05:00","0.49091316632831716"
"2021-10-26T17:56:50.836+05:00","8.896101824473725"
"2021-10-26T17:56:51.337+05:00","3.357808644184537"
"2021-10-26T17:56:51.839+05:00","1.120623861732555"
"2021-10-26T17:56:52.340+05:00","1.562790700751076"
"2021-10-26T17:56:52.841+05:00","3.3420977247426915"
"2021-10-26T17:56:53.343+05:00","7.879092456998635"
"2021-10-26T17:56:53.844+05:00","5.194240217379814"
"2021-10-26T17:56:54.345+05:00","1.1550561129481571"
"2021-10-26T17:56:54.848+05:00","0.4024240445722658"
"2021-10-26T17:56:55.351+05:00","0.07938193758689319"
"2021-10-26T17:56:55.852+05:00","0.1684668492884014"
"2021-10-26T17:56:56.354+05:00","0.14371854077633933"
"2021-10-26T17:56:56.856+05:00","0.02991602495392107"
"2021-10-26T17:56:57.358+05:00","0.12957374427534535"
"2021-10-26T17:56:57.864+05:00","0.04634199963307496"
"2021-10-26T17:56:58.366+05:00","0.011455189921620614"
"2021-10-26T17:56:58.869+05:00","0.999888489838536"
"2021-10-26T17:56:59.370+05:00","0"
"2021-10-26T17:56:59.870+05:00","0.09059842155643515"
"2021-10-26T17:57:00.371+05:00","0.0890152608422708"
"2021-10-26T17:57:00.874+05:00","0.10814126372229453"
"2021-10-26T17:57:01.376+05:00","0.1455324960694754"
"2021-10-26T17:57:01.877+05:00","0.05213832216416919"
"2021-10-26T17:57:02.379+05:00","0.11010030924109031"
"2021-10-26T17:57:02.880+05:00","0.14358721129870694"
"2021-10-26T17:57:03.381+05:00","0.27005918615300223"
"2021-10-26T17:57:03.882+05:00","0"
"2021-10-26T17:57:04.385+05:00","0.10762817430634222"
"2021-10-26T17:57:04.887+05:00","0.1058932464046991"
"2021-10-26T17:57:05.388+05:00","0.1930688267757227"
"2021-10-26T17:57:05.889+05:00","5.08604611249463"
"2021-10-26T17:57:06.390+05:00","1.3826786395214201"
"2021-10-26T17:57:06.891+05:00","0.7621471474405156"
"2021-10-26T17:57:07.392+05:00","0.10602764435248732"
"2021-10-26T17:57:07.893+05:00","0.22245705678215952"
"2021-10-26T17:57:08.396+05:00","0.3725446506242526"
"2021-10-26T17:57:08.897+05:00","9.505622271242533"
"2021-10-26T17:57:09.398+05:00","2.2051680079489455"
"2021-10-26T17:57:09.898+05:00","3.5700263649387822"
"2021-10-26T17:57:10.399+05:00","9.03598572096548"
"2021-10-26T17:57:10.901+05:00","10.978946646433311"
"2021-10-26T17:57:11.402+05:00","7.247713582372105"
"2021-10-26T17:57:11.903+05:00","5.607114947961255"
"2021-10-26T17:57:12.405+05:00","1.8519649155818227"
"2021-10-26T17:57:12.907+05:00","20.865372913719987"
"2021-10-26T17:57:13.408+05:00","6.870291265184523"
"2021-10-26T17:57:13.909+05:00","9.463637562369957"
"2021-10-26T17:57:14.410+05:00","6.125168658921812"
"2021-10-26T17:57:14.911+05:00","4.82315158673511"
"2021-10-26T17:57:15.412+05:00","5.8123548917883365"
"2021-10-26T17:57:15.913+05:00","6.602202628415202"
"2021-10-26T17:57:16.415+05:00","12.834873364086022"
"2021-10-26T17:57:16.916+05:00","12.610740192284613"
"2021-10-26T17:57:17.418+05:00","13.392914063217543"
"2021-10-26T17:57:17.919+05:00","15.275111561679063"
"2021-10-26T17:57:18.420+05:00","14.99121742918592"
"2021-10-26T17:57:18.928+05:00","20.716226591306754"
"2021-10-26T17:57:19.430+05:00","27.27944414232538"
"2021-10-26T17:57:19.931+05:00","23.91544314263325"
"2021-10-26T17:57:20.432+05:00","23.61605057595405"
"2021-10-26T17:57:20.933+05:00","15.560354311477818"
"2021-10-26T17:57:21.435+05:00","21.414943544627928"
"2021-10-26T17:57:21.936+05:00","12.139414255393216"
"2021-10-26T17:57:22.437+05:00","8.935901243771035"
"2021-10-26T17:57:22.938+05:00","14.014477049144642"
"2021-10-26T17:57:23.439+05:00","3.1549194204369773"
"2021-10-26T17:57:23.940+05:00","18.703002002988875"
"2021-10-26T17:57:24.443+05:00","0.8505505206979626"
"2021-10-26T17:57:24.944+05:00","2.9827959008865"
"2021-10-26T17:57:25.445+05:00","0.03222502953687668"
"2021-10-26T17:57:25.946+05:00","0.24484043180542894"
"2021-10-26T17:57:26.448+05:00","0.3527801155264557"
"2021-10-26T17:57:26.949+05:00","8.521936836740371"
"2021-10-26T17:57:27.450+05:00","3.121323828700811"
"2021-10-26T17:57:27.951+05:00","3.1136931025184933"
"2021-10-26T17:57:28.452+05:00","0.9274541711681947"
"2021-10-26T17:57:28.953+05:00","10.732282090714763"
"2021-10-26T17:57:29.454+05:00","15.538415008992473"
"2021-10-26T17:57:29.955+05:00","14.732542818745294"
"2021-10-26T17:57:30.456+05:00","15.63858944542167"
"2021-10-26T17:57:30.957+05:00","9.510845958805604"
"2021-10-26T17:57:31.459+05:00","19.703337824926894"
"2021-10-26T17:57:31.960+05:00","16.336748680678312"
"2021-10-26T17:57:32.461+05:00","6.3858494739630505"
"2021-10-26T17:57:32.961+05:00","4.504097772980757"
"2021-10-26T17:57:33.463+05:00","4.17166360367676"
"2021-10-26T17:57:33.964+05:00","5.876417621005458"
"2021-10-26T17:57:34.465+05:00","6.744082517948542"
"2021-10-26T17:57:34.966+05:00","4.221126455970968"
"2021-10-26T17:57:35.468+05:00","6.250934259264204"
"2021-10-26T17:57:35.969+05:00","17.2166446594554"
"2021-10-26T17:57:36.471+05:00","18.94190819419829"
"2021-10-26T17:57:36.972+05:00","11.037741315589663"
"2021-10-26T17:57:37.473+05:00","11.813163041073704"
"2021-10-26T17:57:37.974+05:00","14.761415406114585"
"2021-10-26T17:57:38.476+05:00","18.300972469976365"
"2021-10-26T17:57:38.977+05:00","20.838570150663266"
"2021-10-26T17:57:39.480+05:00","26.821253046479267"
"2021-10-26T17:57:39.989+05:00","17.519727234060305"
"2021-10-26T17:57:40.491+05:00","10.225119490239138"
"2021-10-26T17:57:40.992+05:00","4.572511098444952"
"2021-10-26T17:57:41.493+05:00","3.60471053429595"
"2021-10-26T17:57:41.994+05:00","2.327483500825978"
"2021-10-26T17:57:42.495+05:00","11.72474839964763"
"2021-10-26T17:57:42.997+05:00","14.579193186004314"
"2021-10-26T17:57:43.498+05:00","2.4753635154068823"
"2021-10-26T17:57:43.999+05:00","0.4843904052810853"
"2021-10-26T17:57:44.501+05:00","0.07774279682439487"
"2021-10-26T17:57:45.003+05:00","0.4115381517426508"
"2021-10-26T17:57:45.504+05:00","0.49746926133401836"
"2021-10-26T17:57:46.005+05:00","10.146690004633824"
"2021-10-26T17:57:46.507+05:00","2.0554049038734585"
"2021-10-26T17:57:47.009+05:00","3.3247164348958185"
"2021-10-26T17:57:47.510+05:00","1.5697842871282317"
"2021-10-26T17:57:48.011+05:00","1.4956583622982016"
"2021-10-26T17:57:48.512+05:00","2.889757526958092"
"2021-10-26T17:57:49.013+05:00","3.4560289342799355"
"2021-10-26T17:57:49.514+05:00","9.44993205236347"
"2021-10-26T17:57:50.015+05:00","8.755030484158324"
"2021-10-26T17:57:50.517+05:00","12.00686473982321"
"2021-10-26T17:57:51.018+05:00","4.8245343244822925"
"2021-10-26T17:57:51.519+05:00","8.384034343198842"
"2021-10-26T17:57:52.020+05:00","8.763070206987901"
"2021-10-26T17:57:52.521+05:00","14.63163409891369"
"2021-10-26T17:57:53.022+05:00","19.89922114401028"
"2021-10-26T17:57:53.524+05:00","26.259152961037188"
"2021-10-26T17:57:54.025+05:00","25.383980773282136"
"2021-10-26T17:57:54.527+05:00","30.803413399855046"
"2021-10-26T17:57:55.028+05:00","9.95258683294658"
"2021-10-26T17:57:55.530+05:00","21.105405932439574"
"2021-10-26T17:57:56.031+05:00","13.390764657583095"
"2021-10-26T17:57:56.532+05:00","11.082085467842175"
"2021-10-26T17:57:57.033+05:00","13.500539168294647"
"2021-10-26T17:57:57.535+05:00","3.802975152792188"
"2021-10-26T17:57:58.036+05:00","4.500151671951848"
"2021-10-26T17:57:58.537+05:00","2.4134623310798213"
"2021-10-26T17:57:59.038+05:00","2.737349912172915"
"2021-10-26T17:57:59.539+05:00","5.495341956373202"
"2021-10-26T17:58:00.045+05:00","2.7576978070246776"
"2021-10-26T17:58:00.546+05:00","3.5764729227926004"
"2021-10-26T17:58:01.047+05:00","15.313299510244033"
"2021-10-26T17:58:01.548+05:00","0.5803856460437313"
"2021-10-26T17:58:02.051+05:00","1.3183343288134335"
"2021-10-26T17:58:02.554+05:00","0.06710759897742935"
"2021-10-26T17:58:03.056+05:00","1.200572544876068"
"2021-10-26T17:58:03.559+05:00","0.037191905495908235"
"2021-10-26T17:58:04.060+05:00","9.910928900219133"
"2021-10-26T17:58:04.562+05:00","4.622488648917448"
"2021-10-26T17:58:05.063+05:00","10.122651344745094"
"2021-10-26T17:58:05.565+05:00","15.988127242106732"
"2021-10-26T17:58:06.067+05:00","10.341773345957492"
"2021-10-26T17:58:06.569+05:00","13.961350306887105"
"2021-10-26T17:58:07.070+05:00","5.934758303810224"
"2021-10-26T17:58:07.572+05:00","9.924074820450791"
"2021-10-26T17:58:08.074+05:00","3.9454390823244356"
"2021-10-26T17:58:08.575+05:00","8.134391407832304"
"2021-10-26T17:58:09.077+05:00","7.976895128981893"
"2021-10-26T17:58:09.579+05:00","4.983509870650797"
"2021-10-26T17:58:10.080+05:00","7.941932094981678"
"2021-10-26T17:58:10.581+05:00","8.29431449307786"
"2021-10-26T17:58:11.082+05:00","9.894670865981887"
"2021-10-26T17:58:11.583+05:00","7.3455801062242285"
"2021-10-26T17:58:12.083+05:00","4.841174115416079"
"2021-10-26T17:58:12.584+05:00","2.80946584015036"
"2021-10-26T17:58:13.085+05:00","1.8329120957910416"
"2021-10-26T17:58:13.587+05:00","3.5594452461088744"
"2021-10-26T17:58:14.089+05:00","2.0033523068137282"
"2021-10-26T17:58:14.590+05:00","2.1966200785046945"
"2021-10-26T17:58:15.093+05:00","2.477185473668014"
"2021-10-26T17:58:15.594+05:00","1.943889585718362"
"2021-10-26T17:58:16.096+05:00","4.590454389949981"
"2021-10-26T17:58:16.599+05:00","1.275108018008398"
"2021-10-26T17:58:17.100+05:00","1.714464208399346"
"2021-10-26T17:58:17.603+05:00","2.3451940607634842"
"2021-10-26T17:58:18.106+05:00","1.627918258533469"
"2021-10-26T17:58:18.607+05:00","1.8347227495466412"
"2021-10-26T17:58:19.120+05:00","6.075842522872426"
"2021-10-26T17:58:19.623+05:00","0.08398343044968785"
"2021-10-26T17:58:20.124+05:00","5.9671085545273375"
"2021-10-26T17:58:20.626+05:00","2.127249291472001"
"2021-10-26T17:58:21.129+05:00","0.9632514005535193"
"2021-10-26T17:58:21.631+05:00","2.05282102068898"
"2021-10-26T17:58:22.134+05:00","8.988015085116215"
"2021-10-26T17:58:22.635+05:00","1.2317100637070615"
"2021-10-26T17:58:23.137+05:00","2.3780034540501815"
"2021-10-26T17:58:23.640+05:00","2.4115979290425873"
"2021-10-26T17:58:24.142+05:00","1.9537058255919626"
"2021-10-26T17:58:24.644+05:00","6.299212266716993"
"2021-10-26T17:58:25.146+05:00","5.796844094106842"
"2021-10-26T17:58:25.648+05:00","10.147262417674286"
"2021-10-26T17:58:26.151+05:00","3.9505389335077647"
"2021-10-26T17:58:26.652+05:00","10.855532582300857"
"2021-10-26T17:58:27.153+05:00","10.042532668820446"
"2021-10-26T17:58:27.655+05:00","5.993558422679987"
"2021-10-26T17:58:28.156+05:00","8.36820736977705"
"2021-10-26T17:58:28.657+05:00","2.9315160065442374"
"2021-10-26T17:58:29.159+05:00","10.218910414735934"
"2021-10-26T17:58:29.661+05:00","3.0878816162726426"
"2021-10-26T17:58:30.163+05:00","6.164619454789268"
"2021-10-26T17:58:30.664+05:00","3.423663769491282"
"2021-10-26T17:58:31.165+05:00","11.231979302249215"
"2021-10-26T17:58:31.666+05:00","9.358074138319596"
"2021-10-26T17:58:32.167+05:00","8.261614024359574"
"2021-10-26T17:58:32.668+05:00","3.834211099399486"
"2021-10-26T17:58:33.171+05:00","6.555297186888707"
"2021-10-26T17:58:33.672+05:00","2.7088902679043896"
"2021-10-26T17:58:34.175+05:00","1.0952512485999362"
"2021-10-26T17:58:34.678+05:00","0.20771568691308245"
"2021-10-26T17:58:35.179+05:00","0.03396050323429739"
"2021-10-26T17:58:35.681+05:00","0.35939977548569657"
"2021-10-26T17:58:36.184+05:00","0.17615914259058676"
"2021-10-26T17:58:36.686+05:00","1.7528633061792243"
"2021-10-26T17:58:37.189+05:00","10.441251129536516"
"2021-10-26T17:58:37.691+05:00","0.9783902333437354"
"2021-10-26T17:58:38.194+05:00","0.8188315456832326"
"2021-10-26T17:58:38.697+05:00","0.013455673834850055"
"2021-10-26T17:58:39.200+05:00","0.6978214194210636"
"2021-10-26T17:58:39.703+05:00","5.27851626298413"
"2021-10-26T17:58:40.216+05:00","8.992263227550014"
"2021-10-26T17:58:40.718+05:00","0.9970605403914926"
"2021-10-26T17:58:41.220+05:00","2.484055685096746"
"2021-10-26T17:58:41.722+05:00","2.3283980843042613"
"2021-10-26T17:58:42.224+05:00","2.11764941675784"
"2021-10-26T17:58:42.726+05:00","4.527732493791502"
"2021-10-26T17:58:43.227+05:00","3.739626337360956"
"2021-10-26T17:58:43.728+05:00","5.723390731558822"
"2021-10-26T17:58:44.230+05:00","4.696526891170926"
"2021-10-26T17:58:44.732+05:00","1.5399103615706036"
"2021-10-26T17:58:45.234+05:00","3.2897232128862166"
"2021-10-26T17:58:45.736+05:00","6.456393082910596"
"2021-10-26T17:58:46.239+05:00","2.8141251029211576"
"2021-10-26T17:58:46.741+05:00","1.1810922775169952"
"2021-10-26T17:58:47.243+05:00","4.31742068879573"
"2021-10-26T17:58:47.745+05:00","5.8296126770582255"
"2021-10-26T17:58:48.248+05:00","2.6306558329097323"
"2021-10-26T17:58:48.749+05:00","2.0506064293358213"
"2021-10-26T17:58:49.251+05:00","2.9910226312436556"
"2021-10-26T17:58:49.753+05:00","3.0441565383998417"
"2021-10-26T17:58:50.255+05:00","2.9177168006739835"
"2021-10-26T17:58:50.756+05:00","2.6370462299329462"
"2021-10-26T17:58:51.258+05:00","1.4747555431448625"
"2021-10-26T17:58:51.761+05:00","3.334953298605311"
"2021-10-26T17:58:52.263+05:00","2.611244143312926"
"2021-10-26T17:58:52.765+05:00","2.230110018381562"
"2021-10-26T17:58:53.268+05:00","2.090821482145121"
"2021-10-26T17:58:53.770+05:00","1.492652489251959"
"2021-10-26T17:58:54.271+05:00","19.08419594255116"
"2021-10-26T17:58:54.772+05:00","16.1379217389786"
"2021-10-26T17:58:55.274+05:00","13.32520462931887"
"2021-10-26T17:58:55.776+05:00","4.335591763351038"
"2021-10-26T17:58:56.278+05:00","0.6768612679782784"
"2021-10-26T17:58:56.780+05:00","0.5252157245792348"
"2021-10-26T17:58:57.282+05:00","0.5107395932932755"
"2021-10-26T17:58:57.785+05:00","0.11106559564156306"
"2021-10-26T17:58:58.287+05:00","9.544852604153776"
"2021-10-26T17:58:58.789+05:00","2.362293796907799"
"2021-10-26T17:58:59.291+05:00","5.507182905297027"
"2021-10-26T17:58:59.792+05:00","6.070656360907751"
"2021-10-26T17:59:00.293+05:00","15.531853864142349"
"2021-10-26T17:59:00.800+05:00","19.85604015406643"
"2021-10-26T17:59:01.302+05:00","15.664882405996766"
"2021-10-26T17:59:01.804+05:00","9.969685845353514"
"2021-10-26T17:59:02.305+05:00","17.158145313101038"
"2021-10-26T17:59:02.806+05:00","9.566873018469419"
"2021-10-26T17:59:03.309+05:00","8.552404695598375"
"2021-10-26T17:59:03.811+05:00","11.873566589247385"
"2021-10-26T17:59:04.312+05:00","15.251726598646773"
"2021-10-26T17:59:04.814+05:00","16.535197439680637"
"2021-10-26T17:59:05.315+05:00","7.8232438267059194"
"2021-10-26T17:59:05.816+05:00","18.580000188296317"
"2021-10-26T17:59:06.317+05:00","16.8167075442592"
"2021-10-26T17:59:06.818+05:00","7.3864602608904795"
"2021-10-26T17:59:07.319+05:00","4.286849964889938"
"2021-10-26T17:59:07.822+05:00","3.6675931339993015"
"2021-10-26T17:59:08.323+05:00","15.164971499217163"
"2021-10-26T17:59:08.825+05:00","6.2784116895849245"
"2021-10-26T17:59:09.327+05:00","2.4722040789046797"
"2021-10-26T17:59:09.829+05:00","1.6361788375459858"
"2021-10-26T17:59:10.331+05:00","1.333333893505007"
"2021-10-26T17:59:10.833+05:00","5.365494031225932"
"2021-10-26T17:59:11.335+05:00","1.1520930370032212"
"2021-10-26T17:59:11.837+05:00","1.2754979426926716"
"2021-10-26T17:59:12.340+05:00","1.0750572180963145"
"2021-10-26T17:59:12.842+05:00","0.6446501723942836"
"2021-10-26T17:59:13.344+05:00","11.343901932129373"
"2021-10-26T17:59:13.847+05:00","0.8278239350547556"
"2021-10-26T17:59:14.349+05:00","0.5992554754361827"
"2021-10-26T17:59:14.851+05:00","0.15222308478608765"
"2021-10-26T17:59:15.352+05:00","0.8612444646623143"
"2021-10-26T17:59:15.853+05:00","0.04296435469502084"
"2021-10-26T17:59:16.355+05:00","10.404352825187033"
"2021-10-26T17:59:16.857+05:00","0.8771660470511692"
"2021-10-26T17:59:17.359+05:00","3.5452314451575933"
"2021-10-26T17:59:17.861+05:00","2.679669712974677"
"2021-10-26T17:59:18.363+05:00","1.660774662441037"
"2021-10-26T17:59:18.865+05:00","0.6425851445214816"
"2021-10-26T17:59:19.366+05:00","2.5823614338638516"
"2021-10-26T17:59:19.867+05:00","8.624890486933962"
"2021-10-26T17:59:20.369+05:00","6.818648287932325"
"2021-10-26T17:59:20.871+05:00","5.5657262678960535"
"2021-10-26T17:59:21.372+05:00","8.569979987369965"
"2021-10-26T17:59:21.883+05:00","2.262605447171952"
"2021-10-26T17:59:22.385+05:00","4.073241747974744"
"2021-10-26T17:59:22.886+05:00","2.6195021441815776"
"2021-10-26T17:59:23.388+05:00","3.6285853956606093"
"2021-10-26T17:59:23.891+05:00","4.197683568093259"
"2021-10-26T17:59:24.393+05:00","3.624491186923517"
"2021-10-26T17:59:24.894+05:00","4.099673842526339"
"2021-10-26T17:59:25.396+05:00","3.0499636905780156"
"2021-10-26T17:59:25.897+05:00","5.515805823090922"
"2021-10-26T17:59:26.399+05:00","5.873873967185251"
"2021-10-26T17:59:26.901+05:00","4.046932576067593"
"2021-10-26T17:59:27.402+05:00","8.216469954720417"
"2021-10-26T17:59:27.904+05:00","4.2117400885764"
"2021-10-26T17:59:28.406+05:00","3.7201079562725408"
"2021-10-26T17:59:28.909+05:00","0.895115900772249"
"2021-10-26T17:59:29.411+05:00","1.1614014997149087"
"2021-10-26T17:59:29.914+05:00","2.126620602315845"
"2021-10-26T17:59:30.416+05:00","3.158911052052567"
"2021-10-26T17:59:30.917+05:00","3.7712939052255186"
"2021-10-26T17:59:31.419+05:00","6.842299146895376"
"2021-10-26T17:59:31.921+05:00","2.2202980500631617"
"2021-10-26T17:59:32.423+05:00","2.819135606655192"
"2021-10-26T17:59:32.925+05:00","0.2073238689147746"
"2021-10-26T17:59:33.427+05:00","0.41321554298715185"
"2021-10-26T17:59:33.928+05:00","0.09624393678558199"
"2021-10-26T17:59:34.429+05:00","12.457169428031017"
"2021-10-26T17:59:34.931+05:00","2.3805901495749238"
"2021-10-26T17:59:35.433+05:00","5.264078414936483"
"2021-10-26T17:59:35.935+05:00","0.15781919348186976"
"2021-10-26T17:59:36.436+05:00","2.212565546921815"
"2021-10-26T17:59:36.937+05:00","0.045458894248959596"
"2021-10-26T17:59:37.439+05:00","0.057890428791099645"
"2021-10-26T17:59:37.941+05:00","0.06125880063960095"
"2021-10-26T17:59:38.443+05:00","0.08339858305447252"
"2021-10-26T17:59:38.945+05:00","0"
"2021-10-26T17:59:39.448+05:00","0.3613652329102947"
"2021-10-26T17:59:39.950+05:00","0.07234347260981366"
"2021-10-26T17:59:40.451+05:00","0.1337171391363549"
"2021-10-26T17:59:40.953+05:00","0.14838985073268846"
"2021-10-26T17:59:41.456+05:00","0.2893292256698885"
"2021-10-26T17:59:41.958+05:00","0"
"2021-10-26T17:59:42.460+05:00","1.4645982232192507"
"2021-10-26T17:59:42.970+05:00","0"
"2021-10-26T17:59:43.472+05:00","0.025030005723561132"
"2021-10-26T17:59:43.974+05:00","0.10334208619031085"
"2021-10-26T17:59:44.476+05:00","0.1003191583747621"
"2021-10-26T17:59:44.979+05:00","0"
"2021-10-26T17:59:45.481+05:00","0.09315162102098"
"2021-10-26T17:59:45.984+05:00","0.13237257498841215"
"2021-10-26T17:59:46.487+05:00","1.0471793357301191"
"2021-10-26T17:59:46.988+05:00","0.03474697255207028"
"2021-10-26T17:59:47.489+05:00","0"
"2021-10-26T17:59:47.992+05:00","0"
"2021-10-26T17:59:48.495+05:00","0.0611417648879994"
"2021-10-26T17:59:48.996+05:00","3.960626606270297"
"2021-10-26T17:59:49.498+05:00","3.5035974480418517"
"2021-10-26T17:59:50.001+05:00","0.34789917606306986"
"2021-10-26T17:59:50.504+05:00","0.4402953373002817"
"2021-10-26T17:59:51.007+05:00","0.09744324328955808"
"2021-10-26T17:59:51.509+05:00","2.0799672880789157"
"2021-10-26T17:59:52.011+05:00","0.2272911464257173"
"2021-10-26T17:59:52.513+05:00","9.562038682258226"
"2021-10-26T17:59:53.014+05:00","2.691463128982385"
"2021-10-26T17:59:53.517+05:00","10.416357057944115"
"2021-10-26T17:59:54.019+05:00","3.5736475561320025"
"2021-10-26T17:59:54.522+05:00","1.4848985322224875"
"2021-10-26T17:59:55.024+05:00","0"
"2021-10-26T17:59:55.527+05:00","0.264043858719819"
"2021-10-26T17:59:56.029+05:00","0.08451149228781434"
"2021-10-26T17:59:56.532+05:00","0.5248030762842053"
"2021-10-26T17:59:57.035+05:00","0"
"2021-10-26T17:59:57.538+05:00","0.2520243319387434"
"2021-10-26T17:59:58.041+05:00","0"
"2021-10-26T17:59:58.543+05:00","0.5505099073099731"
"2021-10-26T17:59:59.044+05:00","0.19680380090402042"
"2021-10-26T17:59:59.547+05:00","0.08431093847854011"
"2021-10-26T18:00:00.048+05:00","4.6549280514449665"
"2021-10-26T18:00:00.551+05:00","4.9130182048022615"
"2021-10-26T18:00:01.053+05:00","0.046785248736386925"
"2021-10-26T18:00:01.555+05:00","0.1149090967867254"
"2021-10-26T18:00:02.058+05:00","0.3068075246347811"
"2021-10-26T18:00:02.561+05:00","0.0694418763704196"
"2021-10-26T18:00:03.070+05:00","0.06344524003980692"
"2021-10-26T18:00:03.573+05:00","0.3291594188102956"
"2021-10-26T18:00:04.075+05:00","0.20308274780556637"
"2021-10-26T18:00:04.576+05:00","5.10646550589686"
"2021-10-26T18:00:05.078+05:00","0.15419590500672564"
"2021-10-26T18:00:05.581+05:00","0"
"2021-10-26T18:00:06.083+05:00","0.1240127637520505"
"2021-10-26T18:00:06.586+05:00","2.139530930578089"
"2021-10-26T18:00:07.088+05:00","3.913548680892557"
"2021-10-26T18:00:07.591+05:00","3.365627634198244"
"2021-10-26T18:00:08.094+05:00","0.32502499514666094"
"2021-10-26T18:00:08.597+05:00","0.33364577602271656"
"2021-10-26T18:00:09.098+05:00","0.1591656163430204"
"2021-10-26T18:00:09.601+05:00","0.4816656992806301"
"2021-10-26T18:00:10.102+05:00","5.583360344795989"
"2021-10-26T18:00:10.604+05:00","9.682268139674854"
"2021-10-26T18:00:11.106+05:00","1.819797432672623"
"2021-10-26T18:00:11.609+05:00","3.2011887164992627"
"2021-10-26T18:00:12.110+05:00","11.164558452075454"
"2021-10-26T18:00:12.611+05:00","22.80607027382297"
"2021-10-26T18:00:13.113+05:00","19.343278386989567"
"2021-10-26T18:00:13.615+05:00","12.424780298675957"
"2021-10-26T18:00:14.117+05:00","8.750144829697527"
"2021-10-26T18:00:14.619+05:00","9.640985777733821"
"2021-10-26T18:00:15.120+05:00","16.05690887475756"
"2021-10-26T18:00:15.621+05:00","11.406311692899132"
"2021-10-26T18:00:16.122+05:00","10.400303204327038"
"2021-10-26T18:00:16.623+05:00","17.396367092646077"
"2021-10-26T18:00:17.124+05:00","5.72782412538246"
"2021-10-26T18:00:17.626+05:00","9.73088922874675"
"2021-10-26T18:00:18.127+05:00","10.065699317565077"
"2021-10-26T18:00:18.628+05:00","15.236999251964274"
"2021-10-26T18:00:19.129+05:00","11.587057150760511"
"2021-10-26T18:00:19.630+05:00","15.190169263115465"
"2021-10-26T18:00:20.132+05:00","6.757796156054234"
"2021-10-26T18:00:20.634+05:00","5.566419917441385"
"2021-10-26T18:00:21.136+05:00","3.906524048079046"
"2021-10-26T18:00:21.639+05:00","7.646795269321714"
"2021-10-26T18:00:22.142+05:00","3.5950980673150243"
"2021-10-26T18:00:22.643+05:00","10.870586667623655"
"2021-10-26T18:00:23.144+05:00","12.924939838258299"
"2021-10-26T18:00:23.646+05:00","5.281878723488798"
"2021-10-26T18:00:24.155+05:00","6.955780342591606"
"2021-10-26T18:00:24.657+05:00","3.505219279513593"
"2021-10-26T18:00:25.159+05:00","8.773639926036028"
"2021-10-26T18:00:25.660+05:00","11.395050743178277"
"2021-10-26T18:00:26.161+05:00","5.0234448884291725"
"2021-10-26T18:00:26.663+05:00","3.223573113228301"
"2021-10-26T18:00:27.166+05:00","0.3449555387637063"
"2021-10-26T18:00:27.668+05:00","0.4211327280122339"
"2021-10-26T18:00:28.169+05:00","4.889290750697003"
"2021-10-26T18:00:28.671+05:00","8.445424269719192"
"2021-10-26T18:00:29.172+05:00","2.2654255671748906"
"2021-10-26T18:00:29.673+05:00","5.242787473997607"
"2021-10-26T18:00:30.174+05:00","3.0111770022228406"
"2021-10-26T18:00:30.675+05:00","3.009140782864526"
"2021-10-26T18:00:31.176+05:00","12.35500939313155"
"2021-10-26T18:00:31.678+05:00","12.057592868222011"
"2021-10-26T18:00:32.179+05:00","17.33873070532205"
"2021-10-26T18:00:32.681+05:00","12.400935046695007"
"2021-10-26T18:00:33.182+05:00","13.669867534737616"
"2021-10-26T18:00:33.683+05:00","21.364805566787066"
"2021-10-26T18:00:34.184+05:00","14.06896661505612"
"2021-10-26T18:00:34.686+05:00","13.025794834361545"
"2021-10-26T18:00:35.189+05:00","14.955403543444604"
"2021-10-26T18:00:35.691+05:00","11.048209511459167"
"2021-10-26T18:00:36.194+05:00","9.33758812160747"
"2021-10-26T18:00:36.696+05:00","11.260886956811103"
"2021-10-26T18:00:37.197+05:00","9.460888830123778"
"2021-10-26T18:00:37.699+05:00","12.630716264667107"
"2021-10-26T18:00:38.200+05:00","8.103111362583665"
"2021-10-26T18:00:38.701+05:00","5.257289768801027"
"2021-10-26T18:00:39.204+05:00","1.287202259527319"
"2021-10-26T18:00:39.706+05:00","5.692544763106856"
"2021-10-26T18:00:40.207+05:00","5.212134619736818"
"2021-10-26T18:00:40.709+05:00","4.769911191648847"
"2021-10-26T18:00:41.212+05:00","2.8263948695202075"
"2021-10-26T18:00:41.713+05:00","2.7304988732616664"
"2021-10-26T18:00:42.216+05:00","4.540684699713376"
"2021-10-26T18:00:42.718+05:00","4.145639560623826"
"2021-10-26T18:00:43.219+05:00","6.8233891166046945"
"2021-10-26T18:00:43.720+05:00","9.335968454052232"
"2021-10-26T18:00:44.222+05:00","1.6040360698479066"
"2021-10-26T18:00:44.723+05:00","1.224137932112268"
"2021-10-26T18:00:45.233+05:00","0.27635091133784806"
"2021-10-26T18:00:45.734+05:00","1.428916687416121"
"2021-10-26T18:00:46.235+05:00","4.853874609329333"
"2021-10-26T18:00:46.737+05:00","7.4968267439946725"
"2021-10-26T18:00:47.238+05:00","2.3852848397563373"
"2021-10-26T18:00:47.740+05:00","1.7200377200873933"
"2021-10-26T18:00:48.242+05:00","2.0265047229253232"
"2021-10-26T18:00:48.744+05:00","6.884112123097241"
"2021-10-26T18:00:49.246+05:00","10.270943456238554"
"2021-10-26T18:00:49.747+05:00","20.186461696549124"
"2021-10-26T18:00:50.249+05:00","13.978631421173704"
"2021-10-26T18:00:50.751+05:00","4.609198383034839"
"2021-10-26T18:00:51.252+05:00","5.12848136036636"
"2021-10-26T18:00:51.753+05:00","10.14245313976689"
"2021-10-26T18:00:52.254+05:00","5.992526922026447"
"2021-10-26T18:00:52.755+05:00","9.565470233631059"
"2021-10-26T18:00:53.258+05:00","5.512030443111703"
"2021-10-26T18:00:53.759+05:00","10.263171701675148"
"2021-10-26T18:00:54.261+05:00","3.9378179857552063"
"2021-10-26T18:00:54.763+05:00","3.4047704863916457"
"2021-10-26T18:00:55.266+05:00","4.209074373172298"
"2021-10-26T18:00:55.768+05:00","1.1148881561821153"
"2021-10-26T18:00:56.271+05:00","2.0161432727990887"
"2021-10-26T18:00:56.774+05:00","1.6353594142868575"
"2021-10-26T18:00:57.276+05:00","3.10362300340302"
"2021-10-26T18:00:57.777+05:00","2.3479088815441993"
"2021-10-26T18:00:58.280+05:00","2.161104552597883"
"2021-10-26T18:00:58.782+05:00","1.1338161940756941"
"2021-10-26T18:00:59.284+05:00","0.5143215898881357"
"2021-10-26T18:00:59.787+05:00","1.0555415608553806"
"2021-10-26T18:01:00.290+05:00","2.3858574392364296"
"2021-10-26T18:01:00.793+05:00","3.776997031513645"
"2021-10-26T18:01:01.294+05:00","5.467550734894552"
"2021-10-26T18:01:01.796+05:00","4.262003354477937"
"2021-10-26T18:01:02.298+05:00","1.172836060775023"
"2021-10-26T18:01:02.800+05:00","0.7812829559511933"
"2021-10-26T18:01:03.302+05:00","0.30153986938101507"
"2021-10-26T18:01:03.804+05:00","0.6001103014814844"
"2021-10-26T18:01:04.306+05:00","8.651876811778463"
"2021-10-26T18:01:04.808+05:00","9.376212109353212"
"2021-10-26T18:01:05.321+05:00","5.629712875468348"
"2021-10-26T18:01:05.822+05:00","6.096379443136965"
"2021-10-26T18:01:06.324+05:00","4.284349814882555"
"2021-10-26T18:01:06.825+05:00","4.170275100879596"
"2021-10-26T18:01:07.326+05:00","1.2046084772276082"
"2021-10-26T18:01:07.827+05:00","2.104096217291695"
"2021-10-26T18:01:08.330+05:00","0.3866208891639278"
"2021-10-26T18:01:08.832+05:00","2.785829297318853"
"2021-10-26T18:01:09.335+05:00","2.3672234836849837"
"2021-10-26T18:01:09.836+05:00","4.166794484600064"
"2021-10-26T18:01:10.338+05:00","5.206848485608541"
"2021-10-26T18:01:10.841+05:00","1.7926150778626821"
"2021-10-26T18:01:11.343+05:00","3.3486392679497547"
"2021-10-26T18:01:11.845+05:00","1.9330585972374492"
"2021-10-26T18:01:12.346+05:00","3.584398107453216"
"2021-10-26T18:01:12.848+05:00","6.915602631933568"
"2021-10-26T18:01:13.350+05:00","6.280031826170801"
"2021-10-26T18:01:13.851+05:00","13.57020100189032"
"2021-10-26T18:01:14.353+05:00","10.959648894500924"
"2021-10-26T18:01:14.854+05:00","7.610013279882629"
"2021-10-26T18:01:15.356+05:00","3.487680794218105"
"2021-10-26T18:01:15.858+05:00","1.0640783906255369"
"2021-10-26T18:01:16.360+05:00","2.199844582741675"
"2021-10-26T18:01:16.862+05:00","3.6901516460388852"
"2021-10-26T18:01:17.364+05:00","0.7949735258376807"
"2021-10-26T18:01:17.866+05:00","1.1743278194088038"
"2021-10-26T18:01:18.369+05:00","2.112722133005171"
"2021-10-26T18:01:18.871+05:00","1.1220697999361695"
"2021-10-26T18:01:19.372+05:00","6.008158519450064"
"2021-10-26T18:01:19.874+05:00","4.626495142220837"
"2021-10-26T18:01:20.377+05:00","0.5255651432472317"
"2021-10-26T18:01:20.880+05:00","0.4867170908979956"
"2021-10-26T18:01:21.383+05:00","0.3964511111213964"
"2021-10-26T18:01:21.886+05:00","2.173590322499357"
"2021-10-26T18:01:22.387+05:00","5.992217509681099"
"2021-10-26T18:01:22.888+05:00","7.956367744081843"
"2021-10-26T18:01:23.389+05:00","1.732998523633271"
"2021-10-26T18:01:23.891+05:00","9.432225676419101"
"2021-10-26T18:01:24.393+05:00","6.53743882476709"
"2021-10-26T18:01:24.896+05:00","3.5330410585479646"
"2021-10-26T18:01:25.398+05:00","3.6450022891448524"
"2021-10-26T18:01:25.900+05:00","2.7223862170347566"
"2021-10-26T18:01:26.411+05:00","1.8879884264119489"
"2021-10-26T18:01:26.912+05:00","8.197119596078323"
"2021-10-26T18:01:27.413+05:00","11.089898513057218"
"2021-10-26T18:01:27.915+05:00","15.674659076345705"
"2021-10-26T18:01:28.416+05:00","7.059139087848433"
"2021-10-26T18:01:28.916+05:00","6.050493748106296"
"2021-10-26T18:01:29.418+05:00","3.5776450728799727"
"2021-10-26T18:01:29.919+05:00","3.1601969089491893"
"2021-10-26T18:01:30.422+05:00","2.4179693639231967"
"2021-10-26T18:01:30.924+05:00","3.8577832507149052"
"2021-10-26T18:01:31.425+05:00","7.24968715328245"
"2021-10-26T18:01:31.926+05:00","14.477435576337424"
"2021-10-26T18:01:32.427+05:00","20.854630334502836"
"2021-10-26T18:01:32.928+05:00","11.557368775529037"
"2021-10-26T18:01:33.430+05:00","9.38849392458097"
"2021-10-26T18:01:33.932+05:00","6.594900489420155"
"2021-10-26T18:01:34.434+05:00","4.42797242624418"
"2021-10-26T18:01:34.936+05:00","7.425593797198687"
"2021-10-26T18:01:35.438+05:00","1.8108936150374475"
"2021-10-26T18:01:35.940+05:00","13.55493942057996"
"2021-10-26T18:01:36.441+05:00","20.583034911068687"
"2021-10-26T18:01:36.943+05:00","7.665711072161386"
"2021-10-26T18:01:37.444+05:00","12.443084913107246"
"2021-10-26T18:01:37.947+05:00","8.99915189550152"
"2021-10-26T18:01:38.448+05:00","3.2077382169980813"
"2021-10-26T18:01:38.951+05:00","0.48864255480125596"
"2021-10-26T18:01:39.454+05:00","0.16414705648439415"
"2021-10-26T18:01:39.957+05:00","0.3658402564859132"
"2021-10-26T18:01:40.458+05:00","5.939643577016142"
"2021-10-26T18:01:40.960+05:00","6.858465204694638"
"2021-10-26T18:01:41.462+05:00","1.7436746056068724"
"2021-10-26T18:01:41.963+05:00","3.9108154337482"
"2021-10-26T18:01:42.465+05:00","1.425310641262922"
"2021-10-26T18:01:42.966+05:00","7.23144270208021"
"2021-10-26T18:01:43.467+05:00","17.80448822105356"
"2021-10-26T18:01:43.968+05:00","18.42884979530969"
"2021-10-26T18:01:44.469+05:00","10.329288163102483"
"2021-10-26T18:01:44.971+05:00","12.041553345012598"
"2021-10-26T18:01:45.472+05:00","7.59887393193388"
"2021-10-26T18:01:45.975+05:00","15.941704250927465"
"2021-10-26T18:01:46.482+05:00","10.691083788044484"
"2021-10-26T18:01:46.983+05:00","12.084880685283492"
"2021-10-26T18:01:47.484+05:00","14.282247695359661"
"2021-10-26T18:01:47.985+05:00","13.918773840190717"
"2021-10-26T18:01:48.486+05:00","18.703929809969097"
"2021-10-26T18:01:48.989+05:00","24.018962131363608"
"2021-10-26T18:01:49.491+05:00","23.804066570553537"
"2021-10-26T18:01:49.992+05:00","23.140230651960977"
"2021-10-26T18:01:50.493+05:00","12.7525312082552"
"2021-10-26T18:01:50.994+05:00","14.607009033554043"
"2021-10-26T18:01:51.495+05:00","16.86781807284764"
"2021-10-26T18:01:51.997+05:00","15.13304304771873"
"2021-10-26T18:01:52.499+05:00","20.937036276451128"
"2021-10-26T18:01:53.000+05:00","20.87142771972169"
"2021-10-26T18:01:53.502+05:00","11.998683180214833"
"2021-10-26T18:01:54.003+05:00","19.87533971097308"
"2021-10-26T18:01:54.505+05:00","15.9416544637213"
"2021-10-26T18:01:55.006+05:00","14.415261800267103"
"2021-10-26T18:01:55.507+05:00","14.087871881829194"
"2021-10-26T18:01:56.010+05:00","7.550801747982008"
"2021-10-26T18:01:56.513+05:00","0.7543618469724355"
"2021-10-26T18:01:57.016+05:00","0.5626325138202912"
"2021-10-26T18:01:57.518+05:00","0.17683247469951863"
"2021-10-26T18:01:58.019+05:00","4.124686212959399"
"2021-10-26T18:01:58.521+05:00","9.357887946224878"
"2021-10-26T18:01:59.023+05:00","6.0520036641439345"
"2021-10-26T18:01:59.525+05:00","1.8160855505728941"
"2021-10-26T18:02:00.026+05:00","3.1906681888043225"
"2021-10-26T18:02:00.528+05:00","7.636757000536843"
"2021-10-26T18:02:01.029+05:00","4.5290340196125225"
"2021-10-26T18:02:01.532+05:00","2.3987148006647754"
"2021-10-26T18:02:02.034+05:00","2.0204475885998257"
"2021-10-26T18:02:02.535+05:00","5.355849730581559"
"2021-10-26T18:02:03.036+05:00","19.154495310364183"
"2021-10-26T18:02:03.538+05:00","8.732944878540827"
"2021-10-26T18:02:04.039+05:00","5.062836174023705"
"2021-10-26T18:02:04.541+05:00","15.415398229663323"
"2021-10-26T18:02:05.043+05:00","9.558306156313485"
"2021-10-26T18:02:05.544+05:00","16.64278299162383"
"2021-10-26T18:02:06.046+05:00","8.74050630428641"
"2021-10-26T18:02:06.548+05:00","6.942397063034034"
"2021-10-26T18:02:07.049+05:00","23.373040768432592"
"2021-10-26T18:02:07.550+05:00","5.859053064924446"
"2021-10-26T18:02:08.051+05:00","3.609698972697391"
"2021-10-26T18:02:08.553+05:00","5.330020972304238"
"2021-10-26T18:02:09.055+05:00","6.8926996008088395"
"2021-10-26T18:02:09.557+05:00","5.213440831382127"
"2021-10-26T18:02:10.058+05:00","6.135151481749677"
"2021-10-26T18:02:10.559+05:00","9.80028482907463"
"2021-10-26T18:02:11.061+05:00","6.379898386281455"
"2021-10-26T18:02:11.563+05:00","4.634871870662887"
"2021-10-26T18:02:12.064+05:00","4.870771138028539"
"2021-10-26T18:02:12.567+05:00","3.698728504473459"
"2021-10-26T18:02:13.068+05:00","4.805178281847374"
"2021-10-26T18:02:13.569+05:00","9.012121388776785"
"2021-10-26T18:02:14.070+05:00","7.2419681256628"
"2021-10-26T18:02:14.573+05:00","0.13077313824940923"
"2021-10-26T18:02:15.075+05:00","0.45519911913966826"
"2021-10-26T18:02:15.578+05:00","0.22152766992226947"
"2021-10-26T18:02:16.081+05:00","5.524352195483264"
"2021-10-26T18:02:16.582+05:00","7.8092671672908125"
"2021-10-26T18:02:17.084+05:00","6.618275582002934"
"2021-10-26T18:02:17.586+05:00","1.8894651124228767"
"2021-10-26T18:02:18.088+05:00","3.975175910049644"
"2021-10-26T18:02:18.590+05:00","10.051362206851241"
"2021-10-26T18:02:19.091+05:00","15.170906131320692"
"2021-10-26T18:02:19.593+05:00","7.954730821311917"
"2021-10-26T18:02:20.094+05:00","7.1560264647456355"
"2021-10-26T18:02:20.596+05:00","5.837663604411489"
"2021-10-26T18:02:21.098+05:00","2.5306323210804917"
"2021-10-26T18:02:21.599+05:00","3.838416137772241"
"2021-10-26T18:02:22.101+05:00","17.451555673574862"
"2021-10-26T18:02:22.602+05:00","15.260586881078714"
"2021-10-26T18:02:23.103+05:00","13.547870787979821"
"2021-10-26T18:02:23.604+05:00","4.059239325686084"
"2021-10-26T18:02:24.105+05:00","7.19906593695873"
"2021-10-26T18:02:24.607+05:00","5.730682174721478"
"2021-10-26T18:02:25.109+05:00","3.3821559764117595"
"2021-10-26T18:02:25.610+05:00","9.036398272783806"
"2021-10-26T18:02:26.112+05:00","7.383980137280539"
"2021-10-26T18:02:26.613+05:00","6.6925424988656195"
"2021-10-26T18:02:27.114+05:00","7.355802234682776"
"2021-10-26T18:02:27.615+05:00","7.563458708456085"
"2021-10-26T18:02:28.120+05:00","1.5056830296568346"
"2021-10-26T18:02:28.622+05:00","2.6356471827916144"
"2021-10-26T18:02:29.123+05:00","5.402203430742273"
"2021-10-26T18:02:29.624+05:00","2.203064639490452"
"2021-10-26T18:02:30.126+05:00","5.452503250351125"
"2021-10-26T18:02:30.628+05:00","3.28823851277242"
"2021-10-26T18:02:31.130+05:00","0.27593574272102006"
"2021-10-26T18:02:31.632+05:00","5.658379370628008"
"2021-10-26T18:02:32.135+05:00","4.35648545219412"
"2021-10-26T18:02:32.636+05:00","1.3710838823601257"
"2021-10-26T18:02:33.139+05:00","0.5034436556149077"
"2021-10-26T18:02:33.640+05:00","0.184042551806575"
"2021-10-26T18:02:34.141+05:00","5.421213030431163"
"2021-10-26T18:02:34.642+05:00","8.076097502728619"
"2021-10-26T18:02:35.143+05:00","9.11719442083942"
"2021-10-26T18:02:35.645+05:00","0.6397200936255605"
"2021-10-26T18:02:36.148+05:00","2.1332535511241355"
"2021-10-26T18:02:36.650+05:00","2.154526144888284"
"2021-10-26T18:02:37.152+05:00","2.6853063266363737"
"2021-10-26T18:02:37.655+05:00","0.6679028322411699"
"2021-10-26T18:02:38.157+05:00","1.3357491134815866"
"2021-10-26T18:02:38.658+05:00","1.24006730023385"
"2021-10-26T18:02:39.160+05:00","3.152495223539514"
"2021-10-26T18:02:39.663+05:00","1.3488804454893923"
"2021-10-26T18:02:40.165+05:00","7.3142216761870325"
"2021-10-26T18:02:40.667+05:00","6.695333730996357"
"2021-10-26T18:02:41.169+05:00","9.47478970681502"
"2021-10-26T18:02:41.670+05:00","15.454651272642653"
"2021-10-26T18:02:42.171+05:00","13.728226540455845"
"2021-10-26T18:02:42.673+05:00","12.316656745018594"
"2021-10-26T18:02:43.175+05:00","6.448958150557205"
"2021-10-26T18:02:43.676+05:00","5.272642060588773"
"2021-10-26T18:02:44.178+05:00","1.6611181446377505"
"2021-10-26T18:02:44.681+05:00","0.5030767981404483"
"2021-10-26T18:02:45.182+05:00","1.4749718099421818"
"2021-10-26T18:02:45.683+05:00","0.23485403311006692"
"2021-10-26T18:02:46.185+05:00","0.4797003935012165"
"2021-10-26T18:02:46.686+05:00","3.794172662277848"
"2021-10-26T18:02:47.189+05:00","1.3383801584631576"
"2021-10-26T18:02:47.690+05:00","0.23404101426503682"
"2021-10-26T18:02:48.192+05:00","3.190777502727888"
"2021-10-26T18:02:48.695+05:00","0.598732172018178"
"2021-10-26T18:02:49.209+05:00","0.4796166757949316"
"2021-10-26T18:02:49.711+05:00","6.543503604306635"
"2021-10-26T18:02:50.214+05:00","1.9061677859762836"
"2021-10-26T18:02:50.717+05:00","0.757435906318032"
"2021-10-26T18:02:51.218+05:00","0.9147918369418674"
"2021-10-26T18:02:51.719+05:00","1.2979586792992754"
"2021-10-26T18:02:52.220+05:00","1.9520951106287074"
"2021-10-26T18:02:52.721+05:00","10.908352452564424"
"2021-10-26T18:02:53.224+05:00","6.390067881924606"
"2021-10-26T18:02:53.725+05:00","1.7792513647920476"
"2021-10-26T18:02:54.228+05:00","3.291636423796276"
"2021-10-26T18:02:54.729+05:00","11.51263839664248"
"2021-10-26T18:02:55.231+05:00","9.382891859190092"
"2021-10-26T18:02:55.732+05:00","16.426058860338394"
"2021-10-26T18:02:56.234+05:00","9.064863834166546"
"2021-10-26T18:02:56.735+05:00","6.507633473024786"
"2021-10-26T18:02:57.236+05:00","11.840229473576716"
"2021-10-26T18:02:57.737+05:00","8.266251742967137"
"2021-10-26T18:02:58.239+05:00","4.091703855994332"
"2021-10-26T18:02:58.742+05:00","8.019567607818594"
"2021-10-26T18:02:59.243+05:00","8.24606905975295"
"2021-10-26T18:02:59.744+05:00","8.313129845103049"
"2021-10-26T18:03:00.246+05:00","9.920389234697552"
"2021-10-26T18:03:00.746+05:00","11.934424234743858"
"2021-10-26T18:03:01.247+05:00","9.983383989730017"
"2021-10-26T18:03:01.748+05:00","6.397007859295936"
"2021-10-26T18:03:02.250+05:00","10.518940737008869"
"2021-10-26T18:03:02.751+05:00","5.945004218646849"
"2021-10-26T18:03:03.254+05:00","1.4345295863453296"
"2021-10-26T18:03:03.755+05:00","1.5829698646744688"
"2021-10-26T18:03:04.256+05:00","2.30262010654765"
"2021-10-26T18:03:04.757+05:00","2.805068532541905"
"2021-10-26T18:03:05.258+05:00","6.634683945436994"
"2021-10-26T18:03:05.759+05:00","1.9633738579855815"
"2021-10-26T18:03:06.262+05:00","4.148917662741463"
"2021-10-26T18:03:06.763+05:00","2.4575542637352865"
"2021-10-26T18:03:07.265+05:00","1.0367079174786857"
"2021-10-26T18:03:07.766+05:00","7.825573484248533"
"2021-10-26T18:03:08.268+05:00","4.794976222833901"
"2021-10-26T18:03:08.770+05:00","1.0360738459857872"
"2021-10-26T18:03:09.271+05:00","5.014959999680578"
"2021-10-26T18:03:09.772+05:00","0.14622832531608188"
"2021-10-26T18:03:10.274+05:00","0.6252769447706232"
"2021-10-26T18:03:10.776+05:00","8.442645508645878"
"2021-10-26T18:03:11.277+05:00","5.685978275508136"
"2021-10-26T18:03:11.777+05:00","2.1436495089546126"
"2021-10-26T18:03:12.280+05:00","2.6098514810479574"
"2021-10-26T18:03:12.782+05:00","1.6337957664368645"
"2021-10-26T18:03:13.284+05:00","1.2831422010702007"
"2021-10-26T18:03:13.785+05:00","8.15864948585676"
"2021-10-26T18:03:14.287+05:00","4.438125900735956"
"2021-10-26T18:03:14.787+05:00","6.773657856078595"
"2021-10-26T18:03:15.289+05:00","7.01250593212726"
"2021-10-26T18:03:15.791+05:00","6.538842415384244"
"2021-10-26T18:03:16.292+05:00","7.6602726899021425"
"2021-10-26T18:03:16.793+05:00","4.698004709798305"
"2021-10-26T18:03:17.294+05:00","4.521692741989106"
"2021-10-26T18:03:17.795+05:00","4.418938354104011"
"2021-10-26T18:03:18.296+05:00","6.259732719888014"
"2021-10-26T18:03:18.798+05:00","4.410820928600067"
"2021-10-26T18:03:19.299+05:00","3.658495286371343"
"2021-10-26T18:03:19.799+05:00","18.423544388618694"
"2021-10-26T18:03:20.300+05:00","18.32437548884486"
"2021-10-26T18:03:20.801+05:00","24.132720289597614"
"2021-10-26T18:03:21.303+05:00","13.982523582872536"
"2021-10-26T18:03:21.804+05:00","15.199422048377244"
"2021-10-26T18:03:22.305+05:00","4.616301826432724"
"2021-10-26T18:03:22.806+05:00","7.312535326811631"
"2021-10-26T18:03:23.307+05:00","20.22714778391302"
"2021-10-26T18:03:23.808+05:00","12.312444147297674"
"2021-10-26T18:03:24.310+05:00","16.984818111158972"
"2021-10-26T18:03:24.811+05:00","7.670664749600362"
"2021-10-26T18:03:25.313+05:00","8.271274825967641"
"2021-10-26T18:03:25.814+05:00","16.568346884504493"
"2021-10-26T18:03:26.315+05:00","10.258997690525455"
"2021-10-26T18:03:26.816+05:00","3.278116126082661"
"2021-10-26T18:03:27.318+05:00","0.5481859778004972"
"2021-10-26T18:03:27.819+05:00","0.1655133602276388"
"2021-10-26T18:03:28.321+05:00","0.2744338625428483"
"2021-10-26T18:03:28.822+05:00","8.238088628608063"
"2021-10-26T18:03:29.324+05:00","5.894374912175326"
"2021-10-26T18:03:29.825+05:00","1.727248174653619"
"2021-10-26T18:03:30.330+05:00","1.4227181524475505"
"2021-10-26T18:03:30.832+05:00","1.5850048602784235"
"2021-10-26T18:03:31.334+05:00","1.5774152997960442"
"2021-10-26T18:03:31.836+05:00","1.79316549946078"
"2021-10-26T18:03:32.337+05:00","1.452828954028055"
"2021-10-26T18:03:32.838+05:00","1.3238499155557144"
"2021-10-26T18:03:33.338+05:00","1.268452675619337"
"2021-10-26T18:03:33.839+05:00","0.5683360087492703"
"2021-10-26T18:03:34.340+05:00","0.5245212483586313"
"2021-10-26T18:03:34.843+05:00","1.0728407263306807"
"2021-10-26T18:03:35.344+05:00","0.9899980259772567"
"2021-10-26T18:03:35.845+05:00","0.8310092398641623"
"2021-10-26T18:03:36.347+05:00","0.5919205504933669"
"2021-10-26T18:03:36.849+05:00","2.674522905408878"
"2021-10-26T18:03:37.350+05:00","1.6560410646570531"
"2021-10-26T18:03:37.852+05:00","0.6141824227520303"
"2021-10-26T18:03:38.353+05:00","0.7787458805218305"
"2021-10-26T18:03:38.854+05:00","1.2930612200111515"
"2021-10-26T18:03:39.355+05:00","0.9985030628818802"
"2021-10-26T18:03:39.856+05:00","0.6091862459656203"
"2021-10-26T18:03:40.358+05:00","0.8099615888214436"
"2021-10-26T18:03:40.860+05:00","1.0301653038399612"
"2021-10-26T18:03:41.362+05:00","1.036919645713935"
"2021-10-26T18:03:41.864+05:00","0.6031137171854318"
"2021-10-26T18:03:42.365+05:00","0.4650832491320179"
"2021-10-26T18:03:42.867+05:00","0.8585910459026311"
"2021-10-26T18:03:43.368+05:00","0.9076772558337449"
"2021-10-26T18:03:43.869+05:00","5.919890830706017"
"2021-10-26T18:03:44.371+05:00","1.5913991330331752"
"2021-10-26T18:03:44.872+05:00","3.0836203679255725"
"2021-10-26T18:03:45.374+05:00","0.4319774679736756"
"2021-10-26T18:03:45.876+05:00","0.1891961699019715"
"2021-10-26T18:03:46.378+05:00","0.2975673777707111"
"2021-10-26T18:03:46.880+05:00","7.8756408250039565"
"2021-10-26T18:03:47.381+05:00","5.2657503502182745"
"2021-10-26T18:03:47.882+05:00","1.2166943840958169"
"2021-10-26T18:03:48.384+05:00","1.8278188420879813"
"2021-10-26T18:03:48.886+05:00","2.0579952825019907"
"2021-10-26T18:03:49.387+05:00","1.2850061714235055"
"2021-10-26T18:03:49.888+05:00","1.0691048638985445"
"2021-10-26T18:03:50.390+05:00","0.9219929675604932"
"2021-10-26T18:03:50.891+05:00","2.6239947831310695"
"2021-10-26T18:03:51.401+05:00","2.249428638810242"
"2021-10-26T18:03:51.902+05:00","3.1226928670512653"
"2021-10-26T18:03:52.404+05:00","0.6307945118211179"
"2021-10-26T18:03:52.906+05:00","0.9180612752536466"
"2021-10-26T18:03:53.408+05:00","0.9679308855500387"
"2021-10-26T18:03:53.909+05:00","0.5694348700208138"
"2021-10-26T18:03:54.411+05:00","2.065481886558522"
"2021-10-26T18:03:54.912+05:00","2.525833673965985"
"2021-10-26T18:03:55.415+05:00","1.6739282545310001"
"2021-10-26T18:03:55.916+05:00","7.440744913455828"
"2021-10-26T18:03:56.417+05:00","16.84795509136564"
"2021-10-26T18:03:56.918+05:00","26.503736672032154"
"2021-10-26T18:03:57.420+05:00","15.773417967422144"
"2021-10-26T18:03:57.921+05:00","16.28098352203726"
"2021-10-26T18:03:58.423+05:00","24.672717379700885"
"2021-10-26T18:03:58.925+05:00","30.28861448061583"
"2021-10-26T18:03:59.426+05:00","29.502019007763234"
"2021-10-26T18:03:59.927+05:00","23.0564231650052"
"2021-10-26T18:04:00.428+05:00","31.474489345507596"
"2021-10-26T18:04:00.930+05:00","32.93432711314435"
"2021-10-26T18:04:01.431+05:00","29.420643909236464"
"2021-10-26T18:04:01.932+05:00","17.516523089618154"
"2021-10-26T18:04:02.433+05:00","16.77063684851994"
"2021-10-26T18:04:02.934+05:00","0.9824305376733913"
"2021-10-26T18:04:03.435+05:00","7.249774893345913"
"2021-10-26T18:04:03.936+05:00","0.9597235197740369"
"2021-10-26T18:04:04.437+05:00","0.8450775611434829"
"2021-10-26T18:04:04.938+05:00","9.73001028312811"
"2021-10-26T18:04:05.439+05:00","7.540659169945515"
"2021-10-26T18:04:05.940+05:00","2.4652989636756537"
"2021-10-26T18:04:06.441+05:00","8.578098805124913"
"2021-10-26T18:04:06.943+05:00","9.122659181086531"
"2021-10-26T18:04:07.445+05:00","6.248983661363875"
"2021-10-26T18:04:07.946+05:00","16.800296799600392"
"2021-10-26T18:04:08.447+05:00","19.32176295404146"
"2021-10-26T18:04:08.949+05:00","14.467734802419022"
"2021-10-26T18:04:09.450+05:00","18.571131913000553"
"2021-10-26T18:04:09.951+05:00","23.553559539721853"
"2021-10-26T18:04:10.453+05:00","7.056621452576101"
"2021-10-26T18:04:10.954+05:00","6.536973583859264"
"2021-10-26T18:04:11.455+05:00","3.309369451050932"
"2021-10-26T18:04:11.957+05:00","3.4374759887102364"
"2021-10-26T18:04:12.458+05:00","7.959273451702808"
"2021-10-26T18:04:12.960+05:00","6.520703765950785"
"2021-10-26T18:04:13.461+05:00","10.053617354762451"
"2021-10-26T18:04:13.962+05:00","10.948023933454937"
"2021-10-26T18:04:14.463+05:00","12.334940619842973"
"2021-10-26T18:04:14.965+05:00","10.589007155533025"
"2021-10-26T18:04:15.466+05:00","7.566897074116967"
"2021-10-26T18:04:15.967+05:00","4.218910822738511"
"2021-10-26T18:04:16.469+05:00","2.617964679737475"
"2021-10-26T18:04:16.972+05:00","2.0598054558778216"
"2021-10-26T18:04:17.474+05:00","2.8887048664875947"
"2021-10-26T18:04:17.976+05:00","2.7600470530523746"
"2021-10-26T18:04:18.478+05:00","1.575718889000586"
"2021-10-26T18:04:18.979+05:00","5.17602068405949"
"2021-10-26T18:04:19.480+05:00","2.9553787643571234"
"2021-10-26T18:04:19.982+05:00","7.581981623297659"
"2021-10-26T18:04:20.484+05:00","4.799137698630062"
"2021-10-26T18:04:20.986+05:00","0.3853671922183947"
"2021-10-26T18:04:21.489+05:00","0.9100001423171549"
"2021-10-26T18:04:21.991+05:00","2.3425167350719507"
"2021-10-26T18:04:22.494+05:00","0.5838494881379681"
"2021-10-26T18:04:22.995+05:00","7.359644442489279"
"2021-10-26T18:04:23.498+05:00","5.691842640103815"
"2021-10-26T18:04:24.000+05:00","2.490933611924692"
"2021-10-26T18:04:24.502+05:00","1.7241543532891317"
"2021-10-26T18:04:25.004+05:00","8.365368514047125"
"2021-10-26T18:04:25.506+05:00","5.362403961985322"
"2021-10-26T18:04:26.008+05:00","3.62895443190345"
"2021-10-26T18:04:26.510+05:00","2.7448885208061142"
"2021-10-26T18:04:27.012+05:00","1.855604454021607"
"2021-10-26T18:04:27.513+05:00","9.697455275178324"
"2021-10-26T18:04:28.015+05:00","7.389840228941862"
"2021-10-26T18:04:28.517+05:00","10.058382393967538"
"2021-10-26T18:04:29.019+05:00","2.200843882784615"
"2021-10-26T18:04:29.521+05:00","1.0802506411488255"
"2021-10-26T18:04:30.022+05:00","3.5677450321925552"
"2021-10-26T18:04:30.525+05:00","0.814809540096423"
"2021-10-26T18:04:31.027+05:00","1.0542763844028362"
"2021-10-26T18:04:31.530+05:00","2.2057633435101978"
"2021-10-26T18:04:32.031+05:00","1.8463328433391748"
"2021-10-26T18:04:32.539+05:00","6.131807701580671"
"2021-10-26T18:04:33.041+05:00","2.6310245123759337"
"2021-10-26T18:04:33.543+05:00","1.7230440915386103"
"2021-10-26T18:04:34.046+05:00","0.31742231554207323"
"2021-10-26T18:04:34.548+05:00","0.11972661388955456"
"2021-10-26T18:04:35.049+05:00","0.39516814766331604"
"2021-10-26T18:04:35.550+05:00","1.2210574275001025"
"2021-10-26T18:04:36.052+05:00","1.2678350001838044"
"2021-10-26T18:04:36.554+05:00","1.5558504492088794"
"2021-10-26T18:04:37.057+05:00","2.321978469342774"
"2021-10-26T18:04:37.560+05:00","0.30613627651183273"
"2021-10-26T18:04:38.061+05:00","6.486848838150273"
"2021-10-26T18:04:38.564+05:00","1.677944913352461"
"2021-10-26T18:04:39.066+05:00","0.19164759900082062"
"2021-10-26T18:04:39.568+05:00","0.37590942786973963"
"2021-10-26T18:04:40.069+05:00","0.2578687784531141"
"2021-10-26T18:04:40.571+05:00","0.39627519736162553"
"2021-10-26T18:04:41.072+05:00","7.9440684357906886"
"2021-10-26T18:04:41.574+05:00","5.701416313436386"
"2021-10-26T18:04:42.075+05:00","2.92688757229301"
"2021-10-26T18:04:42.578+05:00","2.007588313650063"
"2021-10-26T18:04:43.080+05:00","1.7775106955295659"
"2021-10-26T18:04:43.582+05:00","1.5052499953117493"
"2021-10-26T18:04:44.084+05:00","6.5385702156783"
"2021-10-26T18:04:44.586+05:00","3.43375803003663"
"2021-10-26T18:04:45.087+05:00","8.383981647082962"
"2021-10-26T18:04:45.588+05:00","12.545859592473466"
"2021-10-26T18:04:46.089+05:00","10.224467664678684"
"2021-10-26T18:04:46.591+05:00","7.406671912234545"
"2021-10-26T18:04:47.092+05:00","12.866659511867674"
"2021-10-26T18:04:47.594+05:00","10.6287622148497"
"2021-10-26T18:04:48.096+05:00","6.78299650849895"
"2021-10-26T18:04:48.599+05:00","6.772211539199157"
"2021-10-26T18:04:49.101+05:00","13.07871051637024"
"2021-10-26T18:04:49.603+05:00","7.474919693497551"
"2021-10-26T18:04:50.105+05:00","2.9328973396311175"
"2021-10-26T18:04:50.606+05:00","3.2014977875009323"
"2021-10-26T18:04:51.108+05:00","2.058634547392465"
"2021-10-26T18:04:51.610+05:00","2.979669637207819"
"2021-10-26T18:04:52.113+05:00","3.744516304023929"
"2021-10-26T18:04:52.615+05:00","2.3724027520673046"
"2021-10-26T18:04:53.118+05:00","1.766224286157924"
"2021-10-26T18:04:53.628+05:00","2.308436341390635"
"2021-10-26T18:04:54.130+05:00","1.8016364459876408"
"2021-10-26T18:04:54.632+05:00","1.844334683073292"
"2021-10-26T18:04:55.135+05:00","1.723476327405176"
"2021-10-26T18:04:55.636+05:00","2.7997205442381934"
"2021-10-26T18:04:56.137+05:00","6.824496554247334"
"2021-10-26T18:04:56.640+05:00","4.426843435143576"
"2021-10-26T18:04:57.143+05:00","3.1302121575878554"
"2021-10-26T18:04:57.646+05:00","0.5056072278021713"
"2021-10-26T18:04:58.149+05:00","0.18458084020492066"
"2021-10-26T18:04:58.652+05:00","0.22775854492870762"
"2021-10-26T18:04:59.154+05:00","8.83818886913216"
"2021-10-26T18:04:59.656+05:00","4.388554143279225"
"2021-10-26T18:05:00.157+05:00","2.862529641659845"
"2021-10-26T18:05:00.658+05:00","2.020706449685364"
"2021-10-26T18:05:01.161+05:00","1.91450844296794"
"2021-10-26T18:05:01.663+05:00","2.7042761954075685"
"2021-10-26T18:05:02.164+05:00","7.246465126141423"
"2021-10-26T18:05:02.666+05:00","4.817454535023036"
"2021-10-26T18:05:03.168+05:00","4.684327507631157"
"2021-10-26T18:05:03.669+05:00","8.144236567017291"
"2021-10-26T18:05:04.172+05:00","14.787271892296175"
"2021-10-26T18:05:04.674+05:00","4.353614790403497"
"2021-10-26T18:05:05.175+05:00","12.134755806622184"
"2021-10-26T18:05:05.677+05:00","8.80807017088291"
"2021-10-26T18:05:06.178+05:00","7.579257595159277"
"2021-10-26T18:05:06.679+05:00","5.9099986578103305"
"2021-10-26T18:05:07.180+05:00","4.982535582487717"
"2021-10-26T18:05:07.683+05:00","3.8228389605827413"
"2021-10-26T18:05:08.185+05:00","1.7138917067230743"
"2021-10-26T18:05:08.688+05:00","0.9810719618418151"
"2021-10-26T18:05:09.190+05:00","1.6903370080367048"
"2021-10-26T18:05:09.692+05:00","1.5355790614050078"
"2021-10-26T18:05:10.195+05:00","1.8750816802530441"
"2021-10-26T18:05:10.696+05:00","0.8119628106875276"
"2021-10-26T18:05:11.198+05:00","1.452475508101258"
"2021-10-26T18:05:11.701+05:00","1.4387552933150047"
"2021-10-26T18:05:12.203+05:00","5.6181476430904524"
"2021-10-26T18:05:12.705+05:00","3.0951747341774802"
"2021-10-26T18:05:13.208+05:00","1.3559408304850935"
"2021-10-26T18:05:13.709+05:00","1.5694011805197308"
"2021-10-26T18:05:14.211+05:00","8.091668337011013"
"2021-10-26T18:05:14.714+05:00","0.25390698084387464"
"2021-10-26T18:05:15.215+05:00","0.2785424914972803"
"2021-10-26T18:05:15.717+05:00","0.8788649782260366"
"2021-10-26T18:05:16.220+05:00","0.5113016673069948"
"2021-10-26T18:05:16.723+05:00","0.301720009850452"
"2021-10-26T18:05:17.224+05:00","8.658343803861623"
"2021-10-26T18:05:17.726+05:00","5.646376701083765"
"2021-10-26T18:05:18.227+05:00","2.3767280820373946"
"2021-10-26T18:05:18.729+05:00","1.8929509310532695"
"2021-10-26T18:05:19.231+05:00","14.408961971301904"
"2021-10-26T18:05:19.732+05:00","18.315010173208954"
"2021-10-26T18:05:20.235+05:00","8.679771422375797"
"2021-10-26T18:05:20.736+05:00","5.815358113358312"
"2021-10-26T18:05:21.238+05:00","8.068752168921522"
"2021-10-26T18:05:21.740+05:00","5.0404674488767185"
"2021-10-26T18:05:22.241+05:00","11.809753550779007"
"2021-10-26T18:05:22.744+05:00","3.4393715897842725"
"2021-10-26T18:05:23.246+05:00","3.741652988513067"
"2021-10-26T18:05:23.748+05:00","3.7037183766874824"
"2021-10-26T18:05:24.250+05:00","3.530559212295614"
"2021-10-26T18:05:24.753+05:00","2.188731455606045"
"2021-10-26T18:05:25.255+05:00","4.392508725546742"
"2021-10-26T18:05:25.757+05:00","4.310466507247628"
"2021-10-26T18:05:26.258+05:00","5.649632786906495"
"2021-10-26T18:05:26.760+05:00","4.504049690517519"
"2021-10-26T18:05:27.262+05:00","4.111113030490831"
"2021-10-26T18:05:27.765+05:00","3.6369941390916085"
"2021-10-26T18:05:28.267+05:00","3.2652419941518698"
"2021-10-26T18:05:28.769+05:00","2.544193763562447"
"2021-10-26T18:05:29.271+05:00","3.3026525326766722"
"2021-10-26T18:05:29.773+05:00","3.940929829984028"
"2021-10-26T18:05:30.275+05:00","3.131757441234248"
"2021-10-26T18:05:30.777+05:00","3.921675555764991"
"2021-10-26T18:05:31.279+05:00","3.494803205760307"
"2021-10-26T18:05:31.781+05:00","3.793762046860026"
"2021-10-26T18:05:32.282+05:00","9.44948021306235"
"2021-10-26T18:05:32.785+05:00","0.37506650555559723"
"2021-10-26T18:05:33.287+05:00","0.21704906114575667"
"2021-10-26T18:05:33.789+05:00","0.342674462767974"
"2021-10-26T18:05:34.292+05:00","0.3299099752215641"
"2021-10-26T18:05:34.804+05:00","0.18956221541116708"
"2021-10-26T18:05:35.305+05:00","8.821929809903235"
"2021-10-26T18:05:35.807+05:00","2.769156400361948"
"2021-10-26T18:05:36.309+05:00","2.4395754040248443"
"2021-10-26T18:05:36.810+05:00","1.5443683162416215"
"2021-10-26T18:05:37.312+05:00","5.65256324920189"
"2021-10-26T18:05:37.813+05:00","2.141642121257793"
"2021-10-26T18:05:38.314+05:00","4.134427896385429"
"2021-10-26T18:05:38.815+05:00","2.153436892408024"
"2021-10-26T18:05:39.316+05:00","13.077506140877308"
"2021-10-26T18:05:39.818+05:00","16.049162190258375"
"2021-10-26T18:05:40.320+05:00","6.847991433654991"
"2021-10-26T18:05:40.822+05:00","4.680011622854501"
"2021-10-26T18:05:41.324+05:00","3.374758724839583"
"2021-10-26T18:05:41.827+05:00","3.813401469023586"
"2021-10-26T18:05:42.329+05:00","3.454442474170267"
"2021-10-26T18:05:42.831+05:00","2.3479302908869997"
"2021-10-26T18:05:43.334+05:00","4.411127408080741"
"2021-10-26T18:05:43.836+05:00","3.8125445806307323"
"2021-10-26T18:05:44.338+05:00","5.551084891761783"
"2021-10-26T18:05:44.841+05:00","1.3258945956754347"
"2021-10-26T18:05:45.342+05:00","10.419660005386309"
"2021-10-26T18:05:45.844+05:00","12.296366236976173"
"2021-10-26T18:05:46.346+05:00","6.714167170088512"
"2021-10-26T18:05:46.848+05:00","4.505122361982718"
"2021-10-26T18:05:47.349+05:00","5.509110360202342"
"2021-10-26T18:05:47.851+05:00","3.1199700077614847"
"2021-10-26T18:05:48.354+05:00","2.700236917931152"
"2021-10-26T18:05:48.855+05:00","13.975107612115053"
"2021-10-26T18:05:49.356+05:00","8.312793179132198"
"2021-10-26T18:05:49.858+05:00","8.225909595865687"
"2021-10-26T18:05:50.359+05:00","8.154771335421824"
"2021-10-26T18:05:50.862+05:00","0.05713220776163902"
"2021-10-26T18:05:51.365+05:00","2.8271357317218175"
"2021-10-26T18:05:51.868+05:00","0.5058330968517337"
"2021-10-26T18:05:52.371+05:00","2.2184080089146834"
"2021-10-26T18:05:52.874+05:00","0.17703453552307408"
"2021-10-26T18:05:53.377+05:00","8.65579950139595"
"2021-10-26T18:05:53.879+05:00","3.2108873393591155"
"2021-10-26T18:05:54.380+05:00","3.63669690990931"
"2021-10-26T18:05:54.881+05:00","1.880346682167635"
"2021-10-26T18:05:55.383+05:00","1.4880702325549"
"2021-10-26T18:05:55.885+05:00","1.465858257533423"
"2021-10-26T18:05:56.388+05:00","2.107788775741844"
"2021-10-26T18:05:56.890+05:00","0.6328793736347749"
"2021-10-26T18:05:57.392+05:00","1.6337765543417668"
"2021-10-26T18:05:57.894+05:00","1.2051072721367102"
"2021-10-26T18:05:58.397+05:00","1.2153914268219899"
"2021-10-26T18:05:58.899+05:00","0.4474534344391476"
"2021-10-26T18:05:59.400+05:00","5.8536277940929065"
"2021-10-26T18:05:59.903+05:00","10.723032795303585"
"2021-10-26T18:06:00.404+05:00","4.646188229878814"
"2021-10-26T18:06:00.906+05:00","3.6008254362298135"
"2021-10-26T18:06:01.408+05:00","4.229522159470173"
"2021-10-26T18:06:01.909+05:00","24.370991843774302"
"2021-10-26T18:06:02.411+05:00","10.765089059146012"
"2021-10-26T18:06:02.913+05:00","9.868294928954693"
"2021-10-26T18:06:03.415+05:00","6.7010544435002615"
"2021-10-26T18:06:03.916+05:00","4.076487387698931"
"2021-10-26T18:06:04.418+05:00","11.826770749905752"
"2021-10-26T18:06:04.920+05:00","5.281380822797082"
"2021-10-26T18:06:05.421+05:00","3.070658916309579"
"2021-10-26T18:06:05.922+05:00","8.661042119753795"
"2021-10-26T18:06:06.424+05:00","7.1896142861269325"
"2021-10-26T18:06:06.925+05:00","7.260391376775489"
"2021-10-26T18:06:07.427+05:00","4.974783762514326"
"2021-10-26T18:06:07.929+05:00","4.883458881587339"
"2021-10-26T18:06:08.431+05:00","9.729919636659439"
"2021-10-26T18:06:08.933+05:00","1.289092709306828"
"2021-10-26T18:06:09.436+05:00","3.086077598182784"
"2021-10-26T18:06:09.937+05:00","1.1716444384732976"
"2021-10-26T18:06:10.438+05:00","0.04279871091846711"
"2021-10-26T18:06:10.939+05:00","0.5810149236896542"
"2021-10-26T18:06:11.441+05:00","9.478819054044223"
"2021-10-26T18:06:11.944+05:00","4.8583452544223515"
"2021-10-26T18:06:12.445+05:00","3.262305653695159"
"2021-10-26T18:06:12.946+05:00","2.7214759797418835"
"2021-10-26T18:06:13.448+05:00","2.342572985198069"
"2021-10-26T18:06:13.949+05:00","20.512184459760093"
"2021-10-26T18:06:14.451+05:00","21.811501789767707"
"2021-10-26T18:06:14.953+05:00","13.082428789681952"
"2021-10-26T18:06:15.455+05:00","14.39194883217214"
"2021-10-26T18:06:15.957+05:00","8.221124719454666"
"2021-10-26T18:06:16.467+05:00","6.929159742879361"
"2021-10-26T18:06:16.968+05:00","16.326693974513"
"2021-10-26T18:06:17.469+05:00","13.657385467272626"
"2021-10-26T18:06:17.970+05:00","10.03078972074232"
"2021-10-26T18:06:18.471+05:00","6.370499749965903"
"2021-10-26T18:06:18.973+05:00","9.521397935375116"
"2021-10-26T18:06:19.475+05:00","6.655933701666905"
"2021-10-26T18:06:19.976+05:00","4.715125988666533"
"2021-10-26T18:06:20.478+05:00","6.041354417911844"
"2021-10-26T18:06:20.981+05:00","1.6374858616427193"
"2021-10-26T18:06:21.484+05:00","2.0194152426745715"
"2021-10-26T18:06:21.987+05:00","0.5110846671637053"
"2021-10-26T18:06:22.490+05:00","2.2036253620175925"
"2021-10-26T18:06:22.993+05:00","3.7834066882491406"
"2021-10-26T18:06:23.495+05:00","0.2988741526315978"
"2021-10-26T18:06:23.997+05:00","0.2018509074076795"
"2021-10-26T18:06:24.499+05:00","0.9182489536794063"
"2021-10-26T18:06:25.002+05:00","0.0484073753506026"
"2021-10-26T18:06:25.505+05:00","3.751848920546802"
"2021-10-26T18:06:26.007+05:00","0.5691086129879699"
"2021-10-26T18:06:26.508+05:00","10.26581834493478"
"2021-10-26T18:06:27.009+05:00","20.167978781096632"
"2021-10-26T18:06:27.511+05:00","3.462203491147067"
"2021-10-26T18:06:28.013+05:00","1.1146759660772176"
"2021-10-26T18:06:28.516+05:00","0.5973943331910345"
"2021-10-26T18:06:29.019+05:00","0.09311150977911248"
"2021-10-26T18:06:29.521+05:00","8.700611632688421"
"2021-10-26T18:06:30.023+05:00","3.277583973960965"
"2021-10-26T18:06:30.524+05:00","1.4992665759731316"
"2021-10-26T18:06:31.027+05:00","1.7324128660732643"
"2021-10-26T18:06:31.529+05:00","3.7813485844578016"
"2021-10-26T18:06:32.030+05:00","4.706452857909503"
"2021-10-26T18:06:32.531+05:00","1.6101107737796743"
"2021-10-26T18:06:33.033+05:00","0.7609203678271685"
"2021-10-26T18:06:33.534+05:00","5.976829742769961"
"2021-10-26T18:06:34.036+05:00","4.566862572355818"
"2021-10-26T18:06:34.538+05:00","3.1568011453571994"
"2021-10-26T18:06:35.040+05:00","11.101909579918052"
"2021-10-26T18:06:35.542+05:00","8.012819873193884"
"2021-10-26T18:06:36.044+05:00","6.094044584976002"
"2021-10-26T18:06:36.554+05:00","11.841056652169861"
"2021-10-26T18:06:37.055+05:00","10.129099333290576"
"2021-10-26T18:06:37.557+05:00","6.137951375483235"
"2021-10-26T18:06:38.058+05:00","3.9494744593409736"
"2021-10-26T18:06:38.560+05:00","9.121481392477605"
"2021-10-26T18:06:39.062+05:00","6.9780491773648095"
"2021-10-26T18:06:39.563+05:00","4.884502134821464"
"2021-10-26T18:06:40.064+05:00","2.5384368586353534"
"2021-10-26T18:06:40.566+05:00","5.193191002273255"
"2021-10-26T18:06:41.068+05:00","2.871139308483748"
"2021-10-26T18:06:41.570+05:00","3.041982201499784"
"2021-10-26T18:06:42.071+05:00","4.520947457174291"
"2021-10-26T18:06:42.572+05:00","5.938400600556377"
"2021-10-26T18:06:43.074+05:00","1.8951037108078266"
"2021-10-26T18:06:43.576+05:00","4.843467441674365"
"2021-10-26T18:06:44.079+05:00","3.436532379995883"
"2021-10-26T18:06:44.580+05:00","7.54653728828853"
"2021-10-26T18:06:45.083+05:00","0.46969477261680004"
"2021-10-26T18:06:45.584+05:00","0.39094372149706846"
"2021-10-26T18:06:46.087+05:00","1.15880760617963"
"2021-10-26T18:06:46.590+05:00","0.1265247438043116"
"2021-10-26T18:06:47.091+05:00","0.23022265476529516"
"2021-10-26T18:06:47.593+05:00","8.496181526002097"
"2021-10-26T18:06:48.095+05:00","4.130079073538779"
"2021-10-26T18:06:48.597+05:00","1.4145547241013599"
"2021-10-26T18:06:49.099+05:00","9.406074235879117"
"2021-10-26T18:06:49.600+05:00","10.614169465293621"
"2021-10-26T18:06:50.101+05:00","10.894264698564392"
"2021-10-26T18:06:50.602+05:00","4.363957796470345"
"2021-10-26T18:06:51.103+05:00","13.677349441149644"
"2021-10-26T18:06:51.605+05:00","10.463223045776239"
"2021-10-26T18:06:52.107+05:00","4.185810420997112"
"2021-10-26T18:06:52.609+05:00","4.677678660149937"
"2021-10-26T18:06:53.111+05:00","3.2220215425914898"
"2021-10-26T18:06:53.613+05:00","4.977611629103219"
"2021-10-26T18:06:54.115+05:00","4.624348343510238"
"2021-10-26T18:06:54.618+05:00","5.184561591028228"
"2021-10-26T18:06:55.121+05:00","0.5023932549688653"
"2021-10-26T18:06:55.623+05:00","1.4909617002384141"
"2021-10-26T18:06:56.126+05:00","0"
"2021-10-26T18:06:56.629+05:00","0.37356308745363037"
"2021-10-26T18:06:57.131+05:00","0.11125246760508913"
"2021-10-26T18:06:57.641+05:00","0.09533493567828026"
"2021-10-26T18:06:58.144+05:00","0.11299063289527124"
"2021-10-26T18:06:58.646+05:00","2.912703858320336"
"2021-10-26T18:06:59.149+05:00","0.07199239275069996"
"2021-10-26T18:06:59.652+05:00","0.047252148423083784"
"2021-10-26T18:07:00.153+05:00","0"
"2021-10-26T18:07:00.655+05:00","0.14684045308545235"
"2021-10-26T18:07:01.158+05:00","0"
"2021-10-26T18:07:01.660+05:00","0.12593298388274793"
"2021-10-26T18:07:02.163+05:00","0.37441505197542035"
"2021-10-26T18:07:02.665+05:00","6.797934112647526"
"2021-10-26T18:07:03.167+05:00","0.3337663318767072"
"2021-10-26T18:07:03.670+05:00","0.16142212892807795"
"2021-10-26T18:07:04.173+05:00","0.34352753346877946"
"2021-10-26T18:07:04.675+05:00","0.21665353501975654"
"2021-10-26T18:07:05.178+05:00","0.39752168733671467"
"2021-10-26T18:07:05.680+05:00","9.61003555373605"
"2021-10-26T18:07:06.182+05:00","8.569030695005317"
"2021-10-26T18:07:06.683+05:00","3.821298567079922"
"2021-10-26T18:07:07.184+05:00","2.0425659411097303"
"2021-10-26T18:07:07.687+05:00","3.9945501387630022"
"2021-10-26T18:07:08.189+05:00","0.5640045055846465"
"2021-10-26T18:07:08.692+05:00","0.08640649872865545"
"2021-10-26T18:07:09.195+05:00","0.0477625827948241"
"2021-10-26T18:07:09.698+05:00","0.17481975558856935"
"2021-10-26T18:07:10.201+05:00","0.06742172545367886"
"2021-10-26T18:07:10.704+05:00","0.08825751210407291"
"2021-10-26T18:07:11.207+05:00","0.17991619312352464"
"2021-10-26T18:07:11.708+05:00","0.16520965077119654"
"2021-10-26T18:07:12.210+05:00","0.12134926066862296"
"2021-10-26T18:07:12.713+05:00","2.499538012783738"
"2021-10-26T18:07:13.215+05:00","0.07456433148544321"
"2021-10-26T18:07:13.717+05:00","1.9566243551783216"
"2021-10-26T18:07:14.218+05:00","0.2330632717704045"
"2021-10-26T18:07:14.719+05:00","0"
"2021-10-26T18:07:15.222+05:00","0"
"2021-10-26T18:07:15.724+05:00","0.13230746630370416"
"2021-10-26T18:07:16.227+05:00","0.4246620732392974"
"2021-10-26T18:07:16.730+05:00","0"
"2021-10-26T18:07:17.233+05:00","0.08613999923813873"
"2021-10-26T18:07:17.736+05:00","0.7853284292413183"
"2021-10-26T18:07:18.239+05:00","0.38458979779205016"
"2021-10-26T18:07:18.748+05:00","0.05049424170916359"
"2021-10-26T18:07:19.251+05:00","0.1267915198119309"
"2021-10-26T18:07:19.754+05:00","0"
"2021-10-26T18:07:20.257+05:00","0.1265274586518057"
"2021-10-26T18:07:20.759+05:00","6.216829154503581"
"2021-10-26T18:07:21.262+05:00","0.11967214109182686"
"2021-10-26T18:07:21.764+05:00","3.0448044509572068"
"2021-10-26T18:07:22.267+05:00","0.030968777023297388"
"2021-10-26T18:07:22.770+05:00","2.399840725077396"
"2021-10-26T18:07:23.272+05:00","0.5333916521972528"
"2021-10-26T18:07:23.775+05:00","8.9888794663201"
"2021-10-26T18:07:24.277+05:00","2.8368898797309017"
"2021-10-26T18:07:24.779+05:00","3.247872266527382"
"2021-10-26T18:07:25.282+05:00","1.4343158938522815"
"2021-10-26T18:07:25.783+05:00","7.4258268397446425"
"2021-10-26T18:07:26.284+05:00","7.019265489115799"
"2021-10-26T18:07:26.785+05:00","3.9232686802099916"
"2021-10-26T18:07:27.287+05:00","14.915677166511312"
"2021-10-26T18:07:27.788+05:00","14.789683346185186"
"2021-10-26T18:07:28.290+05:00","6.836057204610215"
"2021-10-26T18:07:28.792+05:00","7.114810450685122"
"2021-10-26T18:07:29.294+05:00","4.50698051184726"
"2021-10-26T18:07:29.796+05:00","4.675704955889497"
"2021-10-26T18:07:30.298+05:00","6.4291622221289835"
"2021-10-26T18:07:30.800+05:00","5.082129228022632"
"2021-10-26T18:07:31.302+05:00","6.987775591981114"
"2021-10-26T18:07:31.804+05:00","7.990963282640402"
"2021-10-26T18:07:32.306+05:00","9.408720380238288"
"2021-10-26T18:07:32.808+05:00","3.6297725599449913"
"2021-10-26T18:07:33.310+05:00","2.864642519534276"
"2021-10-26T18:07:33.813+05:00","4.381912620059426"
"2021-10-26T18:07:34.314+05:00","7.180661485064672"
"2021-10-26T18:07:34.816+05:00","7.029518961848206"
"2021-10-26T18:07:35.318+05:00","5.360702639840959"
"2021-10-26T18:07:35.820+05:00","12.909661005263589"
"2021-10-26T18:07:36.323+05:00","8.129928271298237"
"2021-10-26T18:07:36.825+05:00","3.8924922646891273"
"2021-10-26T18:07:37.326+05:00","4.2910853726043925"
"2021-10-26T18:07:37.834+05:00","2.3806167563375675"
"2021-10-26T18:07:38.337+05:00","0.6083881079827439"
"2021-10-26T18:07:38.838+05:00","8.091021331211838"
"2021-10-26T18:07:39.340+05:00","0.4096245212660137"
"2021-10-26T18:07:39.842+05:00","3.1441459756739527"
"2021-10-26T18:07:40.345+05:00","0.17612937617785762"
"2021-10-26T18:07:40.846+05:00","0.22656224765256536"
"2021-10-26T18:07:41.349+05:00","0.40704108498744845"
"2021-10-26T18:07:41.851+05:00","9.56559690555057"
"2021-10-26T18:07:42.354+05:00","1.906976715755564"
"2021-10-26T18:07:42.856+05:00","3.2722323831546722"
"2021-10-26T18:07:43.358+05:00","5.016452998722486"
"2021-10-26T18:07:43.861+05:00","6.358732253825901"
"2021-10-26T18:07:44.363+05:00","3.7267577094581545"
"2021-10-26T18:07:44.865+05:00","2.973486368498208"
"2021-10-26T18:07:45.366+05:00","1.7527944628297998"
"2021-10-26T18:07:45.867+05:00","5.320996526744777"
"2021-10-26T18:07:46.369+05:00","4.49648981286697"
"2021-10-26T18:07:46.871+05:00","1.7062627025491257"
"2021-10-26T18:07:47.372+05:00","1.3368514700678469"
"2021-10-26T18:07:47.874+05:00","2.6180179323767137"
"2021-10-26T18:07:48.377+05:00","1.0024269946665345"
"2021-10-26T18:07:48.879+05:00","1.0885429160918094"
"2021-10-26T18:07:49.381+05:00","0.5049224020712563"
"2021-10-26T18:07:49.882+05:00","2.1124482775099884"
"2021-10-26T18:07:50.384+05:00","1.2430898970603852"
"2021-10-26T18:07:50.886+05:00","1.045873008248206"
"2021-10-26T18:07:51.388+05:00","1.2210905667168594"
"2021-10-26T18:07:51.891+05:00","1.2474040132237545"
"2021-10-26T18:07:52.393+05:00","1.0872454616753764"
"2021-10-26T18:07:52.896+05:00","3.16806926639123"
"2021-10-26T18:07:53.398+05:00","1.796630921471878"
"2021-10-26T18:07:53.900+05:00","10.072533174416108"
"2021-10-26T18:07:54.402+05:00","5.06621057270951"
"2021-10-26T18:07:54.904+05:00","3.855821694217817"
"2021-10-26T18:07:55.406+05:00","4.1256779154220204"
"2021-10-26T18:07:55.909+05:00","6.113440963806161"
"2021-10-26T18:07:56.411+05:00","2.149765014411925"
"2021-10-26T18:07:56.913+05:00","8.957920437467898"
"2021-10-26T18:07:57.415+05:00","0.21269375550710978"
"2021-10-26T18:07:57.917+05:00","1.0033733268329532"
"2021-10-26T18:07:58.429+05:00","0.5703351962857358"
"2021-10-26T18:07:58.931+05:00","0.4060147637412055"
"2021-10-26T18:07:59.434+05:00","0.3609745808356189"
"2021-10-26T18:07:59.936+05:00","8.94375670118432"
"2021-10-26T18:08:00.439+05:00","2.38489536832022"
"2021-10-26T18:08:00.942+05:00","2.8252784070613473"
"2021-10-26T18:08:01.444+05:00","1.454038522788034"
"2021-10-26T18:08:01.946+05:00","2.4172557200419704"
"2021-10-26T18:08:02.448+05:00","5.552078968567434"
"2021-10-26T18:08:02.949+05:00","6.452629835762977"
"2021-10-26T18:08:03.450+05:00","8.492527392501392"
"2021-10-26T18:08:03.952+05:00","20.79963966831507"
"2021-10-26T18:08:04.454+05:00","7.445412513376512"
"2021-10-26T18:08:04.956+05:00","11.41979830387092"
"2021-10-26T18:08:05.457+05:00","22.684254691452104"
"2021-10-26T18:08:05.959+05:00","21.661678337707677"
"2021-10-26T18:08:06.461+05:00","17.35665174214073"
"2021-10-26T18:08:06.962+05:00","18.007839328872077"
"2021-10-26T18:08:07.464+05:00","18.1799216686483"
"2021-10-26T18:08:07.966+05:00","18.972321874726102"
"2021-10-26T18:08:08.468+05:00","10.721749844391843"
"2021-10-26T18:08:08.970+05:00","19.139158452079286"
"2021-10-26T18:08:09.472+05:00","13.0674871869501"
"2021-10-26T18:08:09.974+05:00","11.131689117621562"
"2021-10-26T18:08:10.476+05:00","10.08120334688676"
"2021-10-26T18:08:10.978+05:00","5.040647951493677"
"2021-10-26T18:08:11.480+05:00","0.5900561841007805"
"2021-10-26T18:08:11.982+05:00","6.132301859186207"
"2021-10-26T18:08:12.486+05:00","13.999377417216422"
"2021-10-26T18:08:12.988+05:00","17.286606741764878"
"2021-10-26T18:08:13.490+05:00","9.269380976112735"
"2021-10-26T18:08:13.991+05:00","11.402318404710867"
"2021-10-26T18:08:14.493+05:00","8.584729800791111"
"2021-10-26T18:08:14.996+05:00","12.175337975549017"
"2021-10-26T18:08:15.499+05:00","0.3222338376516963"
"2021-10-26T18:08:16.001+05:00","0.8579130487025766"
"2021-10-26T18:08:16.504+05:00","0.16056102968798047"
"2021-10-26T18:08:17.007+05:00","0.4856776178021029"
"2021-10-26T18:08:17.508+05:00","0.5326111285016651"
"2021-10-26T18:08:18.010+05:00","10.741176387857843"
"2021-10-26T18:08:18.511+05:00","3.214293431912663"
"2021-10-26T18:08:19.013+05:00","3.5513705128841893"
"2021-10-26T18:08:19.523+05:00","1.4404747056651097"
"2021-10-26T18:08:20.025+05:00","3.2882148106960356"
"2021-10-26T18:08:20.527+05:00","6.444417209346559"
"2021-10-26T18:08:21.030+05:00","4.735894190434676"
"2021-10-26T18:08:21.532+05:00","3.0835794000451187"
"2021-10-26T18:08:22.034+05:00","3.59507230542701"
"2021-10-26T18:08:22.536+05:00","3.8126764423544763"
"2021-10-26T18:08:23.038+05:00","3.239175992930295"
"2021-10-26T18:08:23.539+05:00","16.13152295263518"
"2021-10-26T18:08:24.040+05:00","17.89056056802994"
"2021-10-26T18:08:24.543+05:00","12.978181113528212"
"2021-10-26T18:08:25.045+05:00","8.514363113599945"
"2021-10-26T18:08:25.547+05:00","12.285243307121625"
"2021-10-26T18:08:26.048+05:00","16.848466040101954"
"2021-10-26T18:08:26.550+05:00","21.093514554405736"
"2021-10-26T18:08:27.052+05:00","12.435839786940704"
"2021-10-26T18:08:27.554+05:00","11.465638933245046"
"2021-10-26T18:08:28.055+05:00","12.606591439108385"
"2021-10-26T18:08:28.556+05:00","19.364165037060737"
"2021-10-26T18:08:29.059+05:00","9.056996729977802"
"2021-10-26T18:08:29.561+05:00","5.013413922894017"
"2021-10-26T18:08:30.062+05:00","10.47665333161169"
"2021-10-26T18:08:30.564+05:00","8.800523910174068"
"2021-10-26T18:08:31.065+05:00","5.603962656247633"
"2021-10-26T18:08:31.568+05:00","2.84031384105612"
"2021-10-26T18:08:32.069+05:00","1.8264627135403428"
"2021-10-26T18:08:32.571+05:00","3.6433977197806344"
"2021-10-26T18:08:33.073+05:00","8.248555099137725"
"2021-10-26T18:08:33.574+05:00","0.7459588808074061"
"2021-10-26T18:08:34.077+05:00","0.8156827472648266"
"2021-10-26T18:08:34.580+05:00","0.019503802800144257"
"2021-10-26T18:08:35.083+05:00","0.24341717005410035"
"2021-10-26T18:08:35.585+05:00","0.4279446891972667"
"2021-10-26T18:08:36.087+05:00","10.407572265258706"
"2021-10-26T18:08:36.589+05:00","3.1107101059646154"
"2021-10-26T18:08:37.092+05:00","2.7082608573870717"
"2021-10-26T18:08:37.593+05:00","9.61669318630679"
"2021-10-26T18:08:38.094+05:00","14.349963835432153"
"2021-10-26T18:08:38.595+05:00","7.409542950438821"
"2021-10-26T18:08:39.097+05:00","12.073733334715577"
"2021-10-26T18:08:39.608+05:00","20.050000059193856"
"2021-10-26T18:08:40.110+05:00","16.890636162764988"
"2021-10-26T18:08:40.612+05:00","9.197153805919205"
"2021-10-26T18:08:41.115+05:00","10.432220487325218"
"2021-10-26T18:08:41.617+05:00","12.468676929115876"
"2021-10-26T18:08:42.121+05:00","10.598889441138436"
"2021-10-26T18:08:42.624+05:00","11.28972020666454"
"2021-10-26T18:08:43.129+05:00","10.030399344797619"
"2021-10-26T18:08:43.632+05:00","12.469171892588093"
"2021-10-26T18:08:44.135+05:00","11.90090644084988"
"2021-10-26T18:08:44.637+05:00","7.82737467985765"
"2021-10-26T18:08:45.140+05:00","8.007513764373691"
"2021-10-26T18:08:45.641+05:00","6.789200020260219"
"2021-10-26T18:08:46.143+05:00","8.006662611589132"
"2021-10-26T18:08:46.645+05:00","7.0500548599308015"
"2021-10-26T18:08:47.147+05:00","6.683775793195361"
"2021-10-26T18:08:47.649+05:00","6.314719569944311"
"2021-10-26T18:08:48.150+05:00","8.946222594938234"
"2021-10-26T18:08:48.653+05:00","8.701496471122088"
"2021-10-26T18:08:49.154+05:00","8.127204726131973"
"2021-10-26T18:08:49.655+05:00","8.439420844051664"
"2021-10-26T18:08:50.158+05:00","8.748237867547736"
"2021-10-26T18:08:50.660+05:00","7.867148938047031"
"2021-10-26T18:08:51.163+05:00","10.302186520174487"
"2021-10-26T18:08:51.664+05:00","0.17744209212375245"
"2021-10-26T18:08:52.167+05:00","0.5501937762389453"
"2021-10-26T18:08:52.668+05:00","2.7003522078786406"
"2021-10-26T18:08:53.171+05:00","0.3897879758833867"
"2021-10-26T18:08:53.672+05:00","0.4522580931165428"
"2021-10-26T18:08:54.174+05:00","10.251837573387512"
"2021-10-26T18:08:54.677+05:00","3.161835683844501"
"2021-10-26T18:08:55.179+05:00","2.8551479720826745"
"2021-10-26T18:08:55.682+05:00","0.9415583204777636"
"2021-10-26T18:08:56.183+05:00","6.511841089961935"
"2021-10-26T18:08:56.684+05:00","13.03534336071915"
"2021-10-26T18:08:57.185+05:00","12.522481795345058"
"2021-10-26T18:08:57.686+05:00","10.250987782112059"
"2021-10-26T18:08:58.187+05:00","17.63681303151696"
"2021-10-26T18:08:58.688+05:00","21.187263041317713"
"2021-10-26T18:08:59.190+05:00","13.60097977834915"
"2021-10-26T18:08:59.691+05:00","11.376202744002113"
"2021-10-26T18:09:00.193+05:00","9.187762596219716"
"2021-10-26T18:09:00.700+05:00","6.141050775999959"
"2021-10-26T18:09:01.203+05:00","4.307512616522082"
"2021-10-26T18:09:01.704+05:00","8.778231409021437"
"2021-10-26T18:09:02.205+05:00","7.595760755213267"
"2021-10-26T18:09:02.706+05:00","7.74878342036312"
"2021-10-26T18:09:03.207+05:00","5.743416887976402"
"2021-10-26T18:09:03.708+05:00","10.44161130971699"
"2021-10-26T18:09:04.210+05:00","9.820735569575081"
"2021-10-26T18:09:04.711+05:00","5.860766353315622"
"2021-10-26T18:09:05.213+05:00","5.490931757965843"
"2021-10-26T18:09:05.714+05:00","6.418709643352779"
"2021-10-26T18:09:06.215+05:00","5.026651076130914"
"2021-10-26T18:09:06.717+05:00","4.74661076724812"
"2021-10-26T18:09:07.218+05:00","3.711743432532722"
"2021-10-26T18:09:07.719+05:00","4.884196218063922"
"2021-10-26T18:09:08.221+05:00","4.847236689659856"
"2021-10-26T18:09:08.723+05:00","4.500365649387761"
"2021-10-26T18:09:09.226+05:00","10.276760016649323"
"2021-10-26T18:09:09.728+05:00","0.28095955347071744"
"2021-10-26T18:09:10.231+05:00","1.3486419267233556"
"2021-10-26T18:09:10.734+05:00","0.711882262860381"
"2021-10-26T18:09:11.237+05:00","0.23693212620381357"
"2021-10-26T18:09:11.739+05:00","0.47060138787810196"
"2021-10-26T18:09:12.240+05:00","9.057906744920963"
"2021-10-26T18:09:12.742+05:00","2.9804022698008614"
"2021-10-26T18:09:13.245+05:00","2.344015102193726"
"2021-10-26T18:09:13.748+05:00","4.702401131836328"
"2021-10-26T18:09:14.251+05:00","3.0849906323636422"
"2021-10-26T18:09:14.752+05:00","10.951846153498977"
"2021-10-26T18:09:15.254+05:00","6.034212968740034"
"2021-10-26T18:09:15.757+05:00","5.457103401334947"
"2021-10-26T18:09:16.259+05:00","13.888595397199307"
"2021-10-26T18:09:16.760+05:00","15.87992714940048"
"2021-10-26T18:09:17.261+05:00","16.12639205960116"
"2021-10-26T18:09:17.763+05:00","17.211366701741557"
"2021-10-26T18:09:18.264+05:00","11.851265123057976"
"2021-10-26T18:09:18.766+05:00","10.612739187533265"
"2021-10-26T18:09:19.269+05:00","3.978604990235048"
"2021-10-26T18:09:19.771+05:00","2.956890604359822"
"2021-10-26T18:09:20.273+05:00","6.268286337184168"
"2021-10-26T18:09:20.774+05:00","11.954985004609679"
"2021-10-26T18:09:21.275+05:00","9.14399495019385"
"2021-10-26T18:09:21.781+05:00","6.00724170026362"
"2021-10-26T18:09:22.282+05:00","6.955716899134447"
"2021-10-26T18:09:22.785+05:00","7.609429702860128"
"2021-10-26T18:09:23.286+05:00","5.226063694252367"
"2021-10-26T18:09:23.787+05:00","6.293529372877476"
"2021-10-26T18:09:24.289+05:00","7.339988349967065"
"2021-10-26T18:09:24.791+05:00","6.749191965532519"
"2021-10-26T18:09:25.293+05:00","2.976420068813972"
"2021-10-26T18:09:25.794+05:00","2.825922681642948"
"2021-10-26T18:09:26.295+05:00","7.60421347070783"
"2021-10-26T18:09:26.798+05:00","5.924212064650537"
"2021-10-26T18:09:27.299+05:00","13.397785191796114"
"2021-10-26T18:09:27.800+05:00","0.6418115697537365"
"2021-10-26T18:09:28.303+05:00","2.699888068440945"
"2021-10-26T18:09:28.806+05:00","0.02603565507806897"
"2021-10-26T18:09:29.309+05:00","0.36209993573813803"
"2021-10-26T18:09:29.809+05:00","0.34470524818332515"
"2021-10-26T18:09:30.311+05:00","10.36685586929999"
"2021-10-26T18:09:30.814+05:00","2.301042454870672"
"2021-10-26T18:09:31.316+05:00","5.558327564048037"
"2021-10-26T18:09:31.817+05:00","1.3941110403618158"
"2021-10-26T18:09:32.318+05:00","5.885983148024625"
"2021-10-26T18:09:32.819+05:00","16.73942134420689"
"2021-10-26T18:09:33.321+05:00","9.693791057269173"
"2021-10-26T18:09:33.822+05:00","11.198853755907066"
"2021-10-26T18:09:34.324+05:00","7.149790559626128"
"2021-10-26T18:09:34.826+05:00","5.1009942986180645"
"2021-10-26T18:09:35.327+05:00","3.773750624226512"
"2021-10-26T18:09:35.829+05:00","7.277222763133728"
"2021-10-26T18:09:36.332+05:00","7.43596004013205"
"2021-10-26T18:09:36.833+05:00","7.401373077772391"
"2021-10-26T18:09:37.336+05:00","4.223888428683537"
"2021-10-26T18:09:37.837+05:00","6.20424619188506"
"2021-10-26T18:09:38.339+05:00","10.821744385237457"
"2021-10-26T18:09:38.842+05:00","4.956694448307999"
"2021-10-26T18:09:39.345+05:00","2.07437379421619"
"2021-10-26T18:09:39.847+05:00","0.1851053407451148"
"2021-10-26T18:09:40.350+05:00","4.098072841834192"
"2021-10-26T18:09:40.853+05:00","0.521104563580497"
"2021-10-26T18:09:41.356+05:00","0.5480350285525665"
"2021-10-26T18:09:41.861+05:00","3.2587246327813104"
"2021-10-26T18:09:42.363+05:00","1.926123318323535"
"2021-10-26T18:09:42.866+05:00","1.5284715993166718"
"2021-10-26T18:09:43.368+05:00","0.46037620480262315"
"2021-10-26T18:09:43.869+05:00","0.5101217478963729"
"2021-10-26T18:09:44.370+05:00","6.300736920059309"
"2021-10-26T18:09:44.873+05:00","9.831605099091172"
"2021-10-26T18:09:45.374+05:00","8.212619086972678"
"2021-10-26T18:09:45.876+05:00","6.814725129154231"
"2021-10-26T18:09:46.379+05:00","0.7146125421291075"
"2021-10-26T18:09:46.882+05:00","0.02170755684022208"
"2021-10-26T18:09:47.385+05:00","0.6458730528704061"
"2021-10-26T18:09:47.886+05:00","0.30934684621222075"
"2021-10-26T18:09:48.388+05:00","9.848169829814697"
"2021-10-26T18:09:48.889+05:00","4.960625726644935"
"2021-10-26T18:09:49.391+05:00","5.182057932553544"
"2021-10-26T18:09:49.892+05:00","2.450687553376878"
"2021-10-26T18:09:50.394+05:00","3.3258379708833576"
"2021-10-26T18:09:50.897+05:00","2.0858400006877114"
"2021-10-26T18:09:51.399+05:00","1.450366425163418"
"2021-10-26T18:09:51.901+05:00","7.468336311080666"
"2021-10-26T18:09:52.403+05:00","6.26626746747525"
"2021-10-26T18:09:52.904+05:00","6.140982326557405"
"2021-10-26T18:09:53.405+05:00","11.238646109098061"
"2021-10-26T18:09:53.907+05:00","16.86137913829073"
"2021-10-26T18:09:54.408+05:00","4.284949088292433"
"2021-10-26T18:09:54.910+05:00","2.3008787209851516"
"2021-10-26T18:09:55.412+05:00","3.1305775630049837"
"2021-10-26T18:09:55.913+05:00","1.4999157342304597"
"2021-10-26T18:09:56.416+05:00","1.0069325435017198"
"2021-10-26T18:09:56.918+05:00","1.0741965897084045"
"2021-10-26T18:09:57.420+05:00","0.8568762715431157"
"2021-10-26T18:09:57.922+05:00","0.8625569572633367"
"2021-10-26T18:09:58.424+05:00","1.6510974493309694"
"2021-10-26T18:09:58.926+05:00","0.8897287354729166"
"2021-10-26T18:09:59.427+05:00","0.9646604411968214"
"2021-10-26T18:09:59.928+05:00","0.5177335045973865"
"2021-10-26T18:10:00.430+05:00","0.8656542394609059"
"2021-10-26T18:10:00.932+05:00","1.1163456797789582"
"2021-10-26T18:10:01.435+05:00","1.0929664002363368"
"2021-10-26T18:10:01.936+05:00","0.6665326788925676"
"2021-10-26T18:10:02.438+05:00","1.7135714833174411"
"2021-10-26T18:10:02.949+05:00","0.7399802080271141"
"2021-10-26T18:10:03.451+05:00","8.231929638248612"
"2021-10-26T18:10:03.952+05:00","0.21674459375765684"
"2021-10-26T18:10:04.455+05:00","0.5577910440669303"
"2021-10-26T18:10:04.958+05:00","0.0429440221369366"
"2021-10-26T18:10:05.459+05:00","0.5050299081611569"
"2021-10-26T18:10:05.961+05:00","0.6152845908820941"
"2021-10-26T18:10:06.462+05:00","9.309607996818226"
"2021-10-26T18:10:06.964+05:00","2.726561507943203"
"2021-10-26T18:10:07.466+05:00","2.5072422304275"
"2021-10-26T18:10:07.968+05:00","2.721942838710963"
"2021-10-26T18:10:08.469+05:00","1.6371953347116557"
"2021-10-26T18:10:08.969+05:00","1.8034604775753256"
"2021-10-26T18:10:09.471+05:00","2.137994146711402"
"2021-10-26T18:10:09.973+05:00","0.7869316140106367"
"2021-10-26T18:10:10.474+05:00","2.914352772963914"
"2021-10-26T18:10:10.976+05:00","1.9498513861933495"
"2021-10-26T18:10:11.478+05:00","8.227432202023401"
"2021-10-26T18:10:11.979+05:00","6.825508352087532"
"2021-10-26T18:10:12.481+05:00","7.312183169491059"
"2021-10-26T18:10:12.982+05:00","9.97513656873393"
"2021-10-26T18:10:13.483+05:00","9.499378178766465"
"2021-10-26T18:10:13.985+05:00","16.738923721597892"
"2021-10-26T18:10:14.486+05:00","23.276444416201336"
"2021-10-26T18:10:14.987+05:00","20.09567484160704"
"2021-10-26T18:10:15.489+05:00","9.54846900846562"
"2021-10-26T18:10:15.990+05:00","9.31479801087077"
"2021-10-26T18:10:16.492+05:00","10.863095142868746"
"2021-10-26T18:10:16.993+05:00","7.841049878542549"
"2021-10-26T18:10:17.494+05:00","16.92915761414158"
"2021-10-26T18:10:17.995+05:00","9.125476597753108"
"2021-10-26T18:10:18.497+05:00","16.42196965604765"
"2021-10-26T18:10:18.999+05:00","13.146505973681316"
"2021-10-26T18:10:19.500+05:00","9.536532623937847"
"2021-10-26T18:10:20.001+05:00","8.992544536272357"
"2021-10-26T18:10:20.502+05:00","8.585495190464163"
"2021-10-26T18:10:21.003+05:00","8.098617397347255"
"2021-10-26T18:10:21.504+05:00","12.181246695943337"
"2021-10-26T18:10:22.005+05:00","0.9497692234364875"
"2021-10-26T18:10:22.506+05:00","0.7617667100450881"
"2021-10-26T18:10:23.009+05:00","2.5866224347304425"
"2021-10-26T18:10:23.510+05:00","0.583839994231195"
"2021-10-26T18:10:24.015+05:00","0.4754024526013312"
"2021-10-26T18:10:24.516+05:00","8.90479289005402"
"2021-10-26T18:10:25.017+05:00","3.142949656761085"
"2021-10-26T18:10:25.518+05:00","7.133877623358609"
"2021-10-26T18:10:26.019+05:00","1.5842112338289394"
"2021-10-26T18:10:26.520+05:00","7.366974549091697"
"2021-10-26T18:10:27.022+05:00","6.461938401167774"
"2021-10-26T18:10:27.524+05:00","10.737109573220302"
"2021-10-26T18:10:28.026+05:00","19.599345287836975"
"2021-10-26T18:10:28.527+05:00","15.602168469318663"
"2021-10-26T18:10:29.028+05:00","13.872195625235928"
"2021-10-26T18:10:29.531+05:00","14.175207094236391"
"2021-10-26T18:10:30.032+05:00","15.242944256567739"
"2021-10-26T18:10:30.534+05:00","13.436359423974366"
"2021-10-26T18:10:31.036+05:00","12.286660221964755"
"2021-10-26T18:10:31.538+05:00","15.26983437833595"
"2021-10-26T18:10:32.040+05:00","16.606089534621468"
"2021-10-26T18:10:32.542+05:00","20.364130216698378"
"2021-10-26T18:10:33.044+05:00","13.675879610010806"
"2021-10-26T18:10:33.546+05:00","11.072748668248721"
"2021-10-26T18:10:34.047+05:00","14.70672698675634"
"2021-10-26T18:10:34.549+05:00","15.793408796635749"
"2021-10-26T18:10:35.050+05:00","14.632402327443666"
"2021-10-26T18:10:35.552+05:00","14.35349798381643"
"2021-10-26T18:10:36.054+05:00","18.06072519588999"
"2021-10-26T18:10:36.556+05:00","14.581502462987963"
"2021-10-26T18:10:37.057+05:00","12.790023539293978"
"2021-10-26T18:10:37.559+05:00","16.258261618512165"
"2021-10-26T18:10:38.061+05:00","11.095732287699205"
"2021-10-26T18:10:38.562+05:00","11.14181066379065"
"2021-10-26T18:10:39.064+05:00","18.443876865543004"
"2021-10-26T18:10:39.565+05:00","18.569035401973977"
"2021-10-26T18:10:40.066+05:00","1.1636155958300995"
"2021-10-26T18:10:40.569+05:00","0.7882992711982656"
"2021-10-26T18:10:41.069+05:00","0.025039124096066647"
"2021-10-26T18:10:41.571+05:00","0.3958261201683383"
"2021-10-26T18:10:42.073+05:00","5.051459336046776"
"2021-10-26T18:10:42.574+05:00","9.347565218690612"
"2021-10-26T18:10:43.076+05:00","2.055180218274982"
"2021-10-26T18:10:43.577+05:00","4.52133034994641"
"2021-10-26T18:10:44.086+05:00","1.5052770501393313"
"2021-10-26T18:10:44.588+05:00","1.7476577761911027"
"2021-10-26T18:10:45.089+05:00","1.9572321935566717"
"2021-10-26T18:10:45.590+05:00","6.306635784967922"
"2021-10-26T18:10:46.092+05:00","11.348778784465466"
"2021-10-26T18:10:46.593+05:00","9.16904201968862"
"2021-10-26T18:10:47.095+05:00","3.3502144692692255"
"2021-10-26T18:10:47.596+05:00","2.5296712390206757"
"2021-10-26T18:10:48.097+05:00","4.888560780967302"
"2021-10-26T18:10:48.598+05:00","2.5910403636039563"
"2021-10-26T18:10:49.100+05:00","3.655357194614314"
"2021-10-26T18:10:49.601+05:00","1.8900484410354337"
"2021-10-26T18:10:50.102+05:00","2.1044541729150477"
"2021-10-26T18:10:50.603+05:00","2.388845138075111"
"2021-10-26T18:10:51.104+05:00","2.538554634460329"
"2021-10-26T18:10:51.605+05:00","11.527845493552533"
"2021-10-26T18:10:52.106+05:00","8.711590251789902"
"2021-10-26T18:10:52.607+05:00","5.87860260829715"
"2021-10-26T18:10:53.108+05:00","9.98271034703003"
"2021-10-26T18:10:53.610+05:00","3.927916706064773"
"2021-10-26T18:10:54.111+05:00","1.6831968110002018"
"2021-10-26T18:10:54.612+05:00","2.2423955765964885"
"2021-10-26T18:10:55.114+05:00","4.081753924079681"
"2021-10-26T18:10:55.615+05:00","2.1759634403015524"
"2021-10-26T18:10:56.117+05:00","2.509383850195114"
"2021-10-26T18:10:56.618+05:00","3.153595972853022"
"2021-10-26T18:10:57.119+05:00","5.353797484019555"
"2021-10-26T18:10:57.620+05:00","10.560628389935559"
"2021-10-26T18:10:58.121+05:00","0.2338789106821064"
"2021-10-26T18:10:58.622+05:00","0.7572984352551091"
"2021-10-26T18:10:59.124+05:00","0.03768234932049651"
"2021-10-26T18:10:59.627+05:00","0.9565244738566963"
"2021-10-26T18:11:00.128+05:00","0.9940675030766406"
"2021-10-26T18:11:00.630+05:00","9.225036490994325"
"2021-10-26T18:11:01.132+05:00","2.1991337076885573"
"2021-10-26T18:11:01.633+05:00","2.8146849847267146"
"2021-10-26T18:11:02.135+05:00","1.0068517920604203"
"2021-10-26T18:11:02.636+05:00","1.1344838539905675"
"2021-10-26T18:11:03.138+05:00","1.483372187779864"
"2021-10-26T18:11:03.639+05:00","1.4199368296894552"
"2021-10-26T18:11:04.141+05:00","3.030804738700999"
"2021-10-26T18:11:04.642+05:00","2.2544213214564914"
"2021-10-26T18:11:05.148+05:00","11.25662000049499"
"2021-10-26T18:11:05.649+05:00","17.982926966983477"
"2021-10-26T18:11:06.151+05:00","23.764330693271358"
"2021-10-26T18:11:06.651+05:00","6.991849370585822"
"2021-10-26T18:11:07.153+05:00","7.149827757126019"
"2021-10-26T18:11:07.655+05:00","9.348473931315112"
"2021-10-26T18:11:08.156+05:00","5.211430895973358"
"2021-10-26T18:11:08.657+05:00","8.447796970352957"
"2021-10-26T18:11:09.158+05:00","6.542762629633352"
"2021-10-26T18:11:09.660+05:00","7.447909048769738"
"2021-10-26T18:11:10.162+05:00","4.5526820666160335"
"2021-10-26T18:11:10.664+05:00","2.9672571957103857"
"2021-10-26T18:11:11.165+05:00","4.882777114397546"
"2021-10-26T18:11:11.668+05:00","0.5567180316253006"
"2021-10-26T18:11:12.169+05:00","0.18320329110294808"
"2021-10-26T18:11:12.670+05:00","0.3591537538374693"
"2021-10-26T18:11:13.172+05:00","0.41664970943338675"
"2021-10-26T18:11:13.674+05:00","0.29816977696137836"
"2021-10-26T18:11:14.175+05:00","0.45464959861784854"
"2021-10-26T18:11:14.677+05:00","2.8859242036422135"
"2021-10-26T18:11:15.178+05:00","0.586615361286972"
"2021-10-26T18:11:15.681+05:00","8.604473987948818"
"2021-10-26T18:11:16.183+05:00","0.6082812410808929"
"2021-10-26T18:11:16.685+05:00","0.6957304761955087"
"2021-10-26T18:11:17.188+05:00","0.602916847499943"
"2021-10-26T18:11:17.691+05:00","0.4452218993865114"
"2021-10-26T18:11:18.193+05:00","0.23953012124240022"
"2021-10-26T18:11:18.696+05:00","9.070989984281224"
"2021-10-26T18:11:19.198+05:00","1.8572070791372814"
"2021-10-26T18:11:19.700+05:00","4.14762112410052"
"2021-10-26T18:11:20.202+05:00","2.266802133943578"
"2021-10-26T18:11:20.705+05:00","1.139050437936352"
"2021-10-26T18:11:21.207+05:00","1.4836100618887875"
"2021-10-26T18:11:21.709+05:00","1.4631579626412468"
"2021-10-26T18:11:22.211+05:00","5.647143329986951"
"2021-10-26T18:11:22.713+05:00","9.84611480938807"
"2021-10-26T18:11:23.214+05:00","10.012791158214764"
"2021-10-26T18:11:23.715+05:00","10.383034578231868"
"2021-10-26T18:11:24.216+05:00","19.77123468287195"
"2021-10-26T18:11:24.717+05:00","17.854095994453523"
"2021-10-26T18:11:25.220+05:00","11.210064050489805"
"2021-10-26T18:11:25.728+05:00","18.854931162845027"
"2021-10-26T18:11:26.230+05:00","21.864230641825394"
"2021-10-26T18:11:26.731+05:00","10.91791791571788"
"2021-10-26T18:11:27.232+05:00","3.6221171795398948"
"2021-10-26T18:11:27.733+05:00","4.342199606911192"
"2021-10-26T18:11:28.234+05:00","4.5609444187829435"
"2021-10-26T18:11:28.735+05:00","2.523760114177874"
"2021-10-26T18:11:29.236+05:00","3.411224116146458"
"2021-10-26T18:11:29.737+05:00","3.073485337097711"
"2021-10-26T18:11:30.238+05:00","5.555483683278632"
"2021-10-26T18:11:30.739+05:00","2.795799268166018"
"2021-10-26T18:11:31.240+05:00","2.2103060634039213"
"2021-10-26T18:11:31.741+05:00","3.860347754395358"
"2021-10-26T18:11:32.242+05:00","3.761625083288207"
"2021-10-26T18:11:32.743+05:00","3.052663964376085"
"2021-10-26T18:11:33.245+05:00","3.1044177730091134"
"2021-10-26T18:11:33.746+05:00","8.41121551245343"
"2021-10-26T18:11:34.247+05:00","4.744155964703591"
"2021-10-26T18:11:34.748+05:00","2.813662049569955"
"2021-10-26T18:11:35.249+05:00","4.416919695820649"
"2021-10-26T18:11:35.750+05:00","7.072583988362214"
"2021-10-26T18:11:36.251+05:00","11.12723509222505"
"2021-10-26T18:11:36.752+05:00","10.62885952184731"
"2021-10-26T18:11:37.255+05:00","2.8592559118049197"
"2021-10-26T18:11:37.756+05:00","6.7455929393425595"
"2021-10-26T18:11:38.257+05:00","13.075016117529682"
"2021-10-26T18:11:38.759+05:00","8.011184828843131"
"2021-10-26T18:11:39.261+05:00","6.592140155806254"
"2021-10-26T18:11:39.763+05:00","7.247862910014805"
"2021-10-26T18:11:40.264+05:00","6.277989472657453"
"2021-10-26T18:11:40.765+05:00","6.726270395048838"
"2021-10-26T18:11:41.268+05:00","6.716250453786641"
"2021-10-26T18:11:41.769+05:00","8.125638947716201"
"2021-10-26T18:11:42.270+05:00","12.384105792380115"
"2021-10-26T18:11:42.772+05:00","5.385782250165702"
"2021-10-26T18:11:43.275+05:00","4.991831967167429"
"2021-10-26T18:11:43.777+05:00","4.377651744574216"
"2021-10-26T18:11:44.279+05:00","5.24438573515699"
"2021-10-26T18:11:44.781+05:00","5.172613491007834"
"2021-10-26T18:11:45.284+05:00","8.642798348455171"
"2021-10-26T18:11:45.785+05:00","9.950982363939858"
"2021-10-26T18:11:46.286+05:00","12.657088659514717"
"2021-10-26T18:11:46.787+05:00","9.886336956437983"
"2021-10-26T18:11:47.288+05:00","12.13088294444292"
"2021-10-26T18:11:47.790+05:00","8.745389541690015"
"2021-10-26T18:11:48.292+05:00","17.0409761720149"
"2021-10-26T18:11:48.793+05:00","17.682641143811004"
"2021-10-26T18:11:49.294+05:00","11.566971572854559"
"2021-10-26T18:11:49.795+05:00","6.281064461852463"
"2021-10-26T18:11:50.298+05:00","3.734271561887493"
"2021-10-26T18:11:50.800+05:00","1.4038087170189102"
"2021-10-26T18:11:51.303+05:00","2.3597476712978622"
"2021-10-26T18:11:51.804+05:00","10.254847271645666"
"2021-10-26T18:11:52.306+05:00","0.7207502103628239"
"2021-10-26T18:11:52.809+05:00","0.39778383556028607"
"2021-10-26T18:11:53.312+05:00","2.870904298228613"
"2021-10-26T18:11:53.813+05:00","0.5902005844184993"
"2021-10-26T18:11:54.316+05:00","0.06372033731184543"
"2021-10-26T18:11:54.818+05:00","9.998539513624742"
"2021-10-26T18:11:55.320+05:00","1.5631929720839683"
"2021-10-26T18:11:55.822+05:00","3.4544339182370267"
"2021-10-26T18:11:56.324+05:00","1.3646963070639062"
"2021-10-26T18:11:56.827+05:00","1.4091997295562306"
"2021-10-26T18:11:57.329+05:00","1.3958584103825407"
"2021-10-26T18:11:57.831+05:00","1.4977179416502064"
"2021-10-26T18:11:58.333+05:00","1.5941110171635324"
"2021-10-26T18:11:58.836+05:00","0.5948392830910596"
"2021-10-26T18:11:59.338+05:00","2.393153515314923"
"2021-10-26T18:11:59.839+05:00","1.6612577383863543"
"2021-10-26T18:12:00.341+05:00","2.4208460856148224"
"2021-10-26T18:12:00.843+05:00","0.6617694622223766"
"2021-10-26T18:12:01.344+05:00","2.000731571440328"
"2021-10-26T18:12:01.846+05:00","12.607925771830553"
"2021-10-26T18:12:02.348+05:00","5.037458823661323"
"2021-10-26T18:12:02.849+05:00","7.756796214745311"
"2021-10-26T18:12:03.351+05:00","5.487452975378923"
"2021-10-26T18:12:03.852+05:00","4.653290661385203"
"2021-10-26T18:12:04.355+05:00","4.749098252380683"
"2021-10-26T18:12:04.857+05:00","4.233630240139686"
"2021-10-26T18:12:05.359+05:00","4.533754360464766"
"2021-10-26T18:12:05.861+05:00","3.0203910420407545"
"2021-10-26T18:12:06.363+05:00","11.281345163486153"
"2021-10-26T18:12:06.868+05:00","10.534253362028615"
"2021-10-26T18:12:07.370+05:00","5.53279060994528"
"2021-10-26T18:12:07.872+05:00","4.590736517830345"
"2021-10-26T18:12:08.374+05:00","4.584123784124579"
"2021-10-26T18:12:08.875+05:00","4.236729705392964"
"2021-10-26T18:12:09.377+05:00","3.473454069843209"
"2021-10-26T18:12:09.878+05:00","9.512921780061506"
"2021-10-26T18:12:10.379+05:00","1.5154017043087906"
"2021-10-26T18:12:10.882+05:00","0.353546462849779"
"2021-10-26T18:12:11.384+05:00","0.31833018555808534"
"2021-10-26T18:12:11.887+05:00","0.7694916177781025"
"2021-10-26T18:12:12.389+05:00","0.24579425045063616"
"2021-10-26T18:12:12.891+05:00","9.805792103712552"
"2021-10-26T18:12:13.392+05:00","6.045821773800617"
"2021-10-26T18:12:13.894+05:00","5.760090337956934"
"2021-10-26T18:12:14.396+05:00","13.687563263043536"
"2021-10-26T18:12:14.898+05:00","7.036127749774577"
"2021-10-26T18:12:15.400+05:00","6.904327610314358"
"2021-10-26T18:12:15.903+05:00","6.213617625158603"
"2021-10-26T18:12:16.406+05:00","1.7115677326180463"
"2021-10-26T18:12:16.908+05:00","1.2511223375588982"
"2021-10-26T18:12:17.411+05:00","1.0460868186231034"
"2021-10-26T18:12:17.914+05:00","0.9749200705938513"
"2021-10-26T18:12:18.416+05:00","1.0980088046959924"
"2021-10-26T18:12:18.919+05:00","0.4878043824002451"
"2021-10-26T18:12:19.422+05:00","0.9987914121194048"
"2021-10-26T18:12:19.923+05:00","1.3257902678977043"
"2021-10-26T18:12:20.426+05:00","3.3776064744364938"
"2021-10-26T18:12:20.927+05:00","5.286803677257405"
"2021-10-26T18:12:21.428+05:00","2.311915799043664"
"2021-10-26T18:12:21.931+05:00","0.9584405436703324"
"2021-10-26T18:12:22.434+05:00","1.027845991407921"
"2021-10-26T18:12:22.936+05:00","0.522233452269086"
"2021-10-26T18:12:23.439+05:00","3.76224282811187"
"2021-10-26T18:12:23.941+05:00","1.0075207253327565"
"2021-10-26T18:12:24.444+05:00","0.9269896102126954"
"2021-10-26T18:12:24.946+05:00","0.8785215293486941"
"2021-10-26T18:12:25.448+05:00","2.7595173133222044"
"2021-10-26T18:12:25.951+05:00","4.191819227195321"
"2021-10-26T18:12:26.454+05:00","0.8654699622723966"
"2021-10-26T18:12:26.957+05:00","1.026911816409149"
"2021-10-26T18:12:27.459+05:00","0.8524864281192774"
"2021-10-26T18:12:27.968+05:00","6.376165413897344"
"2021-10-26T18:12:28.470+05:00","0.20551516268347134"
"2021-10-26T18:12:28.971+05:00","0.3108814188532949"
"2021-10-26T18:12:29.474+05:00","0"
"2021-10-26T18:12:29.977+05:00","0.692884618793942"
"2021-10-26T18:12:30.480+05:00","0.03985757499180873"
"2021-10-26T18:12:30.982+05:00","10.105005938302856"
"2021-10-26T18:12:31.484+05:00","2.718580524401702"
"2021-10-26T18:12:31.986+05:00","4.690105434201833"
"2021-10-26T18:12:32.489+05:00","2.1081152050514493"
"2021-10-26T18:12:32.990+05:00","2.9948687001936243"
"2021-10-26T18:12:33.491+05:00","9.573921472131943"
"2021-10-26T18:12:33.993+05:00","12.240946186074584"
"2021-10-26T18:12:34.494+05:00","6.036272693879196"
"2021-10-26T18:12:34.995+05:00","2.8083599729394964"
"2021-10-26T18:12:35.496+05:00","4.304211557382927"
"2021-10-26T18:12:35.999+05:00","3.946776715607559"
"2021-10-26T18:12:36.501+05:00","0.3529535391794185"
"2021-10-26T18:12:37.003+05:00","0.5106277263499892"
"2021-10-26T18:12:37.506+05:00","0.16174623933587637"
"2021-10-26T18:12:38.008+05:00","0.18228515847886648"
"2021-10-26T18:12:38.511+05:00","2.9015910372650757"
"2021-10-26T18:12:39.012+05:00","2.840055517924919"
"2021-10-26T18:12:39.513+05:00","1.2528791850314989"
"2021-10-26T18:12:40.014+05:00","0.9164987245523097"
"2021-10-26T18:12:40.517+05:00","0.2926105791950721"
"2021-10-26T18:12:41.018+05:00","0.48449610116832204"
"2021-10-26T18:12:41.521+05:00","0.4354247185148845"
"2021-10-26T18:12:42.023+05:00","0.40305589082404647"
"2021-10-26T18:12:42.526+05:00","0.07337433470704244"
"2021-10-26T18:12:43.028+05:00","1.5570704017296508"
"2021-10-26T18:12:43.530+05:00","0.30531552116450794"
"2021-10-26T18:12:44.032+05:00","0.36380201162052855"
"2021-10-26T18:12:44.535+05:00","0.4766670770781427"
"2021-10-26T18:12:45.038+05:00","0.10379105204519602"
"2021-10-26T18:12:45.540+05:00","0.4838478667704064"
"2021-10-26T18:12:46.043+05:00","7.120153389077321"
"2021-10-26T18:12:46.546+05:00","0.1760473105315657"
"2021-10-26T18:12:47.049+05:00","1.8861635983113612"
"2021-10-26T18:12:47.552+05:00","0.07944024609770554"
"2021-10-26T18:12:48.055+05:00","0.5730370835380799"
"2021-10-26T18:12:48.557+05:00","0.21789163305027676"
"2021-10-26T18:12:49.059+05:00","9.143494908536539"
"2021-10-26T18:12:49.562+05:00","2.4097570519977767"
"2021-10-26T18:12:50.063+05:00","5.540815180488539"
"2021-10-26T18:12:50.564+05:00","10.301061279264765"
"2021-10-26T18:12:51.065+05:00","19.21359870220875"
"2021-10-26T18:12:51.566+05:00","12.254711911509279"
"2021-10-26T18:12:52.067+05:00","20.616048372354648"
"2021-10-26T18:12:52.568+05:00","16.510743081744792"
"2021-10-26T18:12:53.069+05:00","12.503090230438698"
"2021-10-26T18:12:53.571+05:00","10.431636743465432"
"2021-10-26T18:12:54.073+05:00","9.444400144804487"
"2021-10-26T18:12:54.574+05:00","9.282814608176208"
"2021-10-26T18:12:55.076+05:00","10.958380748067965"
"2021-10-26T18:12:55.578+05:00","15.953703423524217"
"2021-10-26T18:12:56.079+05:00","11.697399279100225"
"2021-10-26T18:12:56.582+05:00","14.921508568624198"
"2021-10-26T18:12:57.084+05:00","18.15254749484127"
"2021-10-26T18:12:57.585+05:00","20.943164391525265"
"2021-10-26T18:12:58.088+05:00","16.420354425926647"
"2021-10-26T18:12:58.590+05:00","11.059694697538575"
"2021-10-26T18:12:59.092+05:00","16.842204039312207"
"2021-10-26T18:12:59.594+05:00","12.144348042126268"
"2021-10-26T18:13:00.095+05:00","12.65096417968951"
"2021-10-26T18:13:00.598+05:00","11.431401093460902"
"2021-10-26T18:13:01.100+05:00","11.477541423105556"
"2021-10-26T18:13:01.601+05:00","12.23271748998306"
"2021-10-26T18:13:02.102+05:00","9.3727884540108"
"2021-10-26T18:13:02.605+05:00","9.455946795808776"
"2021-10-26T18:13:03.106+05:00","20.12149896302464"
"2021-10-26T18:13:03.608+05:00","15.220528066032099"
"2021-10-26T18:13:04.109+05:00","19.81324752966797"
"2021-10-26T18:13:04.610+05:00","1.9952535235417348"
"2021-10-26T18:13:05.111+05:00","1.573382088647484"
"2021-10-26T18:13:05.612+05:00","0.7214040892133093"
"2021-10-26T18:13:06.113+05:00","0.3554472783567231"
"2021-10-26T18:13:06.614+05:00","1.2318079142884897"
"2021-10-26T18:13:07.116+05:00","0.09906625527650847"
"2021-10-26T18:13:07.619+05:00","0.49755808311341915"
"2021-10-26T18:13:08.121+05:00","0.02219629665812034"
"2021-10-26T18:13:08.623+05:00","2.6576536560914454"
"2021-10-26T18:13:09.136+05:00","0.13072695410502752"
"2021-10-26T18:13:09.638+05:00","0.24968489229640323"
"2021-10-26T18:13:10.140+05:00","0.9901202026077728"
"2021-10-26T18:13:10.642+05:00","0"
"2021-10-26T18:13:11.144+05:00","0.13712810830473063"
"2021-10-26T18:13:11.647+05:00","0.14609539453213838"
"2021-10-26T18:13:12.149+05:00","0.33202963523779694"
"2021-10-26T18:13:12.651+05:00","0.05027817630832741"
"2021-10-26T18:13:13.154+05:00","0.06883595076968882"
"2021-10-26T18:13:13.657+05:00","0.6469281241959759"
"2021-10-26T18:13:14.160+05:00","0.057554741637780946"
"2021-10-26T18:13:14.663+05:00","0.48277055771927097"
"2021-10-26T18:13:15.166+05:00","0.07584911883117026"
"2021-10-26T18:13:15.668+05:00","0"
"2021-10-26T18:13:16.171+05:00","0.4419456385902524"
"2021-10-26T18:13:16.673+05:00","0.1542095007056465"
"2021-10-26T18:13:17.175+05:00","0.04035081628198448"
"2021-10-26T18:13:17.678+05:00","0.14243302507863406"
"2021-10-26T18:13:18.181+05:00","0"
"2021-10-26T18:13:18.683+05:00","0.1376032439086935"
"2021-10-26T18:13:19.185+05:00","0.10810312408289213"
"2021-10-26T18:13:19.688+05:00","0.11859663508776763"
"2021-10-26T18:13:20.191+05:00","0"
"2021-10-26T18:13:20.693+05:00","0.23324005728231312"
"2021-10-26T18:13:21.195+05:00","0"
"2021-10-26T18:13:21.698+05:00","0.2652786046437845"
"2021-10-26T18:13:22.200+05:00","0.14105472175672695"
"2021-10-26T18:13:22.703+05:00","0.06703193349199624"
"2021-10-26T18:13:23.206+05:00","0.01785178111976217"
"2021-10-26T18:13:23.708+05:00","0.07094804987849826"
"2021-10-26T18:13:24.211+05:00","0.13902967333097951"
"2021-10-26T18:13:24.713+05:00","0.10547258736903817"
"2021-10-26T18:13:25.216+05:00","0.05154855295514799"
"2021-10-26T18:13:25.719+05:00","0.06816527171552128"
"2021-10-26T18:13:26.222+05:00","0"
"2021-10-26T18:13:26.725+05:00","0.26395649417064504"
"2021-10-26T18:13:27.226+05:00","0"