time,power_consumption.power,URL,Opening Time,Sum of sensor readings,count of sensor readings,average of sensor readings
2021-10-26T17:04:25.308+05:00,0,-,-,3392.980746,827,4.102757855
2021-10-26T17:04:25.811+05:00,0.061709389,-,-,,,-
2021-10-26T17:04:26.313+05:00,0.125215736,-,-,,,-
2021-10-26T17:04:26.817+05:00,0,-,-,,,-
2021-10-26T17:04:27.320+05:00,0,-,-,,,-
2021-10-26T17:04:27.823+05:00,0,-,-,,,-
2021-10-26T17:04:28.327+05:00,0,-,-,,,-
2021-10-26T17:04:28.830+05:00,0,-,-,,,-
2021-10-26T17:04:29.334+05:00,0,-,-,,,-
2021-10-26T17:04:29.838+05:00,0.309830687,-,-,,,-
2021-10-26T17:04:30.845+05:00,0.563182718,-,-,,,-
2021-10-26T17:04:31.348+05:00,0,-,-,,,-
2021-10-26T17:04:31.852+05:00,0,-,-,,,-
2021-10-26T17:04:32.356+05:00,0,-,-,,,-
2021-10-26T17:04:32.860+05:00,0,-,-,,,-
2021-10-26T17:04:33.363+05:00,0,-,-,,,-
2021-10-26T17:04:33.867+05:00,0,-,-,,,-
2021-10-26T17:04:34.370+05:00,0,-,-,,,-
2021-10-26T17:04:34.874+05:00,0.106780067,-,-,,,-
2021-10-26T17:04:35.377+05:00,0,-,-,,,-
2021-10-26T17:04:35.881+05:00,0.050681007,-,-,,,-
2021-10-26T17:04:37.393+05:00,0,-,-,,,-
2021-10-26T17:04:37.896+05:00,0,-,-,,,-
2021-10-26T17:04:38.400+05:00,0.025052049,-,-,,,-
2021-10-26T17:04:38.903+05:00,0,-,-,,,-
2021-10-26T17:04:39.407+05:00,0,-,-,,,-
2021-10-26T17:04:39.910+05:00,0.044408917,-,-,,,-
2021-10-26T17:04:40.414+05:00,0,-,-,,,-
2021-10-26T17:04:40.915+05:00,0.048552403,-,-,,,-
2021-10-26T17:04:41.418+05:00,0,-,-,,,-
2021-10-26T17:04:41.922+05:00,0,-,-,,,-
2021-10-26T17:04:42.425+05:00,0,-,-,,,-
2021-10-26T17:04:42.929+05:00,0,-,-,,,-
2021-10-26T17:04:43.432+05:00,0,-,-,,,-
2021-10-26T17:04:43.936+05:00,0,-,-,,,-
2021-10-26T17:04:44.439+05:00,0,-,-,,,-
2021-10-26T17:05:09.013+05:00,0.011981786,-,-,,,-
2021-10-26T17:05:09.517+05:00,0.101606121,-,-,,,-
2021-10-26T17:05:13.037+05:00,0.31138841,-,-,,,-
2021-10-26T17:05:13.540+05:00,0,-,-,,,-
2021-10-26T17:05:14.044+05:00,0.720910337,-,-,,,-
2021-10-26T17:05:14.548+05:00,0,-,-,,,-
2021-10-26T17:05:15.051+05:00,2.592629488,-,-,,,-
2021-10-26T17:05:17.062+05:00,0.75213762,-,-,,,-
2021-10-26T17:05:22.586+05:00,3.115327544,-,-,,,-
2021-10-26T17:05:23.593+05:00,0.497117915,-,-,,,-
2021-10-26T17:05:24.097+05:00,0.961891595,-,-,,,-
2021-10-26T17:05:24.601+05:00,0.998412872,-,-,,,-
2021-10-26T17:05:25.608+05:00,2.134584749,-,-,,,-
2021-10-26T17:05:26.111+05:00,1.458637216,-,-,,,-
2021-10-26T17:05:26.614+05:00,3.727398096,-,-,,,-
2021-10-26T17:05:28.626+05:00,1.394565877,-,-,,,-
2021-10-26T17:05:29.129+05:00,0.644255403,-,-,,,-
2021-10-26T17:05:30.136+05:00,0.909652881,-,-,,,-
2021-10-26T17:05:30.640+05:00,2.956400197,-,-,,,-
2021-10-26T17:05:31.143+05:00,0.638157561,-,-,,,-
2021-10-26T17:05:32.651+05:00,0.414446504,-,-,,,-
2021-10-26T17:05:33.155+05:00,1.565385635,-,-,,,-
2021-10-26T17:05:33.659+05:00,0.412855487,-,-,,,-
2021-10-26T17:05:34.664+05:00,17.88506825,-,-,,,-
2021-10-26T17:05:36.167+05:00,4.871962667,-,-,,,-
2021-10-26T17:05:38.173+05:00,0.022487687,-,-,,,-
2021-10-26T17:05:39.179+05:00,0,-,-,,,-
2021-10-26T17:05:39.683+05:00,0.131587518,-,-,,,-
2021-10-26T17:05:41.193+05:00,0.061440041,-,-,,,-
2021-10-26T17:05:41.697+05:00,0.051432256,-,-,,,-
2021-10-26T17:05:42.199+05:00,0.840282083,-,-,,,-
2021-10-26T17:05:43.707+05:00,0,-,-,,,-
2021-10-26T17:05:44.210+05:00,0.279498738,-,-,,,-
2021-10-26T17:05:45.218+05:00,0.039343907,-,-,,,-
2021-10-26T17:05:45.721+05:00,0.275449844,-,-,,,-
2021-10-26T17:05:46.224+05:00,0,-,-,,,-
2021-10-26T17:05:47.733+05:00,0.32526375,-,-,,,-
2021-10-26T17:05:48.236+05:00,0.484498173,-,-,,,-
2021-10-26T17:05:48.739+05:00,0.104960895,-,-,,,-
2021-10-26T17:05:50.245+05:00,30.18308197,-,-,,,-
2021-10-26T17:05:50.746+05:00,31.52507657,-,-,,,-
2021-10-26T17:05:52.753+05:00,2.091962439,-,-,,,-
2021-10-26T17:05:53.761+05:00,0.594900112,-,-,,,-
2021-10-26T17:05:54.265+05:00,0.418211695,-,-,,,-
2021-10-26T17:05:54.769+05:00,0.422489208,-,-,,,-
2021-10-26T17:05:55.776+05:00,2.628864147,-,-,,,-
2021-10-26T17:05:56.279+05:00,0.705940517,-,-,,,-
2021-10-26T17:05:57.285+05:00,0.893168376,-,-,,,-
2021-10-26T17:05:58.794+05:00,0.414913935,-,-,,,-
2021-10-26T17:05:59.297+05:00,0.339761904,-,-,,,-
2021-10-26T17:06:00.807+05:00,0.401836345,-,-,,,-
2021-10-26T17:06:02.818+05:00,1.205071383,-,-,,,-
2021-10-26T17:06:03.322+05:00,1.351479437,-,-,,,-
2021-10-26T17:06:03.826+05:00,0.653167979,-,-,,,-
2021-10-26T17:06:04.830+05:00,5.866509189,-,-,,,-
2021-10-26T17:06:07.339+05:00,3.40856962,-,-,,,-
2021-10-26T17:06:09.851+05:00,0.232078481,-,-,,,-
2021-10-26T17:06:10.354+05:00,0.021290073,-,-,,,-
2021-10-26T17:06:11.361+05:00,0.306676781,-,-,,,-
2021-10-26T17:06:11.865+05:00,0.030246339,-,-,,,-
2021-10-26T17:06:12.369+05:00,1.05176613,-,-,,,-
2021-10-26T17:06:12.873+05:00,0.069634093,-,-,,,-
2021-10-26T17:06:13.374+05:00,16.38181555,-,-,,,-
2021-10-26T17:06:13.877+05:00,0,-,-,,,-
2021-10-26T17:06:14.380+05:00,0.114353563,-,-,,,-
2021-10-26T17:06:14.883+05:00,0.123452116,-,-,,,-
2021-10-26T17:06:15.386+05:00,2.151116004,-,-,,,-
2021-10-26T17:06:15.889+05:00,0.054256644,-,-,,,-
2021-10-26T17:06:16.390+05:00,0,-,-,,,-
2021-10-26T17:06:16.894+05:00,0,-,-,,,-
2021-10-26T17:06:18.402+05:00,0.382915285,-,-,,,-
2021-10-26T17:06:18.905+05:00,0.03894061,-,-,,,-
2021-10-26T17:06:19.911+05:00,0.225083848,-,-,,,-
2021-10-26T17:06:20.914+05:00,24.67734221,-,-,,,-
2021-10-26T17:06:21.416+05:00,27.56681461,-,-,,,-
2021-10-26T17:06:22.420+05:00,32.11980651,-,-,,,-
2021-10-26T17:06:23.424+05:00,4.224012531,-,-,,,-
2021-10-26T17:06:24.430+05:00,0.703001725,-,-,,,-
2021-10-26T17:06:24.933+05:00,0.685492974,-,-,,,-
2021-10-26T17:06:25.939+05:00,0.759989497,-,-,,,-
2021-10-26T17:06:26.442+05:00,1.356945667,-,-,,,-
2021-10-26T17:06:26.946+05:00,2.14264005,-,-,,,-
2021-10-26T17:06:27.449+05:00,2.652112216,-,-,,,-
2021-10-26T17:06:27.953+05:00,0.642159938,-,-,,,-
2021-10-26T17:06:28.960+05:00,2.682921551,-,-,,,-
2021-10-26T17:06:29.464+05:00,0.759506996,-,-,,,-
2021-10-26T17:06:29.967+05:00,0.902008268,-,-,,,-
2021-10-26T17:06:30.470+05:00,0.941881688,-,-,,,-
2021-10-26T17:06:30.973+05:00,0.446021843,-,-,,,-
2021-10-26T17:06:31.980+05:00,0.269782237,-,-,,,-
2021-10-26T17:06:32.481+05:00,3.255132837,-,-,,,-
2021-10-26T17:06:33.487+05:00,1.493649915,-,-,,,-
2021-10-26T17:06:33.990+05:00,0.701070299,-,-,,,-
2021-10-26T17:06:34.493+05:00,0.323166787,-,-,,,-
2021-10-26T17:06:34.996+05:00,0.69787858,-,-,,,-
2021-10-26T17:06:35.498+05:00,6.041286014,-,-,,,-
2021-10-26T17:06:35.999+05:00,7.986121247,-,-,,,-
2021-10-26T17:06:36.500+05:00,2.185053858,-,-,,,-
2021-10-26T17:06:37.002+05:00,3.672262944,-,-,,,-
2021-10-26T17:06:37.504+05:00,4.443135486,-,-,,,-
2021-10-26T17:06:38.006+05:00,3.257701962,-,-,,,-
2021-10-26T17:06:38.509+05:00,0.177195083,-,-,,,-
2021-10-26T17:06:39.011+05:00,0.086005214,-,-,,,-
2021-10-26T17:06:40.014+05:00,0.210408567,-,-,,,-
2021-10-26T17:06:44.036+05:00,14.66418095,-,-,,,-
2021-10-26T17:06:44.538+05:00,2.984522286,-,-,,,-
2021-10-26T17:06:45.040+05:00,0.068392831,-,-,,,-
2021-10-26T17:06:45.542+05:00,0.068247845,-,-,,,-
2021-10-26T17:06:46.044+05:00,0.078827109,-,-,,,-
2021-10-26T17:06:47.050+05:00,0,-,-,,,-
2021-10-26T17:06:47.552+05:00,0.472270623,-,-,,,-
2021-10-26T17:06:48.556+05:00,0.082939646,-,-,,,-
2021-10-26T17:06:49.059+05:00,0.768293607,-,-,,,-
2021-10-26T17:06:49.561+05:00,0.066348458,-,-,,,-
2021-10-26T17:06:50.064+05:00,0.023484837,-,-,,,-
2021-10-26T17:06:51.068+05:00,20.92051976,-,-,,,-
2021-10-26T17:06:52.070+05:00,16.83216928,-,-,,,-
2021-10-26T17:06:52.572+05:00,30.63565029,-,-,,,-
2021-10-26T17:06:53.073+05:00,16.14919275,-,-,,,-
2021-10-26T17:06:53.576+05:00,1.717379533,-,-,,,-
2021-10-26T17:06:54.581+05:00,1.033807622,-,-,,,-
2021-10-26T17:06:55.084+05:00,0.29524165,-,-,,,-
2021-10-26T17:06:55.586+05:00,0.359916664,-,-,,,-
2021-10-26T17:06:56.088+05:00,0.29709683,-,-,,,-
2021-10-26T17:06:57.093+05:00,0.618456427,-,-,,,-
2021-10-26T17:06:57.595+05:00,2.990829883,-,-,,,-
2021-10-26T17:06:58.098+05:00,0.596567387,-,-,,,-
2021-10-26T17:06:58.601+05:00,0.714920449,-,-,,,-
2021-10-26T17:06:59.607+05:00,0.709582711,-,-,,,-
2021-10-26T17:07:00.612+05:00,0,-,-,,,-
2021-10-26T17:07:01.115+05:00,0.710926559,-,-,,,-
2021-10-26T17:07:01.626+05:00,0.810116362,-,-,,,-
2021-10-26T17:07:02.128+05:00,0,-,-,,,-
2021-10-26T17:07:02.630+05:00,0,-,-,,,-
2021-10-26T17:07:03.636+05:00,0.841007492,-,-,,,-
2021-10-26T17:07:04.139+05:00,0.894269434,-,-,,,-
2021-10-26T17:07:04.642+05:00,0.712201818,-,-,,,-
2021-10-26T17:07:05.143+05:00,0.821690096,-,-,,,-
2021-10-26T17:07:05.645+05:00,0.624357879,-,-,,,-
2021-10-26T17:07:06.146+05:00,17.53357975,-,-,,,-
2021-10-26T17:07:07.148+05:00,5.811892649,-,-,,,-
2021-10-26T17:07:07.649+05:00,3.295718782,-,-,,,-
2021-10-26T17:07:08.151+05:00,3.396696502,-,-,,,-
2021-10-26T17:07:08.653+05:00,1.42226829,-,-,,,-
2021-10-26T17:07:09.155+05:00,0.126164432,-,-,,,-
2021-10-26T17:07:09.657+05:00,0.425469231,-,-,,,-
2021-10-26T17:07:10.159+05:00,0.056961375,-,-,,,-
2021-10-26T17:07:10.660+05:00,0.049646238,-,-,,,-
2021-10-26T17:07:11.163+05:00,0.196672464,-,-,,,-
2021-10-26T17:07:11.665+05:00,0,-,-,,,-
2021-10-26T17:07:12.167+05:00,0.00888948,-,-,,,-
2021-10-26T17:07:12.669+05:00,0,-,-,,,-
2021-10-26T17:07:13.171+05:00,0.056828897,-,-,,,-
2021-10-26T17:07:13.673+05:00,0,-,-,,,-
2021-10-26T17:07:14.175+05:00,14.50701334,-,-,,,-
2021-10-26T17:07:14.677+05:00,0,-,-,,,-
2021-10-26T17:07:15.179+05:00,0,-,-,,,-
2021-10-26T17:07:15.682+05:00,0.085962057,-,-,,,-
2021-10-26T17:07:16.185+05:00,0.06675068,-,-,,,-
2021-10-26T17:07:16.687+05:00,0,-,-,,,-
2021-10-26T17:07:17.190+05:00,0,-,-,,,-
2021-10-26T17:07:17.693+05:00,0.365674696,-,-,,,-
2021-10-26T17:07:18.698+05:00,0,-,-,,,-
2021-10-26T17:07:19.201+05:00,0.078564504,-,-,,,-
2021-10-26T17:07:19.704+05:00,0.062219238,-,-,,,-
2021-10-26T17:07:20.708+05:00,0,-,-,,,-
2021-10-26T17:07:21.209+05:00,10.95285205,-,-,,,-
2021-10-26T17:07:22.212+05:00,0.726547937,-,-,,,-
2021-10-26T17:07:22.717+05:00,1.508391429,-,-,,,-
2021-10-26T17:07:23.219+05:00,0.914690964,-,-,,,-
2021-10-26T17:07:23.720+05:00,2.359078463,-,-,,,-
2021-10-26T17:07:24.222+05:00,1.45926696,-,-,,,-
2021-10-26T17:07:24.725+05:00,0.733242036,-,-,,,-
2021-10-26T17:07:25.226+05:00,0.874205105,-,-,,,-
2021-10-26T17:07:25.729+05:00,0.937972645,-,-,,,-
2021-10-26T17:07:26.231+05:00,0.676218801,-,-,,,-
2021-10-26T17:07:26.733+05:00,0.678549235,-,-,,,-
2021-10-26T17:07:27.236+05:00,0.656841698,-,-,,,-
2021-10-26T17:07:27.738+05:00,0.722350288,-,-,,,-
2021-10-26T17:07:28.742+05:00,4.635418029,-,-,,,-
2021-10-26T17:07:29.744+05:00,5.838039818,-,-,,,-
2021-10-26T17:07:30.747+05:00,23.19007502,-,-,,,-
2021-10-26T17:07:32.754+05:00,3.45233568,-,-,,,-
2021-10-26T17:07:33.256+05:00,9.495488461,-,-,,,-
2021-10-26T17:07:33.756+05:00,12.28098173,-,-,,,-
2021-10-26T17:07:34.258+05:00,5.254943995,-,-,,,-
2021-10-26T17:07:34.761+05:00,3.023575655,-,-,,,-
2021-10-26T17:07:37.267+05:00,1.134873055,-,-,,,-
2021-10-26T17:07:37.769+05:00,0,-,-,,,-
2021-10-26T17:07:38.272+05:00,0.238620262,-,-,,,-
2021-10-26T17:07:38.774+05:00,0.037676587,-,-,,,-
2021-10-26T17:07:39.277+05:00,0,-,-,,,-
2021-10-26T17:07:40.781+05:00,1.313807237,-,-,,,-
2021-10-26T17:07:41.283+05:00,0.714727545,-,-,,,-
2021-10-26T17:07:41.785+05:00,1.375607064,-,-,,,-
2021-10-26T17:07:43.295+05:00,1.158906858,-,-,,,-
2021-10-26T17:07:43.796+05:00,1.039718684,-,-,,,-
2021-10-26T17:07:44.299+05:00,0.556480248,-,-,,,-
2021-10-26T17:07:44.800+05:00,0.919590641,-,-,,,-
2021-10-26T17:07:45.303+05:00,0.873115833,-,-,,,-
2021-10-26T17:07:45.804+05:00,0.918571284,-,-,,,-
2021-10-26T17:07:46.307+05:00,0.527206855,-,-,,,-
2021-10-26T17:07:46.809+05:00,0.903186001,-,-,,,-
2021-10-26T17:07:47.311+05:00,0,-,-,,,-
2021-10-26T17:07:47.812+05:00,1.630886115,-,-,,,-
2021-10-26T17:07:48.314+05:00,0.985827211,-,-,,,-
2021-10-26T17:07:48.816+05:00,1.399347889,-,-,,,-
2021-10-26T17:07:49.318+05:00,1.088218773,-,-,,,-
2021-10-26T17:07:49.820+05:00,0.710324599,-,-,,,-
2021-10-26T17:07:50.322+05:00,0.200185256,-,-,,,-
2021-10-26T17:07:50.824+05:00,1.981907173,-,-,,,-
2021-10-26T17:07:51.326+05:00,1.225202344,-,-,,,-
2021-10-26T17:07:51.828+05:00,0.748262023,-,-,,,-
2021-10-26T17:07:52.329+05:00,0.326921064,-,-,,,-
2021-10-26T17:07:52.831+05:00,0.938224452,-,-,,,-
2021-10-26T17:07:53.333+05:00,0.554608391,-,-,,,-
2021-10-26T17:07:53.835+05:00,5.313741725,-,-,,,-
2021-10-26T17:07:54.336+05:00,3.316976143,-,-,,,-
2021-10-26T17:07:54.837+05:00,10.72064719,-,-,,,-
2021-10-26T17:07:55.339+05:00,4.469211195,-,-,,,-
2021-10-26T17:07:55.840+05:00,4.043503298,-,-,,,-
2021-10-26T17:07:56.343+05:00,0.742025769,-,-,,,-
2021-10-26T17:07:56.846+05:00,0.139306787,-,-,,,-
2021-10-26T17:07:57.348+05:00,0,-,-,,,-
2021-10-26T17:07:57.850+05:00,8.958326273,-,-,,,-
2021-10-26T17:07:59.353+05:00,0.709847975,-,-,,,-
2021-10-26T17:08:00.356+05:00,18.5316129,-,-,,,-
2021-10-26T17:08:00.858+05:00,17.47986592,-,-,,,-
2021-10-26T17:08:01.359+05:00,19.85524507,-,-,,,-
2021-10-26T17:08:01.859+05:00,16.49299581,-,-,,,-
2021-10-26T17:08:02.361+05:00,17.22948812,-,-,,,-
2021-10-26T17:08:03.364+05:00,24.00542541,-,-,,,-
2021-10-26T17:08:03.870+05:00,18.31570912,-,-,,,-
2021-10-26T17:08:04.371+05:00,20.48601225,-,-,,,-
2021-10-26T17:08:04.872+05:00,10.0332046,-,-,,,-
2021-10-26T17:08:05.874+05:00,20.1770048,-,-,,,-
2021-10-26T17:08:06.375+05:00,15.71886518,-,-,,,-
2021-10-26T17:08:06.876+05:00,10.7261719,-,-,,,-
2021-10-26T17:08:07.377+05:00,19.96331419,-,-,,,-
2021-10-26T17:08:09.383+05:00,6.483879787,-,-,,,-
2021-10-26T17:08:10.386+05:00,12.15167521,-,-,,,-
2021-10-26T17:08:10.887+05:00,5.597437475,-,-,,,-
2021-10-26T17:08:11.389+05:00,7.423928503,-,-,,,-
2021-10-26T17:08:11.891+05:00,12.56515395,-,-,,,-
2021-10-26T17:08:12.392+05:00,4.826550976,-,-,,,-
2021-10-26T17:08:12.894+05:00,7.943273944,-,-,,,-
2021-10-26T17:08:13.395+05:00,5.220765152,-,-,,,-
2021-10-26T17:08:13.896+05:00,4.866370914,-,-,,,-
2021-10-26T17:08:14.900+05:00,6.179688595,-,-,,,-
2021-10-26T17:08:15.402+05:00,5.374855645,-,-,,,-
2021-10-26T17:08:15.903+05:00,6.989054993,-,-,,,-
2021-10-26T17:08:16.405+05:00,6.318325056,-,-,,,-
2021-10-26T17:08:17.409+05:00,5.744165208,-,-,,,-
2021-10-26T17:08:17.910+05:00,6.309968329,-,-,,,-
2021-10-26T17:08:18.412+05:00,2.843336575,-,-,,,-
2021-10-26T17:08:18.914+05:00,5.864553905,-,-,,,-
2021-10-26T17:08:19.416+05:00,4.930603417,-,-,,,-
2021-10-26T17:08:19.918+05:00,10.41963965,-,-,,,-
2021-10-26T17:08:20.420+05:00,2.704915547,-,-,,,-
2021-10-26T17:08:20.922+05:00,7.373650149,-,-,,,-
2021-10-26T17:08:21.424+05:00,8.205983357,-,-,,,-
2021-10-26T17:08:21.926+05:00,5.45874437,-,-,,,-
2021-10-26T17:08:22.427+05:00,5.748772795,-,-,,,-
2021-10-26T17:08:22.928+05:00,4.932592899,-,-,,,-
2021-10-26T17:08:23.429+05:00,5.276414021,-,-,,,-
2021-10-26T17:08:23.931+05:00,4.20395066,-,-,,,-
2021-10-26T17:08:24.433+05:00,7.133031716,-,-,,,-
2021-10-26T17:08:24.939+05:00,6.469357969,-,-,,,-
2021-10-26T17:08:25.440+05:00,5.821428789,-,-,,,-
2021-10-26T17:08:25.942+05:00,6.440432672,-,-,,,-
2021-10-26T17:08:26.444+05:00,4.90498674,-,-,,,-
2021-10-26T17:08:26.946+05:00,5.236258015,-,-,,,-
2021-10-26T17:08:27.448+05:00,7.506411413,-,-,,,-
2021-10-26T17:08:27.949+05:00,5.858573035,-,-,,,-
2021-10-26T17:08:28.451+05:00,5.971093067,-,-,,,-
2021-10-26T17:08:28.953+05:00,7.134263887,-,-,,,-
2021-10-26T17:08:29.455+05:00,4.821834285,-,-,,,-
2021-10-26T17:08:29.957+05:00,4.33279191,-,-,,,-
2021-10-26T17:08:30.458+05:00,13.05094417,-,-,,,-
2021-10-26T17:08:30.960+05:00,6.606689568,-,-,,,-
2021-10-26T17:08:31.461+05:00,12.25582901,-,-,,,-
2021-10-26T17:08:31.962+05:00,14.71287818,-,-,,,-
2021-10-26T17:08:32.463+05:00,12.61857859,-,-,,,-
2021-10-26T17:08:32.963+05:00,8.021552063,-,-,,,-
2021-10-26T17:08:33.464+05:00,10.26415491,-,-,,,-
2021-10-26T17:08:33.966+05:00,8.1289968,-,-,,,-
2021-10-26T17:08:34.468+05:00,7.120932152,-,-,,,-
2021-10-26T17:08:34.969+05:00,5.083613684,-,-,,,-
2021-10-26T17:08:35.471+05:00,6.773929718,-,-,,,-
2021-10-26T17:08:35.973+05:00,3.891387492,-,-,,,-
2021-10-26T17:08:36.475+05:00,2.61623373,-,-,,,-
2021-10-26T17:08:36.976+05:00,9.187572763,-,-,,,-
2021-10-26T17:08:37.478+05:00,10.75656547,-,-,,,-
2021-10-26T17:08:37.980+05:00,6.535790545,-,-,,,-
2021-10-26T17:08:38.481+05:00,9.568651237,-,-,,,-
2021-10-26T17:08:38.983+05:00,6.799365819,-,-,,,-
2021-10-26T17:08:39.484+05:00,5.779444594,-,-,,,-
2021-10-26T17:08:39.986+05:00,3.873889472,-,-,,,-
2021-10-26T17:08:40.488+05:00,3.367499632,-,-,,,-
2021-10-26T17:08:40.990+05:00,8.905174825,-,-,,,-
2021-10-26T17:08:41.492+05:00,8.758879074,-,-,,,-
2021-10-26T17:08:41.994+05:00,5.824884875,-,-,,,-
2021-10-26T17:08:42.496+05:00,6.775095367,-,-,,,-
2021-10-26T17:08:42.998+05:00,5.964324665,-,-,,,-
2021-10-26T17:08:43.500+05:00,3.929963627,-,-,,,-
2021-10-26T17:08:44.002+05:00,5.424427717,-,-,,,-
2021-10-26T17:08:44.504+05:00,3.546550262,-,-,,,-
2021-10-26T17:08:45.009+05:00,3.941602542,-,-,,,-
2021-10-26T17:08:45.511+05:00,3.200632943,-,-,,,-
2021-10-26T17:08:46.013+05:00,5.425388896,-,-,,,-
2021-10-26T17:08:46.514+05:00,5.455054205,-,-,,,-
2021-10-26T17:08:47.016+05:00,6.543991607,-,-,,,-
2021-10-26T17:08:47.518+05:00,4.56409536,-,-,,,-
2021-10-26T17:08:48.019+05:00,5.002292136,-,-,,,-
2021-10-26T17:08:48.521+05:00,3.941602032,-,-,,,-
2021-10-26T17:08:49.022+05:00,5.400693797,-,-,,,-
2021-10-26T17:08:49.525+05:00,6.589124157,-,-,,,-
2021-10-26T17:08:50.026+05:00,4.589598663,-,-,,,-
2021-10-26T17:08:50.528+05:00,3.499408223,-,-,,,-
2021-10-26T17:08:51.030+05:00,7.328948977,-,-,,,-
2021-10-26T17:08:51.532+05:00,5.480711448,-,-,,,-
2021-10-26T17:08:52.034+05:00,4.249759538,-,-,,,-
2021-10-26T17:08:52.536+05:00,4.158368687,-,-,,,-
2021-10-26T17:08:53.038+05:00,5.608982575,-,-,,,-
2021-10-26T17:08:53.539+05:00,4.183015628,-,-,,,-
2021-10-26T17:08:54.041+05:00,5.452572626,-,-,,,-
2021-10-26T17:08:54.542+05:00,5.253665537,-,-,,,-
2021-10-26T17:08:55.044+05:00,4.495995003,-,-,,,-
2021-10-26T17:08:55.546+05:00,5.908958562,-,-,,,-
2021-10-26T17:08:56.047+05:00,3.317809895,-,-,,,-
2021-10-26T17:08:56.549+05:00,4.003467863,-,-,,,-
2021-10-26T17:08:57.050+05:00,6.569309267,-,-,,,-
2021-10-26T17:08:57.553+05:00,5.53866733,-,-,,,-
2021-10-26T17:08:58.055+05:00,4.740865118,-,-,,,-
2021-10-26T17:08:58.557+05:00,4.354123295,-,-,,,-
2021-10-26T17:08:59.060+05:00,6.810427253,-,-,,,-
2021-10-26T17:08:59.561+05:00,4.053786349,-,-,,,-
2021-10-26T17:09:00.062+05:00,4.346889368,-,-,,,-
2021-10-26T17:09:00.564+05:00,4.143308638,-,-,,,-
2021-10-26T17:09:01.066+05:00,5.203898839,-,-,,,-
2021-10-26T17:09:01.567+05:00,4.557872524,-,-,,,-
2021-10-26T17:09:02.069+05:00,7.254040672,-,-,,,-
2021-10-26T17:09:02.571+05:00,5.660425478,-,-,,,-
2021-10-26T17:09:03.073+05:00,7.155547403,-,-,,,-
2021-10-26T17:09:03.574+05:00,6.627742654,-,-,,,-
2021-10-26T17:09:04.076+05:00,4.365159592,-,-,,,-
2021-10-26T17:09:04.578+05:00,4.668495316,-,-,,,-
2021-10-26T17:09:05.080+05:00,5.888646797,-,-,,,-
2021-10-26T17:09:05.582+05:00,5.734718456,-,-,,,-
2021-10-26T17:09:06.089+05:00,6.108702195,-,-,,,-
2021-10-26T17:09:06.590+05:00,4.565114001,-,-,,,-
2021-10-26T17:09:07.092+05:00,7.798072805,-,-,,,-
2021-10-26T17:09:07.594+05:00,4.948157025,-,-,,,-
2021-10-26T17:09:08.095+05:00,5.135512449,-,-,,,-
2021-10-26T17:09:08.596+05:00,4.796466069,-,-,,,-
2021-10-26T17:09:09.097+05:00,5.92547896,-,-,,,-
2021-10-26T17:09:09.599+05:00,6.269026184,-,-,,,-
2021-10-26T17:09:10.101+05:00,5.870407384,-,-,,,-
2021-10-26T17:09:10.603+05:00,6.635026903,-,-,,,-
2021-10-26T17:09:11.104+05:00,5.512795901,-,-,,,-
2021-10-26T17:09:11.606+05:00,6.034225674,-,-,,,-
2021-10-26T17:09:12.106+05:00,8.312343029,-,-,,,-
2021-10-26T17:09:12.608+05:00,4.839079641,-,-,,,-
2021-10-26T17:09:13.110+05:00,6.277781046,-,-,,,-
2021-10-26T17:09:13.612+05:00,6.008914159,-,-,,,-
2021-10-26T17:09:14.113+05:00,4.590506472,-,-,,,-
2021-10-26T17:09:14.614+05:00,4.453480992,-,-,,,-
2021-10-26T17:09:15.116+05:00,6.070783449,-,-,,,-
2021-10-26T17:09:15.618+05:00,4.670386305,-,-,,,-
2021-10-26T17:09:16.119+05:00,4.125063285,-,-,,,-
2021-10-26T17:09:16.621+05:00,4.43195564,-,-,,,-
2021-10-26T17:09:17.123+05:00,5.250752213,-,-,,,-
2021-10-26T17:09:17.625+05:00,6.350929066,-,-,,,-
2021-10-26T17:09:18.127+05:00,5.969489052,-,-,,,-
2021-10-26T17:09:18.628+05:00,6.090195824,-,-,,,-
2021-10-26T17:09:19.130+05:00,6.845584578,-,-,,,-
2021-10-26T17:09:19.632+05:00,5.938527921,-,-,,,-
2021-10-26T17:09:20.134+05:00,4.859687022,-,-,,,-
2021-10-26T17:09:20.635+05:00,4.739491733,-,-,,,-
2021-10-26T17:09:21.137+05:00,6.482464547,-,-,,,-
2021-10-26T17:09:21.638+05:00,5.346450899,-,-,,,-
2021-10-26T17:09:22.140+05:00,6.127040522,-,-,,,-
2021-10-26T17:09:22.642+05:00,4.441450581,-,-,,,-
2021-10-26T17:09:23.143+05:00,7.604918909,-,-,,,-
2021-10-26T17:09:23.645+05:00,5.636220003,-,-,,,-
2021-10-26T17:09:24.147+05:00,3.616353474,-,-,,,-
2021-10-26T17:09:24.648+05:00,4.100874083,-,-,,,-
2021-10-26T17:09:25.150+05:00,6.821591938,-,-,,,-
2021-10-26T17:09:25.652+05:00,3.567713523,-,-,,,-
2021-10-26T17:09:26.154+05:00,6.315526035,-,-,,,-
2021-10-26T17:09:26.655+05:00,5.643027055,-,-,,,-
2021-10-26T17:09:27.163+05:00,6.963190924,-,-,,,-
2021-10-26T17:09:27.665+05:00,5.671819045,-,-,,,-
2021-10-26T17:09:28.166+05:00,5.680244586,-,-,,,-
2021-10-26T17:09:28.668+05:00,3.269366094,-,-,,,-
2021-10-26T17:09:29.169+05:00,6.162899632,-,-,,,-
2021-10-26T17:09:29.671+05:00,4.924109313,-,-,,,-
2021-10-26T17:09:30.172+05:00,5.938220972,-,-,,,-
2021-10-26T17:09:30.674+05:00,5.141731135,-,-,,,-
2021-10-26T17:09:31.175+05:00,5.384847565,-,-,,,-
2021-10-26T17:09:31.677+05:00,8.254473427,-,-,,,-
2021-10-26T17:09:32.178+05:00,5.419600345,-,-,,,-
2021-10-26T17:09:32.679+05:00,5.024517654,-,-,,,-
2021-10-26T17:09:33.180+05:00,5.40621577,-,-,,,-
2021-10-26T17:09:33.682+05:00,5.198643406,-,-,,,-
2021-10-26T17:09:34.183+05:00,5.197146094,-,-,,,-
2021-10-26T17:09:34.684+05:00,5.256648654,-,-,,,-
2021-10-26T17:09:35.186+05:00,6.189554602,-,-,,,-
2021-10-26T17:09:35.687+05:00,6.079160793,-,-,,,-
2021-10-26T17:09:36.189+05:00,5.757030227,-,-,,,-
2021-10-26T17:09:36.691+05:00,5.201018462,-,-,,,-
2021-10-26T17:09:37.193+05:00,5.712338716,-,-,,,-
2021-10-26T17:09:37.695+05:00,5.383951685,-,-,,,-
2021-10-26T17:09:38.197+05:00,5.347458216,-,-,,,-
2021-10-26T17:09:38.698+05:00,5.177344982,-,-,,,-
2021-10-26T17:09:39.200+05:00,5.045864579,-,-,,,-
2021-10-26T17:09:39.703+05:00,6.069374665,-,-,,,-
2021-10-26T17:09:40.205+05:00,3.534304047,-,-,,,-
2021-10-26T17:09:40.706+05:00,5.099270854,-,-,,,-
2021-10-26T17:09:41.208+05:00,5.046805618,-,-,,,-
2021-10-26T17:09:41.709+05:00,6.136053546,-,-,,,-
2021-10-26T17:09:42.211+05:00,4.68862411,-,-,,,-
2021-10-26T17:09:42.713+05:00,6.225215981,-,-,,,-
2021-10-26T17:09:43.214+05:00,6.152988742,-,-,,,-
2021-10-26T17:09:43.716+05:00,6.535255225,-,-,,,-
2021-10-26T17:09:44.217+05:00,6.639200307,-,-,,,-
2021-10-26T17:09:44.718+05:00,6.315387875,-,-,,,-
2021-10-26T17:09:45.220+05:00,5.838197438,-,-,,,-
2021-10-26T17:09:45.721+05:00,5.996922839,-,-,,,-
2021-10-26T17:09:46.222+05:00,6.873085316,-,-,,,-
2021-10-26T17:09:46.724+05:00,6.366550049,-,-,,,-
2021-10-26T17:09:47.231+05:00,5.443791664,-,-,,,-
2021-10-26T17:09:47.732+05:00,6.457110758,-,-,,,-
2021-10-26T17:09:48.233+05:00,9.154962055,-,-,,,-
2021-10-26T17:09:48.735+05:00,7.050094757,-,-,,,-
2021-10-26T17:09:49.237+05:00,6.167273006,-,-,,,-
2021-10-26T17:09:49.739+05:00,6.156288351,-,-,,,-
2021-10-26T17:09:50.240+05:00,5.248658123,-,-,,,-
2021-10-26T17:09:50.742+05:00,6.595745999,-,-,,,-
2021-10-26T17:09:51.245+05:00,7.709864295,-,-,,,-
2021-10-26T17:09:51.746+05:00,6.394344204,-,-,,,-
2021-10-26T17:09:52.247+05:00,6.418501432,-,-,,,-
2021-10-26T17:09:52.749+05:00,6.362177401,-,-,,,-
2021-10-26T17:09:53.251+05:00,5.953813959,-,-,,,-
2021-10-26T17:09:53.752+05:00,5.284455066,-,-,,,-
2021-10-26T17:09:54.254+05:00,6.611112376,-,-,,,-
2021-10-26T17:09:54.757+05:00,6.223146019,-,-,,,-
2021-10-26T17:09:55.259+05:00,5.660294888,-,-,,,-
2021-10-26T17:09:55.760+05:00,6.764386206,-,-,,,-
2021-10-26T17:09:56.262+05:00,6.494612323,-,-,,,-
2021-10-26T17:09:56.764+05:00,5.101649304,-,-,,,-
2021-10-26T17:09:57.266+05:00,5.296725818,-,-,,,-
2021-10-26T17:09:57.768+05:00,5.022296301,-,-,,,-
2021-10-26T17:09:58.270+05:00,5.130832946,-,-,,,-
2021-10-26T17:09:58.771+05:00,5.938689216,-,-,,,-
2021-10-26T17:09:59.272+05:00,5.918551763,-,-,,,-
2021-10-26T17:09:59.774+05:00,5.580677023,-,-,,,-
2021-10-26T17:10:00.277+05:00,5.461016325,-,-,,,-
2021-10-26T17:10:00.779+05:00,5.526815433,-,-,,,-
2021-10-26T17:10:01.280+05:00,5.390753563,-,-,,,-
2021-10-26T17:10:01.782+05:00,6.105028468,-,-,,,-
2021-10-26T17:10:02.284+05:00,6.361201329,-,-,,,-
2021-10-26T17:10:02.786+05:00,6.227075864,-,-,,,-
2021-10-26T17:10:03.288+05:00,4.997559583,-,-,,,-
2021-10-26T17:10:03.790+05:00,5.449513111,-,-,,,-
2021-10-26T17:10:04.291+05:00,5.408075288,-,-,,,-
2021-10-26T17:10:04.793+05:00,5.059600153,-,-,,,-
2021-10-26T17:10:05.295+05:00,4.323064871,-,-,,,-
2021-10-26T17:10:05.797+05:00,4.872086401,-,-,,,-
2021-10-26T17:10:06.299+05:00,4.942708704,-,-,,,-
2021-10-26T17:10:06.800+05:00,5.321430442,-,-,,,-
2021-10-26T17:10:07.302+05:00,6.668484184,-,-,,,-
2021-10-26T17:10:07.803+05:00,6.432531673,-,-,,,-
2021-10-26T17:10:08.310+05:00,5.776356135,-,-,,,-
2021-10-26T17:10:08.811+05:00,5.708761701,-,-,,,-
2021-10-26T17:10:09.312+05:00,4.64922553,-,-,,,-
2021-10-26T17:10:09.814+05:00,5.475928184,-,-,,,-
2021-10-26T17:10:10.315+05:00,4.644020785,-,-,,,-
2021-10-26T17:10:10.816+05:00,6.254996457,-,-,,,-
2021-10-26T17:10:11.818+05:00,4.963336843,-,-,,,-
2021-10-26T17:10:12.320+05:00,7.448376963,-,-,,,-
2021-10-26T17:10:12.821+05:00,5.533800441,-,-,,,-
2021-10-26T17:10:13.323+05:00,5.004301031,-,-,,,-
2021-10-26T17:10:13.825+05:00,3.977765516,-,-,,,-
2021-10-26T17:10:14.326+05:00,2.941150799,-,-,,,-
2021-10-26T17:10:14.827+05:00,17.19952181,-,-,,,-
2021-10-26T17:10:15.328+05:00,22.00805712,-,-,,,-
2021-10-26T17:10:15.829+05:00,29.14304604,-,-,,,-
2021-10-26T17:10:16.330+05:00,17.99072765,-,-,,,-
2021-10-26T17:10:16.831+05:00,26.55998415,-,-,,,-
2021-10-26T17:10:17.332+05:00,9.992277491,-,-,,,-
2021-10-26T17:10:17.833+05:00,2.766806705,-,-,,,-
2021-10-26T17:10:18.335+05:00,0.731003244,-,-,,,-
2021-10-26T17:10:18.837+05:00,2.206405351,-,-,,,-
2021-10-26T17:10:19.340+05:00,0.758978538,-,-,,,-
2021-10-26T17:10:19.842+05:00,2.299354449,-,-,,,-
2021-10-26T17:10:20.344+05:00,1.241274444,-,-,,,-
2021-10-26T17:10:20.846+05:00,2.427754198,-,-,,,-
2021-10-26T17:10:21.347+05:00,3.401334718,-,-,,,-
2021-10-26T17:10:21.849+05:00,5.851918384,-,-,,,-
2021-10-26T17:10:22.352+05:00,1.09288456,-,-,,,-
2021-10-26T17:10:22.854+05:00,5.497318046,-,-,,,-
2021-10-26T17:10:23.356+05:00,1.589310232,-,-,,,-
2021-10-26T17:10:23.859+05:00,2.041564893,-,-,,,-
2021-10-26T17:10:24.361+05:00,1.103183987,-,-,,,-
2021-10-26T17:10:24.864+05:00,2.54359704,-,-,,,-
2021-10-26T17:10:25.366+05:00,0.642431748,-,-,,,-
2021-10-26T17:10:25.868+05:00,2.059348655,-,-,,,-
2021-10-26T17:10:26.371+05:00,0.796771822,-,-,,,-
2021-10-26T17:10:26.873+05:00,6.134015667,-,-,,,-
2021-10-26T17:10:27.375+05:00,1.689079774,-,-,,,-
2021-10-26T17:10:27.877+05:00,3.618796437,-,-,,,-
2021-10-26T17:10:28.379+05:00,1.582144122,-,-,,,-
2021-10-26T17:10:28.888+05:00,1.737611359,-,-,,,-
2021-10-26T17:10:29.389+05:00,0.509069563,-,-,,,-
2021-10-26T17:10:29.890+05:00,17.32481977,-,-,,,-
2021-10-26T17:10:30.391+05:00,12.32382454,-,-,,,-
2021-10-26T17:10:30.893+05:00,12.17999669,-,-,,,-
2021-10-26T17:10:31.394+05:00,25.23772126,-,-,,,-
2021-10-26T17:10:31.895+05:00,25.17934796,-,-,,,-
2021-10-26T17:10:32.396+05:00,21.01348703,-,-,,,-
2021-10-26T17:10:32.897+05:00,11.86998116,-,-,,,-
2021-10-26T17:10:33.398+05:00,9.204889853,-,-,,,-
2021-10-26T17:10:33.900+05:00,4.486026794,-,-,,,-
2021-10-26T17:10:34.402+05:00,8.734052418,-,-,,,-
2021-10-26T17:10:34.903+05:00,21.856978,-,-,,,-
2021-10-26T17:10:35.404+05:00,17.7106289,-,-,,,-
2021-10-26T17:10:35.904+05:00,13.25731151,-,-,,,-
2021-10-26T17:10:36.405+05:00,8.503177156,-,-,,,-
2021-10-26T17:10:36.906+05:00,10.00671696,-,-,,,-
2021-10-26T17:10:37.408+05:00,4.982179719,-,-,,,-
2021-10-26T17:10:37.910+05:00,10.78941733,-,-,,,-
2021-10-26T17:10:38.411+05:00,4.837128369,-,-,,,-
2021-10-26T17:10:38.912+05:00,15.121569,-,-,,,-
2021-10-26T17:10:39.413+05:00,9.929858311,-,-,,,-
2021-10-26T17:10:39.914+05:00,2.580763722,-,-,,,-
2021-10-26T17:10:40.414+05:00,3.194712291,-,-,,,-
2021-10-26T17:10:40.915+05:00,1.517494883,-,-,,,-
2021-10-26T17:10:41.416+05:00,3.089245361,-,-,,,-
2021-10-26T17:10:41.917+05:00,1.518174862,-,-,,,-
2021-10-26T17:10:42.418+05:00,1.496494675,-,-,,,-
2021-10-26T17:10:42.919+05:00,5.087387417,-,-,,,-
2021-10-26T17:10:43.420+05:00,4.148002593,-,-,,,-
2021-10-26T17:10:43.921+05:00,0.69611117,-,-,,,-
2021-10-26T17:10:44.422+05:00,2.658952828,-,-,,,-
2021-10-26T17:10:44.922+05:00,0.974873724,-,-,,,-
2021-10-26T17:10:45.423+05:00,26.6334399,-,-,,,-
2021-10-26T17:10:45.924+05:00,16.02103661,-,-,,,-
2021-10-26T17:10:46.425+05:00,12.52775911,-,-,,,-
2021-10-26T17:10:46.926+05:00,4.939291421,-,-,,,-
2021-10-26T17:10:47.427+05:00,1.878391399,-,-,,,-
2021-10-26T17:10:48.432+05:00,1.084028646,-,-,,,-
2021-10-26T17:10:48.933+05:00,1.344058658,-,-,,,-
2021-10-26T17:10:49.434+05:00,1.108902494,-,-,,,-
2021-10-26T17:10:49.934+05:00,4.039349987,-,-,,,-
2021-10-26T17:10:50.937+05:00,6.632356946,-,-,,,-
2021-10-26T17:10:51.438+05:00,9.624924046,-,-,,,-
2021-10-26T17:10:51.940+05:00,9.932083603,-,-,,,-
2021-10-26T17:10:52.442+05:00,1.775504109,-,-,,,-
2021-10-26T17:10:52.944+05:00,2.897144466,-,-,,,-
2021-10-26T17:10:53.445+05:00,1.183935485,-,-,,,-
2021-10-26T17:10:54.448+05:00,1.471941534,-,-,,,-
2021-10-26T17:10:54.950+05:00,1.093504907,-,-,,,-
2021-10-26T17:10:55.452+05:00,0.998478937,-,-,,,-
2021-10-26T17:10:56.456+05:00,4.281159702,-,-,,,-
2021-10-26T17:10:56.959+05:00,4.558868688,-,-,,,-
2021-10-26T17:10:57.460+05:00,1.17551172,-,-,,,-
2021-10-26T17:10:57.962+05:00,0.838772959,-,-,,,-
2021-10-26T17:10:58.464+05:00,1.006728884,-,-,,,-
2021-10-26T17:10:58.966+05:00,0.158363936,-,-,,,-
2021-10-26T17:10:59.468+05:00,0.532716162,-,-,,,-
2021-10-26T17:10:59.970+05:00,0.008190824,-,-,,,-
2021-10-26T17:11:00.472+05:00,0.925151022,-,-,,,-
2021-10-26T17:11:00.973+05:00,5.962942939,-,-,,,-
2021-10-26T17:11:01.474+05:00,17.58213852,-,-,,,-
2021-10-26T17:11:01.975+05:00,2.604563877,-,-,,,-
2021-10-26T17:11:02.477+05:00,5.658538373,-,-,,,-
2021-10-26T17:11:02.978+05:00,6.155812538,-,-,,,-
2021-10-26T17:11:03.480+05:00,2.46520998,-,-,,,-
2021-10-26T17:11:03.982+05:00,2.236679397,-,-,,,-
2021-10-26T17:11:04.484+05:00,0.362605984,-,-,,,-
2021-10-26T17:11:04.985+05:00,0.494280203,-,-,,,-
2021-10-26T17:11:05.486+05:00,1.631067478,-,-,,,-
2021-10-26T17:11:05.988+05:00,1.265169693,-,-,,,-
2021-10-26T17:11:06.490+05:00,3.283030073,-,-,,,-
2021-10-26T17:11:06.991+05:00,2.074795444,-,-,,,-
2021-10-26T17:11:07.492+05:00,0.303312996,-,-,,,-
2021-10-26T17:11:07.993+05:00,0.13910524,-,-,,,-
2021-10-26T17:11:08.494+05:00,0.812086466,-,-,,,-
2021-10-26T17:11:09.003+05:00,0,-,-,,,-
2021-10-26T17:11:09.504+05:00,0.55422624,-,-,,,-
2021-10-26T17:11:10.005+05:00,0.603201115,-,-,,,-
2021-10-26T17:11:10.507+05:00,1.232666379,-,-,,,-
2021-10-26T17:11:11.008+05:00,0.699098783,-,-,,,-
2021-10-26T17:11:11.509+05:00,0.45939341,-,-,,,-
2021-10-26T17:11:12.011+05:00,0,-,-,,,-
2021-10-26T17:11:12.513+05:00,0.829847498,-,-,,,-
2021-10-26T17:11:13.016+05:00,1.032405339,-,-,,,-
2021-10-26T17:11:13.518+05:00,0.696648201,-,-,,,-
2021-10-26T17:11:14.021+05:00,0.582152327,-,-,,,-
2021-10-26T17:11:14.522+05:00,2.368651784,-,-,,,-
2021-10-26T17:11:15.024+05:00,0.160743316,-,-,,,-
2021-10-26T17:11:15.526+05:00,1.226632079,-,-,,,-
2021-10-26T17:11:16.029+05:00,0.08870112,-,-,,,-
2021-10-26T17:11:16.530+05:00,25.32287764,-,-,,,-
2021-10-26T17:11:17.031+05:00,5.382682455,-,-,,,-
2021-10-26T17:11:17.532+05:00,6.470418155,-,-,,,-
2021-10-26T17:11:18.033+05:00,4.646458291,-,-,,,-
2021-10-26T17:11:18.535+05:00,4.386433783,-,-,,,-
2021-10-26T17:11:19.037+05:00,4.408057935,-,-,,,-
2021-10-26T17:11:19.539+05:00,0.110212387,-,-,,,-
2021-10-26T17:11:20.040+05:00,0.518722847,-,-,,,-
2021-10-26T17:11:20.540+05:00,0.182992991,-,-,,,-
2021-10-26T17:11:21.043+05:00,1.024975498,-,-,,,-
2021-10-26T17:11:21.544+05:00,8.099318729,-,-,,,-
2021-10-26T17:11:22.045+05:00,0.68666532,-,-,,,-
2021-10-26T17:11:22.546+05:00,0.478904276,-,-,,,-
2021-10-26T17:11:23.047+05:00,0.597898088,-,-,,,-
2021-10-26T17:11:23.548+05:00,0.404135049,-,-,,,-
2021-10-26T17:11:24.050+05:00,0.315654359,-,-,,,-
2021-10-26T17:11:24.552+05:00,0.261654903,-,-,,,-
2021-10-26T17:11:25.053+05:00,1.470870155,-,-,,,-
2021-10-26T17:11:25.555+05:00,0.668949592,-,-,,,-
2021-10-26T17:11:26.057+05:00,3.626099162,-,-,,,-
2021-10-26T17:11:26.559+05:00,1.609430578,-,-,,,-
2021-10-26T17:11:27.061+05:00,1.985880383,-,-,,,-
2021-10-26T17:11:27.562+05:00,0.650658119,-,-,,,-
2021-10-26T17:11:28.064+05:00,0.434754439,-,-,,,-
2021-10-26T17:11:28.566+05:00,0.240243251,-,-,,,-
2021-10-26T17:11:29.068+05:00,2.035158158,-,-,,,-
2021-10-26T17:11:29.570+05:00,0.905864304,-,-,,,-
2021-10-26T17:11:30.074+05:00,0.857389793,-,-,,,-
2021-10-26T17:11:30.576+05:00,0.670396859,-,-,,,-
2021-10-26T17:11:31.078+05:00,0.641174032,-,-,,,-
2021-10-26T17:11:31.580+05:00,18.46699776,-,-,,,-
2021-10-26T17:11:32.081+05:00,7.849886735,-,-,,,-
2021-10-26T17:11:32.582+05:00,3.99057588,-,-,,,-
2021-10-26T17:11:33.083+05:00,4.108697778,-,-,,,-
2021-10-26T17:11:33.584+05:00,5.203610935,-,-,,,-
2021-10-26T17:11:34.086+05:00,1.73385681,-,-,,,-
2021-10-26T17:11:34.588+05:00,2.435808535,-,-,,,-
2021-10-26T17:11:35.089+05:00,0.67121559,-,-,,,-
2021-10-26T17:11:35.591+05:00,0.011609512,-,-,,,-
2021-10-26T17:11:36.093+05:00,1.995004733,-,-,,,-
2021-10-26T17:11:36.596+05:00,0.22904389,-,-,,,-
2021-10-26T17:11:37.098+05:00,1.009646039,-,-,,,-
2021-10-26T17:11:37.599+05:00,0.287292842,-,-,,,-
2021-10-26T17:11:38.101+05:00,3.181170533,-,-,,,-
2021-10-26T17:11:38.602+05:00,2.25833578,-,-,,,-
2021-10-26T17:11:39.103+05:00,1.391426265,-,-,,,-
2021-10-26T17:11:39.605+05:00,0.129893776,-,-,,,-
2021-10-26T17:11:40.107+05:00,0.873345972,-,-,,,-
2021-10-26T17:11:40.609+05:00,0.05738179,-,-,,,-
2021-10-26T17:11:41.111+05:00,3.141983262,-,-,,,-
2021-10-26T17:11:41.613+05:00,0.740675001,-,-,,,-
2021-10-26T17:11:42.116+05:00,0.588542409,-,-,,,-
2021-10-26T17:11:42.618+05:00,1.701048007,-,-,,,-
2021-10-26T17:11:43.121+05:00,0.732802783,-,-,,,-
2021-10-26T17:11:43.622+05:00,0.257796951,-,-,,,-
2021-10-26T17:11:44.124+05:00,0.798095299,-,-,,,-
2021-10-26T17:11:44.626+05:00,0.032435034,-,-,,,-
2021-10-26T17:11:45.129+05:00,1.762566408,-,-,,,-
2021-10-26T17:11:45.631+05:00,0.225349901,-,-,,,-
2021-10-26T17:11:46.132+05:00,0.872882045,-,-,,,-
2021-10-26T17:11:46.633+05:00,14.6477512,-,-,,,-
2021-10-26T17:11:47.135+05:00,12.46764475,-,-,,,-
2021-10-26T17:11:47.636+05:00,3.499379205,-,-,,,-
2021-10-26T17:11:48.138+05:00,5.478098547,-,-,,,-
2021-10-26T17:11:48.639+05:00,4.527464491,-,-,,,-
2021-10-26T17:11:49.140+05:00,2.640045409,-,-,,,-
2021-10-26T17:11:49.641+05:00,1.280900878,-,-,,,-
2021-10-26T17:11:50.150+05:00,0.570562704,-,-,,,-
2021-10-26T17:11:50.651+05:00,0.516277395,-,-,,,-
2021-10-26T17:11:51.153+05:00,0.999383824,-,-,,,-
2021-10-26T17:11:51.654+05:00,0.146889062,-,-,,,-
2021-10-26T17:11:52.156+05:00,0.493340267,-,-,,,-
2021-10-26T17:11:52.659+05:00,0.038383019,-,-,,,-
2021-10-26T17:11:53.161+05:00,0.984799883,-,-,,,-
2021-10-26T17:11:53.662+05:00,0.36685392,-,-,,,-
2021-10-26T17:11:54.165+05:00,1.061191216,-,-,,,-
2021-10-26T17:11:54.666+05:00,0.282157754,-,-,,,-
2021-10-26T17:11:55.167+05:00,0.947343566,-,-,,,-
2021-10-26T17:11:55.668+05:00,0.313027039,-,-,,,-
2021-10-26T17:11:56.170+05:00,2.230450065,-,-,,,-
2021-10-26T17:11:56.672+05:00,0.065140831,-,-,,,-
2021-10-26T17:11:57.173+05:00,0.614737649,-,-,,,-
2021-10-26T17:11:57.675+05:00,0.752059792,-,-,,,-
2021-10-26T17:11:58.177+05:00,1.594330699,-,-,,,-
2021-10-26T17:11:58.678+05:00,0.723660294,-,-,,,-
2021-10-26T17:11:59.179+05:00,1.325549497,-,-,,,-
2021-10-26T17:11:59.680+05:00,0.021488243,-,-,,,-
2021-10-26T17:12:00.181+05:00,0.58758204,-,-,,,-
2021-10-26T17:12:00.681+05:00,0.160967707,-,-,,,-
2021-10-26T17:12:01.184+05:00,0.321937303,-,-,,,-
2021-10-26T17:12:01.685+05:00,5.241628484,-,-,,,-
2021-10-26T17:12:02.186+05:00,21.54550499,-,-,,,-
2021-10-26T17:12:02.687+05:00,2.694074171,-,-,,,-
2021-10-26T17:12:03.188+05:00,5.690964914,-,-,,,-
2021-10-26T17:12:03.689+05:00,4.275060043,-,-,,,-
2021-10-26T17:12:04.191+05:00,3.986401152,-,-,,,-
2021-10-26T17:12:04.693+05:00,1.301198175,-,-,,,-
2021-10-26T17:12:05.194+05:00,2.050771024,-,-,,,-
2021-10-26T17:12:05.695+05:00,0.288847678,-,-,,,-
2021-10-26T17:12:06.197+05:00,1.255847763,-,-,,,-
2021-10-26T17:12:06.699+05:00,0.183701523,-,-,,,-
2021-10-26T17:12:07.201+05:00,1.719449125,-,-,,,-
2021-10-26T17:12:07.703+05:00,0.100915314,-,-,,,-
2021-10-26T17:12:08.204+05:00,0.334938609,-,-,,,-
2021-10-26T17:12:08.706+05:00,0,-,-,,,-
2021-10-26T17:12:09.207+05:00,0.776154276,-,-,,,-
2021-10-26T17:12:09.709+05:00,0,-,-,,,-
2021-10-26T17:12:10.210+05:00,0.741288307,-,-,,,-
2021-10-26T17:12:10.720+05:00,0.371525578,-,-,,,-
2021-10-26T17:12:11.220+05:00,2.471744744,-,-,,,-
2021-10-26T17:12:11.721+05:00,0.524062511,-,-,,,-
2021-10-26T17:12:12.222+05:00,0.862873066,-,-,,,-
2021-10-26T17:12:12.723+05:00,0.152295179,-,-,,,-
2021-10-26T17:12:13.224+05:00,0.449826423,-,-,,,-
2021-10-26T17:12:13.725+05:00,0.539978093,-,-,,,-
2021-10-26T17:12:14.226+05:00,0.74249165,-,-,,,-
2021-10-26T17:12:14.727+05:00,0.516624103,-,-,,,-
2021-10-26T17:12:15.228+05:00,1.208264955,-,-,,,-
2021-10-26T17:12:15.729+05:00,0.209059731,-,-,,,-
2021-10-26T17:12:16.231+05:00,0.856303062,-,-,,,-
2021-10-26T17:12:16.733+05:00,0.398127479,-,-,,,-
2021-10-26T17:12:17.235+05:00,20.32432193,-,-,,,-
2021-10-26T17:12:17.736+05:00,6.924214882,-,-,,,-
2021-10-26T17:12:18.237+05:00,6.394851478,-,-,,,-
2021-10-26T17:12:18.738+05:00,3.960361916,-,-,,,-
2021-10-26T17:12:19.239+05:00,4.88084808,-,-,,,-
2021-10-26T17:12:19.740+05:00,3.616115263,-,-,,,-
2021-10-26T17:12:20.241+05:00,0.185014461,-,-,,,-
2021-10-26T17:12:20.742+05:00,1.314133766,-,-,,,-
2021-10-26T17:12:21.243+05:00,0.06169328,-,-,,,-
2021-10-26T17:12:21.744+05:00,1.44524482,-,-,,,-
2021-10-26T17:12:22.245+05:00,1.049995361,-,-,,,-
2021-10-26T17:12:22.746+05:00,0.414902525,-,-,,,-
2021-10-26T17:12:23.248+05:00,0.292272348,-,-,,,-
2021-10-26T17:12:23.749+05:00,1.202566956,-,-,,,-
2021-10-26T17:12:24.250+05:00,0.418405346,-,-,,,-
2021-10-26T17:12:24.752+05:00,1.595565365,-,-,,,-
2021-10-26T17:12:25.253+05:00,0,-,-,,,-
2021-10-26T17:12:25.754+05:00,5.453922656,-,-,,,-
2021-10-26T17:12:26.256+05:00,3.488139015,-,-,,,-
2021-10-26T17:12:26.758+05:00,1.670801284,-,-,,,-
2021-10-26T17:12:27.259+05:00,0.672925431,-,-,,,-
2021-10-26T17:12:27.760+05:00,1.75959796,-,-,,,-
2021-10-26T17:12:28.260+05:00,0.581888816,-,-,,,-
2021-10-26T17:12:28.761+05:00,0.806932429,-,-,,,-
2021-10-26T17:12:29.262+05:00,0.760609312,-,-,,,-
2021-10-26T17:12:29.763+05:00,2.977974005,-,-,,,-
2021-10-26T17:12:30.264+05:00,2.938505895,-,-,,,-
2021-10-26T17:12:30.766+05:00,1.002525831,-,-,,,-
2021-10-26T17:12:31.267+05:00,1.287739107,-,-,,,-
2021-10-26T17:12:31.771+05:00,1.397244336,-,-,,,-
2021-10-26T17:12:32.273+05:00,19.16311907,-,-,,,-
2021-10-26T17:12:32.775+05:00,8.57500018,-,-,,,-
2021-10-26T17:12:33.276+05:00,4.084343754,-,-,,,-
2021-10-26T17:12:33.777+05:00,5.493541539,-,-,,,-
2021-10-26T17:12:34.279+05:00,9.834745559,-,-,,,-
2021-10-26T17:12:34.781+05:00,3.391289647,-,-,,,-
2021-10-26T17:12:35.283+05:00,0.649433979,-,-,,,-
2021-10-26T17:12:35.784+05:00,1.826804797,-,-,,,-
2021-10-26T17:12:36.285+05:00,0.607938663,-,-,,,-
2021-10-26T17:12:36.786+05:00,1.219650245,-,-,,,-
2021-10-26T17:12:37.289+05:00,2.647376145,-,-,,,-
2021-10-26T17:12:37.790+05:00,1.463776556,-,-,,,-
2021-10-26T17:12:38.291+05:00,3.765839192,-,-,,,-
2021-10-26T17:12:38.792+05:00,3.087243694,-,-,,,-
2021-10-26T17:12:39.293+05:00,1.638422461,-,-,,,-
2021-10-26T17:12:39.794+05:00,0.755462058,-,-,,,-
2021-10-26T17:12:40.296+05:00,0.113464136,-,-,,,-
2021-10-26T17:12:40.798+05:00,2.071426749,-,-,,,-
2021-10-26T17:12:41.299+05:00,0.021812843,-,-,,,-
2021-10-26T17:12:41.801+05:00,1.152554907,-,-,,,-
2021-10-26T17:12:42.302+05:00,3.357127732,-,-,,,-
2021-10-26T17:12:42.803+05:00,1.808873945,-,-,,,-
2021-10-26T17:12:43.304+05:00,0,-,-,,,-
2021-10-26T17:12:43.805+05:00,1.422275897,-,-,,,-
2021-10-26T17:12:44.306+05:00,0.138816846,-,-,,,-
2021-10-26T17:12:44.808+05:00,0.882775322,-,-,,,-
2021-10-26T17:12:45.310+05:00,0.086079701,-,-,,,-
2021-10-26T17:12:45.811+05:00,2.451821723,-,-,,,-
2021-10-26T17:12:46.313+05:00,0.315101933,-,-,,,-
2021-10-26T17:12:46.814+05:00,0.735530745,-,-,,,-
2021-10-26T17:12:47.316+05:00,7.776996829,-,-,,,-
2021-10-26T17:12:47.817+05:00,11.45614411,-,-,,,-
2021-10-26T17:12:48.317+05:00,1.151103986,-,-,,,-
2021-10-26T17:12:48.818+05:00,1.547695824,-,-,,,-
2021-10-26T17:12:49.319+05:00,0.324463995,-,-,,,-
2021-10-26T17:12:49.820+05:00,0.845018523,-,-,,,-
2021-10-26T17:12:50.322+05:00,0.452907973,gmw.cn,2021-10-26T17:12:50.009+0500,200.6201595,36,5.572782209
2021-10-26T17:12:50.824+05:00,2.498239104,gmw.cn,2021-10-26T17:12:50.009+0500,,,-
2021-10-26T17:12:51.326+05:00,0.99988821,gmw.cn,2021-10-26T17:12:50.009+0500,,,-
2021-10-26T17:12:51.828+05:00,2.782483481,gmw.cn,2021-10-26T17:12:50.009+0500,,,-
2021-10-26T17:12:52.329+05:00,6.67707063,gmw.cn,2021-10-26T17:12:50.009+0500,,,-
2021-10-26T17:12:52.830+05:00,4.003701563,gmw.cn,2021-10-26T17:12:50.009+0500,,,-
2021-10-26T17:12:53.331+05:00,1.678931759,gmw.cn,2021-10-26T17:12:50.009+0500,,,-
2021-10-26T17:12:53.831+05:00,4.982046192,gmw.cn,2021-10-26T17:12:50.009+0500,,,-
2021-10-26T17:12:54.332+05:00,1.476222933,gmw.cn,2021-10-26T17:12:50.009+0500,,,-
2021-10-26T17:12:54.833+05:00,2.740799542,gmw.cn,2021-10-26T17:12:50.009+0500,,,-
2021-10-26T17:12:55.334+05:00,4.450677586,gmw.cn,2021-10-26T17:12:50.009+0500,,,-
2021-10-26T17:12:55.835+05:00,14.03756748,gmw.cn,2021-10-26T17:12:50.009+0500,,,-
2021-10-26T17:12:56.336+05:00,1.496312298,gmw.cn,2021-10-26T17:12:50.009+0500,,,-
2021-10-26T17:12:56.836+05:00,4.029403658,gmw.cn,2021-10-26T17:12:50.009+0500,,,-
2021-10-26T17:12:57.337+05:00,10.06282413,gmw.cn,2021-10-26T17:12:50.009+0500,,,-
2021-10-26T17:12:57.838+05:00,7.928821565,gmw.cn,2021-10-26T17:12:50.009+0500,,,-
2021-10-26T17:12:58.339+05:00,8.261658965,gmw.cn,2021-10-26T17:12:50.009+0500,,,-
2021-10-26T17:12:58.839+05:00,6.56894409,gmw.cn,2021-10-26T17:12:50.009+0500,,,-
2021-10-26T17:12:59.340+05:00,0.603968129,gmw.cn,2021-10-26T17:12:50.009+0500,,,-
2021-10-26T17:12:59.841+05:00,6.855307558,gmw.cn,2021-10-26T17:12:50.009+0500,,,-
2021-10-26T17:13:00.342+05:00,4.948551404,gmw.cn,2021-10-26T17:12:50.009+0500,,,-
2021-10-26T17:13:00.843+05:00,1.089064901,gmw.cn,2021-10-26T17:12:50.009+0500,,,-
2021-10-26T17:13:01.344+05:00,0.957473392,gmw.cn,2021-10-26T17:12:50.009+0500,,,-
2021-10-26T17:13:01.844+05:00,8.283464184,gmw.cn,2021-10-26T17:12:50.009+0500,,,-
2021-10-26T17:13:02.345+05:00,11.54540994,gmw.cn,2021-10-26T17:12:50.009+0500,,,-
2021-10-26T17:13:02.847+05:00,6.434632619,gmw.cn,2021-10-26T17:12:50.009+0500,,,-
2021-10-26T17:13:03.347+05:00,2.878411858,gmw.cn,2021-10-26T17:12:50.009+0500,,,-
2021-10-26T17:13:03.848+05:00,5.47626402,gmw.cn,2021-10-26T17:12:50.009+0500,,,-
2021-10-26T17:13:04.349+05:00,4.219613353,gmw.cn,2021-10-26T17:12:50.009+0500,,,-
2021-10-26T17:13:04.850+05:00,12.26548586,gmw.cn,2021-10-26T17:12:50.009+0500,,,-
2021-10-26T17:13:05.351+05:00,18.99103355,gmw.cn,2021-10-26T17:12:50.009+0500,,,-
2021-10-26T17:13:05.852+05:00,4.736644508,gmw.cn,2021-10-26T17:12:50.009+0500,,,-
2021-10-26T17:13:06.352+05:00,7.862557472,gmw.cn,2021-10-26T17:12:50.009+0500,,,-
2021-10-26T17:13:06.853+05:00,8.414972489,gmw.cn,2021-10-26T17:12:50.009+0500,,,-
2021-10-26T17:13:07.354+05:00,5.716222405,gmw.cn,2021-10-26T17:12:50.009+0500,,,-
2021-10-26T17:13:07.855+05:00,4.21258072,gmw.cn,2021-10-26T17:12:50.009+0500,,,-
2021-10-26T17:13:08.357+05:00,15.29971966,shaparak.ir,2021-10-26T17:13:08.105+0500,96.97814067,36,2.693837241
2021-10-26T17:13:08.859+05:00,3.421647687,shaparak.ir,2021-10-26T17:13:08.105+0500,,,-
2021-10-26T17:13:09.361+05:00,1.366791497,shaparak.ir,2021-10-26T17:13:08.105+0500,,,-
2021-10-26T17:13:09.862+05:00,1.097431351,shaparak.ir,2021-10-26T17:13:08.105+0500,,,-
2021-10-26T17:13:10.363+05:00,1.046267559,shaparak.ir,2021-10-26T17:13:08.105+0500,,,-
2021-10-26T17:13:10.865+05:00,3.234011119,shaparak.ir,2021-10-26T17:13:08.105+0500,,,-
2021-10-26T17:13:11.368+05:00,1.489132084,shaparak.ir,2021-10-26T17:13:08.105+0500,,,-
2021-10-26T17:13:11.870+05:00,3.106660964,shaparak.ir,2021-10-26T17:13:08.105+0500,,,-
2021-10-26T17:13:12.371+05:00,1.035505096,shaparak.ir,2021-10-26T17:13:08.105+0500,,,-
2021-10-26T17:13:12.876+05:00,0.583116522,shaparak.ir,2021-10-26T17:13:08.105+0500,,,-
2021-10-26T17:13:13.378+05:00,0.367629366,shaparak.ir,2021-10-26T17:13:08.105+0500,,,-
2021-10-26T17:13:13.879+05:00,1.876774821,shaparak.ir,2021-10-26T17:13:08.105+0500,,,-
2021-10-26T17:13:14.382+05:00,0.616158591,shaparak.ir,2021-10-26T17:13:08.105+0500,,,-
2021-10-26T17:13:14.883+05:00,3.143643169,shaparak.ir,2021-10-26T17:13:08.105+0500,,,-
2021-10-26T17:13:15.386+05:00,2.026666769,shaparak.ir,2021-10-26T17:13:08.105+0500,,,-
2021-10-26T17:13:15.888+05:00,1.99142044,shaparak.ir,2021-10-26T17:13:08.105+0500,,,-
2021-10-26T17:13:16.389+05:00,1.66839566,shaparak.ir,2021-10-26T17:13:08.105+0500,,,-
2021-10-26T17:13:16.891+05:00,3.068088543,shaparak.ir,2021-10-26T17:13:08.105+0500,,,-
2021-10-26T17:13:17.392+05:00,1.028279351,shaparak.ir,2021-10-26T17:13:08.105+0500,,,-
2021-10-26T17:13:17.894+05:00,1.562510412,shaparak.ir,2021-10-26T17:13:08.105+0500,,,-
2021-10-26T17:13:18.396+05:00,1.088114428,shaparak.ir,2021-10-26T17:13:08.105+0500,,,-
2021-10-26T17:13:18.898+05:00,1.289818774,shaparak.ir,2021-10-26T17:13:08.105+0500,,,-
2021-10-26T17:13:19.399+05:00,0.792099711,shaparak.ir,2021-10-26T17:13:08.105+0500,,,-
2021-10-26T17:13:19.901+05:00,2.262458637,shaparak.ir,2021-10-26T17:13:08.105+0500,,,-
2021-10-26T17:13:20.403+05:00,0.385569967,shaparak.ir,2021-10-26T17:13:08.105+0500,,,-
2021-10-26T17:13:20.904+05:00,1.693370955,shaparak.ir,2021-10-26T17:13:08.105+0500,,,-
2021-10-26T17:13:21.407+05:00,1.113850853,shaparak.ir,2021-10-26T17:13:08.105+0500,,,-
2021-10-26T17:13:21.909+05:00,1.987879799,shaparak.ir,2021-10-26T17:13:08.105+0500,,,-
2021-10-26T17:13:22.411+05:00,0.780410339,shaparak.ir,2021-10-26T17:13:08.105+0500,,,-
2021-10-26T17:13:22.912+05:00,2.788152825,shaparak.ir,2021-10-26T17:13:08.105+0500,,,-
2021-10-26T17:13:23.413+05:00,10.22607973,shaparak.ir,2021-10-26T17:13:08.105+0500,,,-
2021-10-26T17:13:23.915+05:00,3.748248433,shaparak.ir,2021-10-26T17:13:08.105+0500,,,-
2021-10-26T17:13:24.416+05:00,4.864488199,shaparak.ir,2021-10-26T17:13:08.105+0500,,,-
2021-10-26T17:13:24.917+05:00,4.924283361,shaparak.ir,2021-10-26T17:13:08.105+0500,,,-
2021-10-26T17:13:25.419+05:00,4.903949254,shaparak.ir,2021-10-26T17:13:08.105+0500,,,-
2021-10-26T17:13:25.920+05:00,5.099514749,shaparak.ir,2021-10-26T17:13:08.105+0500,,,-
2021-10-26T17:13:26.422+05:00,14.80290682,marketwatch.com,2021-10-26T17:13:26.170+0500,452.9628664,36,12.58230184
2021-10-26T17:13:26.924+05:00,4.650993212,marketwatch.com,2021-10-26T17:13:26.170+0500,,,-
2021-10-26T17:13:27.425+05:00,25.42521001,marketwatch.com,2021-10-26T17:13:26.170+0500,,,-
2021-10-26T17:13:27.926+05:00,33.33360433,marketwatch.com,2021-10-26T17:13:26.170+0500,,,-
2021-10-26T17:13:28.428+05:00,30.44504175,marketwatch.com,2021-10-26T17:13:26.170+0500,,,-
2021-10-26T17:13:28.929+05:00,23.41780251,marketwatch.com,2021-10-26T17:13:26.170+0500,,,-
2021-10-26T17:13:29.430+05:00,10.16918246,marketwatch.com,2021-10-26T17:13:26.170+0500,,,-
2021-10-26T17:13:29.931+05:00,25.62220169,marketwatch.com,2021-10-26T17:13:26.170+0500,,,-
2021-10-26T17:13:30.432+05:00,33.33176723,marketwatch.com,2021-10-26T17:13:26.170+0500,,,-
2021-10-26T17:13:30.933+05:00,11.81876091,marketwatch.com,2021-10-26T17:13:26.170+0500,,,-
2021-10-26T17:13:31.435+05:00,17.59378669,marketwatch.com,2021-10-26T17:13:26.170+0500,,,-
2021-10-26T17:13:31.936+05:00,16.6553102,marketwatch.com,2021-10-26T17:13:26.170+0500,,,-
2021-10-26T17:13:32.437+05:00,14.20460751,marketwatch.com,2021-10-26T17:13:26.170+0500,,,-
2021-10-26T17:13:32.939+05:00,12.3402993,marketwatch.com,2021-10-26T17:13:26.170+0500,,,-
2021-10-26T17:13:33.440+05:00,11.12119076,marketwatch.com,2021-10-26T17:13:26.170+0500,,,-
2021-10-26T17:13:33.949+05:00,15.79122847,marketwatch.com,2021-10-26T17:13:26.170+0500,,,-
2021-10-26T17:13:34.451+05:00,9.362997802,marketwatch.com,2021-10-26T17:13:26.170+0500,,,-
2021-10-26T17:13:34.952+05:00,13.92527549,marketwatch.com,2021-10-26T17:13:26.170+0500,,,-
2021-10-26T17:13:35.454+05:00,7.031731714,marketwatch.com,2021-10-26T17:13:26.170+0500,,,-
2021-10-26T17:13:35.955+05:00,7.798972917,marketwatch.com,2021-10-26T17:13:26.170+0500,,,-
2021-10-26T17:13:36.457+05:00,4.770495912,marketwatch.com,2021-10-26T17:13:26.170+0500,,,-
2021-10-26T17:13:36.959+05:00,8.914961286,marketwatch.com,2021-10-26T17:13:26.170+0500,,,-
2021-10-26T17:13:37.461+05:00,5.863039979,marketwatch.com,2021-10-26T17:13:26.170+0500,,,-
2021-10-26T17:13:37.962+05:00,6.806873226,marketwatch.com,2021-10-26T17:13:26.170+0500,,,-
2021-10-26T17:13:38.463+05:00,4.854269335,marketwatch.com,2021-10-26T17:13:26.170+0500,,,-
2021-10-26T17:13:38.964+05:00,4.763358188,marketwatch.com,2021-10-26T17:13:26.170+0500,,,-
2021-10-26T17:13:39.466+05:00,7.127663591,marketwatch.com,2021-10-26T17:13:26.170+0500,,,-
2021-10-26T17:13:39.967+05:00,11.91056511,marketwatch.com,2021-10-26T17:13:26.170+0500,,,-
2021-10-26T17:13:40.468+05:00,6.466515374,marketwatch.com,2021-10-26T17:13:26.170+0500,,,-
2021-10-26T17:13:40.970+05:00,6.569273741,marketwatch.com,2021-10-26T17:13:26.170+0500,,,-
2021-10-26T17:13:41.472+05:00,17.86890662,marketwatch.com,2021-10-26T17:13:26.170+0500,,,-
2021-10-26T17:13:41.974+05:00,5.548369244,marketwatch.com,2021-10-26T17:13:26.170+0500,,,-
2021-10-26T17:13:42.475+05:00,4.874984095,marketwatch.com,2021-10-26T17:13:26.170+0500,,,-
2021-10-26T17:13:42.977+05:00,5.790537523,marketwatch.com,2021-10-26T17:13:26.170+0500,,,-
2021-10-26T17:13:43.479+05:00,6.133508312,marketwatch.com,2021-10-26T17:13:26.170+0500,,,-
2021-10-26T17:13:43.981+05:00,5.856673071,marketwatch.com,2021-10-26T17:13:26.170+0500,,,-
2021-10-26T17:13:44.483+05:00,11.18732512,docusign.net,2021-10-26T17:13:44.257+0500,104.5603183,36,2.904453287
2021-10-26T17:13:44.985+05:00,2.886977422,docusign.net,2021-10-26T17:13:44.257+0500,,,-
2021-10-26T17:13:45.487+05:00,1.227471306,docusign.net,2021-10-26T17:13:44.257+0500,,,-
2021-10-26T17:13:45.989+05:00,2.239156522,docusign.net,2021-10-26T17:13:44.257+0500,,,-
2021-10-26T17:13:46.491+05:00,0.982251045,docusign.net,2021-10-26T17:13:44.257+0500,,,-
2021-10-26T17:13:46.992+05:00,6.49858973,docusign.net,2021-10-26T17:13:44.257+0500,,,-
2021-10-26T17:13:47.494+05:00,1.936410391,docusign.net,2021-10-26T17:13:44.257+0500,,,-
2021-10-26T17:13:47.996+05:00,3.618496002,docusign.net,2021-10-26T17:13:44.257+0500,,,-
2021-10-26T17:13:48.497+05:00,0.58452634,docusign.net,2021-10-26T17:13:44.257+0500,,,-
2021-10-26T17:13:48.998+05:00,1.981907864,docusign.net,2021-10-26T17:13:44.257+0500,,,-
2021-10-26T17:13:49.500+05:00,0.251873809,docusign.net,2021-10-26T17:13:44.257+0500,,,-
2021-10-26T17:13:50.002+05:00,1.69440288,docusign.net,2021-10-26T17:13:44.257+0500,,,-
2021-10-26T17:13:50.504+05:00,0,docusign.net,2021-10-26T17:13:44.257+0500,,,-
2021-10-26T17:13:51.005+05:00,2.085906327,docusign.net,2021-10-26T17:13:44.257+0500,,,-
2021-10-26T17:13:51.507+05:00,1.063942692,docusign.net,2021-10-26T17:13:44.257+0500,,,-
2021-10-26T17:13:52.009+05:00,1.500864847,docusign.net,2021-10-26T17:13:44.257+0500,,,-
2021-10-26T17:13:52.511+05:00,2.289393517,docusign.net,2021-10-26T17:13:44.257+0500,,,-
2021-10-26T17:13:53.013+05:00,1.373409971,docusign.net,2021-10-26T17:13:44.257+0500,,,-
2021-10-26T17:13:53.515+05:00,0.043829062,docusign.net,2021-10-26T17:13:44.257+0500,,,-
2021-10-26T17:13:54.017+05:00,2.358055983,docusign.net,2021-10-26T17:13:44.257+0500,,,-
2021-10-26T17:13:54.519+05:00,0.218868231,docusign.net,2021-10-26T17:13:44.257+0500,,,-
2021-10-26T17:13:55.021+05:00,4.368857352,docusign.net,2021-10-26T17:13:44.257+0500,,,-
2021-10-26T17:13:55.522+05:00,2.339851271,docusign.net,2021-10-26T17:13:44.257+0500,,,-
2021-10-26T17:13:56.024+05:00,4.01003908,docusign.net,2021-10-26T17:13:44.257+0500,,,-
2021-10-26T17:13:56.526+05:00,1.830930449,docusign.net,2021-10-26T17:13:44.257+0500,,,-
2021-10-26T17:13:57.027+05:00,3.36928624,docusign.net,2021-10-26T17:13:44.257+0500,,,-
2021-10-26T17:13:57.529+05:00,0.725278206,docusign.net,2021-10-26T17:13:44.257+0500,,,-
2021-10-26T17:13:58.030+05:00,2.538849275,docusign.net,2021-10-26T17:13:44.257+0500,,,-
2021-10-26T17:13:58.532+05:00,1.593767069,docusign.net,2021-10-26T17:13:44.257+0500,,,-
2021-10-26T17:13:59.034+05:00,2.726583225,docusign.net,2021-10-26T17:13:44.257+0500,,,-
2021-10-26T17:13:59.536+05:00,10.78426983,docusign.net,2021-10-26T17:13:44.257+0500,,,-
2021-10-26T17:14:00.037+05:00,4.979678371,docusign.net,2021-10-26T17:13:44.257+0500,,,-
2021-10-26T17:14:00.538+05:00,4.449677909,docusign.net,2021-10-26T17:13:44.257+0500,,,-
2021-10-26T17:14:01.040+05:00,3.539128348,docusign.net,2021-10-26T17:13:44.257+0500,,,-
2021-10-26T17:14:01.542+05:00,5.850690606,docusign.net,2021-10-26T17:13:44.257+0500,,,-
2021-10-26T17:14:02.044+05:00,5.429772046,docusign.net,2021-10-26T17:13:44.257+0500,,,-
2021-10-26T17:14:02.546+05:00,14.01337183,zendesk.com,2021-10-26T17:14:02.328+0500,340.5851674,36,9.460699096
2021-10-26T17:14:03.048+05:00,4.683035075,zendesk.com,2021-10-26T17:14:02.328+0500,,,-
2021-10-26T17:14:03.549+05:00,1.405393048,zendesk.com,2021-10-26T17:14:02.328+0500,,,-
2021-10-26T17:14:04.051+05:00,5.696572781,zendesk.com,2021-10-26T17:14:02.328+0500,,,-
2021-10-26T17:14:04.552+05:00,5.547764986,zendesk.com,2021-10-26T17:14:02.328+0500,,,-
2021-10-26T17:14:05.054+05:00,10.45771644,zendesk.com,2021-10-26T17:14:02.328+0500,,,-
2021-10-26T17:14:05.555+05:00,14.71516215,zendesk.com,2021-10-26T17:14:02.328+0500,,,-
2021-10-26T17:14:06.056+05:00,20.68308138,zendesk.com,2021-10-26T17:14:02.328+0500,,,-
2021-10-26T17:14:06.557+05:00,7.898116894,zendesk.com,2021-10-26T17:14:02.328+0500,,,-
2021-10-26T17:14:07.059+05:00,7.231050632,zendesk.com,2021-10-26T17:14:02.328+0500,,,-
2021-10-26T17:14:07.560+05:00,9.626689274,zendesk.com,2021-10-26T17:14:02.328+0500,,,-
2021-10-26T17:14:08.063+05:00,14.07492212,zendesk.com,2021-10-26T17:14:02.328+0500,,,-
2021-10-26T17:14:08.564+05:00,6.073263731,zendesk.com,2021-10-26T17:14:02.328+0500,,,-
2021-10-26T17:14:09.066+05:00,15.40827636,zendesk.com,2021-10-26T17:14:02.328+0500,,,-
2021-10-26T17:14:09.567+05:00,5.102098366,zendesk.com,2021-10-26T17:14:02.328+0500,,,-
2021-10-26T17:14:10.069+05:00,13.25748234,zendesk.com,2021-10-26T17:14:02.328+0500,,,-
2021-10-26T17:14:10.570+05:00,14.60932403,zendesk.com,2021-10-26T17:14:02.328+0500,,,-
2021-10-26T17:14:11.071+05:00,16.18909295,zendesk.com,2021-10-26T17:14:02.328+0500,,,-
2021-10-26T17:14:11.573+05:00,10.51464568,zendesk.com,2021-10-26T17:14:02.328+0500,,,-
2021-10-26T17:14:12.074+05:00,9.450362133,zendesk.com,2021-10-26T17:14:02.328+0500,,,-
2021-10-26T17:14:12.576+05:00,9.88206697,zendesk.com,2021-10-26T17:14:02.328+0500,,,-
2021-10-26T17:14:13.079+05:00,11.14524894,zendesk.com,2021-10-26T17:14:02.328+0500,,,-
2021-10-26T17:14:13.581+05:00,5.811317812,zendesk.com,2021-10-26T17:14:02.328+0500,,,-
2021-10-26T17:14:14.087+05:00,5.160993085,zendesk.com,2021-10-26T17:14:02.328+0500,,,-
2021-10-26T17:14:14.588+05:00,14.45305771,zendesk.com,2021-10-26T17:14:02.328+0500,,,-
2021-10-26T17:14:15.089+05:00,10.40276453,zendesk.com,2021-10-26T17:14:02.328+0500,,,-
2021-10-26T17:14:15.590+05:00,7.522578602,zendesk.com,2021-10-26T17:14:02.328+0500,,,-
2021-10-26T17:14:16.091+05:00,9.671886466,zendesk.com,2021-10-26T17:14:02.328+0500,,,-
2021-10-26T17:14:16.593+05:00,4.346004623,zendesk.com,2021-10-26T17:14:02.328+0500,,,-
2021-10-26T17:14:17.094+05:00,10.18553357,zendesk.com,2021-10-26T17:14:02.328+0500,,,-
2021-10-26T17:14:17.595+05:00,23.71457827,zendesk.com,2021-10-26T17:14:02.328+0500,,,-
2021-10-26T17:14:18.097+05:00,3.229891917,zendesk.com,2021-10-26T17:14:02.328+0500,,,-
2021-10-26T17:14:18.599+05:00,5.379439892,zendesk.com,2021-10-26T17:14:02.328+0500,,,-
2021-10-26T17:14:19.101+05:00,3.387517164,zendesk.com,2021-10-26T17:14:02.328+0500,,,-
2021-10-26T17:14:19.603+05:00,5.385831935,zendesk.com,2021-10-26T17:14:02.328+0500,,,-
2021-10-26T17:14:20.105+05:00,4.269033745,zendesk.com,2021-10-26T17:14:02.328+0500,,,-
2021-10-26T17:14:20.607+05:00,13.75462698,bukalapak.com,2021-10-26T17:14:20.410+0500,140.4092641,36,3.900257335
2021-10-26T17:14:21.109+05:00,6.478356559,bukalapak.com,2021-10-26T17:14:20.410+0500,,,-
2021-10-26T17:14:21.611+05:00,1.219853011,bukalapak.com,2021-10-26T17:14:20.410+0500,,,-
2021-10-26T17:14:22.113+05:00,4.091116327,bukalapak.com,2021-10-26T17:14:20.410+0500,,,-
2021-10-26T17:14:22.615+05:00,5.535021349,bukalapak.com,2021-10-26T17:14:20.410+0500,,,-
2021-10-26T17:14:23.116+05:00,2.697299804,bukalapak.com,2021-10-26T17:14:20.410+0500,,,-
2021-10-26T17:14:23.618+05:00,1.496201155,bukalapak.com,2021-10-26T17:14:20.410+0500,,,-
2021-10-26T17:14:24.120+05:00,4.05408026,bukalapak.com,2021-10-26T17:14:20.410+0500,,,-
2021-10-26T17:14:24.622+05:00,3.241363242,bukalapak.com,2021-10-26T17:14:20.410+0500,,,-
2021-10-26T17:14:25.124+05:00,7.526289313,bukalapak.com,2021-10-26T17:14:20.410+0500,,,-
2021-10-26T17:14:25.626+05:00,3.75449174,bukalapak.com,2021-10-26T17:14:20.410+0500,,,-
2021-10-26T17:14:26.129+05:00,4.266521274,bukalapak.com,2021-10-26T17:14:20.410+0500,,,-
2021-10-26T17:14:26.631+05:00,0.368926516,bukalapak.com,2021-10-26T17:14:20.410+0500,,,-
2021-10-26T17:14:27.132+05:00,0.477324987,bukalapak.com,2021-10-26T17:14:20.410+0500,,,-
2021-10-26T17:14:27.633+05:00,0.249844686,bukalapak.com,2021-10-26T17:14:20.410+0500,,,-
2021-10-26T17:14:28.134+05:00,0.788397932,bukalapak.com,2021-10-26T17:14:20.410+0500,,,-
2021-10-26T17:14:28.636+05:00,1.337551495,bukalapak.com,2021-10-26T17:14:20.410+0500,,,-
2021-10-26T17:14:29.139+05:00,2.562002281,bukalapak.com,2021-10-26T17:14:20.410+0500,,,-
2021-10-26T17:14:29.640+05:00,3.867822766,bukalapak.com,2021-10-26T17:14:20.410+0500,,,-
2021-10-26T17:14:30.141+05:00,2.481731989,bukalapak.com,2021-10-26T17:14:20.410+0500,,,-
2021-10-26T17:14:30.643+05:00,1.95825833,bukalapak.com,2021-10-26T17:14:20.410+0500,,,-
2021-10-26T17:14:31.146+05:00,3.333119102,bukalapak.com,2021-10-26T17:14:20.410+0500,,,-
2021-10-26T17:14:31.647+05:00,3.594353365,bukalapak.com,2021-10-26T17:14:20.410+0500,,,-
2021-10-26T17:14:32.150+05:00,2.973466734,bukalapak.com,2021-10-26T17:14:20.410+0500,,,-
2021-10-26T17:14:32.652+05:00,0.993728853,bukalapak.com,2021-10-26T17:14:20.410+0500,,,-
2021-10-26T17:14:33.154+05:00,2.745159124,bukalapak.com,2021-10-26T17:14:20.410+0500,,,-
2021-10-26T17:14:33.656+05:00,1.162915995,bukalapak.com,2021-10-26T17:14:20.410+0500,,,-
2021-10-26T17:14:34.158+05:00,2.501471081,bukalapak.com,2021-10-26T17:14:20.410+0500,,,-
2021-10-26T17:14:34.660+05:00,7.099055866,bukalapak.com,2021-10-26T17:14:20.410+0500,,,-
2021-10-26T17:14:35.170+05:00,1.926013279,bukalapak.com,2021-10-26T17:14:20.410+0500,,,-
2021-10-26T17:14:35.671+05:00,13.04085457,bukalapak.com,2021-10-26T17:14:20.410+0500,,,-
2021-10-26T17:14:36.172+05:00,4.350373519,bukalapak.com,2021-10-26T17:14:20.410+0500,,,-
2021-10-26T17:14:36.673+05:00,4.358638699,bukalapak.com,2021-10-26T17:14:20.410+0500,,,-
2021-10-26T17:14:37.174+05:00,8.884082962,bukalapak.com,2021-10-26T17:14:20.410+0500,,,-
2021-10-26T17:14:37.675+05:00,7.936323211,bukalapak.com,2021-10-26T17:14:20.410+0500,,,-
2021-10-26T17:14:38.178+05:00,3.302625692,bukalapak.com,2021-10-26T17:14:20.410+0500,,,-
2021-10-26T17:14:38.679+05:00,15.62034875,dailymotion.com,2021-10-26T17:14:38.470+0500,242.0250516,36,6.722918099
2021-10-26T17:14:39.180+05:00,4.320693666,dailymotion.com,2021-10-26T17:14:38.470+0500,,,-
2021-10-26T17:14:39.681+05:00,2.007082742,dailymotion.com,2021-10-26T17:14:38.470+0500,,,-
2021-10-26T17:14:40.183+05:00,2.316014633,dailymotion.com,2021-10-26T17:14:38.470+0500,,,-
2021-10-26T17:14:40.684+05:00,2.807277382,dailymotion.com,2021-10-26T17:14:38.470+0500,,,-
2021-10-26T17:14:41.185+05:00,3.777658802,dailymotion.com,2021-10-26T17:14:38.470+0500,,,-
2021-10-26T17:14:41.686+05:00,17.13301814,dailymotion.com,2021-10-26T17:14:38.470+0500,,,-
2021-10-26T17:14:42.188+05:00,18.50580039,dailymotion.com,2021-10-26T17:14:38.470+0500,,,-
2021-10-26T17:14:42.689+05:00,19.34924198,dailymotion.com,2021-10-26T17:14:38.470+0500,,,-
2021-10-26T17:14:43.191+05:00,7.201679531,dailymotion.com,2021-10-26T17:14:38.470+0500,,,-
2021-10-26T17:14:43.693+05:00,5.429014248,dailymotion.com,2021-10-26T17:14:38.470+0500,,,-
2021-10-26T17:14:44.194+05:00,9.606827833,dailymotion.com,2021-10-26T17:14:38.470+0500,,,-
2021-10-26T17:14:44.696+05:00,7.173148921,dailymotion.com,2021-10-26T17:14:38.470+0500,,,-
2021-10-26T17:14:45.197+05:00,15.78208888,dailymotion.com,2021-10-26T17:14:38.470+0500,,,-
2021-10-26T17:14:45.697+05:00,19.46378584,dailymotion.com,2021-10-26T17:14:38.470+0500,,,-
2021-10-26T17:14:46.198+05:00,10.01826141,dailymotion.com,2021-10-26T17:14:38.470+0500,,,-
2021-10-26T17:14:46.699+05:00,9.617507593,dailymotion.com,2021-10-26T17:14:38.470+0500,,,-
2021-10-26T17:14:47.200+05:00,4.358248741,dailymotion.com,2021-10-26T17:14:38.470+0500,,,-
2021-10-26T17:14:47.701+05:00,5.519808135,dailymotion.com,2021-10-26T17:14:38.470+0500,,,-
2021-10-26T17:14:48.202+05:00,4.590681648,dailymotion.com,2021-10-26T17:14:38.470+0500,,,-
2021-10-26T17:14:48.703+05:00,1.427805577,dailymotion.com,2021-10-26T17:14:38.470+0500,,,-
2021-10-26T17:14:49.205+05:00,1.396518397,dailymotion.com,2021-10-26T17:14:38.470+0500,,,-
2021-10-26T17:14:49.707+05:00,2.016163805,dailymotion.com,2021-10-26T17:14:38.470+0500,,,-
2021-10-26T17:14:50.209+05:00,2.136020046,dailymotion.com,2021-10-26T17:14:38.470+0500,,,-
2021-10-26T17:14:50.712+05:00,0.434482909,dailymotion.com,2021-10-26T17:14:38.470+0500,,,-
2021-10-26T17:14:51.214+05:00,4.641660158,dailymotion.com,2021-10-26T17:14:38.470+0500,,,-
2021-10-26T17:14:51.717+05:00,0.607084812,dailymotion.com,2021-10-26T17:14:38.470+0500,,,-
2021-10-26T17:14:52.219+05:00,2.888849004,dailymotion.com,2021-10-26T17:14:38.470+0500,,,-
2021-10-26T17:14:52.720+05:00,0.260844824,dailymotion.com,2021-10-26T17:14:38.470+0500,,,-
2021-10-26T17:14:53.222+05:00,3.145508229,dailymotion.com,2021-10-26T17:14:38.470+0500,,,-
2021-10-26T17:14:53.723+05:00,14.39488738,dailymotion.com,2021-10-26T17:14:38.470+0500,,,-
2021-10-26T17:14:54.225+05:00,3.931653582,dailymotion.com,2021-10-26T17:14:38.470+0500,,,-
2021-10-26T17:14:54.726+05:00,3.838892279,dailymotion.com,2021-10-26T17:14:38.470+0500,,,-
2021-10-26T17:14:55.228+05:00,4.745976119,dailymotion.com,2021-10-26T17:14:38.470+0500,,,-
2021-10-26T17:14:55.731+05:00,6.049442542,dailymotion.com,2021-10-26T17:14:38.470+0500,,,-
2021-10-26T17:14:56.241+05:00,5.511072617,dailymotion.com,2021-10-26T17:14:38.470+0500,,,-
2021-10-26T17:14:56.742+05:00,12.12165593,coinmarketcap.com,2021-10-26T17:14:56.546+0500,304.8318006,36,8.467550016
2021-10-26T17:14:57.243+05:00,9.552168994,coinmarketcap.com,2021-10-26T17:14:56.546+0500,,,-
2021-10-26T17:14:57.744+05:00,10.67911139,coinmarketcap.com,2021-10-26T17:14:56.546+0500,,,-
2021-10-26T17:14:58.244+05:00,15.08199936,coinmarketcap.com,2021-10-26T17:14:56.546+0500,,,-
2021-10-26T17:14:58.745+05:00,28.34847496,coinmarketcap.com,2021-10-26T17:14:56.546+0500,,,-
2021-10-26T17:14:59.246+05:00,10.78877615,coinmarketcap.com,2021-10-26T17:14:56.546+0500,,,-
2021-10-26T17:14:59.747+05:00,15.29076408,coinmarketcap.com,2021-10-26T17:14:56.546+0500,,,-
2021-10-26T17:15:00.248+05:00,15.15620526,coinmarketcap.com,2021-10-26T17:14:56.546+0500,,,-
2021-10-26T17:15:00.749+05:00,5.386141752,coinmarketcap.com,2021-10-26T17:14:56.546+0500,,,-
2021-10-26T17:15:01.250+05:00,7.012545808,coinmarketcap.com,2021-10-26T17:14:56.546+0500,,,-
2021-10-26T17:15:01.752+05:00,5.861359016,coinmarketcap.com,2021-10-26T17:14:56.546+0500,,,-
2021-10-26T17:15:02.254+05:00,10.56699454,coinmarketcap.com,2021-10-26T17:14:56.546+0500,,,-
2021-10-26T17:15:02.756+05:00,3.911218067,coinmarketcap.com,2021-10-26T17:14:56.546+0500,,,-
2021-10-26T17:15:03.257+05:00,5.018935872,coinmarketcap.com,2021-10-26T17:14:56.546+0500,,,-
2021-10-26T17:15:03.759+05:00,12.22110002,coinmarketcap.com,2021-10-26T17:14:56.546+0500,,,-
2021-10-26T17:15:04.260+05:00,8.3024848,coinmarketcap.com,2021-10-26T17:14:56.546+0500,,,-
2021-10-26T17:15:04.761+05:00,2.913404294,coinmarketcap.com,2021-10-26T17:14:56.546+0500,,,-
2021-10-26T17:15:05.262+05:00,10.88921971,coinmarketcap.com,2021-10-26T17:14:56.546+0500,,,-
2021-10-26T17:15:05.764+05:00,6.695095433,coinmarketcap.com,2021-10-26T17:14:56.546+0500,,,-
2021-10-26T17:15:06.265+05:00,5.12396837,coinmarketcap.com,2021-10-26T17:14:56.546+0500,,,-
2021-10-26T17:15:06.767+05:00,5.07988013,coinmarketcap.com,2021-10-26T17:14:56.546+0500,,,-
2021-10-26T17:15:07.269+05:00,9.553037946,coinmarketcap.com,2021-10-26T17:14:56.546+0500,,,-
2021-10-26T17:15:07.771+05:00,4.213426014,coinmarketcap.com,2021-10-26T17:14:56.546+0500,,,-
2021-10-26T17:15:08.273+05:00,4.740455457,coinmarketcap.com,2021-10-26T17:14:56.546+0500,,,-
2021-10-26T17:15:08.775+05:00,8.193848857,coinmarketcap.com,2021-10-26T17:14:56.546+0500,,,-
2021-10-26T17:15:09.277+05:00,4.994601088,coinmarketcap.com,2021-10-26T17:14:56.546+0500,,,-
2021-10-26T17:15:09.779+05:00,5.257573648,coinmarketcap.com,2021-10-26T17:14:56.546+0500,,,-
2021-10-26T17:15:10.280+05:00,10.17564586,coinmarketcap.com,2021-10-26T17:14:56.546+0500,,,-
2021-10-26T17:15:10.782+05:00,2.688668492,coinmarketcap.com,2021-10-26T17:14:56.546+0500,,,-
2021-10-26T17:15:11.284+05:00,4.745292915,coinmarketcap.com,2021-10-26T17:14:56.546+0500,,,-
2021-10-26T17:15:11.785+05:00,14.903854,coinmarketcap.com,2021-10-26T17:14:56.546+0500,,,-
2021-10-26T17:15:12.286+05:00,5.977402121,coinmarketcap.com,2021-10-26T17:14:56.546+0500,,,-
2021-10-26T17:15:12.787+05:00,6.635064054,coinmarketcap.com,2021-10-26T17:14:56.546+0500,,,-
2021-10-26T17:15:13.289+05:00,3.353856347,coinmarketcap.com,2021-10-26T17:14:56.546+0500,,,-
2021-10-26T17:15:13.790+05:00,7.221111381,coinmarketcap.com,2021-10-26T17:14:56.546+0500,,,-
2021-10-26T17:15:14.292+05:00,6.176458455,coinmarketcap.com,2021-10-26T17:14:56.546+0500,,,-
2021-10-26T17:15:14.794+05:00,12.57509997,aol.com,2021-10-26T17:15:14.610+0500,614.903263,37,16.61900711
2021-10-26T17:15:15.296+05:00,3.174456062,aol.com,2021-10-26T17:15:14.610+0500,,,-
2021-10-26T17:15:15.799+05:00,1.443747587,aol.com,2021-10-26T17:15:14.610+0500,,,-
2021-10-26T17:15:16.301+05:00,2.541986303,aol.com,2021-10-26T17:15:14.610+0500,,,-
2021-10-26T17:15:16.806+05:00,5.54614464,aol.com,2021-10-26T17:15:14.610+0500,,,-
2021-10-26T17:15:17.307+05:00,18.36785811,aol.com,2021-10-26T17:15:14.610+0500,,,-
2021-10-26T17:15:17.808+05:00,18.36232636,aol.com,2021-10-26T17:15:14.610+0500,,,-
2021-10-26T17:15:18.309+05:00,14.10745786,aol.com,2021-10-26T17:15:14.610+0500,,,-
2021-10-26T17:15:18.810+05:00,10.93790079,aol.com,2021-10-26T17:15:14.610+0500,,,-
2021-10-26T17:15:19.311+05:00,14.28081568,aol.com,2021-10-26T17:15:14.610+0500,,,-
2021-10-26T17:15:19.814+05:00,16.24633429,aol.com,2021-10-26T17:15:14.610+0500,,,-
2021-10-26T17:15:20.317+05:00,19.41174046,aol.com,2021-10-26T17:15:14.610+0500,,,-
2021-10-26T17:15:20.818+05:00,26.59208552,aol.com,2021-10-26T17:15:14.610+0500,,,-
2021-10-26T17:15:21.319+05:00,16.02828495,aol.com,2021-10-26T17:15:14.610+0500,,,-
2021-10-26T17:15:21.821+05:00,25.02295556,aol.com,2021-10-26T17:15:14.610+0500,,,-
2021-10-26T17:15:22.322+05:00,16.73986043,aol.com,2021-10-26T17:15:14.610+0500,,,-
2021-10-26T17:15:22.824+05:00,20.12551722,aol.com,2021-10-26T17:15:14.610+0500,,,-
2021-10-26T17:15:23.325+05:00,22.92983166,aol.com,2021-10-26T17:15:14.610+0500,,,-
2021-10-26T17:15:23.826+05:00,19.74328689,aol.com,2021-10-26T17:15:14.610+0500,,,-
2021-10-26T17:15:24.328+05:00,19.02666385,aol.com,2021-10-26T17:15:14.610+0500,,,-
2021-10-26T17:15:24.829+05:00,28.3627982,aol.com,2021-10-26T17:15:14.610+0500,,,-
2021-10-26T17:15:25.330+05:00,25.17737594,aol.com,2021-10-26T17:15:14.610+0500,,,-
2021-10-26T17:15:25.831+05:00,34.94218503,aol.com,2021-10-26T17:15:14.610+0500,,,-
2021-10-26T17:15:26.333+05:00,21.16241018,aol.com,2021-10-26T17:15:14.610+0500,,,-
2021-10-26T17:15:26.834+05:00,25.67420235,aol.com,2021-10-26T17:15:14.610+0500,,,-
2021-10-26T17:15:27.336+05:00,16.11875083,aol.com,2021-10-26T17:15:14.610+0500,,,-
2021-10-26T17:15:27.837+05:00,25.62625751,aol.com,2021-10-26T17:15:14.610+0500,,,-
2021-10-26T17:15:28.338+05:00,28.33426815,aol.com,2021-10-26T17:15:14.610+0500,,,-
2021-10-26T17:15:28.841+05:00,26.93632039,aol.com,2021-10-26T17:15:14.610+0500,,,-
2021-10-26T17:15:29.342+05:00,19.19146239,aol.com,2021-10-26T17:15:14.610+0500,,,-
2021-10-26T17:15:29.843+05:00,23.67319805,aol.com,2021-10-26T17:15:14.610+0500,,,-
2021-10-26T17:15:30.343+05:00,12.90875812,aol.com,2021-10-26T17:15:14.610+0500,,,-
2021-10-26T17:15:30.845+05:00,3.54071564,aol.com,2021-10-26T17:15:14.610+0500,,,-
2021-10-26T17:15:31.346+05:00,5.653534999,aol.com,2021-10-26T17:15:14.610+0500,,,-
2021-10-26T17:15:31.848+05:00,5.434064025,aol.com,2021-10-26T17:15:14.610+0500,,,-
2021-10-26T17:15:32.349+05:00,6.070520943,aol.com,2021-10-26T17:15:14.610+0500,,,-
2021-10-26T17:15:32.850+05:00,2.892086042,aol.com,2021-10-26T17:15:14.610+0500,,,-
2021-10-26T17:15:33.351+05:00,13.55929639,scribd.com,2021-10-26T17:15:33.168+0500,236.345395,36,6.565149861
2021-10-26T17:15:33.852+05:00,2.047594477,scribd.com,2021-10-26T17:15:33.168+0500,,,-
2021-10-26T17:15:34.353+05:00,6.610715315,scribd.com,2021-10-26T17:15:33.168+0500,,,-
2021-10-26T17:15:34.854+05:00,4.197119465,scribd.com,2021-10-26T17:15:33.168+0500,,,-
2021-10-26T17:15:35.355+05:00,15.83508179,scribd.com,2021-10-26T17:15:33.168+0500,,,-
2021-10-26T17:15:35.856+05:00,17.69195683,scribd.com,2021-10-26T17:15:33.168+0500,,,-
2021-10-26T17:15:36.358+05:00,25.16262067,scribd.com,2021-10-26T17:15:33.168+0500,,,-
2021-10-26T17:15:36.859+05:00,14.5493537,scribd.com,2021-10-26T17:15:33.168+0500,,,-
2021-10-26T17:15:37.361+05:00,12.16740429,scribd.com,2021-10-26T17:15:33.168+0500,,,-
2021-10-26T17:15:37.867+05:00,6.589910929,scribd.com,2021-10-26T17:15:33.168+0500,,,-
2021-10-26T17:15:38.370+05:00,2.576554538,scribd.com,2021-10-26T17:15:33.168+0500,,,-
2021-10-26T17:15:38.871+05:00,8.955110402,scribd.com,2021-10-26T17:15:33.168+0500,,,-
2021-10-26T17:15:39.373+05:00,9.878907821,scribd.com,2021-10-26T17:15:33.168+0500,,,-
2021-10-26T17:15:39.874+05:00,4.792745159,scribd.com,2021-10-26T17:15:33.168+0500,,,-
2021-10-26T17:15:40.375+05:00,7.946926021,scribd.com,2021-10-26T17:15:33.168+0500,,,-
2021-10-26T17:15:40.876+05:00,7.516956997,scribd.com,2021-10-26T17:15:33.168+0500,,,-
2021-10-26T17:15:41.377+05:00,3.530183979,scribd.com,2021-10-26T17:15:33.168+0500,,,-
2021-10-26T17:15:41.879+05:00,1.620632537,scribd.com,2021-10-26T17:15:33.168+0500,,,-
2021-10-26T17:15:42.381+05:00,5.638005478,scribd.com,2021-10-26T17:15:33.168+0500,,,-
2021-10-26T17:15:42.883+05:00,1.898270046,scribd.com,2021-10-26T17:15:33.168+0500,,,-
2021-10-26T17:15:43.385+05:00,3.588406976,scribd.com,2021-10-26T17:15:33.168+0500,,,-
2021-10-26T17:15:43.888+05:00,1.483502034,scribd.com,2021-10-26T17:15:33.168+0500,,,-
2021-10-26T17:15:44.389+05:00,1.40736831,scribd.com,2021-10-26T17:15:33.168+0500,,,-
2021-10-26T17:15:44.892+05:00,1.44007463,scribd.com,2021-10-26T17:15:33.168+0500,,,-
2021-10-26T17:15:45.393+05:00,4.22882671,scribd.com,2021-10-26T17:15:33.168+0500,,,-
2021-10-26T17:15:45.895+05:00,0.592847789,scribd.com,2021-10-26T17:15:33.168+0500,,,-
2021-10-26T17:15:46.396+05:00,3.990893721,scribd.com,2021-10-26T17:15:33.168+0500,,,-
2021-10-26T17:15:46.898+05:00,3.52494552,scribd.com,2021-10-26T17:15:33.168+0500,,,-
2021-10-26T17:15:47.399+05:00,5.953032884,scribd.com,2021-10-26T17:15:33.168+0500,,,-
2021-10-26T17:15:47.900+05:00,2.026709936,scribd.com,2021-10-26T17:15:33.168+0500,,,-
2021-10-26T17:15:48.401+05:00,9.673517085,scribd.com,2021-10-26T17:15:33.168+0500,,,-
2021-10-26T17:15:48.902+05:00,4.152783671,scribd.com,2021-10-26T17:15:33.168+0500,,,-
2021-10-26T17:15:49.404+05:00,6.155337074,scribd.com,2021-10-26T17:15:33.168+0500,,,-
2021-10-26T17:15:49.906+05:00,6.738263881,scribd.com,2021-10-26T17:15:33.168+0500,,,-
2021-10-26T17:15:50.407+05:00,5.24723466,scribd.com,2021-10-26T17:15:33.168+0500,,,-
2021-10-26T17:15:50.908+05:00,3.376303278,scribd.com,2021-10-26T17:15:33.168+0500,,,-
2021-10-26T17:15:51.409+05:00,15.50993165,zol.com.cn,2021-10-26T17:15:51.236+0500,106.5088314,36,2.95857865
2021-10-26T17:15:51.911+05:00,4.891653104,zol.com.cn,2021-10-26T17:15:51.236+0500,,,-
2021-10-26T17:15:52.412+05:00,1.688109501,zol.com.cn,2021-10-26T17:15:51.236+0500,,,-
2021-10-26T17:15:52.913+05:00,1.152662082,zol.com.cn,2021-10-26T17:15:51.236+0500,,,-
2021-10-26T17:15:53.414+05:00,1.368483991,zol.com.cn,2021-10-26T17:15:51.236+0500,,,-
2021-10-26T17:15:53.915+05:00,4.082463994,zol.com.cn,2021-10-26T17:15:51.236+0500,,,-
2021-10-26T17:15:54.416+05:00,0.346913808,zol.com.cn,2021-10-26T17:15:51.236+0500,,,-
2021-10-26T17:15:54.917+05:00,3.261256381,zol.com.cn,2021-10-26T17:15:51.236+0500,,,-
2021-10-26T17:15:55.419+05:00,1.823619197,zol.com.cn,2021-10-26T17:15:51.236+0500,,,-
2021-10-26T17:15:55.921+05:00,1.929464828,zol.com.cn,2021-10-26T17:15:51.236+0500,,,-
2021-10-26T17:15:56.423+05:00,2.264859042,zol.com.cn,2021-10-26T17:15:51.236+0500,,,-
2021-10-26T17:15:56.924+05:00,1.088167379,zol.com.cn,2021-10-26T17:15:51.236+0500,,,-
2021-10-26T17:15:57.426+05:00,1.569057482,zol.com.cn,2021-10-26T17:15:51.236+0500,,,-
2021-10-26T17:15:57.927+05:00,2.150792293,zol.com.cn,2021-10-26T17:15:51.236+0500,,,-
2021-10-26T17:15:58.429+05:00,3.156034525,zol.com.cn,2021-10-26T17:15:51.236+0500,,,-
2021-10-26T17:15:58.933+05:00,1.140566223,zol.com.cn,2021-10-26T17:15:51.236+0500,,,-
2021-10-26T17:15:59.435+05:00,1.143253024,zol.com.cn,2021-10-26T17:15:51.236+0500,,,-
2021-10-26T17:15:59.936+05:00,2.898990844,zol.com.cn,2021-10-26T17:15:51.236+0500,,,-
2021-10-26T17:16:00.436+05:00,0.386601013,zol.com.cn,2021-10-26T17:15:51.236+0500,,,-
2021-10-26T17:16:00.937+05:00,1.527711307,zol.com.cn,2021-10-26T17:15:51.236+0500,,,-
2021-10-26T17:16:01.439+05:00,0.791804738,zol.com.cn,2021-10-26T17:15:51.236+0500,,,-
2021-10-26T17:16:01.941+05:00,2.635667543,zol.com.cn,2021-10-26T17:15:51.236+0500,,,-
2021-10-26T17:16:02.443+05:00,2.152655864,zol.com.cn,2021-10-26T17:15:51.236+0500,,,-
2021-10-26T17:16:02.944+05:00,1.3430526,zol.com.cn,2021-10-26T17:15:51.236+0500,,,-
2021-10-26T17:16:03.446+05:00,1.538474422,zol.com.cn,2021-10-26T17:15:51.236+0500,,,-
2021-10-26T17:16:03.949+05:00,2.470584693,zol.com.cn,2021-10-26T17:15:51.236+0500,,,-
2021-10-26T17:16:04.451+05:00,0.757034141,zol.com.cn,2021-10-26T17:15:51.236+0500,,,-
2021-10-26T17:16:04.952+05:00,0.672107875,zol.com.cn,2021-10-26T17:15:51.236+0500,,,-
2021-10-26T17:16:05.454+05:00,1.080373648,zol.com.cn,2021-10-26T17:15:51.236+0500,,,-
2021-10-26T17:16:05.955+05:00,6.01326781,zol.com.cn,2021-10-26T17:15:51.236+0500,,,-
2021-10-26T17:16:06.456+05:00,13.98464121,zol.com.cn,2021-10-26T17:15:51.236+0500,,,-
2021-10-26T17:16:06.957+05:00,3.910685798,zol.com.cn,2021-10-26T17:15:51.236+0500,,,-
2021-10-26T17:16:07.458+05:00,3.320214958,zol.com.cn,2021-10-26T17:15:51.236+0500,,,-
2021-10-26T17:16:07.958+05:00,3.89682227,zol.com.cn,2021-10-26T17:15:51.236+0500,,,-
2021-10-26T17:16:08.460+05:00,5.218703755,zol.com.cn,2021-10-26T17:15:51.236+0500,,,-
2021-10-26T17:16:08.961+05:00,3.342148402,zol.com.cn,2021-10-26T17:15:51.236+0500,,,-
2021-10-26T17:16:09.462+05:00,14.75723461,dailymail.co.uk,2021-10-26T17:16:09.302+0500,582.8211421,39,14.94413185
2021-10-26T17:16:09.963+05:00,7.408169852,dailymail.co.uk,2021-10-26T17:16:09.302+0500,,,-
2021-10-26T17:16:10.464+05:00,1.52009729,dailymail.co.uk,2021-10-26T17:16:09.302+0500,,,-
2021-10-26T17:16:10.965+05:00,5.0955044,dailymail.co.uk,2021-10-26T17:16:09.302+0500,,,-
2021-10-26T17:16:11.466+05:00,10.40794936,dailymail.co.uk,2021-10-26T17:16:09.302+0500,,,-
2021-10-26T17:16:11.967+05:00,13.23464991,dailymail.co.uk,2021-10-26T17:16:09.302+0500,,,-
2021-10-26T17:16:12.468+05:00,21.57301431,dailymail.co.uk,2021-10-26T17:16:09.302+0500,,,-
2021-10-26T17:16:12.969+05:00,22.70000117,dailymail.co.uk,2021-10-26T17:16:09.302+0500,,,-
2021-10-26T17:16:13.470+05:00,23.25895278,dailymail.co.uk,2021-10-26T17:16:09.302+0500,,,-
2021-10-26T17:16:13.972+05:00,18.6046458,dailymail.co.uk,2021-10-26T17:16:09.302+0500,,,-
2021-10-26T17:16:14.473+05:00,12.25686004,dailymail.co.uk,2021-10-26T17:16:09.302+0500,,,-
2021-10-26T17:16:14.974+05:00,16.27042446,dailymail.co.uk,2021-10-26T17:16:09.302+0500,,,-
2021-10-26T17:16:15.475+05:00,16.81046739,dailymail.co.uk,2021-10-26T17:16:09.302+0500,,,-
2021-10-26T17:16:15.976+05:00,13.30803424,dailymail.co.uk,2021-10-26T17:16:09.302+0500,,,-
2021-10-26T17:16:16.477+05:00,17.45180909,dailymail.co.uk,2021-10-26T17:16:09.302+0500,,,-
2021-10-26T17:16:16.979+05:00,16.24590177,dailymail.co.uk,2021-10-26T17:16:09.302+0500,,,-
2021-10-26T17:16:17.480+05:00,14.58406574,dailymail.co.uk,2021-10-26T17:16:09.302+0500,,,-
2021-10-26T17:16:17.981+05:00,17.63738191,dailymail.co.uk,2021-10-26T17:16:09.302+0500,,,-
2021-10-26T17:16:18.483+05:00,15.92046599,dailymail.co.uk,2021-10-26T17:16:09.302+0500,,,-
2021-10-26T17:16:18.990+05:00,17.61436047,dailymail.co.uk,2021-10-26T17:16:09.302+0500,,,-
2021-10-26T17:16:19.492+05:00,22.88074409,dailymail.co.uk,2021-10-26T17:16:09.302+0500,,,-
2021-10-26T17:16:19.993+05:00,39.05395353,dailymail.co.uk,2021-10-26T17:16:09.302+0500,,,-
2021-10-26T17:16:20.494+05:00,24.73397732,dailymail.co.uk,2021-10-26T17:16:09.302+0500,,,-
2021-10-26T17:16:20.995+05:00,18.86849352,dailymail.co.uk,2021-10-26T17:16:09.302+0500,,,-
2021-10-26T17:16:21.498+05:00,12.48874144,dailymail.co.uk,2021-10-26T17:16:09.302+0500,,,-
2021-10-26T17:16:21.999+05:00,13.11971275,dailymail.co.uk,2021-10-26T17:16:09.302+0500,,,-
2021-10-26T17:16:22.500+05:00,25.42828431,dailymail.co.uk,2021-10-26T17:16:09.302+0500,,,-
2021-10-26T17:16:23.002+05:00,21.95219836,dailymail.co.uk,2021-10-26T17:16:09.302+0500,,,-
2021-10-26T17:16:23.502+05:00,12.21785813,dailymail.co.uk,2021-10-26T17:16:09.302+0500,,,-
2021-10-26T17:16:24.003+05:00,14.53416344,dailymail.co.uk,2021-10-26T17:16:09.302+0500,,,-
2021-10-26T17:16:24.504+05:00,16.60424545,dailymail.co.uk,2021-10-26T17:16:09.302+0500,,,-
2021-10-26T17:16:25.006+05:00,12.07938209,dailymail.co.uk,2021-10-26T17:16:09.302+0500,,,-
2021-10-26T17:16:25.506+05:00,22.42461295,dailymail.co.uk,2021-10-26T17:16:09.302+0500,,,-
2021-10-26T17:16:26.008+05:00,4.663903113,dailymail.co.uk,2021-10-26T17:16:09.302+0500,,,-
2021-10-26T17:16:26.509+05:00,7.146052846,dailymail.co.uk,2021-10-26T17:16:09.302+0500,,,-
2021-10-26T17:16:27.010+05:00,3.534391792,dailymail.co.uk,2021-10-26T17:16:09.302+0500,,,-
2021-10-26T17:16:27.512+05:00,5.634570793,dailymail.co.uk,2021-10-26T17:16:09.302+0500,,,-
2021-10-26T17:16:28.014+05:00,5.419311918,dailymail.co.uk,2021-10-26T17:16:09.302+0500,,,-
2021-10-26T17:16:28.515+05:00,3.376553655,dailymail.co.uk,2021-10-26T17:16:09.302+0500,,,-
2021-10-26T17:16:29.016+05:00,6.985595608,namnak.com,2021-10-26T17:16:28.716+0500,201.4037189,36,5.594547748
2021-10-26T17:16:29.517+05:00,7.238899468,namnak.com,2021-10-26T17:16:28.716+0500,,,-
2021-10-26T17:16:30.018+05:00,12.97108731,namnak.com,2021-10-26T17:16:28.716+0500,,,-
2021-10-26T17:16:30.519+05:00,3.82384947,namnak.com,2021-10-26T17:16:28.716+0500,,,-
2021-10-26T17:16:31.019+05:00,1.249016528,namnak.com,2021-10-26T17:16:28.716+0500,,,-
2021-10-26T17:16:31.520+05:00,10.03027079,namnak.com,2021-10-26T17:16:28.716+0500,,,-
2021-10-26T17:16:32.021+05:00,6.076105615,namnak.com,2021-10-26T17:16:28.716+0500,,,-
2021-10-26T17:16:32.523+05:00,5.867493468,namnak.com,2021-10-26T17:16:28.716+0500,,,-
2021-10-26T17:16:33.024+05:00,2.457918925,namnak.com,2021-10-26T17:16:28.716+0500,,,-
2021-10-26T17:16:33.525+05:00,2.76189141,namnak.com,2021-10-26T17:16:28.716+0500,,,-
2021-10-26T17:16:34.027+05:00,3.913047062,namnak.com,2021-10-26T17:16:28.716+0500,,,-
2021-10-26T17:16:34.529+05:00,6.534759348,namnak.com,2021-10-26T17:16:28.716+0500,,,-
2021-10-26T17:16:35.029+05:00,3.414682355,namnak.com,2021-10-26T17:16:28.716+0500,,,-
2021-10-26T17:16:35.530+05:00,3.41214266,namnak.com,2021-10-26T17:16:28.716+0500,,,-
2021-10-26T17:16:36.032+05:00,3.576163539,namnak.com,2021-10-26T17:16:28.716+0500,,,-
2021-10-26T17:16:36.534+05:00,6.565681911,namnak.com,2021-10-26T17:16:28.716+0500,,,-
2021-10-26T17:16:37.035+05:00,7.454709797,namnak.com,2021-10-26T17:16:28.716+0500,,,-
2021-10-26T17:16:37.537+05:00,2.686111123,namnak.com,2021-10-26T17:16:28.716+0500,,,-
2021-10-26T17:16:38.039+05:00,5.179584829,namnak.com,2021-10-26T17:16:28.716+0500,,,-
2021-10-26T17:16:38.541+05:00,6.740122596,namnak.com,2021-10-26T17:16:28.716+0500,,,-
2021-10-26T17:16:39.042+05:00,5.838848236,namnak.com,2021-10-26T17:16:28.716+0500,,,-
2021-10-26T17:16:39.544+05:00,2.511929207,namnak.com,2021-10-26T17:16:28.716+0500,,,-
2021-10-26T17:16:40.053+05:00,3.231694981,namnak.com,2021-10-26T17:16:28.716+0500,,,-
2021-10-26T17:16:40.554+05:00,5.705882319,namnak.com,2021-10-26T17:16:28.716+0500,,,-
2021-10-26T17:16:41.056+05:00,5.420963644,namnak.com,2021-10-26T17:16:28.716+0500,,,-
2021-10-26T17:16:41.557+05:00,2.565915684,namnak.com,2021-10-26T17:16:28.716+0500,,,-
2021-10-26T17:16:42.059+05:00,5.179862901,namnak.com,2021-10-26T17:16:28.716+0500,,,-
2021-10-26T17:16:42.560+05:00,7.327103294,namnak.com,2021-10-26T17:16:28.716+0500,,,-
2021-10-26T17:16:43.061+05:00,7.210073946,namnak.com,2021-10-26T17:16:28.716+0500,,,-
2021-10-26T17:16:43.562+05:00,9.525202969,namnak.com,2021-10-26T17:16:28.716+0500,,,-
2021-10-26T17:16:44.062+05:00,10.88019709,namnak.com,2021-10-26T17:16:28.716+0500,,,-
2021-10-26T17:16:44.564+05:00,5.522724511,namnak.com,2021-10-26T17:16:28.716+0500,,,-
2021-10-26T17:16:45.065+05:00,5.320698486,namnak.com,2021-10-26T17:16:28.716+0500,,,-
2021-10-26T17:16:45.567+05:00,3.742425526,namnak.com,2021-10-26T17:16:28.716+0500,,,-
2021-10-26T17:16:46.069+05:00,5.738865075,namnak.com,2021-10-26T17:16:28.716+0500,,,-
2021-10-26T17:16:46.571+05:00,6.742197255,namnak.com,2021-10-26T17:16:28.716+0500,,,-
2021-10-26T17:16:47.072+05:00,13.94408025,hootsuite.com,2021-10-26T17:16:46.779+0500,218.9639824,36,6.082332846
2021-10-26T17:16:47.573+05:00,7.152508493,hootsuite.com,2021-10-26T17:16:46.779+0500,,,-
2021-10-26T17:16:48.075+05:00,1.825161387,hootsuite.com,2021-10-26T17:16:46.779+0500,,,-
2021-10-26T17:16:48.576+05:00,2.622945143,hootsuite.com,2021-10-26T17:16:46.779+0500,,,-
2021-10-26T17:16:49.077+05:00,0.494654627,hootsuite.com,2021-10-26T17:16:46.779+0500,,,-
2021-10-26T17:16:49.579+05:00,0.738746818,hootsuite.com,2021-10-26T17:16:46.779+0500,,,-
2021-10-26T17:16:50.080+05:00,2.491380794,hootsuite.com,2021-10-26T17:16:46.779+0500,,,-
2021-10-26T17:16:50.581+05:00,4.00237215,hootsuite.com,2021-10-26T17:16:46.779+0500,,,-
2021-10-26T17:16:51.082+05:00,3.238936227,hootsuite.com,2021-10-26T17:16:46.779+0500,,,-
2021-10-26T17:16:51.583+05:00,4.346796099,hootsuite.com,2021-10-26T17:16:46.779+0500,,,-
2021-10-26T17:16:52.085+05:00,1.123009827,hootsuite.com,2021-10-26T17:16:46.779+0500,,,-
2021-10-26T17:16:52.587+05:00,2.223485466,hootsuite.com,2021-10-26T17:16:46.779+0500,,,-
2021-10-26T17:16:53.089+05:00,1.252975877,hootsuite.com,2021-10-26T17:16:46.779+0500,,,-
2021-10-26T17:16:53.590+05:00,0.80836961,hootsuite.com,2021-10-26T17:16:46.779+0500,,,-
2021-10-26T17:16:54.091+05:00,6.087834031,hootsuite.com,2021-10-26T17:16:46.779+0500,,,-
2021-10-26T17:16:54.592+05:00,10.53512851,hootsuite.com,2021-10-26T17:16:46.779+0500,,,-
2021-10-26T17:16:55.093+05:00,4.050143504,hootsuite.com,2021-10-26T17:16:46.779+0500,,,-
2021-10-26T17:16:55.594+05:00,4.782842111,hootsuite.com,2021-10-26T17:16:46.779+0500,,,-
2021-10-26T17:16:56.095+05:00,7.94882349,hootsuite.com,2021-10-26T17:16:46.779+0500,,,-
2021-10-26T17:16:56.596+05:00,19.53226601,hootsuite.com,2021-10-26T17:16:46.779+0500,,,-
2021-10-26T17:16:57.097+05:00,8.363716904,hootsuite.com,2021-10-26T17:16:46.779+0500,,,-
2021-10-26T17:16:57.598+05:00,7.560436943,hootsuite.com,2021-10-26T17:16:46.779+0500,,,-
2021-10-26T17:16:58.099+05:00,9.166810389,hootsuite.com,2021-10-26T17:16:46.779+0500,,,-
2021-10-26T17:16:58.601+05:00,8.43702779,hootsuite.com,2021-10-26T17:16:46.779+0500,,,-
2021-10-26T17:16:59.102+05:00,6.052091353,hootsuite.com,2021-10-26T17:16:46.779+0500,,,-
2021-10-26T17:16:59.604+05:00,2.762970572,hootsuite.com,2021-10-26T17:16:46.779+0500,,,-
2021-10-26T17:17:00.105+05:00,5.102997129,hootsuite.com,2021-10-26T17:16:46.779+0500,,,-
2021-10-26T17:17:00.606+05:00,7.92691213,hootsuite.com,2021-10-26T17:16:46.779+0500,,,-
2021-10-26T17:17:01.112+05:00,6.989275048,hootsuite.com,2021-10-26T17:16:46.779+0500,,,-
2021-10-26T17:17:01.613+05:00,5.550807731,hootsuite.com,2021-10-26T17:16:46.779+0500,,,-
2021-10-26T17:17:02.114+05:00,15.9651903,hootsuite.com,2021-10-26T17:16:46.779+0500,,,-
2021-10-26T17:17:02.615+05:00,8.382592327,hootsuite.com,2021-10-26T17:16:46.779+0500,,,-
2021-10-26T17:17:03.116+05:00,7.711030138,hootsuite.com,2021-10-26T17:16:46.779+0500,,,-
2021-10-26T17:17:03.617+05:00,7.303166705,hootsuite.com,2021-10-26T17:16:46.779+0500,,,-
2021-10-26T17:17:04.118+05:00,7.021423876,hootsuite.com,2021-10-26T17:16:46.779+0500,,,-
2021-10-26T17:17:04.620+05:00,5.465072673,hootsuite.com,2021-10-26T17:16:46.779+0500,,,-
2021-10-26T17:17:05.121+05:00,12.06258613,ebay.co.uk,2021-10-26T17:17:04.843+0500,232.5267367,36,6.459076019
2021-10-26T17:17:05.622+05:00,5.73984681,ebay.co.uk,2021-10-26T17:17:04.843+0500,,,-
2021-10-26T17:17:06.123+05:00,10.79591163,ebay.co.uk,2021-10-26T17:17:04.843+0500,,,-
2021-10-26T17:17:06.624+05:00,1.040318543,ebay.co.uk,2021-10-26T17:17:04.843+0500,,,-
2021-10-26T17:17:07.125+05:00,0.596545056,ebay.co.uk,2021-10-26T17:17:04.843+0500,,,-
2021-10-26T17:17:07.626+05:00,5.489361394,ebay.co.uk,2021-10-26T17:17:04.843+0500,,,-
2021-10-26T17:17:08.127+05:00,6.868823616,ebay.co.uk,2021-10-26T17:17:04.843+0500,,,-
2021-10-26T17:17:08.628+05:00,17.71716517,ebay.co.uk,2021-10-26T17:17:04.843+0500,,,-
2021-10-26T17:17:09.129+05:00,4.625502423,ebay.co.uk,2021-10-26T17:17:04.843+0500,,,-
2021-10-26T17:17:09.631+05:00,1.147625621,ebay.co.uk,2021-10-26T17:17:04.843+0500,,,-
2021-10-26T17:17:10.132+05:00,0.467969082,ebay.co.uk,2021-10-26T17:17:04.843+0500,,,-
2021-10-26T17:17:10.634+05:00,3.592367359,ebay.co.uk,2021-10-26T17:17:04.843+0500,,,-
2021-10-26T17:17:11.136+05:00,3.344741439,ebay.co.uk,2021-10-26T17:17:04.843+0500,,,-
2021-10-26T17:17:11.637+05:00,3.547131295,ebay.co.uk,2021-10-26T17:17:04.843+0500,,,-
2021-10-26T17:17:12.139+05:00,11.12767525,ebay.co.uk,2021-10-26T17:17:04.843+0500,,,-
2021-10-26T17:17:12.641+05:00,5.98543458,ebay.co.uk,2021-10-26T17:17:04.843+0500,,,-
2021-10-26T17:17:13.144+05:00,4.946003816,ebay.co.uk,2021-10-26T17:17:04.843+0500,,,-
2021-10-26T17:17:13.646+05:00,3.326628637,ebay.co.uk,2021-10-26T17:17:04.843+0500,,,-
2021-10-26T17:17:14.147+05:00,5.283970707,ebay.co.uk,2021-10-26T17:17:04.843+0500,,,-
2021-10-26T17:17:14.649+05:00,13.69797341,ebay.co.uk,2021-10-26T17:17:04.843+0500,,,-
2021-10-26T17:17:15.150+05:00,6.907539528,ebay.co.uk,2021-10-26T17:17:04.843+0500,,,-
2021-10-26T17:17:15.651+05:00,2.055023722,ebay.co.uk,2021-10-26T17:17:04.843+0500,,,-
2021-10-26T17:17:16.152+05:00,4.670701906,ebay.co.uk,2021-10-26T17:17:04.843+0500,,,-
2021-10-26T17:17:16.653+05:00,9.140251056,ebay.co.uk,2021-10-26T17:17:04.843+0500,,,-
2021-10-26T17:17:17.155+05:00,3.756403786,ebay.co.uk,2021-10-26T17:17:04.843+0500,,,-
2021-10-26T17:17:17.657+05:00,2.282770237,ebay.co.uk,2021-10-26T17:17:04.843+0500,,,-
2021-10-26T17:17:18.159+05:00,5.348833175,ebay.co.uk,2021-10-26T17:17:04.843+0500,,,-
2021-10-26T17:17:18.661+05:00,5.184366913,ebay.co.uk,2021-10-26T17:17:04.843+0500,,,-
2021-10-26T17:17:19.161+05:00,9.468278225,ebay.co.uk,2021-10-26T17:17:04.843+0500,,,-
2021-10-26T17:17:19.662+05:00,14.08289282,ebay.co.uk,2021-10-26T17:17:04.843+0500,,,-
2021-10-26T17:17:20.163+05:00,17.25738455,ebay.co.uk,2021-10-26T17:17:04.843+0500,,,-
2021-10-26T17:17:20.664+05:00,7.114501667,ebay.co.uk,2021-10-26T17:17:04.843+0500,,,-
2021-10-26T17:17:21.169+05:00,6.772132069,ebay.co.uk,2021-10-26T17:17:04.843+0500,,,-
2021-10-26T17:17:21.670+05:00,7.363477334,ebay.co.uk,2021-10-26T17:17:04.843+0500,,,-
2021-10-26T17:17:22.172+05:00,4.912344714,ebay.co.uk,2021-10-26T17:17:04.843+0500,,,-
2021-10-26T17:17:22.674+05:00,4.80625301,ebay.co.uk,2021-10-26T17:17:04.843+0500,,,-
2021-10-26T17:17:23.175+05:00,16.41964036,themeforest.net,2021-10-26T17:17:22.910+0500,173.2397468,36,4.812215189
2021-10-26T17:17:23.676+05:00,6.288102886,themeforest.net,2021-10-26T17:17:22.910+0500,,,-
2021-10-26T17:17:24.178+05:00,12.43340757,themeforest.net,2021-10-26T17:17:22.910+0500,,,-
2021-10-26T17:17:24.680+05:00,5.271201843,themeforest.net,2021-10-26T17:17:22.910+0500,,,-
2021-10-26T17:17:25.181+05:00,11.86249593,themeforest.net,2021-10-26T17:17:22.910+0500,,,-
2021-10-26T17:17:25.682+05:00,7.690985896,themeforest.net,2021-10-26T17:17:22.910+0500,,,-
2021-10-26T17:17:26.182+05:00,6.083361522,themeforest.net,2021-10-26T17:17:22.910+0500,,,-
2021-10-26T17:17:26.683+05:00,5.761402051,themeforest.net,2021-10-26T17:17:22.910+0500,,,-
2021-10-26T17:17:27.185+05:00,2.796713287,themeforest.net,2021-10-26T17:17:22.910+0500,,,-
2021-10-26T17:17:27.686+05:00,2.478895849,themeforest.net,2021-10-26T17:17:22.910+0500,,,-
2021-10-26T17:17:28.187+05:00,3.92822271,themeforest.net,2021-10-26T17:17:22.910+0500,,,-
2021-10-26T17:17:28.688+05:00,4.58269024,themeforest.net,2021-10-26T17:17:22.910+0500,,,-
2021-10-26T17:17:29.190+05:00,0.692883062,themeforest.net,2021-10-26T17:17:22.910+0500,,,-
2021-10-26T17:17:29.693+05:00,0.670262829,themeforest.net,2021-10-26T17:17:22.910+0500,,,-
2021-10-26T17:17:30.194+05:00,0.668930231,themeforest.net,2021-10-26T17:17:22.910+0500,,,-
2021-10-26T17:17:30.695+05:00,3.575246124,themeforest.net,2021-10-26T17:17:22.910+0500,,,-
2021-10-26T17:17:31.196+05:00,9.688692166,themeforest.net,2021-10-26T17:17:22.910+0500,,,-
2021-10-26T17:17:31.697+05:00,3.070921352,themeforest.net,2021-10-26T17:17:22.910+0500,,,-
2021-10-26T17:17:32.198+05:00,5.084461985,themeforest.net,2021-10-26T17:17:22.910+0500,,,-
2021-10-26T17:17:32.700+05:00,1.579956362,themeforest.net,2021-10-26T17:17:22.910+0500,,,-
2021-10-26T17:17:33.203+05:00,4.212691933,themeforest.net,2021-10-26T17:17:22.910+0500,,,-
2021-10-26T17:17:33.705+05:00,1.116942675,themeforest.net,2021-10-26T17:17:22.910+0500,,,-
2021-10-26T17:17:34.208+05:00,2.405576353,themeforest.net,2021-10-26T17:17:22.910+0500,,,-
2021-10-26T17:17:34.710+05:00,2.142037294,themeforest.net,2021-10-26T17:17:22.910+0500,,,-
2021-10-26T17:17:35.211+05:00,3.353754729,themeforest.net,2021-10-26T17:17:22.910+0500,,,-
2021-10-26T17:17:35.714+05:00,3.272274735,themeforest.net,2021-10-26T17:17:22.910+0500,,,-
2021-10-26T17:17:36.216+05:00,2.692402442,themeforest.net,2021-10-26T17:17:22.910+0500,,,-
2021-10-26T17:17:36.718+05:00,2.233259488,themeforest.net,2021-10-26T17:17:22.910+0500,,,-
2021-10-26T17:17:37.220+05:00,3.919981715,themeforest.net,2021-10-26T17:17:22.910+0500,,,-
2021-10-26T17:17:37.722+05:00,1.654720863,themeforest.net,2021-10-26T17:17:22.910+0500,,,-
2021-10-26T17:17:38.223+05:00,11.03191919,themeforest.net,2021-10-26T17:17:22.910+0500,,,-
2021-10-26T17:17:38.725+05:00,4.61478977,themeforest.net,2021-10-26T17:17:22.910+0500,,,-
2021-10-26T17:17:39.226+05:00,6.721569752,themeforest.net,2021-10-26T17:17:22.910+0500,,,-
2021-10-26T17:17:39.727+05:00,2.790190197,themeforest.net,2021-10-26T17:17:22.910+0500,,,-
2021-10-26T17:17:40.228+05:00,5.452739009,themeforest.net,2021-10-26T17:17:22.910+0500,,,-
2021-10-26T17:17:40.729+05:00,4.996422389,themeforest.net,2021-10-26T17:17:22.910+0500,,,-
2021-10-26T17:17:41.230+05:00,13.68801214,aliexpress.ru,2021-10-26T17:17:40.975+0500,229.1750966,36,6.365974907
2021-10-26T17:17:41.732+05:00,4.242256986,aliexpress.ru,2021-10-26T17:17:40.975+0500,,,-
2021-10-26T17:17:42.241+05:00,1.467528406,aliexpress.ru,2021-10-26T17:17:40.975+0500,,,-
2021-10-26T17:17:42.743+05:00,3.303765976,aliexpress.ru,2021-10-26T17:17:40.975+0500,,,-
2021-10-26T17:17:43.244+05:00,1.322935848,aliexpress.ru,2021-10-26T17:17:40.975+0500,,,-
2021-10-26T17:17:43.745+05:00,1.973386246,aliexpress.ru,2021-10-26T17:17:40.975+0500,,,-
2021-10-26T17:17:44.247+05:00,2.012932772,aliexpress.ru,2021-10-26T17:17:40.975+0500,,,-
2021-10-26T17:17:44.749+05:00,2.998367762,aliexpress.ru,2021-10-26T17:17:40.975+0500,,,-
2021-10-26T17:17:45.251+05:00,2.070142547,aliexpress.ru,2021-10-26T17:17:40.975+0500,,,-
2021-10-26T17:17:45.752+05:00,1.366044509,aliexpress.ru,2021-10-26T17:17:40.975+0500,,,-
2021-10-26T17:17:46.254+05:00,1.638580102,aliexpress.ru,2021-10-26T17:17:40.975+0500,,,-
2021-10-26T17:17:46.755+05:00,6.827623307,aliexpress.ru,2021-10-26T17:17:40.975+0500,,,-
2021-10-26T17:17:47.258+05:00,3.849547861,aliexpress.ru,2021-10-26T17:17:40.975+0500,,,-
2021-10-26T17:17:47.759+05:00,10.04922782,aliexpress.ru,2021-10-26T17:17:40.975+0500,,,-
2021-10-26T17:17:48.261+05:00,1.961157077,aliexpress.ru,2021-10-26T17:17:40.975+0500,,,-
2021-10-26T17:17:48.763+05:00,4.597227195,aliexpress.ru,2021-10-26T17:17:40.975+0500,,,-
2021-10-26T17:17:49.265+05:00,1.618441864,aliexpress.ru,2021-10-26T17:17:40.975+0500,,,-
2021-10-26T17:17:49.767+05:00,2.16125873,aliexpress.ru,2021-10-26T17:17:40.975+0500,,,-
2021-10-26T17:17:50.269+05:00,1.804901272,aliexpress.ru,2021-10-26T17:17:40.975+0500,,,-
2021-10-26T17:17:50.771+05:00,3.33304199,aliexpress.ru,2021-10-26T17:17:40.975+0500,,,-
2021-10-26T17:17:51.272+05:00,3.177150797,aliexpress.ru,2021-10-26T17:17:40.975+0500,,,-
2021-10-26T17:17:51.773+05:00,13.66733011,aliexpress.ru,2021-10-26T17:17:40.975+0500,,,-
2021-10-26T17:17:52.274+05:00,8.747387289,aliexpress.ru,2021-10-26T17:17:40.975+0500,,,-
2021-10-26T17:17:52.775+05:00,2.876168315,aliexpress.ru,2021-10-26T17:17:40.975+0500,,,-
2021-10-26T17:17:53.275+05:00,5.426416995,aliexpress.ru,2021-10-26T17:17:40.975+0500,,,-
2021-10-26T17:17:53.776+05:00,4.329219802,aliexpress.ru,2021-10-26T17:17:40.975+0500,,,-
2021-10-26T17:17:54.277+05:00,12.91565685,aliexpress.ru,2021-10-26T17:17:40.975+0500,,,-
2021-10-26T17:17:54.778+05:00,14.50104449,aliexpress.ru,2021-10-26T17:17:40.975+0500,,,-
2021-10-26T17:17:55.279+05:00,22.11842274,aliexpress.ru,2021-10-26T17:17:40.975+0500,,,-
2021-10-26T17:17:55.780+05:00,22.26441475,aliexpress.ru,2021-10-26T17:17:40.975+0500,,,-
2021-10-26T17:17:56.281+05:00,23.13878953,aliexpress.ru,2021-10-26T17:17:40.975+0500,,,-
2021-10-26T17:17:56.782+05:00,7.351816893,aliexpress.ru,2021-10-26T17:17:40.975+0500,,,-
2021-10-26T17:17:57.284+05:00,4.157296137,aliexpress.ru,2021-10-26T17:17:40.975+0500,,,-
2021-10-26T17:17:57.785+05:00,3.866960108,aliexpress.ru,2021-10-26T17:17:40.975+0500,,,-
2021-10-26T17:17:58.287+05:00,5.205019088,aliexpress.ru,2021-10-26T17:17:40.975+0500,,,-
2021-10-26T17:17:58.788+05:00,3.145622334,aliexpress.ru,2021-10-26T17:17:40.975+0500,,,-
2021-10-26T17:17:59.289+05:00,12.30877155,discord.com,2021-10-26T17:17:59.038+0500,157.1286532,36,4.364684811
2021-10-26T17:17:59.791+05:00,7.489052411,discord.com,2021-10-26T17:17:59.038+0500,,,-
2021-10-26T17:18:00.293+05:00,4.522679598,discord.com,2021-10-26T17:17:59.038+0500,,,-
2021-10-26T17:18:00.794+05:00,11.35742643,discord.com,2021-10-26T17:17:59.038+0500,,,-
2021-10-26T17:18:01.296+05:00,17.94078181,discord.com,2021-10-26T17:17:59.038+0500,,,-
2021-10-26T17:18:01.797+05:00,10.95442965,discord.com,2021-10-26T17:17:59.038+0500,,,-
2021-10-26T17:18:02.298+05:00,10.70264038,discord.com,2021-10-26T17:17:59.038+0500,,,-
2021-10-26T17:18:02.800+05:00,4.102370608,discord.com,2021-10-26T17:17:59.038+0500,,,-
2021-10-26T17:18:03.306+05:00,1.091199914,discord.com,2021-10-26T17:17:59.038+0500,,,-
2021-10-26T17:18:03.807+05:00,0.97555793,discord.com,2021-10-26T17:17:59.038+0500,,,-
2021-10-26T17:18:04.309+05:00,1.152765002,discord.com,2021-10-26T17:17:59.038+0500,,,-
2021-10-26T17:18:04.812+05:00,2.948564519,discord.com,2021-10-26T17:17:59.038+0500,,,-
2021-10-26T17:18:05.314+05:00,1.168776083,discord.com,2021-10-26T17:17:59.038+0500,,,-
2021-10-26T17:18:05.817+05:00,1.096121872,discord.com,2021-10-26T17:17:59.038+0500,,,-
2021-10-26T17:18:06.318+05:00,2.093244719,discord.com,2021-10-26T17:17:59.038+0500,,,-
2021-10-26T17:18:06.819+05:00,1.579573597,discord.com,2021-10-26T17:17:59.038+0500,,,-
2021-10-26T17:18:07.321+05:00,1.59651833,discord.com,2021-10-26T17:17:59.038+0500,,,-
2021-10-26T17:18:07.822+05:00,2.168857976,discord.com,2021-10-26T17:17:59.038+0500,,,-
2021-10-26T17:18:08.324+05:00,1.095188571,discord.com,2021-10-26T17:17:59.038+0500,,,-
2021-10-26T17:18:08.826+05:00,3.8552571,discord.com,2021-10-26T17:17:59.038+0500,,,-
2021-10-26T17:18:09.328+05:00,3.396719018,discord.com,2021-10-26T17:17:59.038+0500,,,-
2021-10-26T17:18:09.831+05:00,1.421700645,discord.com,2021-10-26T17:17:59.038+0500,,,-
2021-10-26T17:18:10.333+05:00,2.31412753,discord.com,2021-10-26T17:17:59.038+0500,,,-
2021-10-26T17:18:10.835+05:00,2.820208832,discord.com,2021-10-26T17:17:59.038+0500,,,-
2021-10-26T17:18:11.337+05:00,2.989535676,discord.com,2021-10-26T17:17:59.038+0500,,,-
2021-10-26T17:18:11.839+05:00,1.639610804,discord.com,2021-10-26T17:17:59.038+0500,,,-
2021-10-26T17:18:12.341+05:00,2.232074309,discord.com,2021-10-26T17:17:59.038+0500,,,-
2021-10-26T17:18:12.843+05:00,3.73854093,discord.com,2021-10-26T17:17:59.038+0500,,,-
2021-10-26T17:18:13.345+05:00,2.251335315,discord.com,2021-10-26T17:17:59.038+0500,,,-
2021-10-26T17:18:13.846+05:00,0.929357887,discord.com,2021-10-26T17:17:59.038+0500,,,-
2021-10-26T17:18:14.347+05:00,10.35990083,discord.com,2021-10-26T17:17:59.038+0500,,,-
2021-10-26T17:18:14.849+05:00,4.996999725,discord.com,2021-10-26T17:17:59.038+0500,,,-
2021-10-26T17:18:15.350+05:00,3.832527383,discord.com,2021-10-26T17:17:59.038+0500,,,-
2021-10-26T17:18:15.852+05:00,4.187481089,discord.com,2021-10-26T17:17:59.038+0500,,,-
2021-10-26T17:18:16.353+05:00,3.584769258,discord.com,2021-10-26T17:17:59.038+0500,,,-
2021-10-26T17:18:16.856+05:00,6.233985907,discord.com,2021-10-26T17:17:59.038+0500,,,-
2021-10-26T17:18:17.358+05:00,14.08361351,shopee.tw,2021-10-26T17:18:17.104+0500,239.5248987,36,6.653469408
2021-10-26T17:18:17.859+05:00,3.132304703,shopee.tw,2021-10-26T17:18:17.104+0500,,,-
2021-10-26T17:18:18.360+05:00,1.009165469,shopee.tw,2021-10-26T17:18:17.104+0500,,,-
2021-10-26T17:18:18.862+05:00,3.162748856,shopee.tw,2021-10-26T17:18:17.104+0500,,,-
2021-10-26T17:18:19.364+05:00,0.694037977,shopee.tw,2021-10-26T17:18:17.104+0500,,,-
2021-10-26T17:18:19.865+05:00,3.498091621,shopee.tw,2021-10-26T17:18:17.104+0500,,,-
2021-10-26T17:18:20.366+05:00,3.752502643,shopee.tw,2021-10-26T17:18:17.104+0500,,,-
2021-10-26T17:18:20.867+05:00,6.863656566,shopee.tw,2021-10-26T17:18:17.104+0500,,,-
2021-10-26T17:18:21.369+05:00,9.021552484,shopee.tw,2021-10-26T17:18:17.104+0500,,,-
2021-10-26T17:18:21.870+05:00,6.985406178,shopee.tw,2021-10-26T17:18:17.104+0500,,,-
2021-10-26T17:18:22.371+05:00,8.117865816,shopee.tw,2021-10-26T17:18:17.104+0500,,,-
2021-10-26T17:18:22.871+05:00,14.23817604,shopee.tw,2021-10-26T17:18:17.104+0500,,,-
2021-10-26T17:18:23.376+05:00,17.99908954,shopee.tw,2021-10-26T17:18:17.104+0500,,,-
2021-10-26T17:18:23.877+05:00,10.70553475,shopee.tw,2021-10-26T17:18:17.104+0500,,,-
2021-10-26T17:18:24.379+05:00,9.017327817,shopee.tw,2021-10-26T17:18:17.104+0500,,,-
2021-10-26T17:18:24.880+05:00,6.53827964,shopee.tw,2021-10-26T17:18:17.104+0500,,,-
2021-10-26T17:18:25.382+05:00,8.538362463,shopee.tw,2021-10-26T17:18:17.104+0500,,,-
2021-10-26T17:18:25.884+05:00,10.34111031,shopee.tw,2021-10-26T17:18:17.104+0500,,,-
2021-10-26T17:18:26.385+05:00,6.383898889,shopee.tw,2021-10-26T17:18:17.104+0500,,,-
2021-10-26T17:18:26.887+05:00,3.996329925,shopee.tw,2021-10-26T17:18:17.104+0500,,,-
2021-10-26T17:18:27.388+05:00,8.17935246,shopee.tw,2021-10-26T17:18:17.104+0500,,,-
2021-10-26T17:18:27.889+05:00,6.595883015,shopee.tw,2021-10-26T17:18:17.104+0500,,,-
2021-10-26T17:18:28.390+05:00,6.360882772,shopee.tw,2021-10-26T17:18:17.104+0500,,,-
2021-10-26T17:18:28.892+05:00,8.570820374,shopee.tw,2021-10-26T17:18:17.104+0500,,,-
2021-10-26T17:18:29.394+05:00,7.246984985,shopee.tw,2021-10-26T17:18:17.104+0500,,,-
2021-10-26T17:18:29.896+05:00,3.981117229,shopee.tw,2021-10-26T17:18:17.104+0500,,,-
2021-10-26T17:18:30.397+05:00,1.271619666,shopee.tw,2021-10-26T17:18:17.104+0500,,,-
2021-10-26T17:18:30.899+05:00,1.635856277,shopee.tw,2021-10-26T17:18:17.104+0500,,,-
2021-10-26T17:18:31.400+05:00,2.103910774,shopee.tw,2021-10-26T17:18:17.104+0500,,,-
2021-10-26T17:18:31.901+05:00,5.075559817,shopee.tw,2021-10-26T17:18:17.104+0500,,,-
2021-10-26T17:18:32.402+05:00,13.24770968,shopee.tw,2021-10-26T17:18:17.104+0500,,,-
2021-10-26T17:18:32.904+05:00,5.912394042,shopee.tw,2021-10-26T17:18:17.104+0500,,,-
2021-10-26T17:18:33.404+05:00,6.607373631,shopee.tw,2021-10-26T17:18:17.104+0500,,,-
2021-10-26T17:18:33.905+05:00,6.035166975,shopee.tw,2021-10-26T17:18:17.104+0500,,,-
2021-10-26T17:18:34.407+05:00,3.652598778,shopee.tw,2021-10-26T17:18:17.104+0500,,,-
2021-10-26T17:18:34.908+05:00,4.968613023,shopee.tw,2021-10-26T17:18:17.104+0500,,,-
2021-10-26T17:18:35.410+05:00,15.64964126,ndtv.com,2021-10-26T17:18:35.168+0500,455.9664418,36,12.66573449
2021-10-26T17:18:35.912+05:00,3.165499368,ndtv.com,2021-10-26T17:18:35.168+0500,,,-
2021-10-26T17:18:36.413+05:00,1.281103354,ndtv.com,2021-10-26T17:18:35.168+0500,,,-
2021-10-26T17:18:36.915+05:00,2.916783573,ndtv.com,2021-10-26T17:18:35.168+0500,,,-
2021-10-26T17:18:37.417+05:00,5.535938834,ndtv.com,2021-10-26T17:18:35.168+0500,,,-
2021-10-26T17:18:37.918+05:00,7.936836683,ndtv.com,2021-10-26T17:18:35.168+0500,,,-
2021-10-26T17:18:38.419+05:00,12.12705223,ndtv.com,2021-10-26T17:18:35.168+0500,,,-
2021-10-26T17:18:38.920+05:00,25.35967437,ndtv.com,2021-10-26T17:18:35.168+0500,,,-
2021-10-26T17:18:39.421+05:00,18.19887242,ndtv.com,2021-10-26T17:18:35.168+0500,,,-
2021-10-26T17:18:39.922+05:00,17.2244126,ndtv.com,2021-10-26T17:18:35.168+0500,,,-
2021-10-26T17:18:40.423+05:00,17.38572282,ndtv.com,2021-10-26T17:18:35.168+0500,,,-
2021-10-26T17:18:40.924+05:00,24.48725118,ndtv.com,2021-10-26T17:18:35.168+0500,,,-
2021-10-26T17:18:41.426+05:00,18.60790188,ndtv.com,2021-10-26T17:18:35.168+0500,,,-
2021-10-26T17:18:41.927+05:00,6.643826411,ndtv.com,2021-10-26T17:18:35.168+0500,,,-
2021-10-26T17:18:42.428+05:00,9.407549561,ndtv.com,2021-10-26T17:18:35.168+0500,,,-
2021-10-26T17:18:42.929+05:00,8.262839556,ndtv.com,2021-10-26T17:18:35.168+0500,,,-
2021-10-26T17:18:43.430+05:00,12.15117423,ndtv.com,2021-10-26T17:18:35.168+0500,,,-
2021-10-26T17:18:43.932+05:00,12.53972582,ndtv.com,2021-10-26T17:18:35.168+0500,,,-
2021-10-26T17:18:44.437+05:00,17.52180131,ndtv.com,2021-10-26T17:18:35.168+0500,,,-
2021-10-26T17:18:44.938+05:00,13.67170272,ndtv.com,2021-10-26T17:18:35.168+0500,,,-
2021-10-26T17:18:45.439+05:00,13.83813099,ndtv.com,2021-10-26T17:18:35.168+0500,,,-
2021-10-26T17:18:45.940+05:00,19.97410078,ndtv.com,2021-10-26T17:18:35.168+0500,,,-
2021-10-26T17:18:46.441+05:00,13.04750888,ndtv.com,2021-10-26T17:18:35.168+0500,,,-
2021-10-26T17:18:46.942+05:00,15.62580119,ndtv.com,2021-10-26T17:18:35.168+0500,,,-
2021-10-26T17:18:47.443+05:00,19.9811981,ndtv.com,2021-10-26T17:18:35.168+0500,,,-
2021-10-26T17:18:47.945+05:00,23.7182422,ndtv.com,2021-10-26T17:18:35.168+0500,,,-
2021-10-26T17:18:48.447+05:00,14.79913351,ndtv.com,2021-10-26T17:18:35.168+0500,,,-
2021-10-26T17:18:48.950+05:00,17.00883916,ndtv.com,2021-10-26T17:18:35.168+0500,,,-
2021-10-26T17:18:49.451+05:00,15.9475823,ndtv.com,2021-10-26T17:18:35.168+0500,,,-
2021-10-26T17:18:49.953+05:00,8.459997966,ndtv.com,2021-10-26T17:18:35.168+0500,,,-
2021-10-26T17:18:50.454+05:00,14.48231323,ndtv.com,2021-10-26T17:18:35.168+0500,,,-
2021-10-26T17:18:50.955+05:00,3.066443587,ndtv.com,2021-10-26T17:18:35.168+0500,,,-
2021-10-26T17:18:51.458+05:00,5.582823273,ndtv.com,2021-10-26T17:18:35.168+0500,,,-
2021-10-26T17:18:51.959+05:00,5.409884576,ndtv.com,2021-10-26T17:18:35.168+0500,,,-
2021-10-26T17:18:52.461+05:00,8.073132026,ndtv.com,2021-10-26T17:18:35.168+0500,,,-
2021-10-26T17:18:52.963+05:00,6.875999811,ndtv.com,2021-10-26T17:18:35.168+0500,,,-
2021-10-26T17:18:53.464+05:00,14.51247468,goodreads.com,2021-10-26T17:18:53.226+0500,157.4691613,36,4.374143371
2021-10-26T17:18:53.966+05:00,3.578241428,goodreads.com,2021-10-26T17:18:53.226+0500,,,-
2021-10-26T17:18:54.468+05:00,1.238677412,goodreads.com,2021-10-26T17:18:53.226+0500,,,-
2021-10-26T17:18:54.970+05:00,2.772175741,goodreads.com,2021-10-26T17:18:53.226+0500,,,-
2021-10-26T17:18:55.471+05:00,7.109422629,goodreads.com,2021-10-26T17:18:53.226+0500,,,-
2021-10-26T17:18:55.973+05:00,5.207871281,goodreads.com,2021-10-26T17:18:53.226+0500,,,-
2021-10-26T17:18:56.474+05:00,15.21740205,goodreads.com,2021-10-26T17:18:53.226+0500,,,-
2021-10-26T17:18:56.975+05:00,18.039805,goodreads.com,2021-10-26T17:18:53.226+0500,,,-
2021-10-26T17:18:57.476+05:00,5.530843759,goodreads.com,2021-10-26T17:18:53.226+0500,,,-
2021-10-26T17:18:57.977+05:00,9.403835236,goodreads.com,2021-10-26T17:18:53.226+0500,,,-
2021-10-26T17:18:58.479+05:00,5.149509226,goodreads.com,2021-10-26T17:18:53.226+0500,,,-
2021-10-26T17:18:58.981+05:00,5.905314889,goodreads.com,2021-10-26T17:18:53.226+0500,,,-
2021-10-26T17:18:59.484+05:00,2.556210691,goodreads.com,2021-10-26T17:18:53.226+0500,,,-
2021-10-26T17:18:59.986+05:00,1.361020345,goodreads.com,2021-10-26T17:18:53.226+0500,,,-
2021-10-26T17:19:00.489+05:00,0.894152136,goodreads.com,2021-10-26T17:18:53.226+0500,,,-
2021-10-26T17:19:00.990+05:00,1.197869635,goodreads.com,2021-10-26T17:18:53.226+0500,,,-
2021-10-26T17:19:01.493+05:00,2.568533182,goodreads.com,2021-10-26T17:18:53.226+0500,,,-
2021-10-26T17:19:01.995+05:00,2.331472319,goodreads.com,2021-10-26T17:18:53.226+0500,,,-
2021-10-26T17:19:02.497+05:00,0.488365722,goodreads.com,2021-10-26T17:18:53.226+0500,,,-
2021-10-26T17:19:02.999+05:00,2.444318895,goodreads.com,2021-10-26T17:18:53.226+0500,,,-
2021-10-26T17:19:03.501+05:00,3.618113309,goodreads.com,2021-10-26T17:18:53.226+0500,,,-
2021-10-26T17:19:04.004+05:00,0.271037172,goodreads.com,2021-10-26T17:18:53.226+0500,,,-
2021-10-26T17:19:04.506+05:00,1.048904094,goodreads.com,2021-10-26T17:18:53.226+0500,,,-
2021-10-26T17:19:05.008+05:00,2.452859499,goodreads.com,2021-10-26T17:18:53.226+0500,,,-
2021-10-26T17:19:05.519+05:00,0.537994231,goodreads.com,2021-10-26T17:18:53.226+0500,,,-
2021-10-26T17:19:06.021+05:00,0.824909098,goodreads.com,2021-10-26T17:18:53.226+0500,,,-
2021-10-26T17:19:06.523+05:00,0.382009579,goodreads.com,2021-10-26T17:18:53.226+0500,,,-
2021-10-26T17:19:07.025+05:00,0.941453265,goodreads.com,2021-10-26T17:18:53.226+0500,,,-
2021-10-26T17:19:07.527+05:00,0.081366402,goodreads.com,2021-10-26T17:18:53.226+0500,,,-
2021-10-26T17:19:08.028+05:00,1.161863032,goodreads.com,2021-10-26T17:18:53.226+0500,,,-
2021-10-26T17:19:08.529+05:00,13.1321661,goodreads.com,2021-10-26T17:18:53.226+0500,,,-
2021-10-26T17:19:09.031+05:00,4.263794134,goodreads.com,2021-10-26T17:18:53.226+0500,,,-
2021-10-26T17:19:09.533+05:00,6.891425215,goodreads.com,2021-10-26T17:18:53.226+0500,,,-
2021-10-26T17:19:10.034+05:00,3.831474885,goodreads.com,2021-10-26T17:18:53.226+0500,,,-
2021-10-26T17:19:10.536+05:00,5.303289354,goodreads.com,2021-10-26T17:18:53.226+0500,,,-
2021-10-26T17:19:11.038+05:00,5.218985728,goodreads.com,2021-10-26T17:18:53.226+0500,,,-
2021-10-26T17:19:11.539+05:00,12.93207269,ladbible.com,2021-10-26T17:19:11.295+0500,312.1476528,38,8.214411915
2021-10-26T17:19:12.042+05:00,3.302476473,ladbible.com,2021-10-26T17:19:11.295+0500,,,-
2021-10-26T17:19:12.544+05:00,1.457962111,ladbible.com,2021-10-26T17:19:11.295+0500,,,-
2021-10-26T17:19:13.045+05:00,3.960843669,ladbible.com,2021-10-26T17:19:11.295+0500,,,-
2021-10-26T17:19:13.546+05:00,22.16963202,ladbible.com,2021-10-26T17:19:11.295+0500,,,-
2021-10-26T17:19:14.048+05:00,21.84506414,ladbible.com,2021-10-26T17:19:11.295+0500,,,-
2021-10-26T17:19:14.549+05:00,3.740672089,ladbible.com,2021-10-26T17:19:11.295+0500,,,-
2021-10-26T17:19:15.050+05:00,15.18851016,ladbible.com,2021-10-26T17:19:11.295+0500,,,-
2021-10-26T17:19:15.552+05:00,9.113911461,ladbible.com,2021-10-26T17:19:11.295+0500,,,-
2021-10-26T17:19:16.054+05:00,7.54063684,ladbible.com,2021-10-26T17:19:11.295+0500,,,-
2021-10-26T17:19:16.555+05:00,21.0084039,ladbible.com,2021-10-26T17:19:11.295+0500,,,-
2021-10-26T17:19:17.057+05:00,18.37431739,ladbible.com,2021-10-26T17:19:11.295+0500,,,-
2021-10-26T17:19:17.558+05:00,15.09736713,ladbible.com,2021-10-26T17:19:11.295+0500,,,-
2021-10-26T17:19:18.059+05:00,15.41619574,ladbible.com,2021-10-26T17:19:11.295+0500,,,-
2021-10-26T17:19:18.560+05:00,22.56443031,ladbible.com,2021-10-26T17:19:11.295+0500,,,-
2021-10-26T17:19:19.061+05:00,12.39105437,ladbible.com,2021-10-26T17:19:11.295+0500,,,-
2021-10-26T17:19:19.562+05:00,14.13010239,ladbible.com,2021-10-26T17:19:11.295+0500,,,-
2021-10-26T17:19:20.063+05:00,6.01440133,ladbible.com,2021-10-26T17:19:11.295+0500,,,-
2021-10-26T17:19:20.564+05:00,10.96639937,ladbible.com,2021-10-26T17:19:11.295+0500,,,-
2021-10-26T17:19:21.066+05:00,6.50518757,ladbible.com,2021-10-26T17:19:11.295+0500,,,-
2021-10-26T17:19:21.568+05:00,1.917776228,ladbible.com,2021-10-26T17:19:11.295+0500,,,-
2021-10-26T17:19:22.069+05:00,1.764471401,ladbible.com,2021-10-26T17:19:11.295+0500,,,-
2021-10-26T17:19:22.572+05:00,0.540622776,ladbible.com,2021-10-26T17:19:11.295+0500,,,-
2021-10-26T17:19:23.074+05:00,2.574279221,ladbible.com,2021-10-26T17:19:11.295+0500,,,-
2021-10-26T17:19:23.575+05:00,2.766682692,ladbible.com,2021-10-26T17:19:11.295+0500,,,-
2021-10-26T17:19:24.076+05:00,2.936034939,ladbible.com,2021-10-26T17:19:11.295+0500,,,-
2021-10-26T17:19:24.578+05:00,1.157023198,ladbible.com,2021-10-26T17:19:11.295+0500,,,-
2021-10-26T17:19:25.081+05:00,4.409340075,ladbible.com,2021-10-26T17:19:11.295+0500,,,-
2021-10-26T17:19:25.583+05:00,1.990446055,ladbible.com,2021-10-26T17:19:11.295+0500,,,-
2021-10-26T17:19:26.093+05:00,0.771101882,ladbible.com,2021-10-26T17:19:11.295+0500,,,-
2021-10-26T17:19:26.595+05:00,6.018349983,ladbible.com,2021-10-26T17:19:11.295+0500,,,-
2021-10-26T17:19:27.097+05:00,8.230740406,ladbible.com,2021-10-26T17:19:11.295+0500,,,-
2021-10-26T17:19:27.598+05:00,5.640626704,ladbible.com,2021-10-26T17:19:11.295+0500,,,-
2021-10-26T17:19:28.100+05:00,4.713417637,ladbible.com,2021-10-26T17:19:11.295+0500,,,-
2021-10-26T17:19:28.601+05:00,4.195402465,ladbible.com,2021-10-26T17:19:11.295+0500,,,-
2021-10-26T17:19:29.102+05:00,7.484319895,ladbible.com,2021-10-26T17:19:11.295+0500,,,-
2021-10-26T17:19:29.603+05:00,4.790396665,ladbible.com,2021-10-26T17:19:11.295+0500,,,-
2021-10-26T17:19:30.104+05:00,6.526979401,ladbible.com,2021-10-26T17:19:11.295+0500,,,-
2021-10-26T17:19:30.605+05:00,11.14133688,donya-e-eqtesad.com,2021-10-26T17:19:30.222+0500,185.0931536,36,5.141476488
2021-10-26T17:19:31.107+05:00,10.85787461,donya-e-eqtesad.com,2021-10-26T17:19:30.222+0500,,,-
2021-10-26T17:19:31.609+05:00,2.741390441,donya-e-eqtesad.com,2021-10-26T17:19:30.222+0500,,,-
2021-10-26T17:19:32.112+05:00,2.282833835,donya-e-eqtesad.com,2021-10-26T17:19:30.222+0500,,,-
2021-10-26T17:19:32.614+05:00,1.738392628,donya-e-eqtesad.com,2021-10-26T17:19:30.222+0500,,,-
2021-10-26T17:19:33.115+05:00,5.399181623,donya-e-eqtesad.com,2021-10-26T17:19:30.222+0500,,,-
2021-10-26T17:19:33.617+05:00,3.63013334,donya-e-eqtesad.com,2021-10-26T17:19:30.222+0500,,,-
2021-10-26T17:19:34.118+05:00,3.39191655,donya-e-eqtesad.com,2021-10-26T17:19:30.222+0500,,,-
2021-10-26T17:19:34.619+05:00,5.826510665,donya-e-eqtesad.com,2021-10-26T17:19:30.222+0500,,,-
2021-10-26T17:19:35.120+05:00,16.75800911,donya-e-eqtesad.com,2021-10-26T17:19:30.222+0500,,,-
2021-10-26T17:19:35.622+05:00,8.209732964,donya-e-eqtesad.com,2021-10-26T17:19:30.222+0500,,,-
2021-10-26T17:19:36.123+05:00,7.512062566,donya-e-eqtesad.com,2021-10-26T17:19:30.222+0500,,,-
2021-10-26T17:19:36.624+05:00,9.176819593,donya-e-eqtesad.com,2021-10-26T17:19:30.222+0500,,,-
2021-10-26T17:19:37.125+05:00,9.388321974,donya-e-eqtesad.com,2021-10-26T17:19:30.222+0500,,,-
2021-10-26T17:19:37.626+05:00,8.880232941,donya-e-eqtesad.com,2021-10-26T17:19:30.222+0500,,,-
2021-10-26T17:19:38.127+05:00,6.360981054,donya-e-eqtesad.com,2021-10-26T17:19:30.222+0500,,,-
2021-10-26T17:19:38.628+05:00,3.452717386,donya-e-eqtesad.com,2021-10-26T17:19:30.222+0500,,,-
2021-10-26T17:19:39.130+05:00,4.13919943,donya-e-eqtesad.com,2021-10-26T17:19:30.222+0500,,,-
2021-10-26T17:19:39.631+05:00,4.33756567,donya-e-eqtesad.com,2021-10-26T17:19:30.222+0500,,,-
2021-10-26T17:19:40.132+05:00,1.156530412,donya-e-eqtesad.com,2021-10-26T17:19:30.222+0500,,,-
2021-10-26T17:19:40.633+05:00,2.696437587,donya-e-eqtesad.com,2021-10-26T17:19:30.222+0500,,,-
2021-10-26T17:19:41.135+05:00,3.346589648,donya-e-eqtesad.com,2021-10-26T17:19:30.222+0500,,,-
2021-10-26T17:19:41.637+05:00,3.149883292,donya-e-eqtesad.com,2021-10-26T17:19:30.222+0500,,,-
2021-10-26T17:19:42.140+05:00,2.960031631,donya-e-eqtesad.com,2021-10-26T17:19:30.222+0500,,,-
2021-10-26T17:19:42.641+05:00,2.11041074,donya-e-eqtesad.com,2021-10-26T17:19:30.222+0500,,,-
2021-10-26T17:19:43.144+05:00,2.436209466,donya-e-eqtesad.com,2021-10-26T17:19:30.222+0500,,,-
2021-10-26T17:19:43.646+05:00,2.30316713,donya-e-eqtesad.com,2021-10-26T17:19:30.222+0500,,,-
2021-10-26T17:19:44.148+05:00,2.375419293,donya-e-eqtesad.com,2021-10-26T17:19:30.222+0500,,,-
2021-10-26T17:19:44.649+05:00,1.853353189,donya-e-eqtesad.com,2021-10-26T17:19:30.222+0500,,,-
2021-10-26T17:19:45.150+05:00,1.498566758,donya-e-eqtesad.com,2021-10-26T17:19:30.222+0500,,,-
2021-10-26T17:19:45.652+05:00,10.90635928,donya-e-eqtesad.com,2021-10-26T17:19:30.222+0500,,,-
2021-10-26T17:19:46.153+05:00,4.537301788,donya-e-eqtesad.com,2021-10-26T17:19:30.222+0500,,,-
2021-10-26T17:19:46.655+05:00,4.824475137,donya-e-eqtesad.com,2021-10-26T17:19:30.222+0500,,,-
2021-10-26T17:19:47.164+05:00,5.235030787,donya-e-eqtesad.com,2021-10-26T17:19:30.222+0500,,,-
2021-10-26T17:19:47.665+05:00,4.886238401,donya-e-eqtesad.com,2021-10-26T17:19:30.222+0500,,,-
2021-10-26T17:19:48.167+05:00,3.591935768,donya-e-eqtesad.com,2021-10-26T17:19:30.222+0500,,,-
2021-10-26T17:19:48.668+05:00,16.45820576,sq.cn,2021-10-26T17:19:48.283+0500,125.2299692,36,3.478610255
2021-10-26T17:19:49.170+05:00,4.942788836,sq.cn,2021-10-26T17:19:48.283+0500,,,-
2021-10-26T17:19:49.671+05:00,6.803055047,sq.cn,2021-10-26T17:19:48.283+0500,,,-
2021-10-26T17:19:50.172+05:00,6.515492333,sq.cn,2021-10-26T17:19:48.283+0500,,,-
2021-10-26T17:19:50.673+05:00,11.92883415,sq.cn,2021-10-26T17:19:48.283+0500,,,-
2021-10-26T17:19:51.174+05:00,1.76938968,sq.cn,2021-10-26T17:19:48.283+0500,,,-
2021-10-26T17:19:51.675+05:00,3.125269659,sq.cn,2021-10-26T17:19:48.283+0500,,,-
2021-10-26T17:19:52.177+05:00,0.192558291,sq.cn,2021-10-26T17:19:48.283+0500,,,-
2021-10-26T17:19:52.678+05:00,1.120496239,sq.cn,2021-10-26T17:19:48.283+0500,,,-
2021-10-26T17:19:53.180+05:00,1.306292969,sq.cn,2021-10-26T17:19:48.283+0500,,,-
2021-10-26T17:19:53.681+05:00,1.789705599,sq.cn,2021-10-26T17:19:48.283+0500,,,-
2021-10-26T17:19:54.184+05:00,0.594461835,sq.cn,2021-10-26T17:19:48.283+0500,,,-
2021-10-26T17:19:54.685+05:00,1.637250672,sq.cn,2021-10-26T17:19:48.283+0500,,,-
2021-10-26T17:19:55.187+05:00,0.263644489,sq.cn,2021-10-26T17:19:48.283+0500,,,-
2021-10-26T17:19:55.689+05:00,1.044547375,sq.cn,2021-10-26T17:19:48.283+0500,,,-
2021-10-26T17:19:56.192+05:00,0.563265293,sq.cn,2021-10-26T17:19:48.283+0500,,,-
2021-10-26T17:19:56.694+05:00,2.435387529,sq.cn,2021-10-26T17:19:48.283+0500,,,-
2021-10-26T17:19:57.196+05:00,7.357127742,sq.cn,2021-10-26T17:19:48.283+0500,,,-
2021-10-26T17:19:57.698+05:00,1.337260006,sq.cn,2021-10-26T17:19:48.283+0500,,,-
2021-10-26T17:19:58.201+05:00,1.355945092,sq.cn,2021-10-26T17:19:48.283+0500,,,-
2021-10-26T17:19:58.703+05:00,1.150415472,sq.cn,2021-10-26T17:19:48.283+0500,,,-
2021-10-26T17:19:59.204+05:00,2.047549536,sq.cn,2021-10-26T17:19:48.283+0500,,,-
2021-10-26T17:19:59.706+05:00,0.134057093,sq.cn,2021-10-26T17:19:48.283+0500,,,-
2021-10-26T17:20:00.208+05:00,0.626554915,sq.cn,2021-10-26T17:19:48.283+0500,,,-
2021-10-26T17:20:00.711+05:00,1.04715291,sq.cn,2021-10-26T17:19:48.283+0500,,,-
2021-10-26T17:20:01.213+05:00,5.602707035,sq.cn,2021-10-26T17:19:48.283+0500,,,-
2021-10-26T17:20:01.715+05:00,0.349275413,sq.cn,2021-10-26T17:19:48.283+0500,,,-
2021-10-26T17:20:02.217+05:00,2.740666526,sq.cn,2021-10-26T17:19:48.283+0500,,,-
2021-10-26T17:20:02.719+05:00,0.840178084,sq.cn,2021-10-26T17:19:48.283+0500,,,-
2021-10-26T17:20:03.222+05:00,1.581333534,sq.cn,2021-10-26T17:19:48.283+0500,,,-
2021-10-26T17:20:03.723+05:00,11.42948963,sq.cn,2021-10-26T17:19:48.283+0500,,,-
2021-10-26T17:20:04.224+05:00,4.05568675,sq.cn,2021-10-26T17:19:48.283+0500,,,-
2021-10-26T17:20:04.726+05:00,4.77371825,sq.cn,2021-10-26T17:19:48.283+0500,,,-
2021-10-26T17:20:05.227+05:00,6.319129661,sq.cn,2021-10-26T17:19:48.283+0500,,,-
2021-10-26T17:20:05.729+05:00,5.981498184,sq.cn,2021-10-26T17:19:48.283+0500,,,-
2021-10-26T17:20:06.234+05:00,4.009577591,sq.cn,2021-10-26T17:19:48.283+0500,,,-
2021-10-26T17:20:06.735+05:00,14.49284541,flickr.com,2021-10-26T17:20:06.350+0500,205.5117239,36,5.708658997
2021-10-26T17:20:07.236+05:00,0.679568075,flickr.com,2021-10-26T17:20:06.350+0500,,,-
2021-10-26T17:20:07.737+05:00,6.167397631,flickr.com,2021-10-26T17:20:06.350+0500,,,-
2021-10-26T17:20:08.238+05:00,18.34582701,flickr.com,2021-10-26T17:20:06.350+0500,,,-
2021-10-26T17:20:08.739+05:00,20.06225932,flickr.com,2021-10-26T17:20:06.350+0500,,,-
2021-10-26T17:20:09.241+05:00,9.003353529,flickr.com,2021-10-26T17:20:06.350+0500,,,-
2021-10-26T17:20:09.742+05:00,6.361526857,flickr.com,2021-10-26T17:20:06.350+0500,,,-
2021-10-26T17:20:10.243+05:00,6.481557405,flickr.com,2021-10-26T17:20:06.350+0500,,,-
2021-10-26T17:20:10.744+05:00,8.278096002,flickr.com,2021-10-26T17:20:06.350+0500,,,-
2021-10-26T17:20:11.245+05:00,3.762711496,flickr.com,2021-10-26T17:20:06.350+0500,,,-
2021-10-26T17:20:11.747+05:00,5.439340338,flickr.com,2021-10-26T17:20:06.350+0500,,,-
2021-10-26T17:20:12.248+05:00,9.112160522,flickr.com,2021-10-26T17:20:06.350+0500,,,-
2021-10-26T17:20:12.749+05:00,5.322257171,flickr.com,2021-10-26T17:20:06.350+0500,,,-
2021-10-26T17:20:13.250+05:00,1.634372034,flickr.com,2021-10-26T17:20:06.350+0500,,,-
2021-10-26T17:20:13.751+05:00,9.824339871,flickr.com,2021-10-26T17:20:06.350+0500,,,-
2021-10-26T17:20:14.253+05:00,9.085721103,flickr.com,2021-10-26T17:20:06.350+0500,,,-
2021-10-26T17:20:14.757+05:00,6.913111525,flickr.com,2021-10-26T17:20:06.350+0500,,,-
2021-10-26T17:20:15.258+05:00,5.482706217,flickr.com,2021-10-26T17:20:06.350+0500,,,-
2021-10-26T17:20:15.759+05:00,5.02736978,flickr.com,2021-10-26T17:20:06.350+0500,,,-
2021-10-26T17:20:16.260+05:00,0.635767191,flickr.com,2021-10-26T17:20:06.350+0500,,,-
2021-10-26T17:20:16.761+05:00,2.969854904,flickr.com,2021-10-26T17:20:06.350+0500,,,-
2021-10-26T17:20:17.263+05:00,2.62854879,flickr.com,2021-10-26T17:20:06.350+0500,,,-
2021-10-26T17:20:17.764+05:00,2.298070349,flickr.com,2021-10-26T17:20:06.350+0500,,,-
2021-10-26T17:20:18.266+05:00,0.446252016,flickr.com,2021-10-26T17:20:06.350+0500,,,-
2021-10-26T17:20:18.768+05:00,1.876352588,flickr.com,2021-10-26T17:20:06.350+0500,,,-
2021-10-26T17:20:19.270+05:00,3.462491511,flickr.com,2021-10-26T17:20:06.350+0500,,,-
2021-10-26T17:20:19.773+05:00,1.272717493,flickr.com,2021-10-26T17:20:06.350+0500,,,-
2021-10-26T17:20:20.275+05:00,0.929360863,flickr.com,2021-10-26T17:20:06.350+0500,,,-
2021-10-26T17:20:20.775+05:00,2.746733882,flickr.com,2021-10-26T17:20:06.350+0500,,,-
2021-10-26T17:20:21.277+05:00,0.940106572,flickr.com,2021-10-26T17:20:06.350+0500,,,-
2021-10-26T17:20:21.779+05:00,11.34421418,flickr.com,2021-10-26T17:20:06.350+0500,,,-
2021-10-26T17:20:22.280+05:00,3.968432767,flickr.com,2021-10-26T17:20:06.350+0500,,,-
2021-10-26T17:20:22.782+05:00,4.092828813,flickr.com,2021-10-26T17:20:06.350+0500,,,-
2021-10-26T17:20:23.283+05:00,5.481343168,flickr.com,2021-10-26T17:20:06.350+0500,,,-
2021-10-26T17:20:23.784+05:00,5.277973107,flickr.com,2021-10-26T17:20:06.350+0500,,,-
2021-10-26T17:20:24.286+05:00,3.66415441,flickr.com,2021-10-26T17:20:06.350+0500,,,-
2021-10-26T17:20:24.787+05:00,13.61266066,t.co,2021-10-26T17:20:24.421+0500,102.65191,36,2.851441944
2021-10-26T17:20:25.289+05:00,4.652467563,t.co,2021-10-26T17:20:24.421+0500,,,-
2021-10-26T17:20:25.789+05:00,6.052741785,t.co,2021-10-26T17:20:24.421+0500,,,-
2021-10-26T17:20:26.294+05:00,4.194296317,t.co,2021-10-26T17:20:24.421+0500,,,-
2021-10-26T17:20:26.795+05:00,1.132405473,t.co,2021-10-26T17:20:24.421+0500,,,-
2021-10-26T17:20:27.297+05:00,1.816133587,t.co,2021-10-26T17:20:24.421+0500,,,-
2021-10-26T17:20:27.798+05:00,3.190737706,t.co,2021-10-26T17:20:24.421+0500,,,-
2021-10-26T17:20:28.299+05:00,0.723630882,t.co,2021-10-26T17:20:24.421+0500,,,-
2021-10-26T17:20:28.800+05:00,0.080246981,t.co,2021-10-26T17:20:24.421+0500,,,-
2021-10-26T17:20:29.302+05:00,2.633981234,t.co,2021-10-26T17:20:24.421+0500,,,-
2021-10-26T17:20:29.804+05:00,0.775415843,t.co,2021-10-26T17:20:24.421+0500,,,-
2021-10-26T17:20:30.306+05:00,1.19050984,t.co,2021-10-26T17:20:24.421+0500,,,-
2021-10-26T17:20:30.808+05:00,1.440178227,t.co,2021-10-26T17:20:24.421+0500,,,-
2021-10-26T17:20:31.310+05:00,2.257356515,t.co,2021-10-26T17:20:24.421+0500,,,-
2021-10-26T17:20:31.811+05:00,0.96444345,t.co,2021-10-26T17:20:24.421+0500,,,-
2021-10-26T17:20:32.313+05:00,0.938685841,t.co,2021-10-26T17:20:24.421+0500,,,-
2021-10-26T17:20:32.815+05:00,1.75374227,t.co,2021-10-26T17:20:24.421+0500,,,-
2021-10-26T17:20:33.317+05:00,1.106623061,t.co,2021-10-26T17:20:24.421+0500,,,-
2021-10-26T17:20:33.819+05:00,1.378884335,t.co,2021-10-26T17:20:24.421+0500,,,-
2021-10-26T17:20:34.320+05:00,2.033284032,t.co,2021-10-26T17:20:24.421+0500,,,-
2021-10-26T17:20:34.822+05:00,0.570088671,t.co,2021-10-26T17:20:24.421+0500,,,-
2021-10-26T17:20:35.324+05:00,2.138963502,t.co,2021-10-26T17:20:24.421+0500,,,-
2021-10-26T17:20:35.827+05:00,0.504001972,t.co,2021-10-26T17:20:24.421+0500,,,-
2021-10-26T17:20:36.327+05:00,0.972722655,t.co,2021-10-26T17:20:24.421+0500,,,-
2021-10-26T17:20:36.830+05:00,0.998202438,t.co,2021-10-26T17:20:24.421+0500,,,-
2021-10-26T17:20:37.332+05:00,2.755349307,t.co,2021-10-26T17:20:24.421+0500,,,-
2021-10-26T17:20:37.835+05:00,0.070081019,t.co,2021-10-26T17:20:24.421+0500,,,-
2021-10-26T17:20:38.336+05:00,1.391286015,t.co,2021-10-26T17:20:24.421+0500,,,-
2021-10-26T17:20:38.839+05:00,1.419711034,t.co,2021-10-26T17:20:24.421+0500,,,-
2021-10-26T17:20:39.340+05:00,3.271698468,t.co,2021-10-26T17:20:24.421+0500,,,-
2021-10-26T17:20:39.841+05:00,11.35842986,t.co,2021-10-26T17:20:24.421+0500,,,-
2021-10-26T17:20:40.342+05:00,3.102249485,t.co,2021-10-26T17:20:24.421+0500,,,-
2021-10-26T17:20:40.843+05:00,5.773792843,t.co,2021-10-26T17:20:24.421+0500,,,-
2021-10-26T17:20:41.344+05:00,5.454654211,t.co,2021-10-26T17:20:24.421+0500,,,-
2021-10-26T17:20:41.846+05:00,5.887858655,t.co,2021-10-26T17:20:24.421+0500,,,-
2021-10-26T17:20:42.347+05:00,5.054394245,t.co,2021-10-26T17:20:24.421+0500,,,-
2021-10-26T17:20:42.849+05:00,13.11533722,schwab.com,2021-10-26T17:20:42.479+0500,274.5468421,36,7.626301171
2021-10-26T17:20:43.350+05:00,3.398148694,schwab.com,2021-10-26T17:20:42.479+0500,,,-
2021-10-26T17:20:43.852+05:00,4.366632308,schwab.com,2021-10-26T17:20:42.479+0500,,,-
2021-10-26T17:20:44.353+05:00,3.12690534,schwab.com,2021-10-26T17:20:42.479+0500,,,-
2021-10-26T17:20:44.854+05:00,4.707462435,schwab.com,2021-10-26T17:20:42.479+0500,,,-
2021-10-26T17:20:45.355+05:00,6.142376764,schwab.com,2021-10-26T17:20:42.479+0500,,,-
2021-10-26T17:20:45.857+05:00,4.166006454,schwab.com,2021-10-26T17:20:42.479+0500,,,-
2021-10-26T17:20:46.358+05:00,8.729375543,schwab.com,2021-10-26T17:20:42.479+0500,,,-
2021-10-26T17:20:46.859+05:00,16.30839154,schwab.com,2021-10-26T17:20:42.479+0500,,,-
2021-10-26T17:20:47.370+05:00,11.81744444,schwab.com,2021-10-26T17:20:42.479+0500,,,-
2021-10-26T17:20:47.871+05:00,7.522442886,schwab.com,2021-10-26T17:20:42.479+0500,,,-
2021-10-26T17:20:48.372+05:00,3.482426861,schwab.com,2021-10-26T17:20:42.479+0500,,,-
2021-10-26T17:20:48.874+05:00,3.933881898,schwab.com,2021-10-26T17:20:42.479+0500,,,-
2021-10-26T17:20:49.377+05:00,7.969477699,schwab.com,2021-10-26T17:20:42.479+0500,,,-
2021-10-26T17:20:49.878+05:00,7.092922745,schwab.com,2021-10-26T17:20:42.479+0500,,,-
2021-10-26T17:20:50.379+05:00,9.498621075,schwab.com,2021-10-26T17:20:42.479+0500,,,-
2021-10-26T17:20:50.880+05:00,13.10715676,schwab.com,2021-10-26T17:20:42.479+0500,,,-
2021-10-26T17:20:51.382+05:00,20.73781248,schwab.com,2021-10-26T17:20:42.479+0500,,,-
2021-10-26T17:20:51.883+05:00,9.832863031,schwab.com,2021-10-26T17:20:42.479+0500,,,-
2021-10-26T17:20:52.384+05:00,9.132714467,schwab.com,2021-10-26T17:20:42.479+0500,,,-
2021-10-26T17:20:52.885+05:00,7.479536435,schwab.com,2021-10-26T17:20:42.479+0500,,,-
2021-10-26T17:20:53.387+05:00,6.455775298,schwab.com,2021-10-26T17:20:42.479+0500,,,-
2021-10-26T17:20:53.888+05:00,5.948444742,schwab.com,2021-10-26T17:20:42.479+0500,,,-
2021-10-26T17:20:54.389+05:00,4.836931302,schwab.com,2021-10-26T17:20:42.479+0500,,,-
2021-10-26T17:20:54.890+05:00,6.860640857,schwab.com,2021-10-26T17:20:42.479+0500,,,-
2021-10-26T17:20:55.391+05:00,11.86074582,schwab.com,2021-10-26T17:20:42.479+0500,,,-
2021-10-26T17:20:55.892+05:00,4.859493564,schwab.com,2021-10-26T17:20:42.479+0500,,,-
2021-10-26T17:20:56.393+05:00,2.883070799,schwab.com,2021-10-26T17:20:42.479+0500,,,-
2021-10-26T17:20:56.894+05:00,2.592186237,schwab.com,2021-10-26T17:20:42.479+0500,,,-
2021-10-26T17:20:57.395+05:00,6.244552604,schwab.com,2021-10-26T17:20:42.479+0500,,,-
2021-10-26T17:20:57.896+05:00,17.06981199,schwab.com,2021-10-26T17:20:42.479+0500,,,-
2021-10-26T17:20:58.397+05:00,6.24887419,schwab.com,2021-10-26T17:20:42.479+0500,,,-
2021-10-26T17:20:58.898+05:00,5.446848947,schwab.com,2021-10-26T17:20:42.479+0500,,,-
2021-10-26T17:20:59.399+05:00,6.00961961,schwab.com,2021-10-26T17:20:42.479+0500,,,-
2021-10-26T17:20:59.900+05:00,6.562092072,schwab.com,2021-10-26T17:20:42.479+0500,,,-
2021-10-26T17:21:00.401+05:00,4.999817054,schwab.com,2021-10-26T17:20:42.479+0500,,,-
2021-10-26T17:21:00.902+05:00,14.29712073,sciencedirect.com,2021-10-26T17:21:00.534+0500,196.3662556,36,5.45461821
2021-10-26T17:21:01.404+05:00,9.445374738,sciencedirect.com,2021-10-26T17:21:00.534+0500,,,-
2021-10-26T17:21:01.905+05:00,6.570801153,sciencedirect.com,2021-10-26T17:21:00.534+0500,,,-
2021-10-26T17:21:02.406+05:00,10.15453865,sciencedirect.com,2021-10-26T17:21:00.534+0500,,,-
2021-10-26T17:21:02.907+05:00,3.772806072,sciencedirect.com,2021-10-26T17:21:00.534+0500,,,-
2021-10-26T17:21:03.408+05:00,13.94753955,sciencedirect.com,2021-10-26T17:21:00.534+0500,,,-
2021-10-26T17:21:03.909+05:00,1.987788953,sciencedirect.com,2021-10-26T17:21:00.534+0500,,,-
2021-10-26T17:21:04.410+05:00,11.0701871,sciencedirect.com,2021-10-26T17:21:00.534+0500,,,-
2021-10-26T17:21:04.911+05:00,6.957858667,sciencedirect.com,2021-10-26T17:21:00.534+0500,,,-
2021-10-26T17:21:05.412+05:00,6.855403392,sciencedirect.com,2021-10-26T17:21:00.534+0500,,,-
2021-10-26T17:21:05.913+05:00,6.46453173,sciencedirect.com,2021-10-26T17:21:00.534+0500,,,-
2021-10-26T17:21:06.414+05:00,2.796114751,sciencedirect.com,2021-10-26T17:21:00.534+0500,,,-
2021-10-26T17:21:06.915+05:00,6.584816016,sciencedirect.com,2021-10-26T17:21:00.534+0500,,,-
2021-10-26T17:21:07.416+05:00,6.261117842,sciencedirect.com,2021-10-26T17:21:00.534+0500,,,-
2021-10-26T17:21:07.920+05:00,2.851843053,sciencedirect.com,2021-10-26T17:21:00.534+0500,,,-
2021-10-26T17:21:08.421+05:00,4.907657017,sciencedirect.com,2021-10-26T17:21:00.534+0500,,,-
2021-10-26T17:21:08.922+05:00,2.363978653,sciencedirect.com,2021-10-26T17:21:00.534+0500,,,-
2021-10-26T17:21:09.423+05:00,1.333570043,sciencedirect.com,2021-10-26T17:21:00.534+0500,,,-
2021-10-26T17:21:09.924+05:00,4.352248704,sciencedirect.com,2021-10-26T17:21:00.534+0500,,,-
2021-10-26T17:21:10.424+05:00,6.348986047,sciencedirect.com,2021-10-26T17:21:00.534+0500,,,-
2021-10-26T17:21:10.925+05:00,3.514642307,sciencedirect.com,2021-10-26T17:21:00.534+0500,,,-
2021-10-26T17:21:11.428+05:00,4.025964564,sciencedirect.com,2021-10-26T17:21:00.534+0500,,,-
2021-10-26T17:21:11.929+05:00,2.705293555,sciencedirect.com,2021-10-26T17:21:00.534+0500,,,-
2021-10-26T17:21:12.429+05:00,3.301654285,sciencedirect.com,2021-10-26T17:21:00.534+0500,,,-
2021-10-26T17:21:12.931+05:00,2.165393853,sciencedirect.com,2021-10-26T17:21:00.534+0500,,,-
2021-10-26T17:21:13.433+05:00,2.487998718,sciencedirect.com,2021-10-26T17:21:00.534+0500,,,-
2021-10-26T17:21:13.935+05:00,1.720847802,sciencedirect.com,2021-10-26T17:21:00.534+0500,,,-
2021-10-26T17:21:14.436+05:00,3.266834206,sciencedirect.com,2021-10-26T17:21:00.534+0500,,,-
2021-10-26T17:21:14.937+05:00,2.297038199,sciencedirect.com,2021-10-26T17:21:00.534+0500,,,-
2021-10-26T17:21:15.439+05:00,5.309440081,sciencedirect.com,2021-10-26T17:21:00.534+0500,,,-
2021-10-26T17:21:15.940+05:00,11.5957218,sciencedirect.com,2021-10-26T17:21:00.534+0500,,,-
2021-10-26T17:21:16.441+05:00,5.926119851,sciencedirect.com,2021-10-26T17:21:00.534+0500,,,-
2021-10-26T17:21:16.942+05:00,3.250057204,sciencedirect.com,2021-10-26T17:21:00.534+0500,,,-
2021-10-26T17:21:17.444+05:00,5.867049357,sciencedirect.com,2021-10-26T17:21:00.534+0500,,,-
2021-10-26T17:21:17.946+05:00,6.379095121,sciencedirect.com,2021-10-26T17:21:00.534+0500,,,-
2021-10-26T17:21:18.448+05:00,3.228821777,sciencedirect.com,2021-10-26T17:21:00.534+0500,,,-
2021-10-26T17:21:18.949+05:00,14.00608056,mailchimp.com,2021-10-26T17:21:18.594+0500,273.9020325,36,7.60838979
2021-10-26T17:21:19.450+05:00,3.944966029,mailchimp.com,2021-10-26T17:21:18.594+0500,,,-
2021-10-26T17:21:19.951+05:00,4.509608582,mailchimp.com,2021-10-26T17:21:18.594+0500,,,-
2021-10-26T17:21:20.452+05:00,2.563766542,mailchimp.com,2021-10-26T17:21:18.594+0500,,,-
2021-10-26T17:21:20.953+05:00,1.858072084,mailchimp.com,2021-10-26T17:21:18.594+0500,,,-
2021-10-26T17:21:21.455+05:00,5.581820778,mailchimp.com,2021-10-26T17:21:18.594+0500,,,-
2021-10-26T17:21:21.956+05:00,16.84625109,mailchimp.com,2021-10-26T17:21:18.594+0500,,,-
2021-10-26T17:21:22.457+05:00,16.36205369,mailchimp.com,2021-10-26T17:21:18.594+0500,,,-
2021-10-26T17:21:22.959+05:00,18.52906666,mailchimp.com,2021-10-26T17:21:18.594+0500,,,-
2021-10-26T17:21:23.461+05:00,14.11660516,mailchimp.com,2021-10-26T17:21:18.594+0500,,,-
2021-10-26T17:21:23.962+05:00,13.74679831,mailchimp.com,2021-10-26T17:21:18.594+0500,,,-
2021-10-26T17:21:24.463+05:00,7.430236133,mailchimp.com,2021-10-26T17:21:18.594+0500,,,-
2021-10-26T17:21:24.965+05:00,2.920439072,mailchimp.com,2021-10-26T17:21:18.594+0500,,,-
2021-10-26T17:21:25.466+05:00,5.218400576,mailchimp.com,2021-10-26T17:21:18.594+0500,,,-
2021-10-26T17:21:25.968+05:00,16.26210858,mailchimp.com,2021-10-26T17:21:18.594+0500,,,-
2021-10-26T17:21:26.469+05:00,7.6575209,mailchimp.com,2021-10-26T17:21:18.594+0500,,,-
2021-10-26T17:21:26.970+05:00,12.79376318,mailchimp.com,2021-10-26T17:21:18.594+0500,,,-
2021-10-26T17:21:27.471+05:00,10.57674477,mailchimp.com,2021-10-26T17:21:18.594+0500,,,-
2021-10-26T17:21:27.972+05:00,5.698883691,mailchimp.com,2021-10-26T17:21:18.594+0500,,,-
2021-10-26T17:21:28.474+05:00,9.189375245,mailchimp.com,2021-10-26T17:21:18.594+0500,,,-
2021-10-26T17:21:28.975+05:00,4.644739197,mailchimp.com,2021-10-26T17:21:18.594+0500,,,-
2021-10-26T17:21:29.476+05:00,4.522539866,mailchimp.com,2021-10-26T17:21:18.594+0500,,,-
2021-10-26T17:21:29.978+05:00,2.018350686,mailchimp.com,2021-10-26T17:21:18.594+0500,,,-
2021-10-26T17:21:30.479+05:00,6.411259248,mailchimp.com,2021-10-26T17:21:18.594+0500,,,-
2021-10-26T17:21:30.980+05:00,9.828822606,mailchimp.com,2021-10-26T17:21:18.594+0500,,,-
2021-10-26T17:21:31.483+05:00,5.785812228,mailchimp.com,2021-10-26T17:21:18.594+0500,,,-
2021-10-26T17:21:31.985+05:00,3.876314019,mailchimp.com,2021-10-26T17:21:18.594+0500,,,-
2021-10-26T17:21:32.486+05:00,3.883708136,mailchimp.com,2021-10-26T17:21:18.594+0500,,,-
2021-10-26T17:21:32.988+05:00,2.184567187,mailchimp.com,2021-10-26T17:21:18.594+0500,,,-
2021-10-26T17:21:33.490+05:00,2.160800533,mailchimp.com,2021-10-26T17:21:18.594+0500,,,-
2021-10-26T17:21:33.991+05:00,12.85344388,mailchimp.com,2021-10-26T17:21:18.594+0500,,,-
2021-10-26T17:21:34.492+05:00,5.717156073,mailchimp.com,2021-10-26T17:21:18.594+0500,,,-
2021-10-26T17:21:34.993+05:00,4.372817705,mailchimp.com,2021-10-26T17:21:18.594+0500,,,-
2021-10-26T17:21:35.495+05:00,6.334398581,mailchimp.com,2021-10-26T17:21:18.594+0500,,,-
2021-10-26T17:21:35.996+05:00,5.161804016,mailchimp.com,2021-10-26T17:21:18.594+0500,,,-
2021-10-26T17:21:36.497+05:00,4.332936869,mailchimp.com,2021-10-26T17:21:18.594+0500,,,-
2021-10-26T17:21:36.998+05:00,12.4142542,wordpress.org,2021-10-26T17:21:36.666+0500,125.0566774,36,3.473796593
2021-10-26T17:21:37.499+05:00,3.977474385,wordpress.org,2021-10-26T17:21:36.666+0500,,,-
2021-10-26T17:21:38.001+05:00,9.567442137,wordpress.org,2021-10-26T17:21:36.666+0500,,,-
2021-10-26T17:21:38.502+05:00,8.347957777,wordpress.org,2021-10-26T17:21:36.666+0500,,,-
2021-10-26T17:21:39.003+05:00,10.82170607,wordpress.org,2021-10-26T17:21:36.666+0500,,,-
2021-10-26T17:21:39.504+05:00,7.422571673,wordpress.org,2021-10-26T17:21:36.666+0500,,,-
2021-10-26T17:21:40.006+05:00,5.187458629,wordpress.org,2021-10-26T17:21:36.666+0500,,,-
2021-10-26T17:21:40.508+05:00,2.54843114,wordpress.org,2021-10-26T17:21:36.666+0500,,,-
2021-10-26T17:21:41.009+05:00,0.657822384,wordpress.org,2021-10-26T17:21:36.666+0500,,,-
2021-10-26T17:21:41.511+05:00,2.562890954,wordpress.org,2021-10-26T17:21:36.666+0500,,,-
2021-10-26T17:21:42.013+05:00,1.127973778,wordpress.org,2021-10-26T17:21:36.666+0500,,,-
2021-10-26T17:21:42.515+05:00,2.567090204,wordpress.org,2021-10-26T17:21:36.666+0500,,,-
2021-10-26T17:21:43.016+05:00,0.086891332,wordpress.org,2021-10-26T17:21:36.666+0500,,,-
2021-10-26T17:21:43.518+05:00,3.005482192,wordpress.org,2021-10-26T17:21:36.666+0500,,,-
2021-10-26T17:21:44.021+05:00,0.518242195,wordpress.org,2021-10-26T17:21:36.666+0500,,,-
2021-10-26T17:21:44.523+05:00,1.009256364,wordpress.org,2021-10-26T17:21:36.666+0500,,,-
2021-10-26T17:21:45.025+05:00,1.405172905,wordpress.org,2021-10-26T17:21:36.666+0500,,,-
2021-10-26T17:21:45.527+05:00,1.991364428,wordpress.org,2021-10-26T17:21:36.666+0500,,,-
2021-10-26T17:21:46.030+05:00,0.555352403,wordpress.org,2021-10-26T17:21:36.666+0500,,,-
2021-10-26T17:21:46.532+05:00,0.722581811,wordpress.org,2021-10-26T17:21:36.666+0500,,,-
2021-10-26T17:21:47.035+05:00,1.208914143,wordpress.org,2021-10-26T17:21:36.666+0500,,,-
2021-10-26T17:21:47.537+05:00,3.533953129,wordpress.org,2021-10-26T17:21:36.666+0500,,,-
2021-10-26T17:21:48.039+05:00,1.117447584,wordpress.org,2021-10-26T17:21:36.666+0500,,,-
2021-10-26T17:21:48.541+05:00,1.717921177,wordpress.org,2021-10-26T17:21:36.666+0500,,,-
2021-10-26T17:21:49.052+05:00,0.791796002,wordpress.org,2021-10-26T17:21:36.666+0500,,,-
2021-10-26T17:21:49.554+05:00,1.078314026,wordpress.org,2021-10-26T17:21:36.666+0500,,,-
2021-10-26T17:21:50.056+05:00,0.943293506,wordpress.org,2021-10-26T17:21:36.666+0500,,,-
2021-10-26T17:21:50.557+05:00,3.775678887,wordpress.org,2021-10-26T17:21:36.666+0500,,,-
2021-10-26T17:21:51.057+05:00,0.161082233,wordpress.org,2021-10-26T17:21:36.666+0500,,,-
2021-10-26T17:21:51.560+05:00,0.30300563,wordpress.org,2021-10-26T17:21:36.666+0500,,,-
2021-10-26T17:21:52.062+05:00,10.32016296,wordpress.org,2021-10-26T17:21:36.666+0500,,,-
2021-10-26T17:21:52.564+05:00,5.515459935,wordpress.org,2021-10-26T17:21:36.666+0500,,,-
2021-10-26T17:21:53.066+05:00,3.971485625,wordpress.org,2021-10-26T17:21:36.666+0500,,,-
2021-10-26T17:21:53.568+05:00,4.801468888,wordpress.org,2021-10-26T17:21:36.666+0500,,,-
2021-10-26T17:21:54.070+05:00,4.622091769,wordpress.org,2021-10-26T17:21:36.666+0500,,,-
2021-10-26T17:21:54.572+05:00,4.69718491,wordpress.org,2021-10-26T17:21:36.666+0500,,,-
2021-10-26T17:21:55.074+05:00,14.23016493,indiamart.com,2021-10-26T17:21:54.735+0500,299.9058941,36,8.330719279
2021-10-26T17:21:55.575+05:00,4.648429707,indiamart.com,2021-10-26T17:21:54.735+0500,,,-
2021-10-26T17:21:56.078+05:00,3.515599451,indiamart.com,2021-10-26T17:21:54.735+0500,,,-
2021-10-26T17:21:56.579+05:00,6.740723023,indiamart.com,2021-10-26T17:21:54.735+0500,,,-
2021-10-26T17:21:57.080+05:00,10.80483558,indiamart.com,2021-10-26T17:21:54.735+0500,,,-
2021-10-26T17:21:57.581+05:00,15.38413816,indiamart.com,2021-10-26T17:21:54.735+0500,,,-
2021-10-26T17:21:58.083+05:00,12.43413955,indiamart.com,2021-10-26T17:21:54.735+0500,,,-
2021-10-26T17:21:58.584+05:00,9.208236645,indiamart.com,2021-10-26T17:21:54.735+0500,,,-
2021-10-26T17:21:59.086+05:00,3.977671813,indiamart.com,2021-10-26T17:21:54.735+0500,,,-
2021-10-26T17:21:59.587+05:00,16.17540383,indiamart.com,2021-10-26T17:21:54.735+0500,,,-
2021-10-26T17:22:00.088+05:00,15.41463572,indiamart.com,2021-10-26T17:21:54.735+0500,,,-
2021-10-26T17:22:00.589+05:00,18.41165051,indiamart.com,2021-10-26T17:21:54.735+0500,,,-
2021-10-26T17:22:01.091+05:00,12.26884343,indiamart.com,2021-10-26T17:21:54.735+0500,,,-
2021-10-26T17:22:01.593+05:00,10.95001325,indiamart.com,2021-10-26T17:21:54.735+0500,,,-
2021-10-26T17:22:02.094+05:00,12.03733642,indiamart.com,2021-10-26T17:21:54.735+0500,,,-
2021-10-26T17:22:02.595+05:00,12.86468089,indiamart.com,2021-10-26T17:21:54.735+0500,,,-
2021-10-26T17:22:03.096+05:00,6.910924652,indiamart.com,2021-10-26T17:21:54.735+0500,,,-
2021-10-26T17:22:03.597+05:00,8.482238441,indiamart.com,2021-10-26T17:21:54.735+0500,,,-
2021-10-26T17:22:04.099+05:00,2.54334189,indiamart.com,2021-10-26T17:21:54.735+0500,,,-
2021-10-26T17:22:04.601+05:00,18.36728627,indiamart.com,2021-10-26T17:21:54.735+0500,,,-
2021-10-26T17:22:05.103+05:00,12.88002377,indiamart.com,2021-10-26T17:21:54.735+0500,,,-
2021-10-26T17:22:05.603+05:00,6.72525359,indiamart.com,2021-10-26T17:21:54.735+0500,,,-
2021-10-26T17:22:06.105+05:00,0.700081885,indiamart.com,2021-10-26T17:21:54.735+0500,,,-
2021-10-26T17:22:06.607+05:00,3.53858952,indiamart.com,2021-10-26T17:21:54.735+0500,,,-
2021-10-26T17:22:07.110+05:00,0.775048581,indiamart.com,2021-10-26T17:21:54.735+0500,,,-
2021-10-26T17:22:07.612+05:00,4.595529621,indiamart.com,2021-10-26T17:21:54.735+0500,,,-
2021-10-26T17:22:08.114+05:00,2.579966932,indiamart.com,2021-10-26T17:21:54.735+0500,,,-
2021-10-26T17:22:08.616+05:00,3.084638269,indiamart.com,2021-10-26T17:21:54.735+0500,,,-
2021-10-26T17:22:09.116+05:00,1.803561145,indiamart.com,2021-10-26T17:21:54.735+0500,,,-
2021-10-26T17:22:09.617+05:00,2.964192445,indiamart.com,2021-10-26T17:21:54.735+0500,,,-
2021-10-26T17:22:10.124+05:00,17.22641862,indiamart.com,2021-10-26T17:21:54.735+0500,,,-
2021-10-26T17:22:10.626+05:00,4.67281713,indiamart.com,2021-10-26T17:21:54.735+0500,,,-
2021-10-26T17:22:11.127+05:00,4.847801956,indiamart.com,2021-10-26T17:21:54.735+0500,,,-
2021-10-26T17:22:11.630+05:00,6.294208107,indiamart.com,2021-10-26T17:21:54.735+0500,,,-
2021-10-26T17:22:12.132+05:00,6.010928636,indiamart.com,2021-10-26T17:21:54.735+0500,,,-
2021-10-26T17:22:12.634+05:00,5.83653969,indiamart.com,2021-10-26T17:21:54.735+0500,,,-
2021-10-26T17:22:13.136+05:00,11.59873969,greenhouse.io,2021-10-26T17:22:12.791+0500,305.2011726,36,8.477810349
2021-10-26T17:22:13.637+05:00,3.766357758,greenhouse.io,2021-10-26T17:22:12.791+0500,,,-
2021-10-26T17:22:14.138+05:00,1.59760339,greenhouse.io,2021-10-26T17:22:12.791+0500,,,-
2021-10-26T17:22:14.640+05:00,7.859116348,greenhouse.io,2021-10-26T17:22:12.791+0500,,,-
2021-10-26T17:22:15.141+05:00,6.123493541,greenhouse.io,2021-10-26T17:22:12.791+0500,,,-
2021-10-26T17:22:15.643+05:00,8.573916335,greenhouse.io,2021-10-26T17:22:12.791+0500,,,-
2021-10-26T17:22:16.145+05:00,4.252658457,greenhouse.io,2021-10-26T17:22:12.791+0500,,,-
2021-10-26T17:22:16.646+05:00,17.36088058,greenhouse.io,2021-10-26T17:22:12.791+0500,,,-
2021-10-26T17:22:17.148+05:00,15.31586642,greenhouse.io,2021-10-26T17:22:12.791+0500,,,-
2021-10-26T17:22:17.650+05:00,13.81879881,greenhouse.io,2021-10-26T17:22:12.791+0500,,,-
2021-10-26T17:22:18.152+05:00,7.635699001,greenhouse.io,2021-10-26T17:22:12.791+0500,,,-
2021-10-26T17:22:18.654+05:00,7.629032373,greenhouse.io,2021-10-26T17:22:12.791+0500,,,-
2021-10-26T17:22:19.156+05:00,5.397128104,greenhouse.io,2021-10-26T17:22:12.791+0500,,,-
2021-10-26T17:22:19.658+05:00,4.507944524,greenhouse.io,2021-10-26T17:22:12.791+0500,,,-
2021-10-26T17:22:20.159+05:00,15.69405664,greenhouse.io,2021-10-26T17:22:12.791+0500,,,-
2021-10-26T17:22:20.661+05:00,9.948473827,greenhouse.io,2021-10-26T17:22:12.791+0500,,,-
2021-10-26T17:22:21.162+05:00,10.57846204,greenhouse.io,2021-10-26T17:22:12.791+0500,,,-
2021-10-26T17:22:21.663+05:00,10.45320599,greenhouse.io,2021-10-26T17:22:12.791+0500,,,-
2021-10-26T17:22:22.165+05:00,13.72824144,greenhouse.io,2021-10-26T17:22:12.791+0500,,,-
2021-10-26T17:22:22.667+05:00,10.50317248,greenhouse.io,2021-10-26T17:22:12.791+0500,,,-
2021-10-26T17:22:23.168+05:00,5.407860633,greenhouse.io,2021-10-26T17:22:12.791+0500,,,-
2021-10-26T17:22:23.670+05:00,12.18861202,greenhouse.io,2021-10-26T17:22:12.791+0500,,,-
2021-10-26T17:22:24.171+05:00,24.13241798,greenhouse.io,2021-10-26T17:22:12.791+0500,,,-
2021-10-26T17:22:24.672+05:00,5.933806521,greenhouse.io,2021-10-26T17:22:12.791+0500,,,-
2021-10-26T17:22:25.174+05:00,3.586456052,greenhouse.io,2021-10-26T17:22:12.791+0500,,,-
2021-10-26T17:22:25.675+05:00,4.274046997,greenhouse.io,2021-10-26T17:22:12.791+0500,,,-
2021-10-26T17:22:26.177+05:00,2.383557276,greenhouse.io,2021-10-26T17:22:12.791+0500,,,-
2021-10-26T17:22:26.679+05:00,3.808772786,greenhouse.io,2021-10-26T17:22:12.791+0500,,,-
2021-10-26T17:22:27.180+05:00,5.635248998,greenhouse.io,2021-10-26T17:22:12.791+0500,,,-
2021-10-26T17:22:27.681+05:00,6.871506462,greenhouse.io,2021-10-26T17:22:12.791+0500,,,-
2021-10-26T17:22:28.183+05:00,17.00018519,greenhouse.io,2021-10-26T17:22:12.791+0500,,,-
2021-10-26T17:22:28.685+05:00,6.122508726,greenhouse.io,2021-10-26T17:22:12.791+0500,,,-
2021-10-26T17:22:29.187+05:00,5.550692256,greenhouse.io,2021-10-26T17:22:12.791+0500,,,-
2021-10-26T17:22:29.689+05:00,5.519176874,greenhouse.io,2021-10-26T17:22:12.791+0500,,,-
2021-10-26T17:22:30.191+05:00,5.402689129,greenhouse.io,2021-10-26T17:22:12.791+0500,,,-
2021-10-26T17:22:30.692+05:00,5.040786917,greenhouse.io,2021-10-26T17:22:12.791+0500,,,-
2021-10-26T17:22:31.194+05:00,13.15711417,squarespace.com,2021-10-26T17:22:30.851+0500,367.737244,36,10.21492344
2021-10-26T17:22:31.696+05:00,4.124518213,squarespace.com,2021-10-26T17:22:30.851+0500,,,-
2021-10-26T17:22:32.198+05:00,4.144381225,squarespace.com,2021-10-26T17:22:30.851+0500,,,-
2021-10-26T17:22:32.700+05:00,4.093001595,squarespace.com,2021-10-26T17:22:30.851+0500,,,-
2021-10-26T17:22:33.202+05:00,2.647353352,squarespace.com,2021-10-26T17:22:30.851+0500,,,-
2021-10-26T17:22:33.703+05:00,6.322504644,squarespace.com,2021-10-26T17:22:30.851+0500,,,-
2021-10-26T17:22:34.204+05:00,7.520479519,squarespace.com,2021-10-26T17:22:30.851+0500,,,-
2021-10-26T17:22:34.705+05:00,4.143122669,squarespace.com,2021-10-26T17:22:30.851+0500,,,-
2021-10-26T17:22:35.206+05:00,11.15221887,squarespace.com,2021-10-26T17:22:30.851+0500,,,-
2021-10-26T17:22:35.707+05:00,7.390064163,squarespace.com,2021-10-26T17:22:30.851+0500,,,-
2021-10-26T17:22:36.209+05:00,22.65152496,squarespace.com,2021-10-26T17:22:30.851+0500,,,-
2021-10-26T17:22:36.710+05:00,23.29158851,squarespace.com,2021-10-26T17:22:30.851+0500,,,-
2021-10-26T17:22:37.211+05:00,19.37219607,squarespace.com,2021-10-26T17:22:30.851+0500,,,-
2021-10-26T17:22:37.712+05:00,23.33303869,squarespace.com,2021-10-26T17:22:30.851+0500,,,-
2021-10-26T17:22:38.214+05:00,7.279973426,squarespace.com,2021-10-26T17:22:30.851+0500,,,-
2021-10-26T17:22:38.716+05:00,11.63386288,squarespace.com,2021-10-26T17:22:30.851+0500,,,-
2021-10-26T17:22:39.217+05:00,8.06427558,squarespace.com,2021-10-26T17:22:30.851+0500,,,-
2021-10-26T17:22:39.718+05:00,9.269026613,squarespace.com,2021-10-26T17:22:30.851+0500,,,-
2021-10-26T17:22:40.220+05:00,7.921657285,squarespace.com,2021-10-26T17:22:30.851+0500,,,-
2021-10-26T17:22:40.720+05:00,13.36350223,squarespace.com,2021-10-26T17:22:30.851+0500,,,-
2021-10-26T17:22:41.221+05:00,11.3038092,squarespace.com,2021-10-26T17:22:30.851+0500,,,-
2021-10-26T17:22:41.723+05:00,8.836116978,squarespace.com,2021-10-26T17:22:30.851+0500,,,-
2021-10-26T17:22:42.225+05:00,8.381345964,squarespace.com,2021-10-26T17:22:30.851+0500,,,-
2021-10-26T17:22:42.727+05:00,13.79085305,squarespace.com,2021-10-26T17:22:30.851+0500,,,-
2021-10-26T17:22:43.227+05:00,26.1803513,squarespace.com,2021-10-26T17:22:30.851+0500,,,-
2021-10-26T17:22:43.728+05:00,13.4457685,squarespace.com,2021-10-26T17:22:30.851+0500,,,-
2021-10-26T17:22:44.229+05:00,8.514994163,squarespace.com,2021-10-26T17:22:30.851+0500,,,-
2021-10-26T17:22:44.731+05:00,3.767826418,squarespace.com,2021-10-26T17:22:30.851+0500,,,-
2021-10-26T17:22:45.233+05:00,4.649592715,squarespace.com,2021-10-26T17:22:30.851+0500,,,-
2021-10-26T17:22:45.734+05:00,4.501620378,squarespace.com,2021-10-26T17:22:30.851+0500,,,-
2021-10-26T17:22:46.235+05:00,11.39636529,squarespace.com,2021-10-26T17:22:30.851+0500,,,-
2021-10-26T17:22:46.737+05:00,5.118100564,squarespace.com,2021-10-26T17:22:30.851+0500,,,-
2021-10-26T17:22:47.238+05:00,11.18654562,squarespace.com,2021-10-26T17:22:30.851+0500,,,-
2021-10-26T17:22:47.740+05:00,14.44607057,squarespace.com,2021-10-26T17:22:30.851+0500,,,-
2021-10-26T17:22:48.241+05:00,5.283287889,squarespace.com,2021-10-26T17:22:30.851+0500,,,-
2021-10-26T17:22:48.742+05:00,6.059190763,squarespace.com,2021-10-26T17:22:30.851+0500,,,-
2021-10-26T17:22:49.244+05:00,12.27794766,orange.fr,2021-10-26T17:22:48.909+0500,268.8285213,36,7.467458924
2021-10-26T17:22:49.746+05:00,5.118014998,orange.fr,2021-10-26T17:22:48.909+0500,,,-
2021-10-26T17:22:50.248+05:00,3.165041911,orange.fr,2021-10-26T17:22:48.909+0500,,,-
2021-10-26T17:22:50.749+05:00,6.741651887,orange.fr,2021-10-26T17:22:48.909+0500,,,-
2021-10-26T17:22:51.254+05:00,2.870030565,orange.fr,2021-10-26T17:22:48.909+0500,,,-
2021-10-26T17:22:51.756+05:00,7.102725988,orange.fr,2021-10-26T17:22:48.909+0500,,,-
2021-10-26T17:22:52.258+05:00,6.746262403,orange.fr,2021-10-26T17:22:48.909+0500,,,-
2021-10-26T17:22:52.760+05:00,5.853979267,orange.fr,2021-10-26T17:22:48.909+0500,,,-
2021-10-26T17:22:53.262+05:00,3.62889261,orange.fr,2021-10-26T17:22:48.909+0500,,,-
2021-10-26T17:22:53.763+05:00,7.791758188,orange.fr,2021-10-26T17:22:48.909+0500,,,-
2021-10-26T17:22:54.264+05:00,15.5096263,orange.fr,2021-10-26T17:22:48.909+0500,,,-
2021-10-26T17:22:54.765+05:00,7.294671694,orange.fr,2021-10-26T17:22:48.909+0500,,,-
2021-10-26T17:22:55.266+05:00,8.418969941,orange.fr,2021-10-26T17:22:48.909+0500,,,-
2021-10-26T17:22:55.767+05:00,17.67730381,orange.fr,2021-10-26T17:22:48.909+0500,,,-
2021-10-26T17:22:56.270+05:00,19.82031159,orange.fr,2021-10-26T17:22:48.909+0500,,,-
2021-10-26T17:22:56.772+05:00,6.569953105,orange.fr,2021-10-26T17:22:48.909+0500,,,-
2021-10-26T17:22:57.273+05:00,6.035591288,orange.fr,2021-10-26T17:22:48.909+0500,,,-
2021-10-26T17:22:57.774+05:00,7.556133361,orange.fr,2021-10-26T17:22:48.909+0500,,,-
2021-10-26T17:22:58.275+05:00,16.28702811,orange.fr,2021-10-26T17:22:48.909+0500,,,-
2021-10-26T17:22:58.777+05:00,10.57764775,orange.fr,2021-10-26T17:22:48.909+0500,,,-
2021-10-26T17:22:59.278+05:00,7.67798128,orange.fr,2021-10-26T17:22:48.909+0500,,,-
2021-10-26T17:22:59.780+05:00,3.661628609,orange.fr,2021-10-26T17:22:48.909+0500,,,-
2021-10-26T17:23:00.283+05:00,4.158632097,orange.fr,2021-10-26T17:22:48.909+0500,,,-
2021-10-26T17:23:00.785+05:00,3.67137864,orange.fr,2021-10-26T17:22:48.909+0500,,,-
2021-10-26T17:23:01.287+05:00,6.430864536,orange.fr,2021-10-26T17:22:48.909+0500,,,-
2021-10-26T17:23:01.789+05:00,7.981482924,orange.fr,2021-10-26T17:22:48.909+0500,,,-
2021-10-26T17:23:02.291+05:00,7.319017532,orange.fr,2021-10-26T17:22:48.909+0500,,,-
2021-10-26T17:23:02.793+05:00,5.865628761,orange.fr,2021-10-26T17:22:48.909+0500,,,-
2021-10-26T17:23:03.294+05:00,3.834038309,orange.fr,2021-10-26T17:22:48.909+0500,,,-
2021-10-26T17:23:03.795+05:00,5.422034395,orange.fr,2021-10-26T17:22:48.909+0500,,,-
2021-10-26T17:23:04.296+05:00,13.29568746,orange.fr,2021-10-26T17:22:48.909+0500,,,-
2021-10-26T17:23:04.798+05:00,5.177770012,orange.fr,2021-10-26T17:22:48.909+0500,,,-
2021-10-26T17:23:05.300+05:00,5.023723443,orange.fr,2021-10-26T17:22:48.909+0500,,,-
2021-10-26T17:23:05.802+05:00,4.767110395,orange.fr,2021-10-26T17:22:48.909+0500,,,-
2021-10-26T17:23:06.304+05:00,4.308791641,orange.fr,2021-10-26T17:22:48.909+0500,,,-
2021-10-26T17:23:06.805+05:00,3.189208793,orange.fr,2021-10-26T17:22:48.909+0500,,,-
2021-10-26T17:23:07.306+05:00,14.10567741,xfinity.com,2021-10-26T17:23:06.965+0500,253.8081536,36,7.05022649
2021-10-26T17:23:07.807+05:00,3.774614247,xfinity.com,2021-10-26T17:23:06.965+0500,,,-
2021-10-26T17:23:08.309+05:00,3.660758107,xfinity.com,2021-10-26T17:23:06.965+0500,,,-
2021-10-26T17:23:08.810+05:00,3.943630125,xfinity.com,2021-10-26T17:23:06.965+0500,,,-
2021-10-26T17:23:09.312+05:00,2.077358506,xfinity.com,2021-10-26T17:23:06.965+0500,,,-
2021-10-26T17:23:09.813+05:00,6.152215828,xfinity.com,2021-10-26T17:23:06.965+0500,,,-
2021-10-26T17:23:10.316+05:00,6.617124837,xfinity.com,2021-10-26T17:23:06.965+0500,,,-
2021-10-26T17:23:10.817+05:00,2.881102356,xfinity.com,2021-10-26T17:23:06.965+0500,,,-
2021-10-26T17:23:11.320+05:00,2.072831506,xfinity.com,2021-10-26T17:23:06.965+0500,,,-
2021-10-26T17:23:11.821+05:00,3.024788908,xfinity.com,2021-10-26T17:23:06.965+0500,,,-
2021-10-26T17:23:12.333+05:00,4.879790374,xfinity.com,2021-10-26T17:23:06.965+0500,,,-
2021-10-26T17:23:12.835+05:00,6.957912574,xfinity.com,2021-10-26T17:23:06.965+0500,,,-
2021-10-26T17:23:13.336+05:00,11.43068288,xfinity.com,2021-10-26T17:23:06.965+0500,,,-
2021-10-26T17:23:13.837+05:00,10.28893672,xfinity.com,2021-10-26T17:23:06.965+0500,,,-
2021-10-26T17:23:14.339+05:00,12.99110337,xfinity.com,2021-10-26T17:23:06.965+0500,,,-
2021-10-26T17:23:14.841+05:00,15.6857999,xfinity.com,2021-10-26T17:23:06.965+0500,,,-
2021-10-26T17:23:15.342+05:00,6.802071358,xfinity.com,2021-10-26T17:23:06.965+0500,,,-
2021-10-26T17:23:15.843+05:00,9.779510895,xfinity.com,2021-10-26T17:23:06.965+0500,,,-
2021-10-26T17:23:16.344+05:00,10.31761052,xfinity.com,2021-10-26T17:23:06.965+0500,,,-
2021-10-26T17:23:16.846+05:00,5.220648109,xfinity.com,2021-10-26T17:23:06.965+0500,,,-
2021-10-26T17:23:17.349+05:00,9.727792907,xfinity.com,2021-10-26T17:23:06.965+0500,,,-
2021-10-26T17:23:17.850+05:00,4.903365635,xfinity.com,2021-10-26T17:23:06.965+0500,,,-
2021-10-26T17:23:18.351+05:00,3.816925086,xfinity.com,2021-10-26T17:23:06.965+0500,,,-
2021-10-26T17:23:18.853+05:00,1.561542999,xfinity.com,2021-10-26T17:23:06.965+0500,,,-
2021-10-26T17:23:19.355+05:00,2.01173447,xfinity.com,2021-10-26T17:23:06.965+0500,,,-
2021-10-26T17:23:19.857+05:00,3.385220177,xfinity.com,2021-10-26T17:23:06.965+0500,,,-
2021-10-26T17:23:20.359+05:00,3.07956323,xfinity.com,2021-10-26T17:23:06.965+0500,,,-
2021-10-26T17:23:20.860+05:00,9.60988014,xfinity.com,2021-10-26T17:23:06.965+0500,,,-
2021-10-26T17:23:21.361+05:00,11.16578651,xfinity.com,2021-10-26T17:23:06.965+0500,,,-
2021-10-26T17:23:21.863+05:00,14.04693223,xfinity.com,2021-10-26T17:23:06.965+0500,,,-
2021-10-26T17:23:22.364+05:00,19.70224474,xfinity.com,2021-10-26T17:23:06.965+0500,,,-
2021-10-26T17:23:22.864+05:00,6.87656237,xfinity.com,2021-10-26T17:23:06.965+0500,,,-
2021-10-26T17:23:23.366+05:00,3.972076742,xfinity.com,2021-10-26T17:23:06.965+0500,,,-
2021-10-26T17:23:23.867+05:00,5.274810748,xfinity.com,2021-10-26T17:23:06.965+0500,,,-
2021-10-26T17:23:24.368+05:00,5.959102348,xfinity.com,2021-10-26T17:23:06.965+0500,,,-
2021-10-26T17:23:24.870+05:00,6.050444769,xfinity.com,2021-10-26T17:23:06.965+0500,,,-
2021-10-26T17:23:25.371+05:00,11.8660346,51yes.com,2021-10-26T17:23:25.040+0500,117.1883665,36,3.255232401
2021-10-26T17:23:25.873+05:00,3.791666286,51yes.com,2021-10-26T17:23:25.040+0500,,,-
2021-10-26T17:23:26.374+05:00,1.100668606,51yes.com,2021-10-26T17:23:25.040+0500,,,-
2021-10-26T17:23:26.876+05:00,2.669278184,51yes.com,2021-10-26T17:23:25.040+0500,,,-
2021-10-26T17:23:27.378+05:00,1.422259109,51yes.com,2021-10-26T17:23:25.040+0500,,,-
2021-10-26T17:23:27.880+05:00,2.440142195,51yes.com,2021-10-26T17:23:25.040+0500,,,-
2021-10-26T17:23:28.382+05:00,2.135796963,51yes.com,2021-10-26T17:23:25.040+0500,,,-
2021-10-26T17:23:28.884+05:00,2.708277864,51yes.com,2021-10-26T17:23:25.040+0500,,,-
2021-10-26T17:23:29.386+05:00,1.521897509,51yes.com,2021-10-26T17:23:25.040+0500,,,-
2021-10-26T17:23:29.888+05:00,2.800458692,51yes.com,2021-10-26T17:23:25.040+0500,,,-
2021-10-26T17:23:30.390+05:00,1.611405427,51yes.com,2021-10-26T17:23:25.040+0500,,,-
2021-10-26T17:23:30.891+05:00,3.312794667,51yes.com,2021-10-26T17:23:25.040+0500,,,-
2021-10-26T17:23:31.393+05:00,0.850045281,51yes.com,2021-10-26T17:23:25.040+0500,,,-
2021-10-26T17:23:31.895+05:00,1.921059104,51yes.com,2021-10-26T17:23:25.040+0500,,,-
2021-10-26T17:23:32.404+05:00,2.462195286,51yes.com,2021-10-26T17:23:25.040+0500,,,-
2021-10-26T17:23:32.905+05:00,3.829730407,51yes.com,2021-10-26T17:23:25.040+0500,,,-
2021-10-26T17:23:33.407+05:00,1.701340587,51yes.com,2021-10-26T17:23:25.040+0500,,,-
2021-10-26T17:23:33.909+05:00,3.059778213,51yes.com,2021-10-26T17:23:25.040+0500,,,-
2021-10-26T17:23:34.411+05:00,1.845254154,51yes.com,2021-10-26T17:23:25.040+0500,,,-
2021-10-26T17:23:34.912+05:00,3.38135144,51yes.com,2021-10-26T17:23:25.040+0500,,,-
2021-10-26T17:23:35.413+05:00,0.874740308,51yes.com,2021-10-26T17:23:25.040+0500,,,-
2021-10-26T17:23:35.915+05:00,1.677071491,51yes.com,2021-10-26T17:23:25.040+0500,,,-
2021-10-26T17:23:36.417+05:00,2.204453984,51yes.com,2021-10-26T17:23:25.040+0500,,,-
2021-10-26T17:23:36.919+05:00,2.87793858,51yes.com,2021-10-26T17:23:25.040+0500,,,-
2021-10-26T17:23:37.421+05:00,2.872290019,51yes.com,2021-10-26T17:23:25.040+0500,,,-
2021-10-26T17:23:37.923+05:00,2.793775658,51yes.com,2021-10-26T17:23:25.040+0500,,,-
2021-10-26T17:23:38.425+05:00,0.962527283,51yes.com,2021-10-26T17:23:25.040+0500,,,-
2021-10-26T17:23:38.926+05:00,2.38839741,51yes.com,2021-10-26T17:23:25.040+0500,,,-
2021-10-26T17:23:39.427+05:00,0.935684474,51yes.com,2021-10-26T17:23:25.040+0500,,,-
2021-10-26T17:23:39.928+05:00,2.380181204,51yes.com,2021-10-26T17:23:25.040+0500,,,-
2021-10-26T17:23:40.430+05:00,10.09578453,51yes.com,2021-10-26T17:23:25.040+0500,,,-
2021-10-26T17:23:40.932+05:00,6.341318019,51yes.com,2021-10-26T17:23:25.040+0500,,,-
2021-10-26T17:23:41.433+05:00,5.066189673,51yes.com,2021-10-26T17:23:25.040+0500,,,-
2021-10-26T17:23:41.935+05:00,6.03404068,51yes.com,2021-10-26T17:23:25.040+0500,,,-
2021-10-26T17:23:42.436+05:00,5.597351044,51yes.com,2021-10-26T17:23:25.040+0500,,,-
2021-10-26T17:23:42.937+05:00,7.65518752,51yes.com,2021-10-26T17:23:25.040+0500,,,-
2021-10-26T17:23:43.439+05:00,12.98023389,naukri.com,2021-10-26T17:23:43.099+0500,189.9437376,36,5.276214933
2021-10-26T17:23:43.941+05:00,4.721730608,naukri.com,2021-10-26T17:23:43.099+0500,,,-
2021-10-26T17:23:44.442+05:00,4.360242324,naukri.com,2021-10-26T17:23:43.099+0500,,,-
2021-10-26T17:23:44.944+05:00,3.370341811,naukri.com,2021-10-26T17:23:43.099+0500,,,-
2021-10-26T17:23:45.446+05:00,2.084131293,naukri.com,2021-10-26T17:23:43.099+0500,,,-
2021-10-26T17:23:45.948+05:00,4.404484085,naukri.com,2021-10-26T17:23:43.099+0500,,,-
2021-10-26T17:23:46.450+05:00,1.565809865,naukri.com,2021-10-26T17:23:43.099+0500,,,-
2021-10-26T17:23:46.951+05:00,2.101484042,naukri.com,2021-10-26T17:23:43.099+0500,,,-
2021-10-26T17:23:47.452+05:00,7.287917898,naukri.com,2021-10-26T17:23:43.099+0500,,,-
2021-10-26T17:23:47.953+05:00,8.52185214,naukri.com,2021-10-26T17:23:43.099+0500,,,-
2021-10-26T17:23:48.455+05:00,4.358031732,naukri.com,2021-10-26T17:23:43.099+0500,,,-
2021-10-26T17:23:48.956+05:00,11.53919273,naukri.com,2021-10-26T17:23:43.099+0500,,,-
2021-10-26T17:23:49.457+05:00,10.97154988,naukri.com,2021-10-26T17:23:43.099+0500,,,-
2021-10-26T17:23:49.958+05:00,7.444956104,naukri.com,2021-10-26T17:23:43.099+0500,,,-
2021-10-26T17:23:50.459+05:00,4.579832205,naukri.com,2021-10-26T17:23:43.099+0500,,,-
2021-10-26T17:23:50.961+05:00,15.6839014,naukri.com,2021-10-26T17:23:43.099+0500,,,-
2021-10-26T17:23:51.463+05:00,6.64847351,naukri.com,2021-10-26T17:23:43.099+0500,,,-
2021-10-26T17:23:51.964+05:00,3.26898173,naukri.com,2021-10-26T17:23:43.099+0500,,,-
2021-10-26T17:23:52.466+05:00,5.175098826,naukri.com,2021-10-26T17:23:43.099+0500,,,-
2021-10-26T17:23:52.975+05:00,4.003273282,naukri.com,2021-10-26T17:23:43.099+0500,,,-
2021-10-26T17:23:53.477+05:00,2.544478743,naukri.com,2021-10-26T17:23:43.099+0500,,,-
2021-10-26T17:23:53.979+05:00,5.323062543,naukri.com,2021-10-26T17:23:43.099+0500,,,-
2021-10-26T17:23:54.481+05:00,5.174231675,naukri.com,2021-10-26T17:23:43.099+0500,,,-
2021-10-26T17:23:54.982+05:00,4.056000508,naukri.com,2021-10-26T17:23:43.099+0500,,,-
2021-10-26T17:23:55.484+05:00,0.756559475,naukri.com,2021-10-26T17:23:43.099+0500,,,-
2021-10-26T17:23:55.987+05:00,2.902491545,naukri.com,2021-10-26T17:23:43.099+0500,,,-
2021-10-26T17:23:56.489+05:00,0.375308825,naukri.com,2021-10-26T17:23:43.099+0500,,,-
2021-10-26T17:23:56.992+05:00,2.435883777,naukri.com,2021-10-26T17:23:43.099+0500,,,-
2021-10-26T17:23:57.494+05:00,0.376655598,naukri.com,2021-10-26T17:23:43.099+0500,,,-
2021-10-26T17:23:57.997+05:00,1.674716075,naukri.com,2021-10-26T17:23:43.099+0500,,,-
2021-10-26T17:23:58.499+05:00,10.48109925,naukri.com,2021-10-26T17:23:43.099+0500,,,-
2021-10-26T17:23:59.001+05:00,4.775246492,naukri.com,2021-10-26T17:23:43.099+0500,,,-
2021-10-26T17:23:59.503+05:00,4.865605399,naukri.com,2021-10-26T17:23:43.099+0500,,,-
2021-10-26T17:24:00.004+05:00,5.976919962,naukri.com,2021-10-26T17:23:43.099+0500,,,-
2021-10-26T17:24:00.506+05:00,7.194762119,naukri.com,2021-10-26T17:23:43.099+0500,,,-
2021-10-26T17:24:01.007+05:00,5.959196229,naukri.com,2021-10-26T17:23:43.099+0500,,,-
2021-10-26T17:24:01.509+05:00,13.66265239,ozon.ru,2021-10-26T17:24:01.165+0500,153.6875005,36,4.269097236
2021-10-26T17:24:02.011+05:00,6.453656339,ozon.ru,2021-10-26T17:24:01.165+0500,,,-
2021-10-26T17:24:02.513+05:00,5.778486572,ozon.ru,2021-10-26T17:24:01.165+0500,,,-
2021-10-26T17:24:03.015+05:00,5.734153565,ozon.ru,2021-10-26T17:24:01.165+0500,,,-
2021-10-26T17:24:03.516+05:00,5.94856447,ozon.ru,2021-10-26T17:24:01.165+0500,,,-
2021-10-26T17:24:04.017+05:00,14.45788116,ozon.ru,2021-10-26T17:24:01.165+0500,,,-
2021-10-26T17:24:04.519+05:00,9.706057421,ozon.ru,2021-10-26T17:24:01.165+0500,,,-
2021-10-26T17:24:05.021+05:00,3.086765252,ozon.ru,2021-10-26T17:24:01.165+0500,,,-
2021-10-26T17:24:05.523+05:00,2.40848386,ozon.ru,2021-10-26T17:24:01.165+0500,,,-
2021-10-26T17:24:06.025+05:00,2.90953272,ozon.ru,2021-10-26T17:24:01.165+0500,,,-
2021-10-26T17:24:06.526+05:00,1.757812127,ozon.ru,2021-10-26T17:24:01.165+0500,,,-
2021-10-26T17:24:07.028+05:00,1.455998043,ozon.ru,2021-10-26T17:24:01.165+0500,,,-
2021-10-26T17:24:07.530+05:00,0.086602016,ozon.ru,2021-10-26T17:24:01.165+0500,,,-
2021-10-26T17:24:08.032+05:00,2.240932589,ozon.ru,2021-10-26T17:24:01.165+0500,,,-
2021-10-26T17:24:08.534+05:00,1.609242811,ozon.ru,2021-10-26T17:24:01.165+0500,,,-
2021-10-26T17:24:09.035+05:00,1.955091065,ozon.ru,2021-10-26T17:24:01.165+0500,,,-
2021-10-26T17:24:09.538+05:00,2.076853967,ozon.ru,2021-10-26T17:24:01.165+0500,,,-
2021-10-26T17:24:10.039+05:00,2.859518205,ozon.ru,2021-10-26T17:24:01.165+0500,,,-
2021-10-26T17:24:10.540+05:00,0.259434515,ozon.ru,2021-10-26T17:24:01.165+0500,,,-
2021-10-26T17:24:11.042+05:00,2.689083378,ozon.ru,2021-10-26T17:24:01.165+0500,,,-
2021-10-26T17:24:11.544+05:00,0.088814598,ozon.ru,2021-10-26T17:24:01.165+0500,,,-
2021-10-26T17:24:12.046+05:00,2.439586559,ozon.ru,2021-10-26T17:24:01.165+0500,,,-
2021-10-26T17:24:12.547+05:00,0,ozon.ru,2021-10-26T17:24:01.165+0500,,,-
2021-10-26T17:24:13.048+05:00,1.537874147,ozon.ru,2021-10-26T17:24:01.165+0500,,,-
2021-10-26T17:24:13.551+05:00,4.27266977,ozon.ru,2021-10-26T17:24:01.165+0500,,,-
2021-10-26T17:24:14.062+05:00,2.623705422,ozon.ru,2021-10-26T17:24:01.165+0500,,,-
2021-10-26T17:24:14.563+05:00,8.365747236,ozon.ru,2021-10-26T17:24:01.165+0500,,,-
2021-10-26T17:24:15.065+05:00,2.140377014,ozon.ru,2021-10-26T17:24:01.165+0500,,,-
2021-10-26T17:24:15.568+05:00,0,ozon.ru,2021-10-26T17:24:01.165+0500,,,-
2021-10-26T17:24:16.070+05:00,3.239707517,ozon.ru,2021-10-26T17:24:01.165+0500,,,-
2021-10-26T17:24:16.572+05:00,10.23303895,ozon.ru,2021-10-26T17:24:01.165+0500,,,-
2021-10-26T17:24:17.074+05:00,5.524723295,ozon.ru,2021-10-26T17:24:01.165+0500,,,-
2021-10-26T17:24:17.576+05:00,5.741720432,ozon.ru,2021-10-26T17:24:01.165+0500,,,-
2021-10-26T17:24:18.078+05:00,6.220791894,ozon.ru,2021-10-26T17:24:01.165+0500,,,-
2021-10-26T17:24:18.581+05:00,8.027798398,ozon.ru,2021-10-26T17:24:01.165+0500,,,-
2021-10-26T17:24:19.084+05:00,6.094142807,ozon.ru,2021-10-26T17:24:01.165+0500,,,-
2021-10-26T17:24:19.586+05:00,12.9670959,google.co.kr,2021-10-26T17:24:19.226+0500,152.3246817,36,4.231241158
2021-10-26T17:24:20.088+05:00,5.096652983,google.co.kr,2021-10-26T17:24:19.226+0500,,,-
2021-10-26T17:24:20.590+05:00,3.379727803,google.co.kr,2021-10-26T17:24:19.226+0500,,,-
2021-10-26T17:24:21.092+05:00,3.158326156,google.co.kr,2021-10-26T17:24:19.226+0500,,,-
2021-10-26T17:24:21.593+05:00,2.250865844,google.co.kr,2021-10-26T17:24:19.226+0500,,,-
2021-10-26T17:24:22.095+05:00,2.628829626,google.co.kr,2021-10-26T17:24:19.226+0500,,,-
2021-10-26T17:24:22.597+05:00,1.824442337,google.co.kr,2021-10-26T17:24:19.226+0500,,,-
2021-10-26T17:24:23.100+05:00,3.383639436,google.co.kr,2021-10-26T17:24:19.226+0500,,,-
2021-10-26T17:24:23.602+05:00,1.363335935,google.co.kr,2021-10-26T17:24:19.226+0500,,,-
2021-10-26T17:24:24.104+05:00,2.35166251,google.co.kr,2021-10-26T17:24:19.226+0500,,,-
2021-10-26T17:24:24.606+05:00,1.75711434,google.co.kr,2021-10-26T17:24:19.226+0500,,,-
2021-10-26T17:24:25.107+05:00,2.681364458,google.co.kr,2021-10-26T17:24:19.226+0500,,,-
2021-10-26T17:24:25.610+05:00,1.801513679,google.co.kr,2021-10-26T17:24:19.226+0500,,,-
2021-10-26T17:24:26.112+05:00,3.299599292,google.co.kr,2021-10-26T17:24:19.226+0500,,,-
2021-10-26T17:24:26.615+05:00,2.487055192,google.co.kr,2021-10-26T17:24:19.226+0500,,,-
2021-10-26T17:24:27.117+05:00,2.535611498,google.co.kr,2021-10-26T17:24:19.226+0500,,,-
2021-10-26T17:24:27.619+05:00,1.52452514,google.co.kr,2021-10-26T17:24:19.226+0500,,,-
2021-10-26T17:24:28.121+05:00,2.970940111,google.co.kr,2021-10-26T17:24:19.226+0500,,,-
2021-10-26T17:24:28.623+05:00,1.579321208,google.co.kr,2021-10-26T17:24:19.226+0500,,,-
2021-10-26T17:24:29.125+05:00,3.159403623,google.co.kr,2021-10-26T17:24:19.226+0500,,,-
2021-10-26T17:24:29.627+05:00,1.217482608,google.co.kr,2021-10-26T17:24:19.226+0500,,,-
2021-10-26T17:24:30.129+05:00,2.985453266,google.co.kr,2021-10-26T17:24:19.226+0500,,,-
2021-10-26T17:24:30.631+05:00,1.606401374,google.co.kr,2021-10-26T17:24:19.226+0500,,,-
2021-10-26T17:24:31.132+05:00,17.31490058,google.co.kr,2021-10-26T17:24:19.226+0500,,,-
2021-10-26T17:24:31.634+05:00,6.574420413,google.co.kr,2021-10-26T17:24:19.226+0500,,,-
2021-10-26T17:24:32.135+05:00,4.498767163,google.co.kr,2021-10-26T17:24:19.226+0500,,,-
2021-10-26T17:24:32.636+05:00,4.624050478,google.co.kr,2021-10-26T17:24:19.226+0500,,,-
2021-10-26T17:24:33.139+05:00,4.348757437,google.co.kr,2021-10-26T17:24:19.226+0500,,,-
2021-10-26T17:24:33.641+05:00,2.833076952,google.co.kr,2021-10-26T17:24:19.226+0500,,,-
2021-10-26T17:24:34.143+05:00,3.025991585,google.co.kr,2021-10-26T17:24:19.226+0500,,,-
2021-10-26T17:24:34.644+05:00,14.3469874,google.co.kr,2021-10-26T17:24:19.226+0500,,,-
2021-10-26T17:24:35.145+05:00,5.785227789,google.co.kr,2021-10-26T17:24:19.226+0500,,,-
2021-10-26T17:24:35.647+05:00,5.086958399,google.co.kr,2021-10-26T17:24:19.226+0500,,,-
2021-10-26T17:24:36.149+05:00,5.955153081,google.co.kr,2021-10-26T17:24:19.226+0500,,,-
2021-10-26T17:24:36.651+05:00,4.473014801,google.co.kr,2021-10-26T17:24:19.226+0500,,,-
2021-10-26T17:24:37.153+05:00,5.447011292,google.co.kr,2021-10-26T17:24:19.226+0500,,,-
2021-10-26T17:24:37.654+05:00,13.09842949,cj.com,2021-10-26T17:24:37.287+0500,204.6645211,36,5.685125585
2021-10-26T17:24:38.156+05:00,3.90941633,cj.com,2021-10-26T17:24:37.287+0500,,,-
2021-10-26T17:24:38.658+05:00,4.365858216,cj.com,2021-10-26T17:24:37.287+0500,,,-
2021-10-26T17:24:39.160+05:00,11.65572894,cj.com,2021-10-26T17:24:37.287+0500,,,-
2021-10-26T17:24:39.660+05:00,7.653242658,cj.com,2021-10-26T17:24:37.287+0500,,,-
2021-10-26T17:24:40.162+05:00,5.824478462,cj.com,2021-10-26T17:24:37.287+0500,,,-
2021-10-26T17:24:40.663+05:00,4.706041913,cj.com,2021-10-26T17:24:37.287+0500,,,-
2021-10-26T17:24:41.165+05:00,6.198447221,cj.com,2021-10-26T17:24:37.287+0500,,,-
2021-10-26T17:24:41.666+05:00,2.973471883,cj.com,2021-10-26T17:24:37.287+0500,,,-
2021-10-26T17:24:42.168+05:00,5.448371946,cj.com,2021-10-26T17:24:37.287+0500,,,-
2021-10-26T17:24:42.670+05:00,2.888626247,cj.com,2021-10-26T17:24:37.287+0500,,,-
2021-10-26T17:24:43.171+05:00,4.142651634,cj.com,2021-10-26T17:24:37.287+0500,,,-
2021-10-26T17:24:43.673+05:00,12.74112059,cj.com,2021-10-26T17:24:37.287+0500,,,-
2021-10-26T17:24:44.174+05:00,7.619469289,cj.com,2021-10-26T17:24:37.287+0500,,,-
2021-10-26T17:24:44.676+05:00,5.099997018,cj.com,2021-10-26T17:24:37.287+0500,,,-
2021-10-26T17:24:45.178+05:00,2.744355217,cj.com,2021-10-26T17:24:37.287+0500,,,-
2021-10-26T17:24:45.680+05:00,6.609047868,cj.com,2021-10-26T17:24:37.287+0500,,,-
2021-10-26T17:24:46.182+05:00,5.917300955,cj.com,2021-10-26T17:24:37.287+0500,,,-
2021-10-26T17:24:46.683+05:00,3.63715466,cj.com,2021-10-26T17:24:37.287+0500,,,-
2021-10-26T17:24:47.186+05:00,5.988327226,cj.com,2021-10-26T17:24:37.287+0500,,,-
2021-10-26T17:24:47.687+05:00,4.736659632,cj.com,2021-10-26T17:24:37.287+0500,,,-
2021-10-26T17:24:48.189+05:00,6.888193744,cj.com,2021-10-26T17:24:37.287+0500,,,-
2021-10-26T17:24:48.691+05:00,3.584898027,cj.com,2021-10-26T17:24:37.287+0500,,,-
2021-10-26T17:24:49.192+05:00,2.587312489,cj.com,2021-10-26T17:24:37.287+0500,,,-
2021-10-26T17:24:49.694+05:00,2.786853841,cj.com,2021-10-26T17:24:37.287+0500,,,-
2021-10-26T17:24:50.195+05:00,6.077345533,cj.com,2021-10-26T17:24:37.287+0500,,,-
2021-10-26T17:24:50.697+05:00,7.496626252,cj.com,2021-10-26T17:24:37.287+0500,,,-
2021-10-26T17:24:51.199+05:00,4.505041189,cj.com,2021-10-26T17:24:37.287+0500,,,-
2021-10-26T17:24:51.700+05:00,1.731663485,cj.com,2021-10-26T17:24:37.287+0500,,,-
2021-10-26T17:24:52.202+05:00,1.140105059,cj.com,2021-10-26T17:24:37.287+0500,,,-
2021-10-26T17:24:52.704+05:00,10.89056355,cj.com,2021-10-26T17:24:37.287+0500,,,-
2021-10-26T17:24:53.206+05:00,5.508829675,cj.com,2021-10-26T17:24:37.287+0500,,,-
2021-10-26T17:24:53.707+05:00,4.438854676,cj.com,2021-10-26T17:24:37.287+0500,,,-
2021-10-26T17:24:54.210+05:00,5.887143635,cj.com,2021-10-26T17:24:37.287+0500,,,-
2021-10-26T17:24:54.711+05:00,7.782718551,cj.com,2021-10-26T17:24:37.287+0500,,,-
2021-10-26T17:24:55.218+05:00,5.400173942,cj.com,2021-10-26T17:24:37.287+0500,,,-
2021-10-26T17:24:55.720+05:00,13.58178096,iqbroker.com,2021-10-26T17:24:55.351+0500,298.3225223,36,8.28673673
2021-10-26T17:24:56.222+05:00,4.40807674,iqbroker.com,2021-10-26T17:24:55.351+0500,,,-
2021-10-26T17:24:56.723+05:00,12.09786565,iqbroker.com,2021-10-26T17:24:55.351+0500,,,-
2021-10-26T17:24:57.224+05:00,16.09425356,iqbroker.com,2021-10-26T17:24:55.351+0500,,,-
2021-10-26T17:24:57.726+05:00,19.13376019,iqbroker.com,2021-10-26T17:24:55.351+0500,,,-
2021-10-26T17:24:58.227+05:00,10.58024041,iqbroker.com,2021-10-26T17:24:55.351+0500,,,-
2021-10-26T17:24:58.729+05:00,5.730146988,iqbroker.com,2021-10-26T17:24:55.351+0500,,,-
2021-10-26T17:24:59.230+05:00,5.942234095,iqbroker.com,2021-10-26T17:24:55.351+0500,,,-
2021-10-26T17:24:59.731+05:00,7.364953726,iqbroker.com,2021-10-26T17:24:55.351+0500,,,-
2021-10-26T17:25:00.232+05:00,14.80190705,iqbroker.com,2021-10-26T17:24:55.351+0500,,,-
2021-10-26T17:25:00.734+05:00,5.153501552,iqbroker.com,2021-10-26T17:24:55.351+0500,,,-
2021-10-26T17:25:01.235+05:00,15.05733984,iqbroker.com,2021-10-26T17:24:55.351+0500,,,-
2021-10-26T17:25:01.736+05:00,9.822444371,iqbroker.com,2021-10-26T17:24:55.351+0500,,,-
2021-10-26T17:25:02.238+05:00,8.171081701,iqbroker.com,2021-10-26T17:24:55.351+0500,,,-
2021-10-26T17:25:02.740+05:00,8.103947421,iqbroker.com,2021-10-26T17:24:55.351+0500,,,-
2021-10-26T17:25:03.241+05:00,6.636389312,iqbroker.com,2021-10-26T17:24:55.351+0500,,,-
2021-10-26T17:25:03.743+05:00,9.095413603,iqbroker.com,2021-10-26T17:24:55.351+0500,,,-
2021-10-26T17:25:04.244+05:00,6.727594483,iqbroker.com,2021-10-26T17:24:55.351+0500,,,-
2021-10-26T17:25:04.746+05:00,3.284044156,iqbroker.com,2021-10-26T17:24:55.351+0500,,,-
2021-10-26T17:25:05.247+05:00,6.077103904,iqbroker.com,2021-10-26T17:24:55.351+0500,,,-
2021-10-26T17:25:05.748+05:00,8.38834321,iqbroker.com,2021-10-26T17:24:55.351+0500,,,-
2021-10-26T17:25:06.250+05:00,7.533176089,iqbroker.com,2021-10-26T17:24:55.351+0500,,,-
2021-10-26T17:25:06.751+05:00,5.742933934,iqbroker.com,2021-10-26T17:24:55.351+0500,,,-
2021-10-26T17:25:07.253+05:00,6.868341466,iqbroker.com,2021-10-26T17:24:55.351+0500,,,-
2021-10-26T17:25:07.754+05:00,9.583465267,iqbroker.com,2021-10-26T17:24:55.351+0500,,,-
2021-10-26T17:25:08.255+05:00,7.53636948,iqbroker.com,2021-10-26T17:24:55.351+0500,,,-
2021-10-26T17:25:08.757+05:00,11.81327963,iqbroker.com,2021-10-26T17:24:55.351+0500,,,-
2021-10-26T17:25:09.260+05:00,5.693013694,iqbroker.com,2021-10-26T17:24:55.351+0500,,,-
2021-10-26T17:25:09.761+05:00,1.939422503,iqbroker.com,2021-10-26T17:24:55.351+0500,,,-
2021-10-26T17:25:10.263+05:00,2.688213614,iqbroker.com,2021-10-26T17:24:55.351+0500,,,-
2021-10-26T17:25:10.765+05:00,12.44794739,iqbroker.com,2021-10-26T17:24:55.351+0500,,,-
2021-10-26T17:25:11.267+05:00,4.924347154,iqbroker.com,2021-10-26T17:24:55.351+0500,,,-
2021-10-26T17:25:11.769+05:00,5.727093624,iqbroker.com,2021-10-26T17:24:55.351+0500,,,-
2021-10-26T17:25:12.271+05:00,7.409501906,iqbroker.com,2021-10-26T17:24:55.351+0500,,,-
2021-10-26T17:25:12.773+05:00,4.684047222,iqbroker.com,2021-10-26T17:24:55.351+0500,,,-
2021-10-26T17:25:13.274+05:00,7.478946366,iqbroker.com,2021-10-26T17:24:55.351+0500,,,-
2021-10-26T17:25:13.776+05:00,15.38961482,ask.com,2021-10-26T17:25:13.419+0500,317.8664134,36,8.829622594
2021-10-26T17:25:14.278+05:00,4.592307259,ask.com,2021-10-26T17:25:13.419+0500,,,-
2021-10-26T17:25:14.780+05:00,9.731276086,ask.com,2021-10-26T17:25:13.419+0500,,,-
2021-10-26T17:25:15.281+05:00,8.455188441,ask.com,2021-10-26T17:25:13.419+0500,,,-
2021-10-26T17:25:15.782+05:00,13.61837287,ask.com,2021-10-26T17:25:13.419+0500,,,-
2021-10-26T17:25:16.288+05:00,8.940050873,ask.com,2021-10-26T17:25:13.419+0500,,,-
2021-10-26T17:25:16.790+05:00,6.835848694,ask.com,2021-10-26T17:25:13.419+0500,,,-
2021-10-26T17:25:17.291+05:00,8.281140334,ask.com,2021-10-26T17:25:13.419+0500,,,-
2021-10-26T17:25:17.792+05:00,7.630811961,ask.com,2021-10-26T17:25:13.419+0500,,,-
2021-10-26T17:25:18.293+05:00,14.58801923,ask.com,2021-10-26T17:25:13.419+0500,,,-
2021-10-26T17:25:18.794+05:00,10.09617217,ask.com,2021-10-26T17:25:13.419+0500,,,-
2021-10-26T17:25:19.296+05:00,8.817227766,ask.com,2021-10-26T17:25:13.419+0500,,,-
2021-10-26T17:25:19.796+05:00,8.361063441,ask.com,2021-10-26T17:25:13.419+0500,,,-
2021-10-26T17:25:20.298+05:00,7.799647917,ask.com,2021-10-26T17:25:13.419+0500,,,-
2021-10-26T17:25:20.800+05:00,5.321161669,ask.com,2021-10-26T17:25:13.419+0500,,,-
2021-10-26T17:25:21.302+05:00,10.10503798,ask.com,2021-10-26T17:25:13.419+0500,,,-
2021-10-26T17:25:21.804+05:00,5.339969322,ask.com,2021-10-26T17:25:13.419+0500,,,-
2021-10-26T17:25:22.305+05:00,5.101554436,ask.com,2021-10-26T17:25:13.419+0500,,,-
2021-10-26T17:25:22.807+05:00,1.944575914,ask.com,2021-10-26T17:25:13.419+0500,,,-
2021-10-26T17:25:23.310+05:00,6.339854153,ask.com,2021-10-26T17:25:13.419+0500,,,-
2021-10-26T17:25:23.811+05:00,0.591676176,ask.com,2021-10-26T17:25:13.419+0500,,,-
2021-10-26T17:25:24.313+05:00,2.516873109,ask.com,2021-10-26T17:25:13.419+0500,,,-
2021-10-26T17:25:24.814+05:00,7.918193146,ask.com,2021-10-26T17:25:13.419+0500,,,-
2021-10-26T17:25:25.315+05:00,11.00631628,ask.com,2021-10-26T17:25:13.419+0500,,,-
2021-10-26T17:25:25.816+05:00,10.45438321,ask.com,2021-10-26T17:25:13.419+0500,,,-
2021-10-26T17:25:26.317+05:00,14.18985127,ask.com,2021-10-26T17:25:13.419+0500,,,-
2021-10-26T17:25:26.819+05:00,21.26913769,ask.com,2021-10-26T17:25:13.419+0500,,,-
2021-10-26T17:25:27.320+05:00,12.5445948,ask.com,2021-10-26T17:25:13.419+0500,,,-
2021-10-26T17:25:27.822+05:00,11.28818968,ask.com,2021-10-26T17:25:13.419+0500,,,-
2021-10-26T17:25:28.323+05:00,10.13763144,ask.com,2021-10-26T17:25:13.419+0500,,,-
2021-10-26T17:25:28.824+05:00,20.69589234,ask.com,2021-10-26T17:25:13.419+0500,,,-
2021-10-26T17:25:29.325+05:00,6.078889448,ask.com,2021-10-26T17:25:13.419+0500,,,-
2021-10-26T17:25:29.826+05:00,5.286998211,ask.com,2021-10-26T17:25:13.419+0500,,,-
2021-10-26T17:25:30.327+05:00,6.408327692,ask.com,2021-10-26T17:25:13.419+0500,,,-
2021-10-26T17:25:30.829+05:00,4.492428801,ask.com,2021-10-26T17:25:13.419+0500,,,-
2021-10-26T17:25:31.331+05:00,5.698134738,ask.com,2021-10-26T17:25:13.419+0500,,,-
2021-10-26T17:25:31.832+05:00,12.04764789,blackboard.com,2021-10-26T17:25:31.481+0500,230.1347222,36,6.392631173
2021-10-26T17:25:32.334+05:00,4.211849229,blackboard.com,2021-10-26T17:25:31.481+0500,,,-
2021-10-26T17:25:32.836+05:00,5.628013599,blackboard.com,2021-10-26T17:25:31.481+0500,,,-
2021-10-26T17:25:33.338+05:00,8.276079022,blackboard.com,2021-10-26T17:25:31.481+0500,,,-
2021-10-26T17:25:33.839+05:00,9.086745352,blackboard.com,2021-10-26T17:25:31.481+0500,,,-
2021-10-26T17:25:34.340+05:00,19.66564839,blackboard.com,2021-10-26T17:25:31.481+0500,,,-
2021-10-26T17:25:34.841+05:00,8.287080606,blackboard.com,2021-10-26T17:25:31.481+0500,,,-
2021-10-26T17:25:35.343+05:00,23.17373611,blackboard.com,2021-10-26T17:25:31.481+0500,,,-
2021-10-26T17:25:35.844+05:00,8.840838201,blackboard.com,2021-10-26T17:25:31.481+0500,,,-
2021-10-26T17:25:36.347+05:00,7.070100319,blackboard.com,2021-10-26T17:25:31.481+0500,,,-
2021-10-26T17:25:36.848+05:00,7.552279282,blackboard.com,2021-10-26T17:25:31.481+0500,,,-
2021-10-26T17:25:37.354+05:00,7.516579341,blackboard.com,2021-10-26T17:25:31.481+0500,,,-
2021-10-26T17:25:37.855+05:00,4.407463397,blackboard.com,2021-10-26T17:25:31.481+0500,,,-
2021-10-26T17:25:38.356+05:00,4.23563208,blackboard.com,2021-10-26T17:25:31.481+0500,,,-
2021-10-26T17:25:38.858+05:00,3.908574397,blackboard.com,2021-10-26T17:25:31.481+0500,,,-
2021-10-26T17:25:39.360+05:00,7.928118242,blackboard.com,2021-10-26T17:25:31.481+0500,,,-
2021-10-26T17:25:39.861+05:00,9.088477477,blackboard.com,2021-10-26T17:25:31.481+0500,,,-
2021-10-26T17:25:40.362+05:00,4.700640408,blackboard.com,2021-10-26T17:25:31.481+0500,,,-
2021-10-26T17:25:40.864+05:00,4.32100392,blackboard.com,2021-10-26T17:25:31.481+0500,,,-
2021-10-26T17:25:41.366+05:00,4.664137039,blackboard.com,2021-10-26T17:25:31.481+0500,,,-
2021-10-26T17:25:41.868+05:00,0.8409296,blackboard.com,2021-10-26T17:25:31.481+0500,,,-
2021-10-26T17:25:42.369+05:00,4.977207817,blackboard.com,2021-10-26T17:25:31.481+0500,,,-
2021-10-26T17:25:42.870+05:00,2.942754445,blackboard.com,2021-10-26T17:25:31.481+0500,,,-
2021-10-26T17:25:43.372+05:00,3.180544504,blackboard.com,2021-10-26T17:25:31.481+0500,,,-
2021-10-26T17:25:43.873+05:00,1.148339803,blackboard.com,2021-10-26T17:25:31.481+0500,,,-
2021-10-26T17:25:44.374+05:00,3.916876518,blackboard.com,2021-10-26T17:25:31.481+0500,,,-
2021-10-26T17:25:44.874+05:00,2.554435764,blackboard.com,2021-10-26T17:25:31.481+0500,,,-
2021-10-26T17:25:45.375+05:00,2.926859872,blackboard.com,2021-10-26T17:25:31.481+0500,,,-
2021-10-26T17:25:45.876+05:00,1.111504759,blackboard.com,2021-10-26T17:25:31.481+0500,,,-
2021-10-26T17:25:46.377+05:00,3.137992145,blackboard.com,2021-10-26T17:25:31.481+0500,,,-
2021-10-26T17:25:46.878+05:00,11.18330236,blackboard.com,2021-10-26T17:25:31.481+0500,,,-
2021-10-26T17:25:47.380+05:00,5.134561141,blackboard.com,2021-10-26T17:25:31.481+0500,,,-
2021-10-26T17:25:47.881+05:00,5.50624692,blackboard.com,2021-10-26T17:25:31.481+0500,,,-
2021-10-26T17:25:48.382+05:00,6.446633372,blackboard.com,2021-10-26T17:25:31.481+0500,,,-
2021-10-26T17:25:48.884+05:00,5.36441674,blackboard.com,2021-10-26T17:25:31.481+0500,,,-
2021-10-26T17:25:49.385+05:00,5.151472183,blackboard.com,2021-10-26T17:25:31.481+0500,,,-
2021-10-26T17:25:49.886+05:00,12.58603687,etrade.com,2021-10-26T17:25:49.548+0500,226.0842175,36,6.280117152
2021-10-26T17:25:50.388+05:00,4.224200507,etrade.com,2021-10-26T17:25:49.548+0500,,,-
2021-10-26T17:25:50.889+05:00,4.285476109,etrade.com,2021-10-26T17:25:49.548+0500,,,-
2021-10-26T17:25:51.390+05:00,2.393906118,etrade.com,2021-10-26T17:25:49.548+0500,,,-
2021-10-26T17:25:51.892+05:00,2.486757301,etrade.com,2021-10-26T17:25:49.548+0500,,,-
2021-10-26T17:25:52.393+05:00,9.27366482,etrade.com,2021-10-26T17:25:49.548+0500,,,-
2021-10-26T17:25:52.895+05:00,3.341309067,etrade.com,2021-10-26T17:25:49.548+0500,,,-
2021-10-26T17:25:53.397+05:00,3.536332044,etrade.com,2021-10-26T17:25:49.548+0500,,,-
2021-10-26T17:25:53.898+05:00,3.814995714,etrade.com,2021-10-26T17:25:49.548+0500,,,-
2021-10-26T17:25:54.399+05:00,5.998882899,etrade.com,2021-10-26T17:25:49.548+0500,,,-
2021-10-26T17:25:54.901+05:00,11.08187184,etrade.com,2021-10-26T17:25:49.548+0500,,,-
2021-10-26T17:25:55.403+05:00,5.545809101,etrade.com,2021-10-26T17:25:49.548+0500,,,-
2021-10-26T17:25:55.904+05:00,4.649669273,etrade.com,2021-10-26T17:25:49.548+0500,,,-
2021-10-26T17:25:56.406+05:00,2.444771277,etrade.com,2021-10-26T17:25:49.548+0500,,,-
2021-10-26T17:25:56.908+05:00,4.209946532,etrade.com,2021-10-26T17:25:49.548+0500,,,-
2021-10-26T17:25:57.413+05:00,6.616626267,etrade.com,2021-10-26T17:25:49.548+0500,,,-
2021-10-26T17:25:57.914+05:00,3.419645365,etrade.com,2021-10-26T17:25:49.548+0500,,,-
2021-10-26T17:25:58.415+05:00,4.050769743,etrade.com,2021-10-26T17:25:49.548+0500,,,-
2021-10-26T17:25:58.916+05:00,5.780108735,etrade.com,2021-10-26T17:25:49.548+0500,,,-
2021-10-26T17:25:59.417+05:00,12.07074862,etrade.com,2021-10-26T17:25:49.548+0500,,,-
2021-10-26T17:25:59.919+05:00,14.26120755,etrade.com,2021-10-26T17:25:49.548+0500,,,-
2021-10-26T17:26:00.419+05:00,12.00418758,etrade.com,2021-10-26T17:25:49.548+0500,,,-
2021-10-26T17:26:00.921+05:00,7.957405988,etrade.com,2021-10-26T17:25:49.548+0500,,,-
2021-10-26T17:26:01.422+05:00,8.87018578,etrade.com,2021-10-26T17:25:49.548+0500,,,-
2021-10-26T17:26:01.923+05:00,9.976269083,etrade.com,2021-10-26T17:25:49.548+0500,,,-
2021-10-26T17:26:02.424+05:00,4.987201759,etrade.com,2021-10-26T17:25:49.548+0500,,,-
2021-10-26T17:26:02.926+05:00,6.165030121,etrade.com,2021-10-26T17:25:49.548+0500,,,-
2021-10-26T17:26:03.427+05:00,6.688997494,etrade.com,2021-10-26T17:25:49.548+0500,,,-
2021-10-26T17:26:03.928+05:00,3.027767912,etrade.com,2021-10-26T17:25:49.548+0500,,,-
2021-10-26T17:26:04.430+05:00,1.919403676,etrade.com,2021-10-26T17:25:49.548+0500,,,-
2021-10-26T17:26:04.933+05:00,11.6458529,etrade.com,2021-10-26T17:25:49.548+0500,,,-
2021-10-26T17:26:05.435+05:00,5.154036532,etrade.com,2021-10-26T17:25:49.548+0500,,,-
2021-10-26T17:26:05.936+05:00,6.974387196,etrade.com,2021-10-26T17:25:49.548+0500,,,-
2021-10-26T17:26:06.438+05:00,6.778735975,etrade.com,2021-10-26T17:25:49.548+0500,,,-
2021-10-26T17:26:06.940+05:00,3.805185367,etrade.com,2021-10-26T17:25:49.548+0500,,,-
2021-10-26T17:26:07.442+05:00,4.056834354,etrade.com,2021-10-26T17:25:49.548+0500,,,-
2021-10-26T17:26:07.943+05:00,12.0015156,gmx.net,2021-10-26T17:26:07.609+0500,172.7454408,36,4.798484465
2021-10-26T17:26:08.444+05:00,3.730072815,gmx.net,2021-10-26T17:26:07.609+0500,,,-
2021-10-26T17:26:08.946+05:00,4.523215667,gmx.net,2021-10-26T17:26:07.609+0500,,,-
2021-10-26T17:26:09.447+05:00,2.554037985,gmx.net,2021-10-26T17:26:07.609+0500,,,-
2021-10-26T17:26:09.948+05:00,8.103093376,gmx.net,2021-10-26T17:26:07.609+0500,,,-
2021-10-26T17:26:10.449+05:00,10.90408677,gmx.net,2021-10-26T17:26:07.609+0500,,,-
2021-10-26T17:26:10.950+05:00,5.010232846,gmx.net,2021-10-26T17:26:07.609+0500,,,-
2021-10-26T17:26:11.451+05:00,8.576892282,gmx.net,2021-10-26T17:26:07.609+0500,,,-
2021-10-26T17:26:11.952+05:00,9.178295853,gmx.net,2021-10-26T17:26:07.609+0500,,,-
2021-10-26T17:26:12.453+05:00,5.421326964,gmx.net,2021-10-26T17:26:07.609+0500,,,-
2021-10-26T17:26:12.954+05:00,6.758746514,gmx.net,2021-10-26T17:26:07.609+0500,,,-
2021-10-26T17:26:13.455+05:00,8.807635379,gmx.net,2021-10-26T17:26:07.609+0500,,,-
2021-10-26T17:26:13.956+05:00,4.840771566,gmx.net,2021-10-26T17:26:07.609+0500,,,-
2021-10-26T17:26:14.457+05:00,3.678202214,gmx.net,2021-10-26T17:26:07.609+0500,,,-
2021-10-26T17:26:14.958+05:00,8.360005376,gmx.net,2021-10-26T17:26:07.609+0500,,,-
2021-10-26T17:26:15.460+05:00,5.000469258,gmx.net,2021-10-26T17:26:07.609+0500,,,-
2021-10-26T17:26:15.961+05:00,1.75685725,gmx.net,2021-10-26T17:26:07.609+0500,,,-
2021-10-26T17:26:16.462+05:00,2.938185249,gmx.net,2021-10-26T17:26:07.609+0500,,,-
2021-10-26T17:26:16.964+05:00,0.227207896,gmx.net,2021-10-26T17:26:07.609+0500,,,-
2021-10-26T17:26:17.465+05:00,1.138163826,gmx.net,2021-10-26T17:26:07.609+0500,,,-
2021-10-26T17:26:17.966+05:00,2.835829745,gmx.net,2021-10-26T17:26:07.609+0500,,,-
2021-10-26T17:26:18.473+05:00,1.371288824,gmx.net,2021-10-26T17:26:07.609+0500,,,-
2021-10-26T17:26:18.976+05:00,0.113157496,gmx.net,2021-10-26T17:26:07.609+0500,,,-
2021-10-26T17:26:19.477+05:00,4.195925587,gmx.net,2021-10-26T17:26:07.609+0500,,,-
2021-10-26T17:26:19.979+05:00,0.230080989,gmx.net,2021-10-26T17:26:07.609+0500,,,-
2021-10-26T17:26:20.480+05:00,1.014917733,gmx.net,2021-10-26T17:26:07.609+0500,,,-
2021-10-26T17:26:20.982+05:00,1.184749357,gmx.net,2021-10-26T17:26:07.609+0500,,,-
2021-10-26T17:26:21.483+05:00,2.377677657,gmx.net,2021-10-26T17:26:07.609+0500,,,-
2021-10-26T17:26:21.984+05:00,0.574229001,gmx.net,2021-10-26T17:26:07.609+0500,,,-
2021-10-26T17:26:22.485+05:00,1.203766374,gmx.net,2021-10-26T17:26:07.609+0500,,,-
2021-10-26T17:26:22.986+05:00,9.772173828,gmx.net,2021-10-26T17:26:07.609+0500,,,-
2021-10-26T17:26:23.488+05:00,8.686763668,gmx.net,2021-10-26T17:26:07.609+0500,,,-
2021-10-26T17:26:23.989+05:00,8.142060733,gmx.net,2021-10-26T17:26:07.609+0500,,,-
2021-10-26T17:26:24.490+05:00,5.920767849,gmx.net,2021-10-26T17:26:07.609+0500,,,-
2021-10-26T17:26:24.992+05:00,5.440510665,gmx.net,2021-10-26T17:26:07.609+0500,,,-
2021-10-26T17:26:25.493+05:00,6.172526565,gmx.net,2021-10-26T17:26:07.609+0500,,,-
2021-10-26T17:26:25.996+05:00,14.08714638,note.com,2021-10-26T17:26:25.675+0500,356.8750448,36,9.913195689
2021-10-26T17:26:26.498+05:00,4.053716747,note.com,2021-10-26T17:26:25.675+0500,,,-
2021-10-26T17:26:27.000+05:00,3.629881254,note.com,2021-10-26T17:26:25.675+0500,,,-
2021-10-26T17:26:27.501+05:00,5.003778612,note.com,2021-10-26T17:26:25.675+0500,,,-
2021-10-26T17:26:28.001+05:00,10.50587851,note.com,2021-10-26T17:26:25.675+0500,,,-
2021-10-26T17:26:28.502+05:00,7.72686273,note.com,2021-10-26T17:26:25.675+0500,,,-
2021-10-26T17:26:29.003+05:00,4.251934652,note.com,2021-10-26T17:26:25.675+0500,,,-
2021-10-26T17:26:29.504+05:00,5.071357834,note.com,2021-10-26T17:26:25.675+0500,,,-
2021-10-26T17:26:30.005+05:00,5.912259457,note.com,2021-10-26T17:26:25.675+0500,,,-
2021-10-26T17:26:30.506+05:00,21.08208148,note.com,2021-10-26T17:26:25.675+0500,,,-
2021-10-26T17:26:31.007+05:00,24.8245858,note.com,2021-10-26T17:26:25.675+0500,,,-
2021-10-26T17:26:31.508+05:00,5.792500439,note.com,2021-10-26T17:26:25.675+0500,,,-
2021-10-26T17:26:32.009+05:00,6.278072949,note.com,2021-10-26T17:26:25.675+0500,,,-
2021-10-26T17:26:32.510+05:00,13.49995959,note.com,2021-10-26T17:26:25.675+0500,,,-
2021-10-26T17:26:33.011+05:00,27.80669783,note.com,2021-10-26T17:26:25.675+0500,,,-
2021-10-26T17:26:33.512+05:00,12.95163522,note.com,2021-10-26T17:26:25.675+0500,,,-
2021-10-26T17:26:34.013+05:00,11.93459349,note.com,2021-10-26T17:26:25.675+0500,,,-
2021-10-26T17:26:34.514+05:00,10.48541214,note.com,2021-10-26T17:26:25.675+0500,,,-
2021-10-26T17:26:35.015+05:00,10.82547799,note.com,2021-10-26T17:26:25.675+0500,,,-
2021-10-26T17:26:35.516+05:00,10.82832156,note.com,2021-10-26T17:26:25.675+0500,,,-
2021-10-26T17:26:36.017+05:00,11.02431161,note.com,2021-10-26T17:26:25.675+0500,,,-
2021-10-26T17:26:36.518+05:00,9.094883791,note.com,2021-10-26T17:26:25.675+0500,,,-
2021-10-26T17:26:37.019+05:00,11.75734442,note.com,2021-10-26T17:26:25.675+0500,,,-
2021-10-26T17:26:37.521+05:00,12.28008115,note.com,2021-10-26T17:26:25.675+0500,,,-
2021-10-26T17:26:38.022+05:00,10.67007301,note.com,2021-10-26T17:26:25.675+0500,,,-
2021-10-26T17:26:38.524+05:00,8.930894939,note.com,2021-10-26T17:26:25.675+0500,,,-
2021-10-26T17:26:39.025+05:00,9.734825401,note.com,2021-10-26T17:26:25.675+0500,,,-
2021-10-26T17:26:39.532+05:00,9.110946141,note.com,2021-10-26T17:26:25.675+0500,,,-
2021-10-26T17:26:40.033+05:00,8.675641359,note.com,2021-10-26T17:26:25.675+0500,,,-
2021-10-26T17:26:40.534+05:00,9.360370344,note.com,2021-10-26T17:26:25.675+0500,,,-
2021-10-26T17:26:41.035+05:00,13.11146323,note.com,2021-10-26T17:26:25.675+0500,,,-
2021-10-26T17:26:41.536+05:00,5.674275017,note.com,2021-10-26T17:26:25.675+0500,,,-
2021-10-26T17:26:42.038+05:00,4.577446558,note.com,2021-10-26T17:26:25.675+0500,,,-
2021-10-26T17:26:42.539+05:00,5.046749286,note.com,2021-10-26T17:26:25.675+0500,,,-
2021-10-26T17:26:43.040+05:00,5.659868459,note.com,2021-10-26T17:26:25.675+0500,,,-
2021-10-26T17:26:43.542+05:00,5.613715412,note.com,2021-10-26T17:26:25.675+0500,,,-
2021-10-26T17:26:44.044+05:00,12.07822166,mercadolivre.com.br,2021-10-26T17:26:43.736+0500,114.9128709,36,3.192024192
2021-10-26T17:26:44.546+05:00,3.046822212,mercadolivre.com.br,2021-10-26T17:26:43.736+0500,,,-
2021-10-26T17:26:45.048+05:00,3.282036311,mercadolivre.com.br,2021-10-26T17:26:43.736+0500,,,-
2021-10-26T17:26:45.550+05:00,4.180330476,mercadolivre.com.br,2021-10-26T17:26:43.736+0500,,,-
2021-10-26T17:26:46.052+05:00,2.699683436,mercadolivre.com.br,2021-10-26T17:26:43.736+0500,,,-
2021-10-26T17:26:46.554+05:00,1.621852385,mercadolivre.com.br,2021-10-26T17:26:43.736+0500,,,-
2021-10-26T17:26:47.056+05:00,1.64380226,mercadolivre.com.br,2021-10-26T17:26:43.736+0500,,,-
2021-10-26T17:26:47.558+05:00,3.344953637,mercadolivre.com.br,2021-10-26T17:26:43.736+0500,,,-
2021-10-26T17:26:48.060+05:00,2.776338833,mercadolivre.com.br,2021-10-26T17:26:43.736+0500,,,-
2021-10-26T17:26:48.561+05:00,1.876066003,mercadolivre.com.br,2021-10-26T17:26:43.736+0500,,,-
2021-10-26T17:26:49.063+05:00,2.350851513,mercadolivre.com.br,2021-10-26T17:26:43.736+0500,,,-
2021-10-26T17:26:49.565+05:00,3.221015632,mercadolivre.com.br,2021-10-26T17:26:43.736+0500,,,-
2021-10-26T17:26:50.066+05:00,1.965763103,mercadolivre.com.br,2021-10-26T17:26:43.736+0500,,,-
2021-10-26T17:26:50.568+05:00,1.730665907,mercadolivre.com.br,2021-10-26T17:26:43.736+0500,,,-
2021-10-26T17:26:51.071+05:00,1.418791288,mercadolivre.com.br,2021-10-26T17:26:43.736+0500,,,-
2021-10-26T17:26:51.573+05:00,2.478380615,mercadolivre.com.br,2021-10-26T17:26:43.736+0500,,,-
2021-10-26T17:26:52.075+05:00,1.924772649,mercadolivre.com.br,2021-10-26T17:26:43.736+0500,,,-
2021-10-26T17:26:52.577+05:00,1.755334765,mercadolivre.com.br,2021-10-26T17:26:43.736+0500,,,-
2021-10-26T17:26:53.079+05:00,1.137213557,mercadolivre.com.br,2021-10-26T17:26:43.736+0500,,,-
2021-10-26T17:26:53.581+05:00,2.546989447,mercadolivre.com.br,2021-10-26T17:26:43.736+0500,,,-
2021-10-26T17:26:54.082+05:00,2.474927389,mercadolivre.com.br,2021-10-26T17:26:43.736+0500,,,-
2021-10-26T17:26:54.584+05:00,1.845840834,mercadolivre.com.br,2021-10-26T17:26:43.736+0500,,,-
2021-10-26T17:26:55.086+05:00,1.293491483,mercadolivre.com.br,2021-10-26T17:26:43.736+0500,,,-
2021-10-26T17:26:55.588+05:00,3.198564155,mercadolivre.com.br,2021-10-26T17:26:43.736+0500,,,-
2021-10-26T17:26:56.090+05:00,1.026638576,mercadolivre.com.br,2021-10-26T17:26:43.736+0500,,,-
2021-10-26T17:26:56.592+05:00,1.284252698,mercadolivre.com.br,2021-10-26T17:26:43.736+0500,,,-
2021-10-26T17:26:57.093+05:00,1.863095104,mercadolivre.com.br,2021-10-26T17:26:43.736+0500,,,-
2021-10-26T17:26:57.595+05:00,3.12569161,mercadolivre.com.br,2021-10-26T17:26:43.736+0500,,,-
2021-10-26T17:26:58.098+05:00,0.997065516,mercadolivre.com.br,2021-10-26T17:26:43.736+0500,,,-
2021-10-26T17:26:58.599+05:00,1.675083578,mercadolivre.com.br,2021-10-26T17:26:43.736+0500,,,-
2021-10-26T17:26:59.101+05:00,10.55509132,mercadolivre.com.br,2021-10-26T17:26:43.736+0500,,,-
2021-10-26T17:26:59.610+05:00,5.855231681,mercadolivre.com.br,2021-10-26T17:26:43.736+0500,,,-
2021-10-26T17:27:00.112+05:00,5.21644266,mercadolivre.com.br,2021-10-26T17:26:43.736+0500,,,-
2021-10-26T17:27:00.614+05:00,4.430925934,mercadolivre.com.br,2021-10-26T17:26:43.736+0500,,,-
2021-10-26T17:27:01.116+05:00,4.51571345,mercadolivre.com.br,2021-10-26T17:26:43.736+0500,,,-
2021-10-26T17:27:01.618+05:00,8.474929244,mercadolivre.com.br,2021-10-26T17:26:43.736+0500,,,-
2021-10-26T17:27:02.120+05:00,12.85336474,11st.co.kr,2021-10-26T17:27:01.794+0500,275.5506348,36,7.6541843
2021-10-26T17:27:02.622+05:00,3.017184709,11st.co.kr,2021-10-26T17:27:01.794+0500,,,-
2021-10-26T17:27:03.123+05:00,6.289176475,11st.co.kr,2021-10-26T17:27:01.794+0500,,,-
2021-10-26T17:27:03.625+05:00,6.537489092,11st.co.kr,2021-10-26T17:27:01.794+0500,,,-
2021-10-26T17:27:04.126+05:00,2.83118114,11st.co.kr,2021-10-26T17:27:01.794+0500,,,-
2021-10-26T17:27:04.629+05:00,1.721566548,11st.co.kr,2021-10-26T17:27:01.794+0500,,,-
2021-10-26T17:27:05.131+05:00,6.61040381,11st.co.kr,2021-10-26T17:27:01.794+0500,,,-
2021-10-26T17:27:05.633+05:00,6.219752399,11st.co.kr,2021-10-26T17:27:01.794+0500,,,-
2021-10-26T17:27:06.135+05:00,7.211515822,11st.co.kr,2021-10-26T17:27:01.794+0500,,,-
2021-10-26T17:27:06.637+05:00,3.95072203,11st.co.kr,2021-10-26T17:27:01.794+0500,,,-
2021-10-26T17:27:07.139+05:00,1.529442336,11st.co.kr,2021-10-26T17:27:01.794+0500,,,-
2021-10-26T17:27:07.641+05:00,3.239470183,11st.co.kr,2021-10-26T17:27:01.794+0500,,,-
2021-10-26T17:27:08.143+05:00,1.543371767,11st.co.kr,2021-10-26T17:27:01.794+0500,,,-
2021-10-26T17:27:08.645+05:00,3.710846698,11st.co.kr,2021-10-26T17:27:01.794+0500,,,-
2021-10-26T17:27:09.148+05:00,4.136547128,11st.co.kr,2021-10-26T17:27:01.794+0500,,,-
2021-10-26T17:27:09.650+05:00,3.692053216,11st.co.kr,2021-10-26T17:27:01.794+0500,,,-
2021-10-26T17:27:10.151+05:00,4.751487232,11st.co.kr,2021-10-26T17:27:01.794+0500,,,-
2021-10-26T17:27:10.653+05:00,2.846880653,11st.co.kr,2021-10-26T17:27:01.794+0500,,,-
2021-10-26T17:27:11.155+05:00,2.216193835,11st.co.kr,2021-10-26T17:27:01.794+0500,,,-
2021-10-26T17:27:11.656+05:00,10.87722136,11st.co.kr,2021-10-26T17:27:01.794+0500,,,-
2021-10-26T17:27:12.157+05:00,10.47229829,11st.co.kr,2021-10-26T17:27:01.794+0500,,,-
2021-10-26T17:27:12.658+05:00,15.24406216,11st.co.kr,2021-10-26T17:27:01.794+0500,,,-
2021-10-26T17:27:13.160+05:00,13.54548846,11st.co.kr,2021-10-26T17:27:01.794+0500,,,-
2021-10-26T17:27:13.662+05:00,7.073384238,11st.co.kr,2021-10-26T17:27:01.794+0500,,,-
2021-10-26T17:27:14.162+05:00,13.62569774,11st.co.kr,2021-10-26T17:27:01.794+0500,,,-
2021-10-26T17:27:14.664+05:00,26.063844,11st.co.kr,2021-10-26T17:27:01.794+0500,,,-
2021-10-26T17:27:15.165+05:00,13.50846927,11st.co.kr,2021-10-26T17:27:01.794+0500,,,-
2021-10-26T17:27:15.666+05:00,11.33140596,11st.co.kr,2021-10-26T17:27:01.794+0500,,,-
2021-10-26T17:27:16.167+05:00,11.76819217,11st.co.kr,2021-10-26T17:27:01.794+0500,,,-
2021-10-26T17:27:16.669+05:00,13.74187171,11st.co.kr,2021-10-26T17:27:01.794+0500,,,-
2021-10-26T17:27:17.170+05:00,16.3126897,11st.co.kr,2021-10-26T17:27:01.794+0500,,,-
2021-10-26T17:27:17.672+05:00,5.805369836,11st.co.kr,2021-10-26T17:27:01.794+0500,,,-
2021-10-26T17:27:18.173+05:00,5.594030779,11st.co.kr,2021-10-26T17:27:01.794+0500,,,-
2021-10-26T17:27:18.676+05:00,4.728870379,11st.co.kr,2021-10-26T17:27:01.794+0500,,,-
2021-10-26T17:27:19.178+05:00,5.417031495,11st.co.kr,2021-10-26T17:27:01.794+0500,,,-
2021-10-26T17:27:19.680+05:00,5.53205744,11st.co.kr,2021-10-26T17:27:01.794+0500,,,-
2021-10-26T17:27:20.181+05:00,13.18036521,google.co.id,2021-10-26T17:27:19.862+0500,152.6665897,36,4.240738602
2021-10-26T17:27:20.687+05:00,4.349974706,google.co.id,2021-10-26T17:27:19.862+0500,,,-
2021-10-26T17:27:21.188+05:00,3.510433493,google.co.id,2021-10-26T17:27:19.862+0500,,,-
2021-10-26T17:27:21.690+05:00,3.507398238,google.co.id,2021-10-26T17:27:19.862+0500,,,-
2021-10-26T17:27:22.191+05:00,5.599562019,google.co.id,2021-10-26T17:27:19.862+0500,,,-
2021-10-26T17:27:22.692+05:00,14.48331874,google.co.id,2021-10-26T17:27:19.862+0500,,,-
2021-10-26T17:27:23.193+05:00,7.479381055,google.co.id,2021-10-26T17:27:19.862+0500,,,-
2021-10-26T17:27:23.695+05:00,5.915307671,google.co.id,2021-10-26T17:27:19.862+0500,,,-
2021-10-26T17:27:24.198+05:00,3.325290328,google.co.id,2021-10-26T17:27:19.862+0500,,,-
2021-10-26T17:27:24.700+05:00,2.776953289,google.co.id,2021-10-26T17:27:19.862+0500,,,-
2021-10-26T17:27:25.203+05:00,1.502499299,google.co.id,2021-10-26T17:27:19.862+0500,,,-
2021-10-26T17:27:25.704+05:00,1.727689529,google.co.id,2021-10-26T17:27:19.862+0500,,,-
2021-10-26T17:27:26.205+05:00,2.739742447,google.co.id,2021-10-26T17:27:19.862+0500,,,-
2021-10-26T17:27:26.707+05:00,1.976228163,google.co.id,2021-10-26T17:27:19.862+0500,,,-
2021-10-26T17:27:27.210+05:00,0.971145713,google.co.id,2021-10-26T17:27:19.862+0500,,,-
2021-10-26T17:27:27.712+05:00,2.415012499,google.co.id,2021-10-26T17:27:19.862+0500,,,-
2021-10-26T17:27:28.213+05:00,4.773317724,google.co.id,2021-10-26T17:27:19.862+0500,,,-
2021-10-26T17:27:28.716+05:00,8.667487155,google.co.id,2021-10-26T17:27:19.862+0500,,,-
2021-10-26T17:27:29.219+05:00,0.460420669,google.co.id,2021-10-26T17:27:19.862+0500,,,-
2021-10-26T17:27:29.721+05:00,3.007452568,google.co.id,2021-10-26T17:27:19.862+0500,,,-
2021-10-26T17:27:30.223+05:00,2.000251939,google.co.id,2021-10-26T17:27:19.862+0500,,,-
2021-10-26T17:27:30.726+05:00,1.128310345,google.co.id,2021-10-26T17:27:19.862+0500,,,-
2021-10-26T17:27:31.228+05:00,1.987509748,google.co.id,2021-10-26T17:27:19.862+0500,,,-
2021-10-26T17:27:31.730+05:00,1.381126127,google.co.id,2021-10-26T17:27:19.862+0500,,,-
2021-10-26T17:27:32.233+05:00,2.354345681,google.co.id,2021-10-26T17:27:19.862+0500,,,-
2021-10-26T17:27:32.735+05:00,4.836797529,google.co.id,2021-10-26T17:27:19.862+0500,,,-
2021-10-26T17:27:33.237+05:00,2.190337789,google.co.id,2021-10-26T17:27:19.862+0500,,,-
2021-10-26T17:27:33.740+05:00,2.828887084,google.co.id,2021-10-26T17:27:19.862+0500,,,-
2021-10-26T17:27:34.243+05:00,1.489242845,google.co.id,2021-10-26T17:27:19.862+0500,,,-
2021-10-26T17:27:34.746+05:00,1.496457785,google.co.id,2021-10-26T17:27:19.862+0500,,,-
2021-10-26T17:27:35.248+05:00,10.7469217,google.co.id,2021-10-26T17:27:19.862+0500,,,-
2021-10-26T17:27:35.750+05:00,7.112197754,google.co.id,2021-10-26T17:27:19.862+0500,,,-
2021-10-26T17:27:36.252+05:00,5.361336814,google.co.id,2021-10-26T17:27:19.862+0500,,,-
2021-10-26T17:27:36.754+05:00,4.554051891,google.co.id,2021-10-26T17:27:19.862+0500,,,-
2021-10-26T17:27:37.256+05:00,4.740530736,google.co.id,2021-10-26T17:27:19.862+0500,,,-
2021-10-26T17:27:37.758+05:00,6.089303399,google.co.id,2021-10-26T17:27:19.862+0500,,,-
2021-10-26T17:27:38.260+05:00,11.76138886,myworkdayjobs.com,2021-10-26T17:27:37.940+0500,101.4231536,36,2.817309823
2021-10-26T17:27:38.762+05:00,10.04274495,myworkdayjobs.com,2021-10-26T17:27:37.940+0500,,,-
2021-10-26T17:27:39.264+05:00,4.783548817,myworkdayjobs.com,2021-10-26T17:27:37.940+0500,,,-
2021-10-26T17:27:39.767+05:00,2.958500582,myworkdayjobs.com,2021-10-26T17:27:37.940+0500,,,-
2021-10-26T17:27:40.269+05:00,1.632221636,myworkdayjobs.com,2021-10-26T17:27:37.940+0500,,,-
2021-10-26T17:27:40.772+05:00,1.417671401,myworkdayjobs.com,2021-10-26T17:27:37.940+0500,,,-
2021-10-26T17:27:41.274+05:00,0.567422835,myworkdayjobs.com,2021-10-26T17:27:37.940+0500,,,-
2021-10-26T17:27:41.784+05:00,0.839471997,myworkdayjobs.com,2021-10-26T17:27:37.940+0500,,,-
2021-10-26T17:27:42.287+05:00,1.361939574,myworkdayjobs.com,2021-10-26T17:27:37.940+0500,,,-
2021-10-26T17:27:42.789+05:00,2.155840049,myworkdayjobs.com,2021-10-26T17:27:37.940+0500,,,-
2021-10-26T17:27:43.292+05:00,0.899973377,myworkdayjobs.com,2021-10-26T17:27:37.940+0500,,,-
2021-10-26T17:27:43.793+05:00,1.967601327,myworkdayjobs.com,2021-10-26T17:27:37.940+0500,,,-
2021-10-26T17:27:44.296+05:00,0.366031854,myworkdayjobs.com,2021-10-26T17:27:37.940+0500,,,-
2021-10-26T17:27:44.798+05:00,2.082477799,myworkdayjobs.com,2021-10-26T17:27:37.940+0500,,,-
2021-10-26T17:27:45.301+05:00,0.163143261,myworkdayjobs.com,2021-10-26T17:27:37.940+0500,,,-
2021-10-26T17:27:45.803+05:00,2.088151201,myworkdayjobs.com,2021-10-26T17:27:37.940+0500,,,-
2021-10-26T17:27:46.305+05:00,1.993752661,myworkdayjobs.com,2021-10-26T17:27:37.940+0500,,,-
2021-10-26T17:27:46.806+05:00,1.491447731,myworkdayjobs.com,2021-10-26T17:27:37.940+0500,,,-
2021-10-26T17:27:47.307+05:00,0.956981407,myworkdayjobs.com,2021-10-26T17:27:37.940+0500,,,-
2021-10-26T17:27:47.809+05:00,2.796467848,myworkdayjobs.com,2021-10-26T17:27:37.940+0500,,,-
2021-10-26T17:27:48.311+05:00,1.940925271,myworkdayjobs.com,2021-10-26T17:27:37.940+0500,,,-
2021-10-26T17:27:48.814+05:00,0.557061055,myworkdayjobs.com,2021-10-26T17:27:37.940+0500,,,-
2021-10-26T17:27:49.317+05:00,0.073990721,myworkdayjobs.com,2021-10-26T17:27:37.940+0500,,,-
2021-10-26T17:27:49.820+05:00,1.234247063,myworkdayjobs.com,2021-10-26T17:27:37.940+0500,,,-
2021-10-26T17:27:50.321+05:00,2.607513231,myworkdayjobs.com,2021-10-26T17:27:37.940+0500,,,-
2021-10-26T17:27:50.823+05:00,1.785376066,myworkdayjobs.com,2021-10-26T17:27:37.940+0500,,,-
2021-10-26T17:27:51.326+05:00,0.705066682,myworkdayjobs.com,2021-10-26T17:27:37.940+0500,,,-
2021-10-26T17:27:51.827+05:00,1.764446089,myworkdayjobs.com,2021-10-26T17:27:37.940+0500,,,-
2021-10-26T17:27:52.329+05:00,0.345298082,myworkdayjobs.com,2021-10-26T17:27:37.940+0500,,,-
2021-10-26T17:27:52.832+05:00,1.68129765,myworkdayjobs.com,2021-10-26T17:27:37.940+0500,,,-
2021-10-26T17:27:53.334+05:00,9.787224509,myworkdayjobs.com,2021-10-26T17:27:37.940+0500,,,-
2021-10-26T17:27:53.835+05:00,5.365232027,myworkdayjobs.com,2021-10-26T17:27:37.940+0500,,,-
2021-10-26T17:27:54.336+05:00,5.950864478,myworkdayjobs.com,2021-10-26T17:27:37.940+0500,,,-
2021-10-26T17:27:54.838+05:00,5.061199924,myworkdayjobs.com,2021-10-26T17:27:37.940+0500,,,-
2021-10-26T17:27:55.340+05:00,3.989925679,myworkdayjobs.com,2021-10-26T17:27:37.940+0500,,,-
2021-10-26T17:27:55.841+05:00,6.246705944,myworkdayjobs.com,2021-10-26T17:27:37.940+0500,,,-
2021-10-26T17:27:56.343+05:00,12.03618272,web.de,2021-10-26T17:27:56.007+0500,160.5843834,36,4.460677317
2021-10-26T17:27:56.846+05:00,2.881628218,web.de,2021-10-26T17:27:56.007+0500,,,-
2021-10-26T17:27:57.347+05:00,4.180368336,web.de,2021-10-26T17:27:56.007+0500,,,-
2021-10-26T17:27:57.848+05:00,9.099880804,web.de,2021-10-26T17:27:56.007+0500,,,-
2021-10-26T17:27:58.350+05:00,3.522408757,web.de,2021-10-26T17:27:56.007+0500,,,-
2021-10-26T17:27:58.852+05:00,6.050910145,web.de,2021-10-26T17:27:56.007+0500,,,-
2021-10-26T17:27:59.353+05:00,7.817870071,web.de,2021-10-26T17:27:56.007+0500,,,-
2021-10-26T17:27:59.855+05:00,9.08825357,web.de,2021-10-26T17:27:56.007+0500,,,-
2021-10-26T17:28:00.357+05:00,3.420499078,web.de,2021-10-26T17:27:56.007+0500,,,-
2021-10-26T17:28:00.859+05:00,6.491920217,web.de,2021-10-26T17:27:56.007+0500,,,-
2021-10-26T17:28:01.361+05:00,8.132537087,web.de,2021-10-26T17:27:56.007+0500,,,-
2021-10-26T17:28:01.863+05:00,3.680455477,web.de,2021-10-26T17:27:56.007+0500,,,-
2021-10-26T17:28:02.370+05:00,8.298694897,web.de,2021-10-26T17:27:56.007+0500,,,-
2021-10-26T17:28:02.871+05:00,3.034668694,web.de,2021-10-26T17:27:56.007+0500,,,-
2021-10-26T17:28:03.374+05:00,2.227864298,web.de,2021-10-26T17:27:56.007+0500,,,-
2021-10-26T17:28:03.876+05:00,2.44637384,web.de,2021-10-26T17:27:56.007+0500,,,-
2021-10-26T17:28:04.379+05:00,5.177314642,web.de,2021-10-26T17:27:56.007+0500,,,-
2021-10-26T17:28:04.881+05:00,1.863746298,web.de,2021-10-26T17:27:56.007+0500,,,-
2021-10-26T17:28:05.384+05:00,0.022767736,web.de,2021-10-26T17:27:56.007+0500,,,-
2021-10-26T17:28:05.886+05:00,0.921431646,web.de,2021-10-26T17:27:56.007+0500,,,-
2021-10-26T17:28:06.389+05:00,6.217052595,web.de,2021-10-26T17:27:56.007+0500,,,-
2021-10-26T17:28:06.892+05:00,1.781890496,web.de,2021-10-26T17:27:56.007+0500,,,-
2021-10-26T17:28:07.394+05:00,1.109414015,web.de,2021-10-26T17:27:56.007+0500,,,-
2021-10-26T17:28:07.897+05:00,1.451647573,web.de,2021-10-26T17:27:56.007+0500,,,-
2021-10-26T17:28:08.399+05:00,3.824258865,web.de,2021-10-26T17:27:56.007+0500,,,-
2021-10-26T17:28:08.901+05:00,1.898974021,web.de,2021-10-26T17:27:56.007+0500,,,-
2021-10-26T17:28:09.403+05:00,0.256234525,web.de,2021-10-26T17:27:56.007+0500,,,-
2021-10-26T17:28:09.906+05:00,1.487170521,web.de,2021-10-26T17:27:56.007+0500,,,-
2021-10-26T17:28:10.408+05:00,5.615198455,web.de,2021-10-26T17:27:56.007+0500,,,-
2021-10-26T17:28:10.910+05:00,1.090147826,web.de,2021-10-26T17:27:56.007+0500,,,-
2021-10-26T17:28:11.412+05:00,9.038066326,web.de,2021-10-26T17:27:56.007+0500,,,-
2021-10-26T17:28:11.913+05:00,6.430110027,web.de,2021-10-26T17:27:56.007+0500,,,-
2021-10-26T17:28:12.414+05:00,5.112806038,web.de,2021-10-26T17:27:56.007+0500,,,-
2021-10-26T17:28:12.916+05:00,3.493631038,web.de,2021-10-26T17:27:56.007+0500,,,-
2021-10-26T17:28:13.418+05:00,5.559422215,web.de,2021-10-26T17:27:56.007+0500,,,-
2021-10-26T17:28:13.919+05:00,5.822582332,web.de,2021-10-26T17:27:56.007+0500,,,-
2021-10-26T17:28:14.421+05:00,11.76667405,dbs.com.sg,2021-10-26T17:28:14.071+0500,211.2918903,36,5.869219176
2021-10-26T17:28:14.922+05:00,3.44883187,dbs.com.sg,2021-10-26T17:28:14.071+0500,,,-
2021-10-26T17:28:15.424+05:00,5.057513469,dbs.com.sg,2021-10-26T17:28:14.071+0500,,,-
2021-10-26T17:28:15.926+05:00,7.640135969,dbs.com.sg,2021-10-26T17:28:14.071+0500,,,-
2021-10-26T17:28:16.428+05:00,7.902916795,dbs.com.sg,2021-10-26T17:28:14.071+0500,,,-
2021-10-26T17:28:16.929+05:00,13.14152735,dbs.com.sg,2021-10-26T17:28:14.071+0500,,,-
2021-10-26T17:28:17.431+05:00,13.26823361,dbs.com.sg,2021-10-26T17:28:14.071+0500,,,-
2021-10-26T17:28:17.933+05:00,7.826535249,dbs.com.sg,2021-10-26T17:28:14.071+0500,,,-
2021-10-26T17:28:18.435+05:00,9.696367452,dbs.com.sg,2021-10-26T17:28:14.071+0500,,,-
2021-10-26T17:28:18.937+05:00,5.759738683,dbs.com.sg,2021-10-26T17:28:14.071+0500,,,-
2021-10-26T17:28:19.438+05:00,10.7093302,dbs.com.sg,2021-10-26T17:28:14.071+0500,,,-
2021-10-26T17:28:19.940+05:00,14.85662211,dbs.com.sg,2021-10-26T17:28:14.071+0500,,,-
2021-10-26T17:28:20.442+05:00,6.997436142,dbs.com.sg,2021-10-26T17:28:14.071+0500,,,-
2021-10-26T17:28:20.944+05:00,5.880647628,dbs.com.sg,2021-10-26T17:28:14.071+0500,,,-
2021-10-26T17:28:21.446+05:00,5.578929963,dbs.com.sg,2021-10-26T17:28:14.071+0500,,,-
2021-10-26T17:28:21.949+05:00,2.382231362,dbs.com.sg,2021-10-26T17:28:14.071+0500,,,-
2021-10-26T17:28:22.451+05:00,5.055167897,dbs.com.sg,2021-10-26T17:28:14.071+0500,,,-
2021-10-26T17:28:22.954+05:00,1.679930433,dbs.com.sg,2021-10-26T17:28:14.071+0500,,,-
2021-10-26T17:28:23.459+05:00,1.926270385,dbs.com.sg,2021-10-26T17:28:14.071+0500,,,-
2021-10-26T17:28:23.962+05:00,4.452361602,dbs.com.sg,2021-10-26T17:28:14.071+0500,,,-
2021-10-26T17:28:24.465+05:00,3.357244073,dbs.com.sg,2021-10-26T17:28:14.071+0500,,,-
2021-10-26T17:28:24.967+05:00,1.679777481,dbs.com.sg,2021-10-26T17:28:14.071+0500,,,-
2021-10-26T17:28:25.470+05:00,1.917846506,dbs.com.sg,2021-10-26T17:28:14.071+0500,,,-
2021-10-26T17:28:25.972+05:00,3.132217019,dbs.com.sg,2021-10-26T17:28:14.071+0500,,,-
2021-10-26T17:28:26.474+05:00,4.348484051,dbs.com.sg,2021-10-26T17:28:14.071+0500,,,-
2021-10-26T17:28:26.976+05:00,2.478059617,dbs.com.sg,2021-10-26T17:28:14.071+0500,,,-
2021-10-26T17:28:27.478+05:00,1.963605941,dbs.com.sg,2021-10-26T17:28:14.071+0500,,,-
2021-10-26T17:28:27.980+05:00,2.042758122,dbs.com.sg,2021-10-26T17:28:14.071+0500,,,-
2021-10-26T17:28:28.483+05:00,3.336757229,dbs.com.sg,2021-10-26T17:28:14.071+0500,,,-
2021-10-26T17:28:28.984+05:00,1.981105286,dbs.com.sg,2021-10-26T17:28:14.071+0500,,,-
2021-10-26T17:28:29.486+05:00,13.28495235,dbs.com.sg,2021-10-26T17:28:14.071+0500,,,-
2021-10-26T17:28:29.988+05:00,6.005413738,dbs.com.sg,2021-10-26T17:28:14.071+0500,,,-
2021-10-26T17:28:30.490+05:00,4.946100046,dbs.com.sg,2021-10-26T17:28:14.071+0500,,,-
2021-10-26T17:28:30.992+05:00,4.725273398,dbs.com.sg,2021-10-26T17:28:14.071+0500,,,-
2021-10-26T17:28:31.494+05:00,4.851059502,dbs.com.sg,2021-10-26T17:28:14.071+0500,,,-
2021-10-26T17:28:31.996+05:00,6.21383377,dbs.com.sg,2021-10-26T17:28:14.071+0500,,,-
2021-10-26T17:28:32.498+05:00,12.19629726,techcrunch.com,2021-10-26T17:28:32.133+0500,352.0216631,36,9.778379532
2021-10-26T17:28:33.000+05:00,8.128558449,techcrunch.com,2021-10-26T17:28:32.133+0500,,,-
2021-10-26T17:28:33.501+05:00,10.51579021,techcrunch.com,2021-10-26T17:28:32.133+0500,,,-
2021-10-26T17:28:34.003+05:00,8.692663339,techcrunch.com,2021-10-26T17:28:32.133+0500,,,-
2021-10-26T17:28:34.504+05:00,15.71827735,techcrunch.com,2021-10-26T17:28:32.133+0500,,,-
2021-10-26T17:28:35.005+05:00,11.28647614,techcrunch.com,2021-10-26T17:28:32.133+0500,,,-
2021-10-26T17:28:35.506+05:00,23.44740204,techcrunch.com,2021-10-26T17:28:32.133+0500,,,-
2021-10-26T17:28:36.008+05:00,15.08865618,techcrunch.com,2021-10-26T17:28:32.133+0500,,,-
2021-10-26T17:28:36.509+05:00,11.64074975,techcrunch.com,2021-10-26T17:28:32.133+0500,,,-
2021-10-26T17:28:37.011+05:00,15.25856835,techcrunch.com,2021-10-26T17:28:32.133+0500,,,-
2021-10-26T17:28:37.513+05:00,15.65959021,techcrunch.com,2021-10-26T17:28:32.133+0500,,,-
2021-10-26T17:28:38.015+05:00,10.6510142,techcrunch.com,2021-10-26T17:28:32.133+0500,,,-
2021-10-26T17:28:38.516+05:00,16.88362066,techcrunch.com,2021-10-26T17:28:32.133+0500,,,-
2021-10-26T17:28:39.018+05:00,8.58347718,techcrunch.com,2021-10-26T17:28:32.133+0500,,,-
2021-10-26T17:28:39.519+05:00,9.063182633,techcrunch.com,2021-10-26T17:28:32.133+0500,,,-
2021-10-26T17:28:40.021+05:00,7.948740677,techcrunch.com,2021-10-26T17:28:32.133+0500,,,-
2021-10-26T17:28:40.522+05:00,8.844500032,techcrunch.com,2021-10-26T17:28:32.133+0500,,,-
2021-10-26T17:28:41.025+05:00,14.61518213,techcrunch.com,2021-10-26T17:28:32.133+0500,,,-
2021-10-26T17:28:41.527+05:00,7.66157961,techcrunch.com,2021-10-26T17:28:32.133+0500,,,-
2021-10-26T17:28:42.030+05:00,5.148872403,techcrunch.com,2021-10-26T17:28:32.133+0500,,,-
2021-10-26T17:28:42.531+05:00,12.06178238,techcrunch.com,2021-10-26T17:28:32.133+0500,,,-
2021-10-26T17:28:43.032+05:00,6.900531477,techcrunch.com,2021-10-26T17:28:32.133+0500,,,-
2021-10-26T17:28:43.534+05:00,11.77112137,techcrunch.com,2021-10-26T17:28:32.133+0500,,,-
2021-10-26T17:28:44.036+05:00,7.719210136,techcrunch.com,2021-10-26T17:28:32.133+0500,,,-
2021-10-26T17:28:44.539+05:00,7.158636085,techcrunch.com,2021-10-26T17:28:32.133+0500,,,-
2021-10-26T17:28:45.041+05:00,5.270709057,techcrunch.com,2021-10-26T17:28:32.133+0500,,,-
2021-10-26T17:28:45.543+05:00,5.596817352,techcrunch.com,2021-10-26T17:28:32.133+0500,,,-
2021-10-26T17:28:46.045+05:00,6.707904063,techcrunch.com,2021-10-26T17:28:32.133+0500,,,-
2021-10-26T17:28:46.547+05:00,5.376490108,techcrunch.com,2021-10-26T17:28:32.133+0500,,,-
2021-10-26T17:28:47.049+05:00,3.783156161,techcrunch.com,2021-10-26T17:28:32.133+0500,,,-
2021-10-26T17:28:47.551+05:00,12.5253569,techcrunch.com,2021-10-26T17:28:32.133+0500,,,-
2021-10-26T17:28:48.053+05:00,6.703437507,techcrunch.com,2021-10-26T17:28:32.133+0500,,,-
2021-10-26T17:28:48.556+05:00,6.403945629,techcrunch.com,2021-10-26T17:28:32.133+0500,,,-
2021-10-26T17:28:49.058+05:00,4.745909885,techcrunch.com,2021-10-26T17:28:32.133+0500,,,-
2021-10-26T17:28:49.559+05:00,5.688393601,techcrunch.com,2021-10-26T17:28:32.133+0500,,,-
2021-10-26T17:28:50.060+05:00,6.575062606,techcrunch.com,2021-10-26T17:28:32.133+0500,,,-
2021-10-26T17:28:50.562+05:00,13.88333934,pipedrive.com,2021-10-26T17:28:50.195+0500,252.0810309,36,7.002250858
2021-10-26T17:28:51.064+05:00,3.805465908,pipedrive.com,2021-10-26T17:28:50.195+0500,,,-
2021-10-26T17:28:51.565+05:00,4.488281367,pipedrive.com,2021-10-26T17:28:50.195+0500,,,-
2021-10-26T17:28:52.067+05:00,2.548855163,pipedrive.com,2021-10-26T17:28:50.195+0500,,,-
2021-10-26T17:28:52.570+05:00,3.942212514,pipedrive.com,2021-10-26T17:28:50.195+0500,,,-
2021-10-26T17:28:53.071+05:00,8.166505583,pipedrive.com,2021-10-26T17:28:50.195+0500,,,-
2021-10-26T17:28:53.572+05:00,10.9495176,pipedrive.com,2021-10-26T17:28:50.195+0500,,,-
2021-10-26T17:28:54.074+05:00,23.37076987,pipedrive.com,2021-10-26T17:28:50.195+0500,,,-
2021-10-26T17:28:54.576+05:00,16.19149788,pipedrive.com,2021-10-26T17:28:50.195+0500,,,-
2021-10-26T17:28:55.077+05:00,9.823598409,pipedrive.com,2021-10-26T17:28:50.195+0500,,,-
2021-10-26T17:28:55.578+05:00,5.635131613,pipedrive.com,2021-10-26T17:28:50.195+0500,,,-
2021-10-26T17:28:56.080+05:00,6.111573876,pipedrive.com,2021-10-26T17:28:50.195+0500,,,-
2021-10-26T17:28:56.581+05:00,1.245443618,pipedrive.com,2021-10-26T17:28:50.195+0500,,,-
2021-10-26T17:28:57.082+05:00,3.953257979,pipedrive.com,2021-10-26T17:28:50.195+0500,,,-
2021-10-26T17:28:57.584+05:00,1.820862833,pipedrive.com,2021-10-26T17:28:50.195+0500,,,-
2021-10-26T17:28:58.086+05:00,3.241908054,pipedrive.com,2021-10-26T17:28:50.195+0500,,,-
2021-10-26T17:28:58.587+05:00,12.95284895,pipedrive.com,2021-10-26T17:28:50.195+0500,,,-
2021-10-26T17:28:59.088+05:00,5.246955748,pipedrive.com,2021-10-26T17:28:50.195+0500,,,-
2021-10-26T17:28:59.590+05:00,9.567085291,pipedrive.com,2021-10-26T17:28:50.195+0500,,,-
2021-10-26T17:29:00.091+05:00,8.335786234,pipedrive.com,2021-10-26T17:28:50.195+0500,,,-
2021-10-26T17:29:00.594+05:00,6.776214587,pipedrive.com,2021-10-26T17:28:50.195+0500,,,-
2021-10-26T17:29:01.096+05:00,9.67818506,pipedrive.com,2021-10-26T17:28:50.195+0500,,,-
2021-10-26T17:29:01.597+05:00,8.17592101,pipedrive.com,2021-10-26T17:28:50.195+0500,,,-
2021-10-26T17:29:02.099+05:00,3.473543234,pipedrive.com,2021-10-26T17:28:50.195+0500,,,-
2021-10-26T17:29:02.601+05:00,9.557786669,pipedrive.com,2021-10-26T17:28:50.195+0500,,,-
2021-10-26T17:29:03.103+05:00,4.406774687,pipedrive.com,2021-10-26T17:28:50.195+0500,,,-
2021-10-26T17:29:03.604+05:00,6.026409271,pipedrive.com,2021-10-26T17:28:50.195+0500,,,-
2021-10-26T17:29:04.106+05:00,4.039171818,pipedrive.com,2021-10-26T17:28:50.195+0500,,,-
2021-10-26T17:29:04.617+05:00,1.251156236,pipedrive.com,2021-10-26T17:28:50.195+0500,,,-
2021-10-26T17:29:05.119+05:00,0.928060127,pipedrive.com,2021-10-26T17:28:50.195+0500,,,-
2021-10-26T17:29:05.621+05:00,14.65420508,pipedrive.com,2021-10-26T17:28:50.195+0500,,,-
2021-10-26T17:29:06.122+05:00,4.886405908,pipedrive.com,2021-10-26T17:28:50.195+0500,,,-
2021-10-26T17:29:06.623+05:00,4.988428302,pipedrive.com,2021-10-26T17:28:50.195+0500,,,-
2021-10-26T17:29:07.125+05:00,5.15830995,pipedrive.com,2021-10-26T17:28:50.195+0500,,,-
2021-10-26T17:29:07.627+05:00,7.028951953,pipedrive.com,2021-10-26T17:28:50.195+0500,,,-
2021-10-26T17:29:08.128+05:00,5.770609165,pipedrive.com,2021-10-26T17:28:50.195+0500,,,-
2021-10-26T17:29:08.630+05:00,12.55584783,quizlet.com,2021-10-26T17:29:08.264+0500,220.9485624,36,6.137460067
2021-10-26T17:29:09.131+05:00,6.696334778,quizlet.com,2021-10-26T17:29:08.264+0500,,,-
2021-10-26T17:29:09.632+05:00,10.88704847,quizlet.com,2021-10-26T17:29:08.264+0500,,,-
2021-10-26T17:29:10.133+05:00,12.02040751,quizlet.com,2021-10-26T17:29:08.264+0500,,,-
2021-10-26T17:29:10.634+05:00,19.59466057,quizlet.com,2021-10-26T17:29:08.264+0500,,,-
2021-10-26T17:29:11.135+05:00,17.96567311,quizlet.com,2021-10-26T17:29:08.264+0500,,,-
2021-10-26T17:29:11.637+05:00,16.59680213,quizlet.com,2021-10-26T17:29:08.264+0500,,,-
2021-10-26T17:29:12.139+05:00,18.36898712,quizlet.com,2021-10-26T17:29:08.264+0500,,,-
2021-10-26T17:29:12.640+05:00,8.791872347,quizlet.com,2021-10-26T17:29:08.264+0500,,,-
2021-10-26T17:29:13.141+05:00,4.640460785,quizlet.com,2021-10-26T17:29:08.264+0500,,,-
2021-10-26T17:29:13.642+05:00,8.32322179,quizlet.com,2021-10-26T17:29:08.264+0500,,,-
2021-10-26T17:29:14.144+05:00,5.493262543,quizlet.com,2021-10-26T17:29:08.264+0500,,,-
2021-10-26T17:29:14.645+05:00,4.054127165,quizlet.com,2021-10-26T17:29:08.264+0500,,,-
2021-10-26T17:29:15.147+05:00,6.309749659,quizlet.com,2021-10-26T17:29:08.264+0500,,,-
2021-10-26T17:29:15.649+05:00,5.099449093,quizlet.com,2021-10-26T17:29:08.264+0500,,,-
2021-10-26T17:29:16.150+05:00,3.069887705,quizlet.com,2021-10-26T17:29:08.264+0500,,,-
2021-10-26T17:29:16.652+05:00,7.399553641,quizlet.com,2021-10-26T17:29:08.264+0500,,,-
2021-10-26T17:29:17.152+05:00,4.951506621,quizlet.com,2021-10-26T17:29:08.264+0500,,,-
2021-10-26T17:29:17.654+05:00,5.169573817,quizlet.com,2021-10-26T17:29:08.264+0500,,,-
2021-10-26T17:29:18.156+05:00,2.209305076,quizlet.com,2021-10-26T17:29:08.264+0500,,,-
2021-10-26T17:29:18.658+05:00,2.190284769,quizlet.com,2021-10-26T17:29:08.264+0500,,,-
2021-10-26T17:29:19.160+05:00,0.714731377,quizlet.com,2021-10-26T17:29:08.264+0500,,,-
2021-10-26T17:29:19.662+05:00,1.252359687,quizlet.com,2021-10-26T17:29:08.264+0500,,,-
2021-10-26T17:29:20.164+05:00,1.171783977,quizlet.com,2021-10-26T17:29:08.264+0500,,,-
2021-10-26T17:29:20.665+05:00,4.517414117,quizlet.com,2021-10-26T17:29:08.264+0500,,,-
2021-10-26T17:29:21.166+05:00,5.001565869,quizlet.com,2021-10-26T17:29:08.264+0500,,,-
2021-10-26T17:29:21.668+05:00,0.887665486,quizlet.com,2021-10-26T17:29:08.264+0500,,,-
2021-10-26T17:29:22.170+05:00,5.068614684,quizlet.com,2021-10-26T17:29:08.264+0500,,,-
2021-10-26T17:29:22.673+05:00,4.094588134,quizlet.com,2021-10-26T17:29:08.264+0500,,,-
2021-10-26T17:29:23.175+05:00,1.481042727,quizlet.com,2021-10-26T17:29:08.264+0500,,,-
2021-10-26T17:29:23.676+05:00,10.0789803,quizlet.com,2021-10-26T17:29:08.264+0500,,,-
2021-10-26T17:29:24.179+05:00,1.837480256,quizlet.com,2021-10-26T17:29:08.264+0500,,,-
2021-10-26T17:29:24.691+05:00,0.701318574,quizlet.com,2021-10-26T17:29:08.264+0500,,,-
2021-10-26T17:29:25.193+05:00,0.813778072,quizlet.com,2021-10-26T17:29:08.264+0500,,,-
2021-10-26T17:29:25.696+05:00,0.112785238,quizlet.com,2021-10-26T17:29:08.264+0500,,,-
2021-10-26T17:29:26.199+05:00,0.826437399,quizlet.com,2021-10-26T17:29:08.264+0500,,,-
2021-10-26T17:29:26.701+05:00,11.45351988,jianshu.com,2021-10-26T17:29:26.328+0500,84.0254725,36,2.334040903
2021-10-26T17:29:27.202+05:00,1.98716836,jianshu.com,2021-10-26T17:29:26.328+0500,,,-
2021-10-26T17:29:27.703+05:00,5.392430148,jianshu.com,2021-10-26T17:29:26.328+0500,,,-
2021-10-26T17:29:28.205+05:00,2.999568737,jianshu.com,2021-10-26T17:29:26.328+0500,,,-
2021-10-26T17:29:28.707+05:00,9.14460858,jianshu.com,2021-10-26T17:29:26.328+0500,,,-
2021-10-26T17:29:29.209+05:00,1.837998451,jianshu.com,2021-10-26T17:29:26.328+0500,,,-
2021-10-26T17:29:29.711+05:00,3.275924994,jianshu.com,2021-10-26T17:29:26.328+0500,,,-
2021-10-26T17:29:30.213+05:00,1.74176362,jianshu.com,2021-10-26T17:29:26.328+0500,,,-
2021-10-26T17:29:30.715+05:00,1.539179668,jianshu.com,2021-10-26T17:29:26.328+0500,,,-
2021-10-26T17:29:31.217+05:00,1.050163522,jianshu.com,2021-10-26T17:29:26.328+0500,,,-
2021-10-26T17:29:31.720+05:00,1.565821434,jianshu.com,2021-10-26T17:29:26.328+0500,,,-
2021-10-26T17:29:32.222+05:00,2.085505333,jianshu.com,2021-10-26T17:29:26.328+0500,,,-
2021-10-26T17:29:32.725+05:00,3.068820267,jianshu.com,2021-10-26T17:29:26.328+0500,,,-
2021-10-26T17:29:33.226+05:00,1.722544409,jianshu.com,2021-10-26T17:29:26.328+0500,,,-
2021-10-26T17:29:33.728+05:00,2.612216202,jianshu.com,2021-10-26T17:29:26.328+0500,,,-
2021-10-26T17:29:34.231+05:00,2.005173568,jianshu.com,2021-10-26T17:29:26.328+0500,,,-
2021-10-26T17:29:34.733+05:00,2.115384518,jianshu.com,2021-10-26T17:29:26.328+0500,,,-
2021-10-26T17:29:35.235+05:00,1.099084934,jianshu.com,2021-10-26T17:29:26.328+0500,,,-
2021-10-26T17:29:35.737+05:00,1.586475363,jianshu.com,2021-10-26T17:29:26.328+0500,,,-
2021-10-26T17:29:36.239+05:00,1.508233815,jianshu.com,2021-10-26T17:29:26.328+0500,,,-
2021-10-26T17:29:36.742+05:00,2.259649727,jianshu.com,2021-10-26T17:29:26.328+0500,,,-
2021-10-26T17:29:37.244+05:00,0.871985877,jianshu.com,2021-10-26T17:29:26.328+0500,,,-
2021-10-26T17:29:37.746+05:00,2.353280487,jianshu.com,2021-10-26T17:29:26.328+0500,,,-
2021-10-26T17:29:38.248+05:00,1.789867628,jianshu.com,2021-10-26T17:29:26.328+0500,,,-
2021-10-26T17:29:38.750+05:00,1.924302086,jianshu.com,2021-10-26T17:29:26.328+0500,,,-
2021-10-26T17:29:39.252+05:00,0.926283156,jianshu.com,2021-10-26T17:29:26.328+0500,,,-
2021-10-26T17:29:39.754+05:00,1.073413044,jianshu.com,2021-10-26T17:29:26.328+0500,,,-
2021-10-26T17:29:40.256+05:00,1.589851511,jianshu.com,2021-10-26T17:29:26.328+0500,,,-
2021-10-26T17:29:40.759+05:00,1.194798613,jianshu.com,2021-10-26T17:29:26.328+0500,,,-
2021-10-26T17:29:41.260+05:00,0.829634274,jianshu.com,2021-10-26T17:29:26.328+0500,,,-
2021-10-26T17:29:41.762+05:00,6.943156611,jianshu.com,2021-10-26T17:29:26.328+0500,,,-
2021-10-26T17:29:42.265+05:00,0.122916971,jianshu.com,2021-10-26T17:29:26.328+0500,,,-
2021-10-26T17:29:42.767+05:00,0.660126644,jianshu.com,2021-10-26T17:29:26.328+0500,,,-
2021-10-26T17:29:43.270+05:00,0.075117827,jianshu.com,2021-10-26T17:29:26.328+0500,,,-
2021-10-26T17:29:43.771+05:00,1.445421875,jianshu.com,2021-10-26T17:29:26.328+0500,,,-
2021-10-26T17:29:44.274+05:00,0.174080364,jianshu.com,2021-10-26T17:29:26.328+0500,,,-
2021-10-26T17:29:44.787+05:00,10.25351479,ai.marketing,2021-10-26T17:29:44.385+0500,281.1579248,36,7.809942356
2021-10-26T17:29:45.288+05:00,2.431669106,ai.marketing,2021-10-26T17:29:44.385+0500,,,-
2021-10-26T17:29:45.790+05:00,10.59442835,ai.marketing,2021-10-26T17:29:44.385+0500,,,-
2021-10-26T17:29:46.291+05:00,15.24431116,ai.marketing,2021-10-26T17:29:44.385+0500,,,-
2021-10-26T17:29:46.792+05:00,3.527904659,ai.marketing,2021-10-26T17:29:44.385+0500,,,-
2021-10-26T17:29:47.294+05:00,14.80994963,ai.marketing,2021-10-26T17:29:44.385+0500,,,-
2021-10-26T17:29:47.797+05:00,3.895297536,ai.marketing,2021-10-26T17:29:44.385+0500,,,-
2021-10-26T17:29:48.299+05:00,2.753534105,ai.marketing,2021-10-26T17:29:44.385+0500,,,-
2021-10-26T17:29:48.801+05:00,13.60428556,ai.marketing,2021-10-26T17:29:44.385+0500,,,-
2021-10-26T17:29:49.303+05:00,3.960841976,ai.marketing,2021-10-26T17:29:44.385+0500,,,-
2021-10-26T17:29:49.805+05:00,4.86153913,ai.marketing,2021-10-26T17:29:44.385+0500,,,-
2021-10-26T17:29:50.307+05:00,4.304227102,ai.marketing,2021-10-26T17:29:44.385+0500,,,-
2021-10-26T17:29:50.809+05:00,2.439184171,ai.marketing,2021-10-26T17:29:44.385+0500,,,-
2021-10-26T17:29:51.310+05:00,1.189661819,ai.marketing,2021-10-26T17:29:44.385+0500,,,-
2021-10-26T17:29:51.812+05:00,1.490007273,ai.marketing,2021-10-26T17:29:44.385+0500,,,-
2021-10-26T17:29:52.314+05:00,1.562943928,ai.marketing,2021-10-26T17:29:44.385+0500,,,-
2021-10-26T17:29:52.815+05:00,7.46848021,ai.marketing,2021-10-26T17:29:44.385+0500,,,-
2021-10-26T17:29:53.316+05:00,11.90386194,ai.marketing,2021-10-26T17:29:44.385+0500,,,-
2021-10-26T17:29:53.817+05:00,17.6211372,ai.marketing,2021-10-26T17:29:44.385+0500,,,-
2021-10-26T17:29:54.319+05:00,12.03771268,ai.marketing,2021-10-26T17:29:44.385+0500,,,-
2021-10-26T17:29:54.821+05:00,16.86263665,ai.marketing,2021-10-26T17:29:44.385+0500,,,-
2021-10-26T17:29:55.323+05:00,7.774734046,ai.marketing,2021-10-26T17:29:44.385+0500,,,-
2021-10-26T17:29:55.825+05:00,7.54345954,ai.marketing,2021-10-26T17:29:44.385+0500,,,-
2021-10-26T17:29:56.326+05:00,10.30904431,ai.marketing,2021-10-26T17:29:44.385+0500,,,-
2021-10-26T17:29:56.828+05:00,4.276980821,ai.marketing,2021-10-26T17:29:44.385+0500,,,-
2021-10-26T17:29:57.330+05:00,19.44525461,ai.marketing,2021-10-26T17:29:44.385+0500,,,-
2021-10-26T17:29:57.831+05:00,19.99450074,ai.marketing,2021-10-26T17:29:44.385+0500,,,-
2021-10-26T17:29:58.332+05:00,13.87494714,ai.marketing,2021-10-26T17:29:44.385+0500,,,-
2021-10-26T17:29:58.833+05:00,8.753509661,ai.marketing,2021-10-26T17:29:44.385+0500,,,-
2021-10-26T17:29:59.335+05:00,9.563748403,ai.marketing,2021-10-26T17:29:44.385+0500,,,-
2021-10-26T17:29:59.836+05:00,10.2748139,ai.marketing,2021-10-26T17:29:44.385+0500,,,-
2021-10-26T17:30:00.336+05:00,3.670895226,ai.marketing,2021-10-26T17:29:44.385+0500,,,-
2021-10-26T17:30:00.838+05:00,0.294163347,ai.marketing,2021-10-26T17:29:44.385+0500,,,-
2021-10-26T17:30:01.339+05:00,0.077403133,ai.marketing,2021-10-26T17:29:44.385+0500,,,-
2021-10-26T17:30:01.840+05:00,1.422350623,ai.marketing,2021-10-26T17:29:44.385+0500,,,-
2021-10-26T17:30:02.342+05:00,1.064990358,ai.marketing,2021-10-26T17:29:44.385+0500,,,-
2021-10-26T17:30:02.845+05:00,10.56406612,shareasale.com,2021-10-26T17:30:02.437+0500,144.9323915,36,4.025899765
2021-10-26T17:30:03.347+05:00,1.788855218,shareasale.com,2021-10-26T17:30:02.437+0500,,,-
2021-10-26T17:30:03.848+05:00,5.58427572,shareasale.com,2021-10-26T17:30:02.437+0500,,,-
2021-10-26T17:30:04.349+05:00,15.04097121,shareasale.com,2021-10-26T17:30:02.437+0500,,,-
2021-10-26T17:30:04.850+05:00,8.776244723,shareasale.com,2021-10-26T17:30:02.437+0500,,,-
2021-10-26T17:30:05.352+05:00,4.268190609,shareasale.com,2021-10-26T17:30:02.437+0500,,,-
2021-10-26T17:30:05.855+05:00,8.960915693,shareasale.com,2021-10-26T17:30:02.437+0500,,,-
2021-10-26T17:30:06.357+05:00,7.811081845,shareasale.com,2021-10-26T17:30:02.437+0500,,,-
2021-10-26T17:30:06.859+05:00,4.456860361,shareasale.com,2021-10-26T17:30:02.437+0500,,,-
2021-10-26T17:30:07.361+05:00,1.724954493,shareasale.com,2021-10-26T17:30:02.437+0500,,,-
2021-10-26T17:30:07.863+05:00,3.038057003,shareasale.com,2021-10-26T17:30:02.437+0500,,,-
2021-10-26T17:30:08.365+05:00,5.455948979,shareasale.com,2021-10-26T17:30:02.437+0500,,,-
2021-10-26T17:30:08.868+05:00,2.594564049,shareasale.com,2021-10-26T17:30:02.437+0500,,,-
2021-10-26T17:30:09.370+05:00,0.478160619,shareasale.com,2021-10-26T17:30:02.437+0500,,,-
2021-10-26T17:30:09.873+05:00,0.362075278,shareasale.com,2021-10-26T17:30:02.437+0500,,,-
2021-10-26T17:30:10.376+05:00,0.90112342,shareasale.com,2021-10-26T17:30:02.437+0500,,,-
2021-10-26T17:30:10.878+05:00,7.110407971,shareasale.com,2021-10-26T17:30:02.437+0500,,,-
2021-10-26T17:30:11.378+05:00,5.581996541,shareasale.com,2021-10-26T17:30:02.437+0500,,,-
2021-10-26T17:30:11.879+05:00,6.347635051,shareasale.com,2021-10-26T17:30:02.437+0500,,,-
2021-10-26T17:30:12.382+05:00,5.382040709,shareasale.com,2021-10-26T17:30:02.437+0500,,,-
2021-10-26T17:30:12.884+05:00,0.414257751,shareasale.com,2021-10-26T17:30:02.437+0500,,,-
2021-10-26T17:30:13.386+05:00,0.166947262,shareasale.com,2021-10-26T17:30:02.437+0500,,,-
2021-10-26T17:30:13.887+05:00,0.477019924,shareasale.com,2021-10-26T17:30:02.437+0500,,,-
2021-10-26T17:30:14.390+05:00,0.604246786,shareasale.com,2021-10-26T17:30:02.437+0500,,,-
2021-10-26T17:30:14.892+05:00,1.749684953,shareasale.com,2021-10-26T17:30:02.437+0500,,,-
2021-10-26T17:30:15.395+05:00,5.120166009,shareasale.com,2021-10-26T17:30:02.437+0500,,,-
2021-10-26T17:30:15.897+05:00,0.411892791,shareasale.com,2021-10-26T17:30:02.437+0500,,,-
2021-10-26T17:30:16.399+05:00,0.326225856,shareasale.com,2021-10-26T17:30:02.437+0500,,,-
2021-10-26T17:30:16.901+05:00,6.033055867,shareasale.com,2021-10-26T17:30:02.437+0500,,,-
2021-10-26T17:30:17.402+05:00,5.683590593,shareasale.com,2021-10-26T17:30:02.437+0500,,,-
2021-10-26T17:30:17.905+05:00,9.11967985,shareasale.com,2021-10-26T17:30:02.437+0500,,,-
2021-10-26T17:30:18.408+05:00,0,shareasale.com,2021-10-26T17:30:02.437+0500,,,-
2021-10-26T17:30:18.910+05:00,2.394234663,shareasale.com,2021-10-26T17:30:02.437+0500,,,-
2021-10-26T17:30:19.412+05:00,3.192432904,shareasale.com,2021-10-26T17:30:02.437+0500,,,-
2021-10-26T17:30:19.915+05:00,2.970956514,shareasale.com,2021-10-26T17:30:02.437+0500,,,-
2021-10-26T17:30:20.417+05:00,0.039574202,shareasale.com,2021-10-26T17:30:02.437+0500,,,-
2021-10-26T17:30:20.920+05:00,10.25644493,ibicn.com,2021-10-26T17:30:20.490+0500,85.39212735,36,2.372003537
2021-10-26T17:30:21.422+05:00,1.223113783,ibicn.com,2021-10-26T17:30:20.490+0500,,,-
2021-10-26T17:30:21.924+05:00,3.218611433,ibicn.com,2021-10-26T17:30:20.490+0500,,,-
2021-10-26T17:30:22.427+05:00,1.857719918,ibicn.com,2021-10-26T17:30:20.490+0500,,,-
2021-10-26T17:30:22.929+05:00,1.586590439,ibicn.com,2021-10-26T17:30:20.490+0500,,,-
2021-10-26T17:30:23.432+05:00,0.758062904,ibicn.com,2021-10-26T17:30:20.490+0500,,,-
2021-10-26T17:30:23.933+05:00,2.419764771,ibicn.com,2021-10-26T17:30:20.490+0500,,,-
2021-10-26T17:30:24.435+05:00,1.453953144,ibicn.com,2021-10-26T17:30:20.490+0500,,,-
2021-10-26T17:30:24.938+05:00,1.227283141,ibicn.com,2021-10-26T17:30:20.490+0500,,,-
2021-10-26T17:30:25.445+05:00,0.627516464,ibicn.com,2021-10-26T17:30:20.490+0500,,,-
2021-10-26T17:30:25.947+05:00,1.87959216,ibicn.com,2021-10-26T17:30:20.490+0500,,,-
2021-10-26T17:30:26.449+05:00,2.487156946,ibicn.com,2021-10-26T17:30:20.490+0500,,,-
2021-10-26T17:30:26.951+05:00,1.142335975,ibicn.com,2021-10-26T17:30:20.490+0500,,,-
2021-10-26T17:30:27.452+05:00,1.093367899,ibicn.com,2021-10-26T17:30:20.490+0500,,,-
2021-10-26T17:30:27.954+05:00,1.527310038,ibicn.com,2021-10-26T17:30:20.490+0500,,,-
2021-10-26T17:30:28.456+05:00,2.241332747,ibicn.com,2021-10-26T17:30:20.490+0500,,,-
2021-10-26T17:30:28.957+05:00,5.251978615,ibicn.com,2021-10-26T17:30:20.490+0500,,,-
2021-10-26T17:30:29.459+05:00,3.414041493,ibicn.com,2021-10-26T17:30:20.490+0500,,,-
2021-10-26T17:30:29.961+05:00,2.043885527,ibicn.com,2021-10-26T17:30:20.490+0500,,,-
2021-10-26T17:30:30.463+05:00,3.886091299,ibicn.com,2021-10-26T17:30:20.490+0500,,,-
2021-10-26T17:30:30.965+05:00,2.956323906,ibicn.com,2021-10-26T17:30:20.490+0500,,,-
2021-10-26T17:30:31.466+05:00,4.590273025,ibicn.com,2021-10-26T17:30:20.490+0500,,,-
2021-10-26T17:30:31.967+05:00,2.09038494,ibicn.com,2021-10-26T17:30:20.490+0500,,,-
2021-10-26T17:30:32.470+05:00,3.876615751,ibicn.com,2021-10-26T17:30:20.490+0500,,,-
2021-10-26T17:30:32.972+05:00,3.474408773,ibicn.com,2021-10-26T17:30:20.490+0500,,,-
2021-10-26T17:30:33.473+05:00,2.707557436,ibicn.com,2021-10-26T17:30:20.490+0500,,,-
2021-10-26T17:30:33.974+05:00,2.055205932,ibicn.com,2021-10-26T17:30:20.490+0500,,,-
2021-10-26T17:30:34.476+05:00,2.020203892,ibicn.com,2021-10-26T17:30:20.490+0500,,,-
2021-10-26T17:30:34.979+05:00,1.747742851,ibicn.com,2021-10-26T17:30:20.490+0500,,,-
2021-10-26T17:30:35.480+05:00,0.724157767,ibicn.com,2021-10-26T17:30:20.490+0500,,,-
2021-10-26T17:30:35.981+05:00,7.30116864,ibicn.com,2021-10-26T17:30:20.490+0500,,,-
2021-10-26T17:30:36.482+05:00,0,ibicn.com,2021-10-26T17:30:20.490+0500,,,-
2021-10-26T17:30:36.983+05:00,1.077085571,ibicn.com,2021-10-26T17:30:20.490+0500,,,-
2021-10-26T17:30:37.485+05:00,0.033028421,ibicn.com,2021-10-26T17:30:20.490+0500,,,-
2021-10-26T17:30:37.988+05:00,0.934327928,ibicn.com,2021-10-26T17:30:20.490+0500,,,-
2021-10-26T17:30:38.489+05:00,0.207488886,ibicn.com,2021-10-26T17:30:20.490+0500,,,-
2021-10-26T17:30:38.991+05:00,9.279189371,trustpilot.com,2021-10-26T17:30:38.551+0500,309.2175239,36,8.589375664
2021-10-26T17:30:39.493+05:00,2.397481412,trustpilot.com,2021-10-26T17:30:38.551+0500,,,-
2021-10-26T17:30:39.994+05:00,13.59675429,trustpilot.com,2021-10-26T17:30:38.551+0500,,,-
2021-10-26T17:30:40.495+05:00,23.33228191,trustpilot.com,2021-10-26T17:30:38.551+0500,,,-
2021-10-26T17:30:40.998+05:00,9.885167533,trustpilot.com,2021-10-26T17:30:38.551+0500,,,-
2021-10-26T17:30:41.499+05:00,10.6376569,trustpilot.com,2021-10-26T17:30:38.551+0500,,,-
2021-10-26T17:30:42.000+05:00,24.12542027,trustpilot.com,2021-10-26T17:30:38.551+0500,,,-
2021-10-26T17:30:42.501+05:00,9.815682585,trustpilot.com,2021-10-26T17:30:38.551+0500,,,-
2021-10-26T17:30:43.003+05:00,7.355268181,trustpilot.com,2021-10-26T17:30:38.551+0500,,,-
2021-10-26T17:30:43.504+05:00,8.214269703,trustpilot.com,2021-10-26T17:30:38.551+0500,,,-
2021-10-26T17:30:44.005+05:00,9.059608654,trustpilot.com,2021-10-26T17:30:38.551+0500,,,-
2021-10-26T17:30:44.507+05:00,8.803754239,trustpilot.com,2021-10-26T17:30:38.551+0500,,,-
2021-10-26T17:30:45.008+05:00,8.773527246,trustpilot.com,2021-10-26T17:30:38.551+0500,,,-
2021-10-26T17:30:45.509+05:00,8.495498244,trustpilot.com,2021-10-26T17:30:38.551+0500,,,-
2021-10-26T17:30:46.011+05:00,9.938506292,trustpilot.com,2021-10-26T17:30:38.551+0500,,,-
2021-10-26T17:30:46.520+05:00,8.236629304,trustpilot.com,2021-10-26T17:30:38.551+0500,,,-
2021-10-26T17:30:47.021+05:00,11.48797264,trustpilot.com,2021-10-26T17:30:38.551+0500,,,-
2021-10-26T17:30:47.523+05:00,9.044131214,trustpilot.com,2021-10-26T17:30:38.551+0500,,,-
2021-10-26T17:30:48.024+05:00,8.776298545,trustpilot.com,2021-10-26T17:30:38.551+0500,,,-
2021-10-26T17:30:48.525+05:00,9.482485106,trustpilot.com,2021-10-26T17:30:38.551+0500,,,-
2021-10-26T17:30:49.027+05:00,8.784807093,trustpilot.com,2021-10-26T17:30:38.551+0500,,,-
2021-10-26T17:30:49.528+05:00,8.091182907,trustpilot.com,2021-10-26T17:30:38.551+0500,,,-
2021-10-26T17:30:50.029+05:00,8.819959801,trustpilot.com,2021-10-26T17:30:38.551+0500,,,-
2021-10-26T17:30:50.531+05:00,8.129501197,trustpilot.com,2021-10-26T17:30:38.551+0500,,,-
2021-10-26T17:30:51.033+05:00,9.086433974,trustpilot.com,2021-10-26T17:30:38.551+0500,,,-
2021-10-26T17:30:51.534+05:00,9.238742093,trustpilot.com,2021-10-26T17:30:38.551+0500,,,-
2021-10-26T17:30:52.036+05:00,8.028890839,trustpilot.com,2021-10-26T17:30:38.551+0500,,,-
2021-10-26T17:30:52.537+05:00,8.632898715,trustpilot.com,2021-10-26T17:30:38.551+0500,,,-
2021-10-26T17:30:53.039+05:00,8.373164276,trustpilot.com,2021-10-26T17:30:38.551+0500,,,-
2021-10-26T17:30:53.540+05:00,7.421816612,trustpilot.com,2021-10-26T17:30:38.551+0500,,,-
2021-10-26T17:30:54.043+05:00,10.72453621,trustpilot.com,2021-10-26T17:30:38.551+0500,,,-
2021-10-26T17:30:54.545+05:00,0,trustpilot.com,2021-10-26T17:30:38.551+0500,,,-
2021-10-26T17:30:55.048+05:00,2.10321487,trustpilot.com,2021-10-26T17:30:38.551+0500,,,-
2021-10-26T17:30:55.551+05:00,0.024095544,trustpilot.com,2021-10-26T17:30:38.551+0500,,,-
2021-10-26T17:30:56.054+05:00,0.794359555,trustpilot.com,2021-10-26T17:30:38.551+0500,,,-
2021-10-26T17:30:56.556+05:00,0.226336599,trustpilot.com,2021-10-26T17:30:38.551+0500,,,-
2021-10-26T17:30:57.059+05:00,9.509188265,citi.com,2021-10-26T17:30:56.618+0500,194.7163932,36,5.408788699
2021-10-26T17:30:57.560+05:00,2.098863278,citi.com,2021-10-26T17:30:56.618+0500,,,-
2021-10-26T17:30:58.062+05:00,2.802548639,citi.com,2021-10-26T17:30:56.618+0500,,,-
2021-10-26T17:30:58.565+05:00,1.992620741,citi.com,2021-10-26T17:30:56.618+0500,,,-
2021-10-26T17:30:59.067+05:00,3.224794671,citi.com,2021-10-26T17:30:56.618+0500,,,-
2021-10-26T17:30:59.569+05:00,1.004292736,citi.com,2021-10-26T17:30:56.618+0500,,,-
2021-10-26T17:31:00.070+05:00,2.415247937,citi.com,2021-10-26T17:30:56.618+0500,,,-
2021-10-26T17:31:00.571+05:00,5.381363831,citi.com,2021-10-26T17:30:56.618+0500,,,-
2021-10-26T17:31:01.073+05:00,4.184002694,citi.com,2021-10-26T17:30:56.618+0500,,,-
2021-10-26T17:31:01.576+05:00,3.147405685,citi.com,2021-10-26T17:30:56.618+0500,,,-
2021-10-26T17:31:02.078+05:00,3.87093126,citi.com,2021-10-26T17:30:56.618+0500,,,-
2021-10-26T17:31:02.580+05:00,3.861343551,citi.com,2021-10-26T17:30:56.618+0500,,,-
2021-10-26T17:31:03.081+05:00,6.275690656,citi.com,2021-10-26T17:30:56.618+0500,,,-
2021-10-26T17:31:03.583+05:00,3.036654551,citi.com,2021-10-26T17:30:56.618+0500,,,-
2021-10-26T17:31:04.084+05:00,17.0096152,citi.com,2021-10-26T17:30:56.618+0500,,,-
2021-10-26T17:31:04.586+05:00,22.47977595,citi.com,2021-10-26T17:30:56.618+0500,,,-
2021-10-26T17:31:05.087+05:00,19.3840963,citi.com,2021-10-26T17:30:56.618+0500,,,-
2021-10-26T17:31:05.588+05:00,11.76788987,citi.com,2021-10-26T17:30:56.618+0500,,,-
2021-10-26T17:31:06.089+05:00,4.958549672,citi.com,2021-10-26T17:30:56.618+0500,,,-
2021-10-26T17:31:06.590+05:00,3.866772731,citi.com,2021-10-26T17:30:56.618+0500,,,-
2021-10-26T17:31:07.091+05:00,2.343826366,citi.com,2021-10-26T17:30:56.618+0500,,,-
2021-10-26T17:31:07.592+05:00,4.289879744,citi.com,2021-10-26T17:30:56.618+0500,,,-
2021-10-26T17:31:08.093+05:00,3.232926273,citi.com,2021-10-26T17:30:56.618+0500,,,-
2021-10-26T17:31:08.594+05:00,4.190359599,citi.com,2021-10-26T17:30:56.618+0500,,,-
2021-10-26T17:31:09.095+05:00,4.030537773,citi.com,2021-10-26T17:30:56.618+0500,,,-
2021-10-26T17:31:09.596+05:00,3.61934299,citi.com,2021-10-26T17:30:56.618+0500,,,-
2021-10-26T17:31:10.097+05:00,2.991703454,citi.com,2021-10-26T17:30:56.618+0500,,,-
2021-10-26T17:31:10.598+05:00,3.462437846,citi.com,2021-10-26T17:30:56.618+0500,,,-
2021-10-26T17:31:11.099+05:00,4.779702065,citi.com,2021-10-26T17:30:56.618+0500,,,-
2021-10-26T17:31:11.600+05:00,2.8429475,citi.com,2021-10-26T17:30:56.618+0500,,,-
2021-10-26T17:31:12.101+05:00,4.775639139,citi.com,2021-10-26T17:30:56.618+0500,,,-
2021-10-26T17:31:12.602+05:00,4.838437808,citi.com,2021-10-26T17:30:56.618+0500,,,-
2021-10-26T17:31:13.103+05:00,8.110972266,citi.com,2021-10-26T17:30:56.618+0500,,,-
2021-10-26T17:31:13.604+05:00,3.816392972,citi.com,2021-10-26T17:30:56.618+0500,,,-
2021-10-26T17:31:14.105+05:00,1.838173791,citi.com,2021-10-26T17:30:56.618+0500,,,-
2021-10-26T17:31:14.606+05:00,3.281465348,citi.com,2021-10-26T17:30:56.618+0500,,,-
2021-10-26T17:31:15.107+05:00,12.98719867,codepen.io,2021-10-26T17:31:14.669+0500,303.8512001,36,8.440311113
2021-10-26T17:31:15.608+05:00,4.434874285,codepen.io,2021-10-26T17:31:14.669+0500,,,-
2021-10-26T17:31:16.109+05:00,6.279811799,codepen.io,2021-10-26T17:31:14.669+0500,,,-
2021-10-26T17:31:16.610+05:00,11.66870641,codepen.io,2021-10-26T17:31:14.669+0500,,,-
2021-10-26T17:31:17.111+05:00,9.98286316,codepen.io,2021-10-26T17:31:14.669+0500,,,-
2021-10-26T17:31:17.612+05:00,21.21213036,codepen.io,2021-10-26T17:31:14.669+0500,,,-
2021-10-26T17:31:18.113+05:00,8.75838131,codepen.io,2021-10-26T17:31:14.669+0500,,,-
2021-10-26T17:31:18.615+05:00,11.9944757,codepen.io,2021-10-26T17:31:14.669+0500,,,-
2021-10-26T17:31:19.116+05:00,8.523231634,codepen.io,2021-10-26T17:31:14.669+0500,,,-
2021-10-26T17:31:19.618+05:00,4.573335322,codepen.io,2021-10-26T17:31:14.669+0500,,,-
2021-10-26T17:31:20.119+05:00,10.6395837,codepen.io,2021-10-26T17:31:14.669+0500,,,-
2021-10-26T17:31:20.620+05:00,12.58041339,codepen.io,2021-10-26T17:31:14.669+0500,,,-
2021-10-26T17:31:21.122+05:00,12.36928406,codepen.io,2021-10-26T17:31:14.669+0500,,,-
2021-10-26T17:31:21.623+05:00,14.67973376,codepen.io,2021-10-26T17:31:14.669+0500,,,-
2021-10-26T17:31:22.125+05:00,9.065554073,codepen.io,2021-10-26T17:31:14.669+0500,,,-
2021-10-26T17:31:22.626+05:00,21.43365806,codepen.io,2021-10-26T17:31:14.669+0500,,,-
2021-10-26T17:31:23.128+05:00,19.52864499,codepen.io,2021-10-26T17:31:14.669+0500,,,-
2021-10-26T17:31:23.629+05:00,16.00710606,codepen.io,2021-10-26T17:31:14.669+0500,,,-
2021-10-26T17:31:24.130+05:00,18.9735715,codepen.io,2021-10-26T17:31:14.669+0500,,,-
2021-10-26T17:31:24.631+05:00,16.07744716,codepen.io,2021-10-26T17:31:14.669+0500,,,-
2021-10-26T17:31:25.133+05:00,6.139163214,codepen.io,2021-10-26T17:31:14.669+0500,,,-
2021-10-26T17:31:25.634+05:00,4.111116176,codepen.io,2021-10-26T17:31:14.669+0500,,,-
2021-10-26T17:31:26.135+05:00,2.438005735,codepen.io,2021-10-26T17:31:14.669+0500,,,-
2021-10-26T17:31:26.637+05:00,4.814469932,codepen.io,2021-10-26T17:31:14.669+0500,,,-
2021-10-26T17:31:27.138+05:00,4.681497182,codepen.io,2021-10-26T17:31:14.669+0500,,,-
2021-10-26T17:31:27.644+05:00,4.324489738,codepen.io,2021-10-26T17:31:14.669+0500,,,-
2021-10-26T17:31:28.146+05:00,2.52261346,codepen.io,2021-10-26T17:31:14.669+0500,,,-
2021-10-26T17:31:28.647+05:00,4.962144012,codepen.io,2021-10-26T17:31:14.669+0500,,,-
2021-10-26T17:31:29.148+05:00,5.88245831,codepen.io,2021-10-26T17:31:14.669+0500,,,-
2021-10-26T17:31:29.649+05:00,3.05469709,codepen.io,2021-10-26T17:31:14.669+0500,,,-
2021-10-26T17:31:30.150+05:00,7.996767854,codepen.io,2021-10-26T17:31:14.669+0500,,,-
2021-10-26T17:31:30.652+05:00,0,codepen.io,2021-10-26T17:31:14.669+0500,,,-
2021-10-26T17:31:31.154+05:00,0.670328699,codepen.io,2021-10-26T17:31:14.669+0500,,,-
2021-10-26T17:31:31.657+05:00,0.118778074,codepen.io,2021-10-26T17:31:14.669+0500,,,-
2021-10-26T17:31:32.159+05:00,0.337637371,codepen.io,2021-10-26T17:31:14.669+0500,,,-
2021-10-26T17:31:32.662+05:00,0.027027825,codepen.io,2021-10-26T17:31:14.669+0500,,,-
2021-10-26T17:31:33.164+05:00,10.98776659,wikimedia.org,2021-10-26T17:31:32.726+0500,54.67693929,36,1.518803869
2021-10-26T17:31:33.666+05:00,3.574227123,wikimedia.org,2021-10-26T17:31:32.726+0500,,,-
2021-10-26T17:31:34.168+05:00,9.034396067,wikimedia.org,2021-10-26T17:31:32.726+0500,,,-
2021-10-26T17:31:34.669+05:00,7.161886012,wikimedia.org,2021-10-26T17:31:32.726+0500,,,-
2021-10-26T17:31:35.170+05:00,5.173593324,wikimedia.org,2021-10-26T17:31:32.726+0500,,,-
2021-10-26T17:31:35.671+05:00,3.894791897,wikimedia.org,2021-10-26T17:31:32.726+0500,,,-
2021-10-26T17:31:36.173+05:00,0.423135082,wikimedia.org,2021-10-26T17:31:32.726+0500,,,-
2021-10-26T17:31:36.674+05:00,0.120190918,wikimedia.org,2021-10-26T17:31:32.726+0500,,,-
2021-10-26T17:31:37.176+05:00,0.295392174,wikimedia.org,2021-10-26T17:31:32.726+0500,,,-
2021-10-26T17:31:37.678+05:00,0.115962439,wikimedia.org,2021-10-26T17:31:32.726+0500,,,-
2021-10-26T17:31:38.180+05:00,0.065330786,wikimedia.org,2021-10-26T17:31:32.726+0500,,,-
2021-10-26T17:31:38.682+05:00,0.44508685,wikimedia.org,2021-10-26T17:31:32.726+0500,,,-
2021-10-26T17:31:39.183+05:00,0.089149754,wikimedia.org,2021-10-26T17:31:32.726+0500,,,-
2021-10-26T17:31:39.684+05:00,0.099794569,wikimedia.org,2021-10-26T17:31:32.726+0500,,,-
2021-10-26T17:31:40.187+05:00,0.062419978,wikimedia.org,2021-10-26T17:31:32.726+0500,,,-
2021-10-26T17:31:40.688+05:00,0.101893124,wikimedia.org,2021-10-26T17:31:32.726+0500,,,-
2021-10-26T17:31:41.189+05:00,2.67643072,wikimedia.org,2021-10-26T17:31:32.726+0500,,,-
2021-10-26T17:31:41.690+05:00,0.040257561,wikimedia.org,2021-10-26T17:31:32.726+0500,,,-
2021-10-26T17:31:42.191+05:00,0.060038348,wikimedia.org,2021-10-26T17:31:32.726+0500,,,-
2021-10-26T17:31:42.692+05:00,0,wikimedia.org,2021-10-26T17:31:32.726+0500,,,-
2021-10-26T17:31:43.193+05:00,0.073179079,wikimedia.org,2021-10-26T17:31:32.726+0500,,,-
2021-10-26T17:31:43.694+05:00,0.174322114,wikimedia.org,2021-10-26T17:31:32.726+0500,,,-
2021-10-26T17:31:44.195+05:00,0.113103018,wikimedia.org,2021-10-26T17:31:32.726+0500,,,-
2021-10-26T17:31:44.696+05:00,0.101172177,wikimedia.org,2021-10-26T17:31:32.726+0500,,,-
2021-10-26T17:31:45.197+05:00,1.012421875,wikimedia.org,2021-10-26T17:31:32.726+0500,,,-
2021-10-26T17:31:45.698+05:00,0.026056785,wikimedia.org,2021-10-26T17:31:32.726+0500,,,-
2021-10-26T17:31:46.199+05:00,0.318793526,wikimedia.org,2021-10-26T17:31:32.726+0500,,,-
2021-10-26T17:31:46.700+05:00,0.089577175,wikimedia.org,2021-10-26T17:31:32.726+0500,,,-
2021-10-26T17:31:47.201+05:00,0,wikimedia.org,2021-10-26T17:31:32.726+0500,,,-
2021-10-26T17:31:47.702+05:00,0,wikimedia.org,2021-10-26T17:31:32.726+0500,,,-
2021-10-26T17:31:48.204+05:00,5.31890146,wikimedia.org,2021-10-26T17:31:32.726+0500,,,-
2021-10-26T17:31:48.709+05:00,1.444261658,wikimedia.org,2021-10-26T17:31:32.726+0500,,,-
2021-10-26T17:31:49.210+05:00,0.499893787,wikimedia.org,2021-10-26T17:31:32.726+0500,,,-
2021-10-26T17:31:49.711+05:00,0.093642849,wikimedia.org,2021-10-26T17:31:32.726+0500,,,-
2021-10-26T17:31:50.212+05:00,0.876253816,wikimedia.org,2021-10-26T17:31:32.726+0500,,,-
2021-10-26T17:31:50.713+05:00,0.113616653,wikimedia.org,2021-10-26T17:31:32.726+0500,,,-
2021-10-26T17:31:51.214+05:00,9.86484446,dell.com,2021-10-26T17:31:50.787+0500,172.9088118,36,4.80302255
2021-10-26T17:31:51.715+05:00,2.671225819,dell.com,2021-10-26T17:31:50.787+0500,,,-
2021-10-26T17:31:52.216+05:00,2.944467464,dell.com,2021-10-26T17:31:50.787+0500,,,-
2021-10-26T17:31:52.717+05:00,2.661751575,dell.com,2021-10-26T17:31:50.787+0500,,,-
2021-10-26T17:31:53.218+05:00,3.013617668,dell.com,2021-10-26T17:31:50.787+0500,,,-
2021-10-26T17:31:53.719+05:00,3.028428518,dell.com,2021-10-26T17:31:50.787+0500,,,-
2021-10-26T17:31:54.220+05:00,6.834707444,dell.com,2021-10-26T17:31:50.787+0500,,,-
2021-10-26T17:31:54.721+05:00,5.230995975,dell.com,2021-10-26T17:31:50.787+0500,,,-
2021-10-26T17:31:55.222+05:00,4.749082092,dell.com,2021-10-26T17:31:50.787+0500,,,-
2021-10-26T17:31:55.723+05:00,12.21982448,dell.com,2021-10-26T17:31:50.787+0500,,,-
2021-10-26T17:31:56.225+05:00,13.02966796,dell.com,2021-10-26T17:31:50.787+0500,,,-
2021-10-26T17:31:56.726+05:00,11.36301955,dell.com,2021-10-26T17:31:50.787+0500,,,-
2021-10-26T17:31:57.227+05:00,7.516481474,dell.com,2021-10-26T17:31:50.787+0500,,,-
2021-10-26T17:31:57.728+05:00,3.769972627,dell.com,2021-10-26T17:31:50.787+0500,,,-
2021-10-26T17:31:58.230+05:00,3.831043153,dell.com,2021-10-26T17:31:50.787+0500,,,-
2021-10-26T17:31:58.731+05:00,1.903991647,dell.com,2021-10-26T17:31:50.787+0500,,,-
2021-10-26T17:31:59.232+05:00,4.533892046,dell.com,2021-10-26T17:31:50.787+0500,,,-
2021-10-26T17:31:59.733+05:00,2.596988263,dell.com,2021-10-26T17:31:50.787+0500,,,-
2021-10-26T17:32:00.235+05:00,1.407661973,dell.com,2021-10-26T17:31:50.787+0500,,,-
2021-10-26T17:32:00.736+05:00,3.712508929,dell.com,2021-10-26T17:31:50.787+0500,,,-
2021-10-26T17:32:01.237+05:00,2.959125161,dell.com,2021-10-26T17:31:50.787+0500,,,-
2021-10-26T17:32:01.738+05:00,3.799276682,dell.com,2021-10-26T17:31:50.787+0500,,,-
2021-10-26T17:32:02.239+05:00,8.190839103,dell.com,2021-10-26T17:31:50.787+0500,,,-
2021-10-26T17:32:02.740+05:00,8.605328171,dell.com,2021-10-26T17:31:50.787+0500,,,-
2021-10-26T17:32:03.241+05:00,8.551371391,dell.com,2021-10-26T17:31:50.787+0500,,,-
2021-10-26T17:32:03.742+05:00,4.967116457,dell.com,2021-10-26T17:31:50.787+0500,,,-
2021-10-26T17:32:04.244+05:00,5.592710041,dell.com,2021-10-26T17:31:50.787+0500,,,-
2021-10-26T17:32:04.746+05:00,3.914146881,dell.com,2021-10-26T17:31:50.787+0500,,,-
2021-10-26T17:32:05.248+05:00,5.364850638,dell.com,2021-10-26T17:31:50.787+0500,,,-
2021-10-26T17:32:05.749+05:00,3.086571623,dell.com,2021-10-26T17:31:50.787+0500,,,-
2021-10-26T17:32:06.250+05:00,9.595863379,dell.com,2021-10-26T17:31:50.787+0500,,,-
2021-10-26T17:32:06.752+05:00,0,dell.com,2021-10-26T17:31:50.787+0500,,,-
2021-10-26T17:32:07.253+05:00,0.762663725,dell.com,2021-10-26T17:31:50.787+0500,,,-
2021-10-26T17:32:07.754+05:00,0.060206906,dell.com,2021-10-26T17:31:50.787+0500,,,-
2021-10-26T17:32:08.255+05:00,0.442343578,dell.com,2021-10-26T17:31:50.787+0500,,,-
2021-10-26T17:32:08.757+05:00,0.132224949,dell.com,2021-10-26T17:31:50.787+0500,,,-
2021-10-26T17:32:09.259+05:00,8.925236043,chegg.com,2021-10-26T17:32:08.840+0500,126.5002047,36,3.513894575
2021-10-26T17:32:09.760+05:00,1.425580276,chegg.com,2021-10-26T17:32:08.840+0500,,,-
2021-10-26T17:32:10.261+05:00,4.684882171,chegg.com,2021-10-26T17:32:08.840+0500,,,-
2021-10-26T17:32:10.762+05:00,1.627381976,chegg.com,2021-10-26T17:32:08.840+0500,,,-
2021-10-26T17:32:11.264+05:00,6.595173624,chegg.com,2021-10-26T17:32:08.840+0500,,,-
2021-10-26T17:32:11.765+05:00,18.47446217,chegg.com,2021-10-26T17:32:08.840+0500,,,-
2021-10-26T17:32:12.266+05:00,19.03827998,chegg.com,2021-10-26T17:32:08.840+0500,,,-
2021-10-26T17:32:12.767+05:00,6.307607539,chegg.com,2021-10-26T17:32:08.840+0500,,,-
2021-10-26T17:32:13.268+05:00,6.87970472,chegg.com,2021-10-26T17:32:08.840+0500,,,-
2021-10-26T17:32:13.770+05:00,3.880184971,chegg.com,2021-10-26T17:32:08.840+0500,,,-
2021-10-26T17:32:14.271+05:00,1.695288307,chegg.com,2021-10-26T17:32:08.840+0500,,,-
2021-10-26T17:32:14.772+05:00,3.81665422,chegg.com,2021-10-26T17:32:08.840+0500,,,-
2021-10-26T17:32:15.273+05:00,1.133605026,chegg.com,2021-10-26T17:32:08.840+0500,,,-
2021-10-26T17:32:15.775+05:00,1.115630389,chegg.com,2021-10-26T17:32:08.840+0500,,,-
2021-10-26T17:32:16.277+05:00,0.973894542,chegg.com,2021-10-26T17:32:08.840+0500,,,-
2021-10-26T17:32:16.780+05:00,2.444489935,chegg.com,2021-10-26T17:32:08.840+0500,,,-
2021-10-26T17:32:17.281+05:00,4.229859998,chegg.com,2021-10-26T17:32:08.840+0500,,,-
2021-10-26T17:32:17.783+05:00,2.508018616,chegg.com,2021-10-26T17:32:08.840+0500,,,-
2021-10-26T17:32:18.286+05:00,1.234209654,chegg.com,2021-10-26T17:32:08.840+0500,,,-
2021-10-26T17:32:18.788+05:00,3.053971106,chegg.com,2021-10-26T17:32:08.840+0500,,,-
2021-10-26T17:32:19.290+05:00,0.995476424,chegg.com,2021-10-26T17:32:08.840+0500,,,-
2021-10-26T17:32:19.793+05:00,0.983184667,chegg.com,2021-10-26T17:32:08.840+0500,,,-
2021-10-26T17:32:20.295+05:00,0.989604333,chegg.com,2021-10-26T17:32:08.840+0500,,,-
2021-10-26T17:32:20.798+05:00,0.924519906,chegg.com,2021-10-26T17:32:08.840+0500,,,-
2021-10-26T17:32:21.300+05:00,0.993782829,chegg.com,2021-10-26T17:32:08.840+0500,,,-
2021-10-26T17:32:21.802+05:00,1.032153999,chegg.com,2021-10-26T17:32:08.840+0500,,,-
2021-10-26T17:32:22.304+05:00,0.706695119,chegg.com,2021-10-26T17:32:08.840+0500,,,-
2021-10-26T17:32:22.807+05:00,1.239094147,chegg.com,2021-10-26T17:32:08.840+0500,,,-
2021-10-26T17:32:23.310+05:00,1.09600747,chegg.com,2021-10-26T17:32:08.840+0500,,,-
2021-10-26T17:32:23.811+05:00,2.571589668,chegg.com,2021-10-26T17:32:08.840+0500,,,-
2021-10-26T17:32:24.314+05:00,7.944141291,chegg.com,2021-10-26T17:32:08.840+0500,,,-
2021-10-26T17:32:24.816+05:00,0.46595617,chegg.com,2021-10-26T17:32:08.840+0500,,,-
2021-10-26T17:32:25.319+05:00,5.948153171,chegg.com,2021-10-26T17:32:08.840+0500,,,-
2021-10-26T17:32:25.822+05:00,0.064880673,chegg.com,2021-10-26T17:32:08.840+0500,,,-
2021-10-26T17:32:26.324+05:00,0.394775158,chegg.com,2021-10-26T17:32:08.840+0500,,,-
2021-10-26T17:32:26.827+05:00,0.106074412,chegg.com,2021-10-26T17:32:08.840+0500,,,-
2021-10-26T17:32:27.329+05:00,9.848284917,surveymonkey.com,2021-10-26T17:32:26.895+0500,246.8497564,36,6.856937678
2021-10-26T17:32:27.831+05:00,3.217269326,surveymonkey.com,2021-10-26T17:32:26.895+0500,,,-
2021-10-26T17:32:28.333+05:00,2.011356985,surveymonkey.com,2021-10-26T17:32:26.895+0500,,,-
2021-10-26T17:32:28.836+05:00,2.858911193,surveymonkey.com,2021-10-26T17:32:26.895+0500,,,-
2021-10-26T17:32:29.337+05:00,8.2324488,surveymonkey.com,2021-10-26T17:32:26.895+0500,,,-
2021-10-26T17:32:29.846+05:00,7.849530116,surveymonkey.com,2021-10-26T17:32:26.895+0500,,,-
2021-10-26T17:32:30.347+05:00,16.63135071,surveymonkey.com,2021-10-26T17:32:26.895+0500,,,-
2021-10-26T17:32:30.848+05:00,19.57780577,surveymonkey.com,2021-10-26T17:32:26.895+0500,,,-
2021-10-26T17:32:31.349+05:00,12.21709536,surveymonkey.com,2021-10-26T17:32:26.895+0500,,,-
2021-10-26T17:32:31.851+05:00,11.8031929,surveymonkey.com,2021-10-26T17:32:26.895+0500,,,-
2021-10-26T17:32:32.352+05:00,19.46507944,surveymonkey.com,2021-10-26T17:32:26.895+0500,,,-
2021-10-26T17:32:32.854+05:00,14.75074911,surveymonkey.com,2021-10-26T17:32:26.895+0500,,,-
2021-10-26T17:32:33.355+05:00,9.920881368,surveymonkey.com,2021-10-26T17:32:26.895+0500,,,-
2021-10-26T17:32:33.857+05:00,9.438585193,surveymonkey.com,2021-10-26T17:32:26.895+0500,,,-
2021-10-26T17:32:34.358+05:00,11.78860723,surveymonkey.com,2021-10-26T17:32:26.895+0500,,,-
2021-10-26T17:32:34.859+05:00,5.162036807,surveymonkey.com,2021-10-26T17:32:26.895+0500,,,-
2021-10-26T17:32:35.361+05:00,5.850639456,surveymonkey.com,2021-10-26T17:32:26.895+0500,,,-
2021-10-26T17:32:35.863+05:00,6.990528977,surveymonkey.com,2021-10-26T17:32:26.895+0500,,,-
2021-10-26T17:32:36.365+05:00,4.361128963,surveymonkey.com,2021-10-26T17:32:26.895+0500,,,-
2021-10-26T17:32:36.867+05:00,2.371369709,surveymonkey.com,2021-10-26T17:32:26.895+0500,,,-
2021-10-26T17:32:37.369+05:00,2.989125723,surveymonkey.com,2021-10-26T17:32:26.895+0500,,,-
2021-10-26T17:32:37.870+05:00,6.533061599,surveymonkey.com,2021-10-26T17:32:26.895+0500,,,-
2021-10-26T17:32:38.372+05:00,5.812393813,surveymonkey.com,2021-10-26T17:32:26.895+0500,,,-
2021-10-26T17:32:38.873+05:00,7.081743061,surveymonkey.com,2021-10-26T17:32:26.895+0500,,,-
2021-10-26T17:32:39.375+05:00,3.138715596,surveymonkey.com,2021-10-26T17:32:26.895+0500,,,-
2021-10-26T17:32:39.877+05:00,2.705690957,surveymonkey.com,2021-10-26T17:32:26.895+0500,,,-
2021-10-26T17:32:40.380+05:00,2.469679566,surveymonkey.com,2021-10-26T17:32:26.895+0500,,,-
2021-10-26T17:32:40.881+05:00,6.514256671,surveymonkey.com,2021-10-26T17:32:26.895+0500,,,-
2021-10-26T17:32:41.383+05:00,6.985550678,surveymonkey.com,2021-10-26T17:32:26.895+0500,,,-
2021-10-26T17:32:41.886+05:00,4.639701281,surveymonkey.com,2021-10-26T17:32:26.895+0500,,,-
2021-10-26T17:32:42.388+05:00,9.737650704,surveymonkey.com,2021-10-26T17:32:26.895+0500,,,-
2021-10-26T17:32:42.891+05:00,1.423435214,surveymonkey.com,2021-10-26T17:32:26.895+0500,,,-
2021-10-26T17:32:43.394+05:00,1.045562649,surveymonkey.com,2021-10-26T17:32:26.895+0500,,,-
2021-10-26T17:32:43.895+05:00,0.489599298,surveymonkey.com,2021-10-26T17:32:26.895+0500,,,-
2021-10-26T17:32:44.396+05:00,0.771601569,surveymonkey.com,2021-10-26T17:32:26.895+0500,,,-
2021-10-26T17:32:44.898+05:00,0.165135719,surveymonkey.com,2021-10-26T17:32:26.895+0500,,,-
2021-10-26T17:32:45.401+05:00,9.659081349,macys.com,2021-10-26T17:32:44.949+0500,59.99524815,36,1.666534671
2021-10-26T17:32:45.903+05:00,2.584201194,macys.com,2021-10-26T17:32:44.949+0500,,,-
2021-10-26T17:32:46.405+05:00,1.988758767,macys.com,2021-10-26T17:32:44.949+0500,,,-
2021-10-26T17:32:46.907+05:00,2.083335361,macys.com,2021-10-26T17:32:44.949+0500,,,-
2021-10-26T17:32:47.408+05:00,2.007025657,macys.com,2021-10-26T17:32:44.949+0500,,,-
2021-10-26T17:32:47.910+05:00,2.09008464,macys.com,2021-10-26T17:32:44.949+0500,,,-
2021-10-26T17:32:48.412+05:00,1.933865652,macys.com,2021-10-26T17:32:44.949+0500,,,-
2021-10-26T17:32:48.914+05:00,3.04748422,macys.com,2021-10-26T17:32:44.949+0500,,,-
2021-10-26T17:32:49.416+05:00,1.584840667,macys.com,2021-10-26T17:32:44.949+0500,,,-
2021-10-26T17:32:49.919+05:00,1.732468719,macys.com,2021-10-26T17:32:44.949+0500,,,-
2021-10-26T17:32:50.421+05:00,1.119436626,macys.com,2021-10-26T17:32:44.949+0500,,,-
2021-10-26T17:32:50.933+05:00,1.172826242,macys.com,2021-10-26T17:32:44.949+0500,,,-
2021-10-26T17:32:51.435+05:00,8.307026074,macys.com,2021-10-26T17:32:44.949+0500,,,-
2021-10-26T17:32:51.938+05:00,2.883127663,macys.com,2021-10-26T17:32:44.949+0500,,,-
2021-10-26T17:32:52.440+05:00,0.630900584,macys.com,2021-10-26T17:32:44.949+0500,,,-
2021-10-26T17:32:52.943+05:00,0.069665808,macys.com,2021-10-26T17:32:44.949+0500,,,-
2021-10-26T17:32:53.446+05:00,2.382227514,macys.com,2021-10-26T17:32:44.949+0500,,,-
2021-10-26T17:32:53.949+05:00,0.131599699,macys.com,2021-10-26T17:32:44.949+0500,,,-
2021-10-26T17:32:54.452+05:00,0.089769013,macys.com,2021-10-26T17:32:44.949+0500,,,-
2021-10-26T17:32:54.955+05:00,0.332257286,macys.com,2021-10-26T17:32:44.949+0500,,,-
2021-10-26T17:32:55.457+05:00,0,macys.com,2021-10-26T17:32:44.949+0500,,,-
2021-10-26T17:32:55.960+05:00,0.074978069,macys.com,2021-10-26T17:32:44.949+0500,,,-
2021-10-26T17:32:56.462+05:00,0.0281419,macys.com,2021-10-26T17:32:44.949+0500,,,-
2021-10-26T17:32:56.965+05:00,0.129795866,macys.com,2021-10-26T17:32:44.949+0500,,,-
2021-10-26T17:32:57.467+05:00,1.128604909,macys.com,2021-10-26T17:32:44.949+0500,,,-
2021-10-26T17:32:57.970+05:00,0,macys.com,2021-10-26T17:32:44.949+0500,,,-
2021-10-26T17:32:58.472+05:00,0,macys.com,2021-10-26T17:32:44.949+0500,,,-
2021-10-26T17:32:58.975+05:00,0.084478556,macys.com,2021-10-26T17:32:44.949+0500,,,-
2021-10-26T17:32:59.478+05:00,0.168031794,macys.com,2021-10-26T17:32:44.949+0500,,,-
2021-10-26T17:32:59.979+05:00,2.228630218,macys.com,2021-10-26T17:32:44.949+0500,,,-
2021-10-26T17:33:00.481+05:00,5.852413128,macys.com,2021-10-26T17:32:44.949+0500,,,-
2021-10-26T17:33:00.984+05:00,0.807328775,macys.com,2021-10-26T17:32:44.949+0500,,,-
2021-10-26T17:33:01.486+05:00,2.934293221,macys.com,2021-10-26T17:32:44.949+0500,,,-
2021-10-26T17:33:01.989+05:00,0.255493774,macys.com,2021-10-26T17:32:44.949+0500,,,-
2021-10-26T17:33:02.491+05:00,0.382373699,macys.com,2021-10-26T17:32:44.949+0500,,,-
2021-10-26T17:33:02.994+05:00,0.090701502,macys.com,2021-10-26T17:32:44.949+0500,,,-
2021-10-26T17:33:03.496+05:00,9.216448571,vnexpress.net,2021-10-26T17:33:03.017+0500,345.3267896,36,9.592410822
2021-10-26T17:33:03.998+05:00,2.592204007,vnexpress.net,2021-10-26T17:33:03.017+0500,,,-
2021-10-26T17:33:04.499+05:00,3.078366146,vnexpress.net,2021-10-26T17:33:03.017+0500,,,-
2021-10-26T17:33:05.001+05:00,2.693745131,vnexpress.net,2021-10-26T17:33:03.017+0500,,,-
2021-10-26T17:33:05.502+05:00,1.868894011,vnexpress.net,2021-10-26T17:33:03.017+0500,,,-
2021-10-26T17:33:06.004+05:00,9.870572282,vnexpress.net,2021-10-26T17:33:03.017+0500,,,-
2021-10-26T17:33:06.506+05:00,10.29553779,vnexpress.net,2021-10-26T17:33:03.017+0500,,,-
2021-10-26T17:33:07.007+05:00,20.11432476,vnexpress.net,2021-10-26T17:33:03.017+0500,,,-
2021-10-26T17:33:07.509+05:00,15.81499132,vnexpress.net,2021-10-26T17:33:03.017+0500,,,-
2021-10-26T17:33:08.010+05:00,8.585279748,vnexpress.net,2021-10-26T17:33:03.017+0500,,,-
2021-10-26T17:33:08.512+05:00,17.24857727,vnexpress.net,2021-10-26T17:33:03.017+0500,,,-
2021-10-26T17:33:09.013+05:00,8.796120663,vnexpress.net,2021-10-26T17:33:03.017+0500,,,-
2021-10-26T17:33:09.515+05:00,4.298984472,vnexpress.net,2021-10-26T17:33:03.017+0500,,,-
2021-10-26T17:33:10.016+05:00,4.759187878,vnexpress.net,2021-10-26T17:33:03.017+0500,,,-
2021-10-26T17:33:10.517+05:00,8.871637292,vnexpress.net,2021-10-26T17:33:03.017+0500,,,-
2021-10-26T17:33:11.018+05:00,9.875415717,vnexpress.net,2021-10-26T17:33:03.017+0500,,,-
2021-10-26T17:33:11.519+05:00,6.491624833,vnexpress.net,2021-10-26T17:33:03.017+0500,,,-
2021-10-26T17:33:12.021+05:00,10.33873971,vnexpress.net,2021-10-26T17:33:03.017+0500,,,-
2021-10-26T17:33:12.522+05:00,13.58035488,vnexpress.net,2021-10-26T17:33:03.017+0500,,,-
2021-10-26T17:33:13.023+05:00,12.93953636,vnexpress.net,2021-10-26T17:33:03.017+0500,,,-
2021-10-26T17:33:13.525+05:00,7.616388589,vnexpress.net,2021-10-26T17:33:03.017+0500,,,-
2021-10-26T17:33:14.027+05:00,12.32724133,vnexpress.net,2021-10-26T17:33:03.017+0500,,,-
2021-10-26T17:33:14.528+05:00,18.84814381,vnexpress.net,2021-10-26T17:33:03.017+0500,,,-
2021-10-26T17:33:15.029+05:00,10.23683958,vnexpress.net,2021-10-26T17:33:03.017+0500,,,-
2021-10-26T17:33:15.531+05:00,13.26531205,vnexpress.net,2021-10-26T17:33:03.017+0500,,,-
2021-10-26T17:33:16.032+05:00,21.62948524,vnexpress.net,2021-10-26T17:33:03.017+0500,,,-
2021-10-26T17:33:16.533+05:00,14.93339341,vnexpress.net,2021-10-26T17:33:03.017+0500,,,-
2021-10-26T17:33:17.036+05:00,14.2512079,vnexpress.net,2021-10-26T17:33:03.017+0500,,,-
2021-10-26T17:33:17.539+05:00,9.140264053,vnexpress.net,2021-10-26T17:33:03.017+0500,,,-
2021-10-26T17:33:18.040+05:00,11.15612045,vnexpress.net,2021-10-26T17:33:03.017+0500,,,-
2021-10-26T17:33:18.541+05:00,15.80417283,vnexpress.net,2021-10-26T17:33:03.017+0500,,,-
2021-10-26T17:33:19.042+05:00,2.642906176,vnexpress.net,2021-10-26T17:33:03.017+0500,,,-
2021-10-26T17:33:19.544+05:00,1.799221363,vnexpress.net,2021-10-26T17:33:03.017+0500,,,-
2021-10-26T17:33:20.046+05:00,2.077245375,vnexpress.net,2021-10-26T17:33:03.017+0500,,,-
2021-10-26T17:33:20.547+05:00,5.044963277,vnexpress.net,2021-10-26T17:33:03.017+0500,,,-
2021-10-26T17:33:21.049+05:00,3.223341312,vnexpress.net,2021-10-26T17:33:03.017+0500,,,-
2021-10-26T17:33:21.550+05:00,9.585178962,academia.edu,2021-10-26T17:33:21.087+0500,145.7689369,36,4.049137136
2021-10-26T17:33:22.052+05:00,2.748378926,academia.edu,2021-10-26T17:33:21.087+0500,,,-
2021-10-26T17:33:22.554+05:00,2.024675264,academia.edu,2021-10-26T17:33:21.087+0500,,,-
2021-10-26T17:33:23.056+05:00,1.532597987,academia.edu,2021-10-26T17:33:21.087+0500,,,-
2021-10-26T17:33:23.557+05:00,9.293758677,academia.edu,2021-10-26T17:33:21.087+0500,,,-
2021-10-26T17:33:24.059+05:00,20.14835268,academia.edu,2021-10-26T17:33:21.087+0500,,,-
2021-10-26T17:33:24.562+05:00,6.147461234,academia.edu,2021-10-26T17:33:21.087+0500,,,-
2021-10-26T17:33:25.063+05:00,7.603265105,academia.edu,2021-10-26T17:33:21.087+0500,,,-
2021-10-26T17:33:25.565+05:00,8.331448988,academia.edu,2021-10-26T17:33:21.087+0500,,,-
2021-10-26T17:33:26.067+05:00,6.073084944,academia.edu,2021-10-26T17:33:21.087+0500,,,-
2021-10-26T17:33:26.570+05:00,7.356725359,academia.edu,2021-10-26T17:33:21.087+0500,,,-
2021-10-26T17:33:27.071+05:00,4.221499821,academia.edu,2021-10-26T17:33:21.087+0500,,,-
2021-10-26T17:33:27.573+05:00,8.124565118,academia.edu,2021-10-26T17:33:21.087+0500,,,-
2021-10-26T17:33:28.076+05:00,1.229761744,academia.edu,2021-10-26T17:33:21.087+0500,,,-
2021-10-26T17:33:28.578+05:00,0.316033386,academia.edu,2021-10-26T17:33:21.087+0500,,,-
2021-10-26T17:33:29.080+05:00,1.218587718,academia.edu,2021-10-26T17:33:21.087+0500,,,-
2021-10-26T17:33:29.581+05:00,8.116501928,academia.edu,2021-10-26T17:33:21.087+0500,,,-
2021-10-26T17:33:30.082+05:00,4.066965885,academia.edu,2021-10-26T17:33:21.087+0500,,,-
2021-10-26T17:33:30.584+05:00,0.702332418,academia.edu,2021-10-26T17:33:21.087+0500,,,-
2021-10-26T17:33:31.086+05:00,1.323043572,academia.edu,2021-10-26T17:33:21.087+0500,,,-
2021-10-26T17:33:31.590+05:00,4.908371283,academia.edu,2021-10-26T17:33:21.087+0500,,,-
2021-10-26T17:33:32.091+05:00,3.195151339,academia.edu,2021-10-26T17:33:21.087+0500,,,-
2021-10-26T17:33:32.593+05:00,0.71595048,academia.edu,2021-10-26T17:33:21.087+0500,,,-
2021-10-26T17:33:33.096+05:00,1.726748354,academia.edu,2021-10-26T17:33:21.087+0500,,,-
2021-10-26T17:33:33.599+05:00,0.221136972,academia.edu,2021-10-26T17:33:21.087+0500,,,-
2021-10-26T17:33:34.100+05:00,5.786653765,academia.edu,2021-10-26T17:33:21.087+0500,,,-
2021-10-26T17:33:34.603+05:00,0.581391757,academia.edu,2021-10-26T17:33:21.087+0500,,,-
2021-10-26T17:33:35.105+05:00,1.024985065,academia.edu,2021-10-26T17:33:21.087+0500,,,-
2021-10-26T17:33:35.607+05:00,4.092548006,academia.edu,2021-10-26T17:33:21.087+0500,,,-
2021-10-26T17:33:36.108+05:00,1.324165549,academia.edu,2021-10-26T17:33:21.087+0500,,,-
2021-10-26T17:33:36.611+05:00,7.963024416,academia.edu,2021-10-26T17:33:21.087+0500,,,-
2021-10-26T17:33:37.113+05:00,1.495568926,academia.edu,2021-10-26T17:33:21.087+0500,,,-
2021-10-26T17:33:37.615+05:00,1.415413123,academia.edu,2021-10-26T17:33:21.087+0500,,,-
2021-10-26T17:33:38.117+05:00,0.172979735,academia.edu,2021-10-26T17:33:21.087+0500,,,-
2021-10-26T17:33:38.620+05:00,0.416083322,academia.edu,2021-10-26T17:33:21.087+0500,,,-
2021-10-26T17:33:39.122+05:00,0.564545089,academia.edu,2021-10-26T17:33:21.087+0500,,,-
2021-10-26T17:33:39.623+05:00,9.859964845,liansuo.com,2021-10-26T17:33:39.148+0500,87.49593376,36,2.430442604
2021-10-26T17:33:40.125+05:00,2.570186576,liansuo.com,2021-10-26T17:33:39.148+0500,,,-
2021-10-26T17:33:40.627+05:00,0.857086342,liansuo.com,2021-10-26T17:33:39.148+0500,,,-
2021-10-26T17:33:41.129+05:00,1.505033182,liansuo.com,2021-10-26T17:33:39.148+0500,,,-
2021-10-26T17:33:41.631+05:00,1.65976728,liansuo.com,2021-10-26T17:33:39.148+0500,,,-
2021-10-26T17:33:42.132+05:00,3.0752357,liansuo.com,2021-10-26T17:33:39.148+0500,,,-
2021-10-26T17:33:42.633+05:00,2.674749645,liansuo.com,2021-10-26T17:33:39.148+0500,,,-
2021-10-26T17:33:43.135+05:00,1.0085625,liansuo.com,2021-10-26T17:33:39.148+0500,,,-
2021-10-26T17:33:43.637+05:00,1.574139313,liansuo.com,2021-10-26T17:33:39.148+0500,,,-
2021-10-26T17:33:44.140+05:00,1.365478854,liansuo.com,2021-10-26T17:33:39.148+0500,,,-
2021-10-26T17:33:44.641+05:00,6.562837634,liansuo.com,2021-10-26T17:33:39.148+0500,,,-
2021-10-26T17:33:45.143+05:00,1.042619475,liansuo.com,2021-10-26T17:33:39.148+0500,,,-
2021-10-26T17:33:45.645+05:00,7.929185557,liansuo.com,2021-10-26T17:33:39.148+0500,,,-
2021-10-26T17:33:46.147+05:00,2.730700632,liansuo.com,2021-10-26T17:33:39.148+0500,,,-
2021-10-26T17:33:46.649+05:00,1.033491257,liansuo.com,2021-10-26T17:33:39.148+0500,,,-
2021-10-26T17:33:47.151+05:00,1.422470515,liansuo.com,2021-10-26T17:33:39.148+0500,,,-
2021-10-26T17:33:47.653+05:00,1.494919061,liansuo.com,2021-10-26T17:33:39.148+0500,,,-
2021-10-26T17:33:48.154+05:00,1.988301528,liansuo.com,2021-10-26T17:33:39.148+0500,,,-
2021-10-26T17:33:48.657+05:00,1.616042778,liansuo.com,2021-10-26T17:33:39.148+0500,,,-
2021-10-26T17:33:49.159+05:00,2.539911304,liansuo.com,2021-10-26T17:33:39.148+0500,,,-
2021-10-26T17:33:49.662+05:00,2.036388337,liansuo.com,2021-10-26T17:33:39.148+0500,,,-
2021-10-26T17:33:50.164+05:00,2.475314463,liansuo.com,2021-10-26T17:33:39.148+0500,,,-
2021-10-26T17:33:50.666+05:00,1.333509247,liansuo.com,2021-10-26T17:33:39.148+0500,,,-
2021-10-26T17:33:51.168+05:00,2.703615445,liansuo.com,2021-10-26T17:33:39.148+0500,,,-
2021-10-26T17:33:51.670+05:00,1.105176811,liansuo.com,2021-10-26T17:33:39.148+0500,,,-
2021-10-26T17:33:52.172+05:00,3.162173954,liansuo.com,2021-10-26T17:33:39.148+0500,,,-
2021-10-26T17:33:52.681+05:00,1.053616835,liansuo.com,2021-10-26T17:33:39.148+0500,,,-
2021-10-26T17:33:53.184+05:00,2.219930293,liansuo.com,2021-10-26T17:33:39.148+0500,,,-
2021-10-26T17:33:53.686+05:00,3.095288407,liansuo.com,2021-10-26T17:33:39.148+0500,,,-
2021-10-26T17:33:54.187+05:00,6.051773514,liansuo.com,2021-10-26T17:33:39.148+0500,,,-
2021-10-26T17:33:54.690+05:00,5.67147979,liansuo.com,2021-10-26T17:33:39.148+0500,,,-
2021-10-26T17:33:55.192+05:00,0.45288346,liansuo.com,2021-10-26T17:33:39.148+0500,,,-
2021-10-26T17:33:55.695+05:00,0.651809416,liansuo.com,2021-10-26T17:33:39.148+0500,,,-
2021-10-26T17:33:56.197+05:00,0.342282353,liansuo.com,2021-10-26T17:33:39.148+0500,,,-
2021-10-26T17:33:56.700+05:00,0.225816832,liansuo.com,2021-10-26T17:33:39.148+0500,,,-
2021-10-26T17:33:57.201+05:00,0.404190629,liansuo.com,2021-10-26T17:33:39.148+0500,,,-
2021-10-26T17:33:57.703+05:00,9.589376918,wise.com,2021-10-26T17:33:57.210+0500,235.503789,36,6.541771916
2021-10-26T17:33:58.206+05:00,3.155290738,wise.com,2021-10-26T17:33:57.210+0500,,,-
2021-10-26T17:33:58.707+05:00,11.38063033,wise.com,2021-10-26T17:33:57.210+0500,,,-
2021-10-26T17:33:59.208+05:00,17.88184978,wise.com,2021-10-26T17:33:57.210+0500,,,-
2021-10-26T17:33:59.709+05:00,16.69244648,wise.com,2021-10-26T17:33:57.210+0500,,,-
2021-10-26T17:34:00.211+05:00,24.73916004,wise.com,2021-10-26T17:33:57.210+0500,,,-
2021-10-26T17:34:00.712+05:00,14.60088137,wise.com,2021-10-26T17:33:57.210+0500,,,-
2021-10-26T17:34:01.213+05:00,14.2762622,wise.com,2021-10-26T17:33:57.210+0500,,,-
2021-10-26T17:34:01.715+05:00,11.09841813,wise.com,2021-10-26T17:33:57.210+0500,,,-
2021-10-26T17:34:02.216+05:00,5.606143965,wise.com,2021-10-26T17:33:57.210+0500,,,-
2021-10-26T17:34:02.717+05:00,12.26340215,wise.com,2021-10-26T17:33:57.210+0500,,,-
2021-10-26T17:34:03.218+05:00,8.263432812,wise.com,2021-10-26T17:33:57.210+0500,,,-
2021-10-26T17:34:03.720+05:00,7.295386849,wise.com,2021-10-26T17:33:57.210+0500,,,-
2021-10-26T17:34:04.221+05:00,6.412338654,wise.com,2021-10-26T17:33:57.210+0500,,,-
2021-10-26T17:34:04.723+05:00,3.435441689,wise.com,2021-10-26T17:33:57.210+0500,,,-
2021-10-26T17:34:05.224+05:00,3.986360206,wise.com,2021-10-26T17:33:57.210+0500,,,-
2021-10-26T17:34:05.726+05:00,4.843816657,wise.com,2021-10-26T17:33:57.210+0500,,,-
2021-10-26T17:34:06.228+05:00,3.455129824,wise.com,2021-10-26T17:33:57.210+0500,,,-
2021-10-26T17:34:06.730+05:00,2.720814873,wise.com,2021-10-26T17:33:57.210+0500,,,-
2021-10-26T17:34:07.232+05:00,3.304896352,wise.com,2021-10-26T17:33:57.210+0500,,,-
2021-10-26T17:34:07.734+05:00,3.710077958,wise.com,2021-10-26T17:33:57.210+0500,,,-
2021-10-26T17:34:08.236+05:00,5.291478296,wise.com,2021-10-26T17:33:57.210+0500,,,-
2021-10-26T17:34:08.738+05:00,2.293315402,wise.com,2021-10-26T17:33:57.210+0500,,,-
2021-10-26T17:34:09.240+05:00,2.984099781,wise.com,2021-10-26T17:33:57.210+0500,,,-
2021-10-26T17:34:09.741+05:00,3.05837257,wise.com,2021-10-26T17:33:57.210+0500,,,-
2021-10-26T17:34:10.243+05:00,3.632782861,wise.com,2021-10-26T17:33:57.210+0500,,,-
2021-10-26T17:34:10.745+05:00,3.820452407,wise.com,2021-10-26T17:33:57.210+0500,,,-
2021-10-26T17:34:11.246+05:00,5.936192208,wise.com,2021-10-26T17:33:57.210+0500,,,-
2021-10-26T17:34:11.748+05:00,5.191065132,wise.com,2021-10-26T17:33:57.210+0500,,,-
2021-10-26T17:34:12.249+05:00,5.462996585,wise.com,2021-10-26T17:33:57.210+0500,,,-
2021-10-26T17:34:12.751+05:00,6.441127789,wise.com,2021-10-26T17:33:57.210+0500,,,-
2021-10-26T17:34:13.254+05:00,0.10011183,wise.com,2021-10-26T17:33:57.210+0500,,,-
2021-10-26T17:34:13.755+05:00,0.68982659,wise.com,2021-10-26T17:33:57.210+0500,,,-
2021-10-26T17:34:14.256+05:00,0.592338251,wise.com,2021-10-26T17:33:57.210+0500,,,-
2021-10-26T17:34:14.759+05:00,0.909013793,wise.com,2021-10-26T17:33:57.210+0500,,,-
2021-10-26T17:34:15.261+05:00,0.389057524,wise.com,2021-10-26T17:33:57.210+0500,,,-
2021-10-26T17:34:15.763+05:00,9.59293046,alodokter.com,2021-10-26T17:34:15.275+0500,201.8853763,36,5.60792712
2021-10-26T17:34:16.265+05:00,1.980273549,alodokter.com,2021-10-26T17:34:15.275+0500,,,-
2021-10-26T17:34:16.767+05:00,3.408158516,alodokter.com,2021-10-26T17:34:15.275+0500,,,-
2021-10-26T17:34:17.269+05:00,2.789989068,alodokter.com,2021-10-26T17:34:15.275+0500,,,-
2021-10-26T17:34:17.771+05:00,2.172242457,alodokter.com,2021-10-26T17:34:15.275+0500,,,-
2021-10-26T17:34:18.273+05:00,2.68942964,alodokter.com,2021-10-26T17:34:15.275+0500,,,-
2021-10-26T17:34:18.775+05:00,2.236815151,alodokter.com,2021-10-26T17:34:15.275+0500,,,-
2021-10-26T17:34:19.277+05:00,2.034130411,alodokter.com,2021-10-26T17:34:15.275+0500,,,-
2021-10-26T17:34:19.778+05:00,8.63852287,alodokter.com,2021-10-26T17:34:15.275+0500,,,-
2021-10-26T17:34:20.280+05:00,11.42613175,alodokter.com,2021-10-26T17:34:15.275+0500,,,-
2021-10-26T17:34:20.782+05:00,17.01724468,alodokter.com,2021-10-26T17:34:15.275+0500,,,-
2021-10-26T17:34:21.283+05:00,11.36612703,alodokter.com,2021-10-26T17:34:15.275+0500,,,-
2021-10-26T17:34:21.784+05:00,7.77225175,alodokter.com,2021-10-26T17:34:15.275+0500,,,-
2021-10-26T17:34:22.285+05:00,8.017612398,alodokter.com,2021-10-26T17:34:15.275+0500,,,-
2021-10-26T17:34:22.786+05:00,9.037107778,alodokter.com,2021-10-26T17:34:15.275+0500,,,-
2021-10-26T17:34:23.288+05:00,10.71116907,alodokter.com,2021-10-26T17:34:15.275+0500,,,-
2021-10-26T17:34:23.790+05:00,15.81670562,alodokter.com,2021-10-26T17:34:15.275+0500,,,-
2021-10-26T17:34:24.292+05:00,6.984559558,alodokter.com,2021-10-26T17:34:15.275+0500,,,-
2021-10-26T17:34:24.794+05:00,9.604937014,alodokter.com,2021-10-26T17:34:15.275+0500,,,-
2021-10-26T17:34:25.295+05:00,7.800331419,alodokter.com,2021-10-26T17:34:15.275+0500,,,-
2021-10-26T17:34:25.796+05:00,11.95394579,alodokter.com,2021-10-26T17:34:15.275+0500,,,-
2021-10-26T17:34:26.297+05:00,6.319725102,alodokter.com,2021-10-26T17:34:15.275+0500,,,-
2021-10-26T17:34:26.800+05:00,3.281143968,alodokter.com,2021-10-26T17:34:15.275+0500,,,-
2021-10-26T17:34:27.302+05:00,2.727759298,alodokter.com,2021-10-26T17:34:15.275+0500,,,-
2021-10-26T17:34:27.805+05:00,1.568636987,alodokter.com,2021-10-26T17:34:15.275+0500,,,-
2021-10-26T17:34:28.307+05:00,1.992213255,alodokter.com,2021-10-26T17:34:15.275+0500,,,-
2021-10-26T17:34:28.810+05:00,1.223687649,alodokter.com,2021-10-26T17:34:15.275+0500,,,-
2021-10-26T17:34:29.312+05:00,1.346297787,alodokter.com,2021-10-26T17:34:15.275+0500,,,-
2021-10-26T17:34:29.814+05:00,5.07803281,alodokter.com,2021-10-26T17:34:15.275+0500,,,-
2021-10-26T17:34:30.315+05:00,5.50869442,alodokter.com,2021-10-26T17:34:15.275+0500,,,-
2021-10-26T17:34:30.817+05:00,6.519548102,alodokter.com,2021-10-26T17:34:15.275+0500,,,-
2021-10-26T17:34:31.318+05:00,0.966432891,alodokter.com,2021-10-26T17:34:15.275+0500,,,-
2021-10-26T17:34:31.821+05:00,1.114070676,alodokter.com,2021-10-26T17:34:15.275+0500,,,-
2021-10-26T17:34:32.324+05:00,0.433109604,alodokter.com,2021-10-26T17:34:15.275+0500,,,-
2021-10-26T17:34:32.825+05:00,0.503991933,alodokter.com,2021-10-26T17:34:15.275+0500,,,-
2021-10-26T17:34:33.327+05:00,0.251415861,alodokter.com,2021-10-26T17:34:15.275+0500,,,-
2021-10-26T17:34:33.831+05:00,10.35502095,googlevideo.com,2021-10-26T17:34:33.339+0500,148.5007967,36,4.125022129
2021-10-26T17:34:34.333+05:00,6.198363646,googlevideo.com,2021-10-26T17:34:33.339+0500,,,-
2021-10-26T17:34:34.836+05:00,6.336612563,googlevideo.com,2021-10-26T17:34:33.339+0500,,,-
2021-10-26T17:34:35.338+05:00,5.406976414,googlevideo.com,2021-10-26T17:34:33.339+0500,,,-
2021-10-26T17:34:35.839+05:00,7.961511171,googlevideo.com,2021-10-26T17:34:33.339+0500,,,-
2021-10-26T17:34:36.340+05:00,9.395388466,googlevideo.com,2021-10-26T17:34:33.339+0500,,,-
2021-10-26T17:34:36.841+05:00,6.980939248,googlevideo.com,2021-10-26T17:34:33.339+0500,,,-
2021-10-26T17:34:37.343+05:00,4.506987491,googlevideo.com,2021-10-26T17:34:33.339+0500,,,-
2021-10-26T17:34:37.844+05:00,3.435032046,googlevideo.com,2021-10-26T17:34:33.339+0500,,,-
2021-10-26T17:34:38.346+05:00,6.009925369,googlevideo.com,2021-10-26T17:34:33.339+0500,,,-
2021-10-26T17:34:38.848+05:00,3.81989572,googlevideo.com,2021-10-26T17:34:33.339+0500,,,-
2021-10-26T17:34:39.349+05:00,2.626613079,googlevideo.com,2021-10-26T17:34:33.339+0500,,,-
2021-10-26T17:34:39.851+05:00,5.743048929,googlevideo.com,2021-10-26T17:34:33.339+0500,,,-
2021-10-26T17:34:40.354+05:00,2.548365321,googlevideo.com,2021-10-26T17:34:33.339+0500,,,-
2021-10-26T17:34:40.856+05:00,4.01978864,googlevideo.com,2021-10-26T17:34:33.339+0500,,,-
2021-10-26T17:34:41.357+05:00,13.36904872,googlevideo.com,2021-10-26T17:34:33.339+0500,,,-
2021-10-26T17:34:41.858+05:00,5.896879221,googlevideo.com,2021-10-26T17:34:33.339+0500,,,-
2021-10-26T17:34:42.361+05:00,2.494224046,googlevideo.com,2021-10-26T17:34:33.339+0500,,,-
2021-10-26T17:34:42.863+05:00,1.651374404,googlevideo.com,2021-10-26T17:34:33.339+0500,,,-
2021-10-26T17:34:43.364+05:00,2.084818868,googlevideo.com,2021-10-26T17:34:33.339+0500,,,-
2021-10-26T17:34:43.865+05:00,4.526317243,googlevideo.com,2021-10-26T17:34:33.339+0500,,,-
2021-10-26T17:34:44.368+05:00,3.040255393,googlevideo.com,2021-10-26T17:34:33.339+0500,,,-
2021-10-26T17:34:44.870+05:00,0.958393673,googlevideo.com,2021-10-26T17:34:33.339+0500,,,-
2021-10-26T17:34:45.371+05:00,4.04092217,googlevideo.com,2021-10-26T17:34:33.339+0500,,,-
2021-10-26T17:34:45.873+05:00,3.329807054,googlevideo.com,2021-10-26T17:34:33.339+0500,,,-
2021-10-26T17:34:46.376+05:00,1.658037003,googlevideo.com,2021-10-26T17:34:33.339+0500,,,-
2021-10-26T17:34:46.879+05:00,1.074817963,googlevideo.com,2021-10-26T17:34:33.339+0500,,,-
2021-10-26T17:34:47.381+05:00,1.695627089,googlevideo.com,2021-10-26T17:34:33.339+0500,,,-
2021-10-26T17:34:47.884+05:00,3.943077839,googlevideo.com,2021-10-26T17:34:33.339+0500,,,-
2021-10-26T17:34:48.385+05:00,5.445106202,googlevideo.com,2021-10-26T17:34:33.339+0500,,,-
2021-10-26T17:34:48.887+05:00,5.584022293,googlevideo.com,2021-10-26T17:34:33.339+0500,,,-
2021-10-26T17:34:49.388+05:00,0.307855696,googlevideo.com,2021-10-26T17:34:33.339+0500,,,-
2021-10-26T17:34:49.891+05:00,0.562005386,googlevideo.com,2021-10-26T17:34:33.339+0500,,,-
2021-10-26T17:34:50.393+05:00,0.586502672,googlevideo.com,2021-10-26T17:34:33.339+0500,,,-
2021-10-26T17:34:50.895+05:00,0.712257267,googlevideo.com,2021-10-26T17:34:33.339+0500,,,-
2021-10-26T17:34:51.396+05:00,0.194977401,googlevideo.com,2021-10-26T17:34:33.339+0500,,,-
2021-10-26T17:34:51.897+05:00,9.43366339,rakuten.com,2021-10-26T17:34:51.404+0500,240.1629404,36,6.671192788
2021-10-26T17:34:52.399+05:00,3.109250052,rakuten.com,2021-10-26T17:34:51.404+0500,,,-
2021-10-26T17:34:52.901+05:00,2.718752798,rakuten.com,2021-10-26T17:34:51.404+0500,,,-
2021-10-26T17:34:53.403+05:00,1.734861949,rakuten.com,2021-10-26T17:34:51.404+0500,,,-
2021-10-26T17:34:53.904+05:00,6.746894936,rakuten.com,2021-10-26T17:34:51.404+0500,,,-
2021-10-26T17:34:54.405+05:00,7.359135176,rakuten.com,2021-10-26T17:34:51.404+0500,,,-
2021-10-26T17:34:54.915+05:00,5.895144843,rakuten.com,2021-10-26T17:34:51.404+0500,,,-
2021-10-26T17:34:55.416+05:00,16.77396306,rakuten.com,2021-10-26T17:34:51.404+0500,,,-
2021-10-26T17:34:55.918+05:00,8.875498021,rakuten.com,2021-10-26T17:34:51.404+0500,,,-
2021-10-26T17:34:56.420+05:00,12.65648094,rakuten.com,2021-10-26T17:34:51.404+0500,,,-
2021-10-26T17:34:56.921+05:00,17.25325018,rakuten.com,2021-10-26T17:34:51.404+0500,,,-
2021-10-26T17:34:57.422+05:00,12.18432771,rakuten.com,2021-10-26T17:34:51.404+0500,,,-
2021-10-26T17:34:57.924+05:00,4.352648157,rakuten.com,2021-10-26T17:34:51.404+0500,,,-
2021-10-26T17:34:58.426+05:00,3.892545027,rakuten.com,2021-10-26T17:34:51.404+0500,,,-
2021-10-26T17:34:58.927+05:00,2.101760212,rakuten.com,2021-10-26T17:34:51.404+0500,,,-
2021-10-26T17:34:59.428+05:00,6.776258594,rakuten.com,2021-10-26T17:34:51.404+0500,,,-
2021-10-26T17:34:59.929+05:00,13.82351848,rakuten.com,2021-10-26T17:34:51.404+0500,,,-
2021-10-26T17:35:00.430+05:00,15.08434035,rakuten.com,2021-10-26T17:34:51.404+0500,,,-
2021-10-26T17:35:00.932+05:00,8.076477721,rakuten.com,2021-10-26T17:34:51.404+0500,,,-
2021-10-26T17:35:01.433+05:00,9.054370238,rakuten.com,2021-10-26T17:34:51.404+0500,,,-
2021-10-26T17:35:01.935+05:00,8.425800825,rakuten.com,2021-10-26T17:34:51.404+0500,,,-
2021-10-26T17:35:02.437+05:00,10.13127552,rakuten.com,2021-10-26T17:34:51.404+0500,,,-
2021-10-26T17:35:02.938+05:00,4.780742529,rakuten.com,2021-10-26T17:34:51.404+0500,,,-
2021-10-26T17:35:03.440+05:00,5.332614477,rakuten.com,2021-10-26T17:34:51.404+0500,,,-
2021-10-26T17:35:03.942+05:00,4.051860023,rakuten.com,2021-10-26T17:34:51.404+0500,,,-
2021-10-26T17:35:04.445+05:00,2.046063032,rakuten.com,2021-10-26T17:34:51.404+0500,,,-
2021-10-26T17:35:04.947+05:00,1.801724934,rakuten.com,2021-10-26T17:34:51.404+0500,,,-
2021-10-26T17:35:05.449+05:00,2.584205229,rakuten.com,2021-10-26T17:34:51.404+0500,,,-
2021-10-26T17:35:05.952+05:00,2.464822041,rakuten.com,2021-10-26T17:34:51.404+0500,,,-
2021-10-26T17:35:06.453+05:00,6.322097936,rakuten.com,2021-10-26T17:34:51.404+0500,,,-
2021-10-26T17:35:06.954+05:00,8.171221597,rakuten.com,2021-10-26T17:34:51.404+0500,,,-
2021-10-26T17:35:07.455+05:00,9.634162971,rakuten.com,2021-10-26T17:34:51.404+0500,,,-
2021-10-26T17:35:07.958+05:00,4.734809439,rakuten.com,2021-10-26T17:34:51.404+0500,,,-
2021-10-26T17:35:08.460+05:00,0.587357017,rakuten.com,2021-10-26T17:34:51.404+0500,,,-
2021-10-26T17:35:08.963+05:00,0.330322768,rakuten.com,2021-10-26T17:34:51.404+0500,,,-
2021-10-26T17:35:09.464+05:00,0.860718194,rakuten.com,2021-10-26T17:34:51.404+0500,,,-
2021-10-26T17:35:09.967+05:00,9.607800886,twimg.com,2021-10-26T17:35:09.468+0500,72.31435512,35,2.066124432
2021-10-26T17:35:10.469+05:00,1.824628883,twimg.com,2021-10-26T17:35:09.468+0500,,,-
2021-10-26T17:35:10.971+05:00,0.794260655,twimg.com,2021-10-26T17:35:09.468+0500,,,-
2021-10-26T17:35:11.473+05:00,2.021243713,twimg.com,2021-10-26T17:35:09.468+0500,,,-
2021-10-26T17:35:11.975+05:00,5.315548173,twimg.com,2021-10-26T17:35:09.468+0500,,,-
2021-10-26T17:35:12.476+05:00,6.497255667,twimg.com,2021-10-26T17:35:09.468+0500,,,-
2021-10-26T17:35:12.977+05:00,1.984733989,twimg.com,2021-10-26T17:35:09.468+0500,,,-
2021-10-26T17:35:13.480+05:00,9.032894611,twimg.com,2021-10-26T17:35:09.468+0500,,,-
2021-10-26T17:35:13.982+05:00,7.602395383,twimg.com,2021-10-26T17:35:09.468+0500,,,-
2021-10-26T17:35:14.484+05:00,0.852759581,twimg.com,2021-10-26T17:35:09.468+0500,,,-
2021-10-26T17:35:14.987+05:00,0.378760077,twimg.com,2021-10-26T17:35:09.468+0500,,,-
2021-10-26T17:35:15.490+05:00,1.251659774,twimg.com,2021-10-26T17:35:09.468+0500,,,-
2021-10-26T17:35:16.000+05:00,0.32324434,twimg.com,2021-10-26T17:35:09.468+0500,,,-
2021-10-26T17:35:16.502+05:00,0.488007138,twimg.com,2021-10-26T17:35:09.468+0500,,,-
2021-10-26T17:35:17.003+05:00,1.022678804,twimg.com,2021-10-26T17:35:09.468+0500,,,-
2021-10-26T17:35:17.506+05:00,3.406310322,twimg.com,2021-10-26T17:35:09.468+0500,,,-
2021-10-26T17:35:18.007+05:00,1.141080515,twimg.com,2021-10-26T17:35:09.468+0500,,,-
2021-10-26T17:35:18.509+05:00,0.626907601,twimg.com,2021-10-26T17:35:09.468+0500,,,-
2021-10-26T17:35:19.011+05:00,1.070240898,twimg.com,2021-10-26T17:35:09.468+0500,,,-
2021-10-26T17:35:19.513+05:00,0.479607949,twimg.com,2021-10-26T17:35:09.468+0500,,,-
2021-10-26T17:35:20.014+05:00,0.677971394,twimg.com,2021-10-26T17:35:09.468+0500,,,-
2021-10-26T17:35:20.516+05:00,0.52058735,twimg.com,2021-10-26T17:35:09.468+0500,,,-
2021-10-26T17:35:21.019+05:00,0.414588498,twimg.com,2021-10-26T17:35:09.468+0500,,,-
2021-10-26T17:35:21.521+05:00,1.42196194,twimg.com,2021-10-26T17:35:09.468+0500,,,-
2021-10-26T17:35:22.023+05:00,0.293482727,twimg.com,2021-10-26T17:35:09.468+0500,,,-
2021-10-26T17:35:22.524+05:00,0.88297096,twimg.com,2021-10-26T17:35:09.468+0500,,,-
2021-10-26T17:35:23.026+05:00,0.32439642,twimg.com,2021-10-26T17:35:09.468+0500,,,-
2021-10-26T17:35:23.529+05:00,0.39010089,twimg.com,2021-10-26T17:35:09.468+0500,,,-
2021-10-26T17:35:24.031+05:00,0.482443935,twimg.com,2021-10-26T17:35:09.468+0500,,,-
2021-10-26T17:35:24.533+05:00,5.042383781,twimg.com,2021-10-26T17:35:09.468+0500,,,-
2021-10-26T17:35:25.034+05:00,3.330638743,twimg.com,2021-10-26T17:35:09.468+0500,,,-
2021-10-26T17:35:25.537+05:00,0.915344561,twimg.com,2021-10-26T17:35:09.468+0500,,,-
2021-10-26T17:35:26.039+05:00,0.838436446,twimg.com,2021-10-26T17:35:09.468+0500,,,-
2021-10-26T17:35:26.541+05:00,0.523848149,twimg.com,2021-10-26T17:35:09.468+0500,,,-
2021-10-26T17:35:27.044+05:00,0.533180369,twimg.com,2021-10-26T17:35:09.468+0500,,,-
2021-10-26T17:35:27.545+05:00,4.266678376,patch.com,2021-10-26T17:35:27.532+0500,213.8156286,36,5.939323017
2021-10-26T17:35:28.047+05:00,8.892105585,patch.com,2021-10-26T17:35:27.532+0500,,,-
2021-10-26T17:35:28.549+05:00,8.956517311,patch.com,2021-10-26T17:35:27.532+0500,,,-
2021-10-26T17:35:29.052+05:00,6.92238565,patch.com,2021-10-26T17:35:27.532+0500,,,-
2021-10-26T17:35:29.553+05:00,13.75312888,patch.com,2021-10-26T17:35:27.532+0500,,,-
2021-10-26T17:35:30.054+05:00,19.17073984,patch.com,2021-10-26T17:35:27.532+0500,,,-
2021-10-26T17:35:30.556+05:00,7.979045848,patch.com,2021-10-26T17:35:27.532+0500,,,-
2021-10-26T17:35:31.057+05:00,7.20494228,patch.com,2021-10-26T17:35:27.532+0500,,,-
2021-10-26T17:35:31.559+05:00,2.841394483,patch.com,2021-10-26T17:35:27.532+0500,,,-
2021-10-26T17:35:32.061+05:00,5.589640411,patch.com,2021-10-26T17:35:27.532+0500,,,-
2021-10-26T17:35:32.562+05:00,4.705962078,patch.com,2021-10-26T17:35:27.532+0500,,,-
2021-10-26T17:35:33.063+05:00,11.07770506,patch.com,2021-10-26T17:35:27.532+0500,,,-
2021-10-26T17:35:33.565+05:00,3.600405338,patch.com,2021-10-26T17:35:27.532+0500,,,-
2021-10-26T17:35:34.067+05:00,10.96462393,patch.com,2021-10-26T17:35:27.532+0500,,,-
2021-10-26T17:35:34.569+05:00,10.67806407,patch.com,2021-10-26T17:35:27.532+0500,,,-
2021-10-26T17:35:35.070+05:00,6.824716755,patch.com,2021-10-26T17:35:27.532+0500,,,-
2021-10-26T17:35:35.571+05:00,5.997345776,patch.com,2021-10-26T17:35:27.532+0500,,,-
2021-10-26T17:35:36.080+05:00,9.822015822,patch.com,2021-10-26T17:35:27.532+0500,,,-
2021-10-26T17:35:36.582+05:00,3.842802073,patch.com,2021-10-26T17:35:27.532+0500,,,-
2021-10-26T17:35:37.083+05:00,0.515080654,patch.com,2021-10-26T17:35:27.532+0500,,,-
2021-10-26T17:35:37.586+05:00,0.520362127,patch.com,2021-10-26T17:35:27.532+0500,,,-
2021-10-26T17:35:38.087+05:00,8.380232278,patch.com,2021-10-26T17:35:27.532+0500,,,-
2021-10-26T17:35:38.589+05:00,8.308840448,patch.com,2021-10-26T17:35:27.532+0500,,,-
2021-10-26T17:35:39.092+05:00,0.53672172,patch.com,2021-10-26T17:35:27.532+0500,,,-
2021-10-26T17:35:39.595+05:00,0.481045499,patch.com,2021-10-26T17:35:27.532+0500,,,-
2021-10-26T17:35:40.097+05:00,7.724073424,patch.com,2021-10-26T17:35:27.532+0500,,,-
2021-10-26T17:35:40.599+05:00,1.167023086,patch.com,2021-10-26T17:35:27.532+0500,,,-
2021-10-26T17:35:41.101+05:00,0.443616283,patch.com,2021-10-26T17:35:27.532+0500,,,-
2021-10-26T17:35:41.604+05:00,0.310387422,patch.com,2021-10-26T17:35:27.532+0500,,,-
2021-10-26T17:35:42.106+05:00,8.687507844,patch.com,2021-10-26T17:35:27.532+0500,,,-
2021-10-26T17:35:42.607+05:00,11.16082347,patch.com,2021-10-26T17:35:27.532+0500,,,-
2021-10-26T17:35:43.109+05:00,6.423270655,patch.com,2021-10-26T17:35:27.532+0500,,,-
2021-10-26T17:35:43.612+05:00,0.605086809,patch.com,2021-10-26T17:35:27.532+0500,,,-
2021-10-26T17:35:44.115+05:00,4.919992139,patch.com,2021-10-26T17:35:27.532+0500,,,-
2021-10-26T17:35:44.618+05:00,0.190451581,patch.com,2021-10-26T17:35:27.532+0500,,,-
2021-10-26T17:35:45.120+05:00,0.35089362,patch.com,2021-10-26T17:35:27.532+0500,,,-
2021-10-26T17:35:45.621+05:00,4.698690335,google.pl,2021-10-26T17:35:45.595+0500,86.21864343,36,2.394962317
2021-10-26T17:35:46.123+05:00,8.302883943,google.pl,2021-10-26T17:35:45.595+0500,,,-
2021-10-26T17:35:46.626+05:00,3.315818407,google.pl,2021-10-26T17:35:45.595+0500,,,-
2021-10-26T17:35:47.128+05:00,3.581826618,google.pl,2021-10-26T17:35:45.595+0500,,,-
2021-10-26T17:35:47.630+05:00,1.831797192,google.pl,2021-10-26T17:35:45.595+0500,,,-
2021-10-26T17:35:48.131+05:00,9.141129266,google.pl,2021-10-26T17:35:45.595+0500,,,-
2021-10-26T17:35:48.632+05:00,13.59359068,google.pl,2021-10-26T17:35:45.595+0500,,,-
2021-10-26T17:35:49.134+05:00,6.111566371,google.pl,2021-10-26T17:35:45.595+0500,,,-
2021-10-26T17:35:49.637+05:00,3.11052688,google.pl,2021-10-26T17:35:45.595+0500,,,-
2021-10-26T17:35:50.138+05:00,3.622899065,google.pl,2021-10-26T17:35:45.595+0500,,,-
2021-10-26T17:35:50.639+05:00,3.012267796,google.pl,2021-10-26T17:35:45.595+0500,,,-
2021-10-26T17:35:51.142+05:00,0.355513111,google.pl,2021-10-26T17:35:45.595+0500,,,-
2021-10-26T17:35:51.645+05:00,0.211207739,google.pl,2021-10-26T17:35:45.595+0500,,,-
2021-10-26T17:35:52.147+05:00,0.56771841,google.pl,2021-10-26T17:35:45.595+0500,,,-
2021-10-26T17:35:52.650+05:00,2.819152005,google.pl,2021-10-26T17:35:45.595+0500,,,-
2021-10-26T17:35:53.153+05:00,0.297116351,google.pl,2021-10-26T17:35:45.595+0500,,,-
2021-10-26T17:35:53.654+05:00,1.176313594,google.pl,2021-10-26T17:35:45.595+0500,,,-
2021-10-26T17:35:54.156+05:00,3.649327363,google.pl,2021-10-26T17:35:45.595+0500,,,-
2021-10-26T17:35:54.659+05:00,0.502318047,google.pl,2021-10-26T17:35:45.595+0500,,,-
2021-10-26T17:35:55.161+05:00,0.057818621,google.pl,2021-10-26T17:35:45.595+0500,,,-
2021-10-26T17:35:55.664+05:00,0.607047471,google.pl,2021-10-26T17:35:45.595+0500,,,-
2021-10-26T17:35:56.167+05:00,0.353629622,google.pl,2021-10-26T17:35:45.595+0500,,,-
2021-10-26T17:35:56.669+05:00,0.498341285,google.pl,2021-10-26T17:35:45.595+0500,,,-
2021-10-26T17:35:57.179+05:00,0.028371177,google.pl,2021-10-26T17:35:45.595+0500,,,-
2021-10-26T17:35:57.681+05:00,0.597004731,google.pl,2021-10-26T17:35:45.595+0500,,,-
2021-10-26T17:35:58.182+05:00,2.733843152,google.pl,2021-10-26T17:35:45.595+0500,,,-
2021-10-26T17:35:58.685+05:00,0.384130347,google.pl,2021-10-26T17:35:45.595+0500,,,-
2021-10-26T17:35:59.186+05:00,0.336789947,google.pl,2021-10-26T17:35:45.595+0500,,,-
2021-10-26T17:35:59.689+05:00,0.345323885,google.pl,2021-10-26T17:35:45.595+0500,,,-
2021-10-26T17:36:00.191+05:00,1.03499197,google.pl,2021-10-26T17:35:45.595+0500,,,-
2021-10-26T17:36:00.693+05:00,5.682848861,google.pl,2021-10-26T17:35:45.595+0500,,,-
2021-10-26T17:36:01.195+05:00,2.497074556,google.pl,2021-10-26T17:35:45.595+0500,,,-
2021-10-26T17:36:01.697+05:00,0.144055625,google.pl,2021-10-26T17:35:45.595+0500,,,-
2021-10-26T17:36:02.200+05:00,0.487934979,google.pl,2021-10-26T17:35:45.595+0500,,,-
2021-10-26T17:36:02.703+05:00,0.280342985,google.pl,2021-10-26T17:35:45.595+0500,,,-
2021-10-26T17:36:03.206+05:00,0.247431034,google.pl,2021-10-26T17:35:45.595+0500,,,-
2021-10-26T17:36:03.707+05:00,5.559795727,ameblo.jp,2021-10-26T17:36:03.666+0500,132.019604,36,3.667211222
2021-10-26T17:36:04.209+05:00,7.771613274,ameblo.jp,2021-10-26T17:36:03.666+0500,,,-
2021-10-26T17:36:04.711+05:00,1.684082855,ameblo.jp,2021-10-26T17:36:03.666+0500,,,-
2021-10-26T17:36:05.213+05:00,8.823629323,ameblo.jp,2021-10-26T17:36:03.666+0500,,,-
2021-10-26T17:36:05.715+05:00,4.287115991,ameblo.jp,2021-10-26T17:36:03.666+0500,,,-
2021-10-26T17:36:06.216+05:00,5.991856802,ameblo.jp,2021-10-26T17:36:03.666+0500,,,-
2021-10-26T17:36:06.718+05:00,3.741405548,ameblo.jp,2021-10-26T17:36:03.666+0500,,,-
2021-10-26T17:36:07.219+05:00,13.20736665,ameblo.jp,2021-10-26T17:36:03.666+0500,,,-
2021-10-26T17:36:07.721+05:00,10.24717606,ameblo.jp,2021-10-26T17:36:03.666+0500,,,-
2021-10-26T17:36:08.222+05:00,6.531925844,ameblo.jp,2021-10-26T17:36:03.666+0500,,,-
2021-10-26T17:36:08.723+05:00,9.68116269,ameblo.jp,2021-10-26T17:36:03.666+0500,,,-
2021-10-26T17:36:09.224+05:00,8.554779037,ameblo.jp,2021-10-26T17:36:03.666+0500,,,-
2021-10-26T17:36:09.727+05:00,2.883300724,ameblo.jp,2021-10-26T17:36:03.666+0500,,,-
2021-10-26T17:36:10.229+05:00,1.32261615,ameblo.jp,2021-10-26T17:36:03.666+0500,,,-
2021-10-26T17:36:10.731+05:00,4.632881633,ameblo.jp,2021-10-26T17:36:03.666+0500,,,-
2021-10-26T17:36:11.233+05:00,2.180782899,ameblo.jp,2021-10-26T17:36:03.666+0500,,,-
2021-10-26T17:36:11.735+05:00,1.133615213,ameblo.jp,2021-10-26T17:36:03.666+0500,,,-
2021-10-26T17:36:12.237+05:00,4.752683147,ameblo.jp,2021-10-26T17:36:03.666+0500,,,-
2021-10-26T17:36:12.738+05:00,4.665544007,ameblo.jp,2021-10-26T17:36:03.666+0500,,,-
2021-10-26T17:36:13.241+05:00,1.120106001,ameblo.jp,2021-10-26T17:36:03.666+0500,,,-
2021-10-26T17:36:13.743+05:00,3.397341694,ameblo.jp,2021-10-26T17:36:03.666+0500,,,-
2021-10-26T17:36:14.246+05:00,0.113561871,ameblo.jp,2021-10-26T17:36:03.666+0500,,,-
2021-10-26T17:36:14.747+05:00,0.171709391,ameblo.jp,2021-10-26T17:36:03.666+0500,,,-
2021-10-26T17:36:15.250+05:00,0.138870883,ameblo.jp,2021-10-26T17:36:03.666+0500,,,-
2021-10-26T17:36:15.752+05:00,0.19470159,ameblo.jp,2021-10-26T17:36:03.666+0500,,,-
2021-10-26T17:36:16.255+05:00,2.502937717,ameblo.jp,2021-10-26T17:36:03.666+0500,,,-
2021-10-26T17:36:16.757+05:00,4.435693923,ameblo.jp,2021-10-26T17:36:03.666+0500,,,-
2021-10-26T17:36:17.259+05:00,0.084540462,ameblo.jp,2021-10-26T17:36:03.666+0500,,,-
2021-10-26T17:36:17.761+05:00,0,ameblo.jp,2021-10-26T17:36:03.666+0500,,,-
2021-10-26T17:36:18.267+05:00,0.183740083,ameblo.jp,2021-10-26T17:36:03.666+0500,,,-
2021-10-26T17:36:18.768+05:00,5.819971313,ameblo.jp,2021-10-26T17:36:03.666+0500,,,-
2021-10-26T17:36:19.269+05:00,3.675064225,ameblo.jp,2021-10-26T17:36:03.666+0500,,,-
2021-10-26T17:36:19.770+05:00,0.34462733,ameblo.jp,2021-10-26T17:36:03.666+0500,,,-
2021-10-26T17:36:20.271+05:00,1.21536778,ameblo.jp,2021-10-26T17:36:03.666+0500,,,-
2021-10-26T17:36:20.773+05:00,0.399643154,ameblo.jp,2021-10-26T17:36:03.666+0500,,,-
2021-10-26T17:36:21.276+05:00,0.568393006,ameblo.jp,2021-10-26T17:36:03.666+0500,,,-
2021-10-26T17:36:21.777+05:00,6.402519538,weebly.com,2021-10-26T17:36:21.724+0500,167.795388,36,4.660982999
2021-10-26T17:36:22.279+05:00,7.11591084,weebly.com,2021-10-26T17:36:21.724+0500,,,-
2021-10-26T17:36:22.781+05:00,1.629163591,weebly.com,2021-10-26T17:36:21.724+0500,,,-
2021-10-26T17:36:23.283+05:00,1.84520919,weebly.com,2021-10-26T17:36:21.724+0500,,,-
2021-10-26T17:36:23.784+05:00,2.102569913,weebly.com,2021-10-26T17:36:21.724+0500,,,-
2021-10-26T17:36:24.285+05:00,3.270423868,weebly.com,2021-10-26T17:36:21.724+0500,,,-
2021-10-26T17:36:24.786+05:00,2.76301841,weebly.com,2021-10-26T17:36:21.724+0500,,,-
2021-10-26T17:36:25.288+05:00,1.710932764,weebly.com,2021-10-26T17:36:21.724+0500,,,-
2021-10-26T17:36:25.789+05:00,7.187958369,weebly.com,2021-10-26T17:36:21.724+0500,,,-
2021-10-26T17:36:26.291+05:00,9.476080856,weebly.com,2021-10-26T17:36:21.724+0500,,,-
2021-10-26T17:36:26.792+05:00,15.10644285,weebly.com,2021-10-26T17:36:21.724+0500,,,-
2021-10-26T17:36:27.293+05:00,13.83164843,weebly.com,2021-10-26T17:36:21.724+0500,,,-
2021-10-26T17:36:27.795+05:00,15.43061514,weebly.com,2021-10-26T17:36:21.724+0500,,,-
2021-10-26T17:36:28.296+05:00,5.657076827,weebly.com,2021-10-26T17:36:21.724+0500,,,-
2021-10-26T17:36:28.797+05:00,11.76260433,weebly.com,2021-10-26T17:36:21.724+0500,,,-
2021-10-26T17:36:29.298+05:00,8.172232565,weebly.com,2021-10-26T17:36:21.724+0500,,,-
2021-10-26T17:36:29.799+05:00,8.264634081,weebly.com,2021-10-26T17:36:21.724+0500,,,-
2021-10-26T17:36:30.300+05:00,8.102854548,weebly.com,2021-10-26T17:36:21.724+0500,,,-
2021-10-26T17:36:30.801+05:00,5.277240767,weebly.com,2021-10-26T17:36:21.724+0500,,,-
2021-10-26T17:36:31.302+05:00,4.823736334,weebly.com,2021-10-26T17:36:21.724+0500,,,-
2021-10-26T17:36:31.803+05:00,2.710630788,weebly.com,2021-10-26T17:36:21.724+0500,,,-
2021-10-26T17:36:32.306+05:00,1.871825406,weebly.com,2021-10-26T17:36:21.724+0500,,,-
2021-10-26T17:36:32.807+05:00,2.321618351,weebly.com,2021-10-26T17:36:21.724+0500,,,-
2021-10-26T17:36:33.308+05:00,0.251475985,weebly.com,2021-10-26T17:36:21.724+0500,,,-
2021-10-26T17:36:33.809+05:00,5.104439246,weebly.com,2021-10-26T17:36:21.724+0500,,,-
2021-10-26T17:36:34.310+05:00,1.859751556,weebly.com,2021-10-26T17:36:21.724+0500,,,-
2021-10-26T17:36:34.811+05:00,0.334243499,weebly.com,2021-10-26T17:36:21.724+0500,,,-
2021-10-26T17:36:35.312+05:00,0,weebly.com,2021-10-26T17:36:21.724+0500,,,-
2021-10-26T17:36:35.813+05:00,0.400641817,weebly.com,2021-10-26T17:36:21.724+0500,,,-
2021-10-26T17:36:36.316+05:00,0.568403054,weebly.com,2021-10-26T17:36:21.724+0500,,,-
2021-10-26T17:36:36.819+05:00,6.197847259,weebly.com,2021-10-26T17:36:21.724+0500,,,-
2021-10-26T17:36:37.320+05:00,5.081223867,weebly.com,2021-10-26T17:36:21.724+0500,,,-
2021-10-26T17:36:37.821+05:00,0.197142804,weebly.com,2021-10-26T17:36:21.724+0500,,,-
2021-10-26T17:36:38.322+05:00,0.532533295,weebly.com,2021-10-26T17:36:21.724+0500,,,-
2021-10-26T17:36:38.827+05:00,0.143885139,weebly.com,2021-10-26T17:36:21.724+0500,,,-
2021-10-26T17:36:39.328+05:00,0.286852699,weebly.com,2021-10-26T17:36:21.724+0500,,,-
2021-10-26T17:36:39.829+05:00,6.858086423,rambler.ru,2021-10-26T17:36:39.777+0500,505.1200554,36,14.03111265
2021-10-26T17:36:40.331+05:00,6.740735569,rambler.ru,2021-10-26T17:36:39.777+0500,,,-
2021-10-26T17:36:40.833+05:00,3.000427936,rambler.ru,2021-10-26T17:36:39.777+0500,,,-
2021-10-26T17:36:41.334+05:00,2.315925188,rambler.ru,2021-10-26T17:36:39.777+0500,,,-
2021-10-26T17:36:41.835+05:00,4.727077132,rambler.ru,2021-10-26T17:36:39.777+0500,,,-
2021-10-26T17:36:42.336+05:00,5.658066517,rambler.ru,2021-10-26T17:36:39.777+0500,,,-
2021-10-26T17:36:42.838+05:00,13.39595894,rambler.ru,2021-10-26T17:36:39.777+0500,,,-
2021-10-26T17:36:43.339+05:00,10.56059086,rambler.ru,2021-10-26T17:36:39.777+0500,,,-
2021-10-26T17:36:43.840+05:00,19.88277766,rambler.ru,2021-10-26T17:36:39.777+0500,,,-
2021-10-26T17:36:44.342+05:00,21.12491668,rambler.ru,2021-10-26T17:36:39.777+0500,,,-
2021-10-26T17:36:44.843+05:00,11.59109543,rambler.ru,2021-10-26T17:36:39.777+0500,,,-
2021-10-26T17:36:45.345+05:00,12.12046501,rambler.ru,2021-10-26T17:36:39.777+0500,,,-
2021-10-26T17:36:45.847+05:00,9.716770353,rambler.ru,2021-10-26T17:36:39.777+0500,,,-
2021-10-26T17:36:46.348+05:00,10.49188785,rambler.ru,2021-10-26T17:36:39.777+0500,,,-
2021-10-26T17:36:46.850+05:00,12.4242051,rambler.ru,2021-10-26T17:36:39.777+0500,,,-
2021-10-26T17:36:47.351+05:00,18.34683341,rambler.ru,2021-10-26T17:36:39.777+0500,,,-
2021-10-26T17:36:47.853+05:00,21.446686,rambler.ru,2021-10-26T17:36:39.777+0500,,,-
2021-10-26T17:36:48.354+05:00,31.12459383,rambler.ru,2021-10-26T17:36:39.777+0500,,,-
2021-10-26T17:36:48.856+05:00,24.23437932,rambler.ru,2021-10-26T17:36:39.777+0500,,,-
2021-10-26T17:36:49.357+05:00,26.88995356,rambler.ru,2021-10-26T17:36:39.777+0500,,,-
2021-10-26T17:36:49.858+05:00,30.24679271,rambler.ru,2021-10-26T17:36:39.777+0500,,,-
2021-10-26T17:36:50.360+05:00,29.41699873,rambler.ru,2021-10-26T17:36:39.777+0500,,,-
2021-10-26T17:36:50.861+05:00,29.35166171,rambler.ru,2021-10-26T17:36:39.777+0500,,,-
2021-10-26T17:36:51.362+05:00,21.89290037,rambler.ru,2021-10-26T17:36:39.777+0500,,,-
2021-10-26T17:36:51.863+05:00,18.47840759,rambler.ru,2021-10-26T17:36:39.777+0500,,,-
2021-10-26T17:36:52.364+05:00,10.83787736,rambler.ru,2021-10-26T17:36:39.777+0500,,,-
2021-10-26T17:36:52.865+05:00,9.778336569,rambler.ru,2021-10-26T17:36:39.777+0500,,,-
2021-10-26T17:36:53.366+05:00,9.037399371,rambler.ru,2021-10-26T17:36:39.777+0500,,,-
2021-10-26T17:36:53.867+05:00,8.560923123,rambler.ru,2021-10-26T17:36:39.777+0500,,,-
2021-10-26T17:36:54.369+05:00,11.83971367,rambler.ru,2021-10-26T17:36:39.777+0500,,,-
2021-10-26T17:36:54.870+05:00,13.89379974,rambler.ru,2021-10-26T17:36:39.777+0500,,,-
2021-10-26T17:36:55.371+05:00,15.00611268,rambler.ru,2021-10-26T17:36:39.777+0500,,,-
2021-10-26T17:36:55.872+05:00,10.54423753,rambler.ru,2021-10-26T17:36:39.777+0500,,,-
2021-10-26T17:36:56.375+05:00,11.46440706,rambler.ru,2021-10-26T17:36:39.777+0500,,,-
2021-10-26T17:36:56.877+05:00,0.424537552,rambler.ru,2021-10-26T17:36:39.777+0500,,,-
2021-10-26T17:36:57.378+05:00,1.694516866,rambler.ru,2021-10-26T17:36:39.777+0500,,,-
2021-10-26T17:36:57.879+05:00,5.887139547,feedly.com,2021-10-26T17:36:57.840+0500,375.0226131,36,10.41729481
2021-10-26T17:36:58.380+05:00,7.695387911,feedly.com,2021-10-26T17:36:57.840+0500,,,-
2021-10-26T17:36:58.881+05:00,3.734090295,feedly.com,2021-10-26T17:36:57.840+0500,,,-
2021-10-26T17:36:59.382+05:00,3.450068551,feedly.com,2021-10-26T17:36:57.840+0500,,,-
2021-10-26T17:36:59.888+05:00,10.30352905,feedly.com,2021-10-26T17:36:57.840+0500,,,-
2021-10-26T17:37:00.390+05:00,15.67292181,feedly.com,2021-10-26T17:36:57.840+0500,,,-
2021-10-26T17:37:00.891+05:00,12.75880007,feedly.com,2021-10-26T17:36:57.840+0500,,,-
2021-10-26T17:37:01.392+05:00,18.01619101,feedly.com,2021-10-26T17:36:57.840+0500,,,-
2021-10-26T17:37:01.893+05:00,23.19379442,feedly.com,2021-10-26T17:36:57.840+0500,,,-
2021-10-26T17:37:02.394+05:00,23.6567421,feedly.com,2021-10-26T17:36:57.840+0500,,,-
2021-10-26T17:37:02.896+05:00,24.82862199,feedly.com,2021-10-26T17:36:57.840+0500,,,-
2021-10-26T17:37:03.397+05:00,12.489074,feedly.com,2021-10-26T17:36:57.840+0500,,,-
2021-10-26T17:37:03.898+05:00,11.15801859,feedly.com,2021-10-26T17:36:57.840+0500,,,-
2021-10-26T17:37:04.399+05:00,11.30621321,feedly.com,2021-10-26T17:36:57.840+0500,,,-
2021-10-26T17:37:04.901+05:00,10.76744428,feedly.com,2021-10-26T17:36:57.840+0500,,,-
2021-10-26T17:37:05.402+05:00,12.07073546,feedly.com,2021-10-26T17:36:57.840+0500,,,-
2021-10-26T17:37:05.903+05:00,11.60595923,feedly.com,2021-10-26T17:36:57.840+0500,,,-
2021-10-26T17:37:06.404+05:00,10.44257233,feedly.com,2021-10-26T17:36:57.840+0500,,,-
2021-10-26T17:37:06.905+05:00,15.38113832,feedly.com,2021-10-26T17:36:57.840+0500,,,-
2021-10-26T17:37:07.406+05:00,7.084640568,feedly.com,2021-10-26T17:36:57.840+0500,,,-
2021-10-26T17:37:07.908+05:00,7.68715424,feedly.com,2021-10-26T17:36:57.840+0500,,,-
2021-10-26T17:37:08.409+05:00,12.45066249,feedly.com,2021-10-26T17:36:57.840+0500,,,-
2021-10-26T17:37:08.910+05:00,11.91012155,feedly.com,2021-10-26T17:36:57.840+0500,,,-
2021-10-26T17:37:09.411+05:00,11.21501253,feedly.com,2021-10-26T17:36:57.840+0500,,,-
2021-10-26T17:37:09.913+05:00,10.42185152,feedly.com,2021-10-26T17:36:57.840+0500,,,-
2021-10-26T17:37:10.414+05:00,10.53832861,feedly.com,2021-10-26T17:36:57.840+0500,,,-
2021-10-26T17:37:10.915+05:00,8.329559525,feedly.com,2021-10-26T17:36:57.840+0500,,,-
2021-10-26T17:37:11.416+05:00,9.416120483,feedly.com,2021-10-26T17:36:57.840+0500,,,-
2021-10-26T17:37:11.917+05:00,10.3575849,feedly.com,2021-10-26T17:36:57.840+0500,,,-
2021-10-26T17:37:12.418+05:00,9.150528356,feedly.com,2021-10-26T17:36:57.840+0500,,,-
2021-10-26T17:37:12.919+05:00,11.10748624,feedly.com,2021-10-26T17:36:57.840+0500,,,-
2021-10-26T17:37:13.420+05:00,6.707555407,feedly.com,2021-10-26T17:36:57.840+0500,,,-
2021-10-26T17:37:13.921+05:00,2.50629009,feedly.com,2021-10-26T17:36:57.840+0500,,,-
2021-10-26T17:37:14.423+05:00,0.809039403,feedly.com,2021-10-26T17:36:57.840+0500,,,-
2021-10-26T17:37:14.925+05:00,0.447567229,feedly.com,2021-10-26T17:36:57.840+0500,,,-
2021-10-26T17:37:15.426+05:00,0.464667808,feedly.com,2021-10-26T17:36:57.840+0500,,,-
2021-10-26T17:37:15.927+05:00,3.941204837,videocampaign.co,2021-10-26T17:37:15.907+0500,120.1853552,36,3.33848209
2021-10-26T17:37:16.429+05:00,7.68208454,videocampaign.co,2021-10-26T17:37:15.907+0500,,,-
2021-10-26T17:37:16.930+05:00,5.228376472,videocampaign.co,2021-10-26T17:37:15.907+0500,,,-
2021-10-26T17:37:17.431+05:00,4.867251606,videocampaign.co,2021-10-26T17:37:15.907+0500,,,-
2021-10-26T17:37:17.932+05:00,8.977520198,videocampaign.co,2021-10-26T17:37:15.907+0500,,,-
2021-10-26T17:37:18.433+05:00,48.43014661,videocampaign.co,2021-10-26T17:37:15.907+0500,,,-
2021-10-26T17:37:18.935+05:00,7.870398307,videocampaign.co,2021-10-26T17:37:15.907+0500,,,-
2021-10-26T17:37:19.436+05:00,0.342821581,videocampaign.co,2021-10-26T17:37:15.907+0500,,,-
2021-10-26T17:37:19.937+05:00,0.599925368,videocampaign.co,2021-10-26T17:37:15.907+0500,,,-
2021-10-26T17:37:20.439+05:00,0.59466755,videocampaign.co,2021-10-26T17:37:15.907+0500,,,-
2021-10-26T17:37:20.940+05:00,0.253834586,videocampaign.co,2021-10-26T17:37:15.907+0500,,,-
2021-10-26T17:37:21.442+05:00,0.415037478,videocampaign.co,2021-10-26T17:37:15.907+0500,,,-
2021-10-26T17:37:21.943+05:00,3.245801303,videocampaign.co,2021-10-26T17:37:15.907+0500,,,-
2021-10-26T17:37:22.445+05:00,4.986573002,videocampaign.co,2021-10-26T17:37:15.907+0500,,,-
2021-10-26T17:37:22.946+05:00,3.536561008,videocampaign.co,2021-10-26T17:37:15.907+0500,,,-
2021-10-26T17:37:23.447+05:00,1.325717595,videocampaign.co,2021-10-26T17:37:15.907+0500,,,-
2021-10-26T17:37:23.948+05:00,0.65017074,videocampaign.co,2021-10-26T17:37:15.907+0500,,,-
2021-10-26T17:37:24.449+05:00,0.400707615,videocampaign.co,2021-10-26T17:37:15.907+0500,,,-
2021-10-26T17:37:24.951+05:00,0.269842069,videocampaign.co,2021-10-26T17:37:15.907+0500,,,-
2021-10-26T17:37:25.454+05:00,0.225236299,videocampaign.co,2021-10-26T17:37:15.907+0500,,,-
2021-10-26T17:37:25.956+05:00,0.16895863,videocampaign.co,2021-10-26T17:37:15.907+0500,,,-
2021-10-26T17:37:26.459+05:00,0.397368506,videocampaign.co,2021-10-26T17:37:15.907+0500,,,-
2021-10-26T17:37:26.962+05:00,0.297193334,videocampaign.co,2021-10-26T17:37:15.907+0500,,,-
2021-10-26T17:37:27.464+05:00,0.436118772,videocampaign.co,2021-10-26T17:37:15.907+0500,,,-
2021-10-26T17:37:27.967+05:00,0.361913383,videocampaign.co,2021-10-26T17:37:15.907+0500,,,-
2021-10-26T17:37:28.469+05:00,0.700310915,videocampaign.co,2021-10-26T17:37:15.907+0500,,,-
2021-10-26T17:37:28.971+05:00,0.373223188,videocampaign.co,2021-10-26T17:37:15.907+0500,,,-
2021-10-26T17:37:29.474+05:00,1.010647812,videocampaign.co,2021-10-26T17:37:15.907+0500,,,-
2021-10-26T17:37:29.977+05:00,0.170652087,videocampaign.co,2021-10-26T17:37:15.907+0500,,,-
2021-10-26T17:37:30.480+05:00,0.597134755,videocampaign.co,2021-10-26T17:37:15.907+0500,,,-
2021-10-26T17:37:30.981+05:00,4.575412586,videocampaign.co,2021-10-26T17:37:15.907+0500,,,-
2021-10-26T17:37:31.484+05:00,5.103460656,videocampaign.co,2021-10-26T17:37:15.907+0500,,,-
2021-10-26T17:37:31.986+05:00,0.105413569,videocampaign.co,2021-10-26T17:37:15.907+0500,,,-
2021-10-26T17:37:32.489+05:00,0.942391172,videocampaign.co,2021-10-26T17:37:15.907+0500,,,-
2021-10-26T17:37:32.991+05:00,0.450433865,videocampaign.co,2021-10-26T17:37:15.907+0500,,,-
2021-10-26T17:37:33.493+05:00,0.650843236,videocampaign.co,2021-10-26T17:37:15.907+0500,,,-
2021-10-26T17:37:33.995+05:00,4.683910998,gusuwang.com,2021-10-26T17:37:33.970+0500,138.5761555,36,3.849337652
2021-10-26T17:37:34.496+05:00,7.930017499,gusuwang.com,2021-10-26T17:37:33.970+0500,,,-
2021-10-26T17:37:34.998+05:00,1.547157381,gusuwang.com,2021-10-26T17:37:33.970+0500,,,-
2021-10-26T17:37:35.500+05:00,2.86877907,gusuwang.com,2021-10-26T17:37:33.970+0500,,,-
2021-10-26T17:37:36.002+05:00,1.219075763,gusuwang.com,2021-10-26T17:37:33.970+0500,,,-
2021-10-26T17:37:36.504+05:00,1.908547954,gusuwang.com,2021-10-26T17:37:33.970+0500,,,-
2021-10-26T17:37:37.007+05:00,1.982677558,gusuwang.com,2021-10-26T17:37:33.970+0500,,,-
2021-10-26T17:37:37.509+05:00,3.184944357,gusuwang.com,2021-10-26T17:37:33.970+0500,,,-
2021-10-26T17:37:38.010+05:00,0.819498387,gusuwang.com,2021-10-26T17:37:33.970+0500,,,-
2021-10-26T17:37:38.513+05:00,1.655310028,gusuwang.com,2021-10-26T17:37:33.970+0500,,,-
2021-10-26T17:37:39.014+05:00,4.70102758,gusuwang.com,2021-10-26T17:37:33.970+0500,,,-
2021-10-26T17:37:39.516+05:00,7.765407553,gusuwang.com,2021-10-26T17:37:33.970+0500,,,-
2021-10-26T17:37:40.017+05:00,2.317976579,gusuwang.com,2021-10-26T17:37:33.970+0500,,,-
2021-10-26T17:37:40.518+05:00,12.3400287,gusuwang.com,2021-10-26T17:37:33.970+0500,,,-
2021-10-26T17:37:41.024+05:00,6.459435788,gusuwang.com,2021-10-26T17:37:33.970+0500,,,-
2021-10-26T17:37:41.526+05:00,4.826750159,gusuwang.com,2021-10-26T17:37:33.970+0500,,,-
2021-10-26T17:37:42.028+05:00,2.825259164,gusuwang.com,2021-10-26T17:37:33.970+0500,,,-
2021-10-26T17:37:42.530+05:00,4.953923471,gusuwang.com,2021-10-26T17:37:33.970+0500,,,-
2021-10-26T17:37:43.032+05:00,4.460454795,gusuwang.com,2021-10-26T17:37:33.970+0500,,,-
2021-10-26T17:37:43.534+05:00,6.491014786,gusuwang.com,2021-10-26T17:37:33.970+0500,,,-
2021-10-26T17:37:44.037+05:00,4.857984733,gusuwang.com,2021-10-26T17:37:33.970+0500,,,-
2021-10-26T17:37:44.539+05:00,2.735252835,gusuwang.com,2021-10-26T17:37:33.970+0500,,,-
2021-10-26T17:37:45.041+05:00,3.372808403,gusuwang.com,2021-10-26T17:37:33.970+0500,,,-
2021-10-26T17:37:45.543+05:00,3.652001218,gusuwang.com,2021-10-26T17:37:33.970+0500,,,-
2021-10-26T17:37:46.045+05:00,0.809986095,gusuwang.com,2021-10-26T17:37:33.970+0500,,,-
2021-10-26T17:37:46.548+05:00,3.437583603,gusuwang.com,2021-10-26T17:37:33.970+0500,,,-
2021-10-26T17:37:47.050+05:00,6.493245157,gusuwang.com,2021-10-26T17:37:33.970+0500,,,-
2021-10-26T17:37:47.552+05:00,3.592524438,gusuwang.com,2021-10-26T17:37:33.970+0500,,,-
2021-10-26T17:37:48.054+05:00,2.040917179,gusuwang.com,2021-10-26T17:37:33.970+0500,,,-
2021-10-26T17:37:48.556+05:00,2.552429289,gusuwang.com,2021-10-26T17:37:33.970+0500,,,-
2021-10-26T17:37:49.058+05:00,5.980735617,gusuwang.com,2021-10-26T17:37:33.970+0500,,,-
2021-10-26T17:37:49.561+05:00,6.237967754,gusuwang.com,2021-10-26T17:37:33.970+0500,,,-
2021-10-26T17:37:50.062+05:00,1.500835436,gusuwang.com,2021-10-26T17:37:33.970+0500,,,-
2021-10-26T17:37:50.564+05:00,5.475542128,gusuwang.com,2021-10-26T17:37:33.970+0500,,,-
2021-10-26T17:37:51.067+05:00,0.44821505,gusuwang.com,2021-10-26T17:37:33.970+0500,,,-
2021-10-26T17:37:51.570+05:00,0.446928962,gusuwang.com,2021-10-26T17:37:33.970+0500,,,-
2021-10-26T17:37:52.071+05:00,4.755699375,shopee.com.my,2021-10-26T17:37:52.029+0500,249.2465652,36,6.923515701
2021-10-26T17:37:52.573+05:00,7.416193997,shopee.com.my,2021-10-26T17:37:52.029+0500,,,-
2021-10-26T17:37:53.075+05:00,1.569075415,shopee.com.my,2021-10-26T17:37:52.029+0500,,,-
2021-10-26T17:37:53.577+05:00,2.523971985,shopee.com.my,2021-10-26T17:37:52.029+0500,,,-
2021-10-26T17:37:54.079+05:00,1.089473006,shopee.com.my,2021-10-26T17:37:52.029+0500,,,-
2021-10-26T17:37:54.582+05:00,3.413789283,shopee.com.my,2021-10-26T17:37:52.029+0500,,,-
2021-10-26T17:37:55.083+05:00,6.765154093,shopee.com.my,2021-10-26T17:37:52.029+0500,,,-
2021-10-26T17:37:55.584+05:00,4.96432414,shopee.com.my,2021-10-26T17:37:52.029+0500,,,-
2021-10-26T17:37:56.085+05:00,20.15385997,shopee.com.my,2021-10-26T17:37:52.029+0500,,,-
2021-10-26T17:37:56.586+05:00,12.16432733,shopee.com.my,2021-10-26T17:37:52.029+0500,,,-
2021-10-26T17:37:57.087+05:00,19.59803299,shopee.com.my,2021-10-26T17:37:52.029+0500,,,-
2021-10-26T17:37:57.588+05:00,26.36210268,shopee.com.my,2021-10-26T17:37:52.029+0500,,,-
2021-10-26T17:37:58.090+05:00,15.3002329,shopee.com.my,2021-10-26T17:37:52.029+0500,,,-
2021-10-26T17:37:58.591+05:00,7.440645401,shopee.com.my,2021-10-26T17:37:52.029+0500,,,-
2021-10-26T17:37:59.092+05:00,5.948047679,shopee.com.my,2021-10-26T17:37:52.029+0500,,,-
2021-10-26T17:37:59.594+05:00,7.760504943,shopee.com.my,2021-10-26T17:37:52.029+0500,,,-
2021-10-26T17:38:00.096+05:00,7.45396131,shopee.com.my,2021-10-26T17:37:52.029+0500,,,-
2021-10-26T17:38:00.598+05:00,10.33636437,shopee.com.my,2021-10-26T17:37:52.029+0500,,,-
2021-10-26T17:38:01.100+05:00,5.967437681,shopee.com.my,2021-10-26T17:37:52.029+0500,,,-
2021-10-26T17:38:01.601+05:00,5.746353292,shopee.com.my,2021-10-26T17:37:52.029+0500,,,-
2021-10-26T17:38:02.114+05:00,3.722317958,shopee.com.my,2021-10-26T17:37:52.029+0500,,,-
2021-10-26T17:38:02.616+05:00,6.800744777,shopee.com.my,2021-10-26T17:37:52.029+0500,,,-
2021-10-26T17:38:03.119+05:00,11.97350501,shopee.com.my,2021-10-26T17:37:52.029+0500,,,-
2021-10-26T17:38:03.620+05:00,4.912114508,shopee.com.my,2021-10-26T17:37:52.029+0500,,,-
2021-10-26T17:38:04.122+05:00,7.619830555,shopee.com.my,2021-10-26T17:37:52.029+0500,,,-
2021-10-26T17:38:04.623+05:00,6.195490346,shopee.com.my,2021-10-26T17:37:52.029+0500,,,-
2021-10-26T17:38:05.125+05:00,4.131017221,shopee.com.my,2021-10-26T17:37:52.029+0500,,,-
2021-10-26T17:38:05.627+05:00,3.383969889,shopee.com.my,2021-10-26T17:37:52.029+0500,,,-
2021-10-26T17:38:06.130+05:00,2.147069162,shopee.com.my,2021-10-26T17:37:52.029+0500,,,-
2021-10-26T17:38:06.632+05:00,4.936635795,shopee.com.my,2021-10-26T17:37:52.029+0500,,,-
2021-10-26T17:38:07.134+05:00,7.088009053,shopee.com.my,2021-10-26T17:37:52.029+0500,,,-
2021-10-26T17:38:07.637+05:00,6.653632093,shopee.com.my,2021-10-26T17:37:52.029+0500,,,-
2021-10-26T17:38:08.139+05:00,0.681658273,shopee.com.my,2021-10-26T17:37:52.029+0500,,,-
2021-10-26T17:38:08.642+05:00,1.114961944,shopee.com.my,2021-10-26T17:37:52.029+0500,,,-
2021-10-26T17:38:09.144+05:00,0.588920821,shopee.com.my,2021-10-26T17:37:52.029+0500,,,-
2021-10-26T17:38:09.646+05:00,0.567136,shopee.com.my,2021-10-26T17:37:52.029+0500,,,-
2021-10-26T17:38:10.147+05:00,6.791222234,td.com,2021-10-26T17:38:10.087+0500,229.5254759,36,6.375707663
2021-10-26T17:38:10.650+05:00,5.830504554,td.com,2021-10-26T17:38:10.087+0500,,,-
2021-10-26T17:38:11.151+05:00,3.050512498,td.com,2021-10-26T17:38:10.087+0500,,,-
2021-10-26T17:38:11.653+05:00,3.395633374,td.com,2021-10-26T17:38:10.087+0500,,,-
2021-10-26T17:38:12.155+05:00,3.583522326,td.com,2021-10-26T17:38:10.087+0500,,,-
2021-10-26T17:38:12.656+05:00,6.271535352,td.com,2021-10-26T17:38:10.087+0500,,,-
2021-10-26T17:38:13.158+05:00,7.668269055,td.com,2021-10-26T17:38:10.087+0500,,,-
2021-10-26T17:38:13.660+05:00,14.78898204,td.com,2021-10-26T17:38:10.087+0500,,,-
2021-10-26T17:38:14.161+05:00,12.03178163,td.com,2021-10-26T17:38:10.087+0500,,,-
2021-10-26T17:38:14.662+05:00,5.379298725,td.com,2021-10-26T17:38:10.087+0500,,,-
2021-10-26T17:38:15.163+05:00,11.66890039,td.com,2021-10-26T17:38:10.087+0500,,,-
2021-10-26T17:38:15.664+05:00,7.839760867,td.com,2021-10-26T17:38:10.087+0500,,,-
2021-10-26T17:38:16.166+05:00,10.89451307,td.com,2021-10-26T17:38:10.087+0500,,,-
2021-10-26T17:38:16.668+05:00,21.75652694,td.com,2021-10-26T17:38:10.087+0500,,,-
2021-10-26T17:38:17.170+05:00,12.41792072,td.com,2021-10-26T17:38:10.087+0500,,,-
2021-10-26T17:38:17.672+05:00,8.099570423,td.com,2021-10-26T17:38:10.087+0500,,,-
2021-10-26T17:38:18.173+05:00,14.19759061,td.com,2021-10-26T17:38:10.087+0500,,,-
2021-10-26T17:38:18.675+05:00,6.030679763,td.com,2021-10-26T17:38:10.087+0500,,,-
2021-10-26T17:38:19.177+05:00,4.761191431,td.com,2021-10-26T17:38:10.087+0500,,,-
2021-10-26T17:38:19.680+05:00,2.408327877,td.com,2021-10-26T17:38:10.087+0500,,,-
2021-10-26T17:38:20.181+05:00,4.127075978,td.com,2021-10-26T17:38:10.087+0500,,,-
2021-10-26T17:38:20.682+05:00,2.117859631,td.com,2021-10-26T17:38:10.087+0500,,,-
2021-10-26T17:38:21.183+05:00,2.99822341,td.com,2021-10-26T17:38:10.087+0500,,,-
2021-10-26T17:38:21.684+05:00,4.457388842,td.com,2021-10-26T17:38:10.087+0500,,,-
2021-10-26T17:38:22.186+05:00,3.849905669,td.com,2021-10-26T17:38:10.087+0500,,,-
2021-10-26T17:38:22.689+05:00,4.343559346,td.com,2021-10-26T17:38:10.087+0500,,,-
2021-10-26T17:38:23.190+05:00,5.854334974,td.com,2021-10-26T17:38:10.087+0500,,,-
2021-10-26T17:38:23.691+05:00,4.897997103,td.com,2021-10-26T17:38:10.087+0500,,,-
2021-10-26T17:38:24.193+05:00,4.226264047,td.com,2021-10-26T17:38:10.087+0500,,,-
2021-10-26T17:38:24.695+05:00,4.898286973,td.com,2021-10-26T17:38:10.087+0500,,,-
2021-10-26T17:38:25.197+05:00,7.891245698,td.com,2021-10-26T17:38:10.087+0500,,,-
2021-10-26T17:38:25.699+05:00,5.75972892,td.com,2021-10-26T17:38:10.087+0500,,,-
2021-10-26T17:38:26.200+05:00,0.486516267,td.com,2021-10-26T17:38:10.087+0500,,,-
2021-10-26T17:38:26.701+05:00,1.112472217,td.com,2021-10-26T17:38:10.087+0500,,,-
2021-10-26T17:38:27.204+05:00,3.121004738,td.com,2021-10-26T17:38:10.087+0500,,,-
2021-10-26T17:38:27.706+05:00,0.517368193,td.com,2021-10-26T17:38:10.087+0500,,,-
2021-10-26T17:38:28.208+05:00,6.414466477,360doc.com,2021-10-26T17:38:28.146+0500,151.7560212,36,4.215445034
2021-10-26T17:38:28.710+05:00,5.536779715,360doc.com,2021-10-26T17:38:28.146+0500,,,-
2021-10-26T17:38:29.212+05:00,2.810812655,360doc.com,2021-10-26T17:38:28.146+0500,,,-
2021-10-26T17:38:29.714+05:00,3.058186937,360doc.com,2021-10-26T17:38:28.146+0500,,,-
2021-10-26T17:38:30.216+05:00,1.277407229,360doc.com,2021-10-26T17:38:28.146+0500,,,-
2021-10-26T17:38:30.718+05:00,1.442615371,360doc.com,2021-10-26T17:38:28.146+0500,,,-
2021-10-26T17:38:31.220+05:00,1.536659244,360doc.com,2021-10-26T17:38:28.146+0500,,,-
2021-10-26T17:38:31.722+05:00,1.740185405,360doc.com,2021-10-26T17:38:28.146+0500,,,-
2021-10-26T17:38:32.223+05:00,1.575288605,360doc.com,2021-10-26T17:38:28.146+0500,,,-
2021-10-26T17:38:32.725+05:00,1.004340837,360doc.com,2021-10-26T17:38:28.146+0500,,,-
2021-10-26T17:38:33.228+05:00,0.980793876,360doc.com,2021-10-26T17:38:28.146+0500,,,-
2021-10-26T17:38:33.730+05:00,1.051535927,360doc.com,2021-10-26T17:38:28.146+0500,,,-
2021-10-26T17:38:34.232+05:00,1.267893756,360doc.com,2021-10-26T17:38:28.146+0500,,,-
2021-10-26T17:38:34.734+05:00,1.140546255,360doc.com,2021-10-26T17:38:28.146+0500,,,-
2021-10-26T17:38:35.236+05:00,1.477288076,360doc.com,2021-10-26T17:38:28.146+0500,,,-
2021-10-26T17:38:35.739+05:00,3.01295598,360doc.com,2021-10-26T17:38:28.146+0500,,,-
2021-10-26T17:38:36.241+05:00,1.345687653,360doc.com,2021-10-26T17:38:28.146+0500,,,-
2021-10-26T17:38:36.744+05:00,1.828370762,360doc.com,2021-10-26T17:38:28.146+0500,,,-
2021-10-26T17:38:37.245+05:00,4.181161986,360doc.com,2021-10-26T17:38:28.146+0500,,,-
2021-10-26T17:38:37.747+05:00,7.342068376,360doc.com,2021-10-26T17:38:28.146+0500,,,-
2021-10-26T17:38:38.248+05:00,14.08223668,360doc.com,2021-10-26T17:38:28.146+0500,,,-
2021-10-26T17:38:38.750+05:00,8.104575821,360doc.com,2021-10-26T17:38:28.146+0500,,,-
2021-10-26T17:38:39.252+05:00,7.578979907,360doc.com,2021-10-26T17:38:28.146+0500,,,-
2021-10-26T17:38:39.753+05:00,6.783863037,360doc.com,2021-10-26T17:38:28.146+0500,,,-
2021-10-26T17:38:40.254+05:00,15.45631738,360doc.com,2021-10-26T17:38:28.146+0500,,,-
2021-10-26T17:38:40.755+05:00,6.937930027,360doc.com,2021-10-26T17:38:28.146+0500,,,-
2021-10-26T17:38:41.257+05:00,6.066159409,360doc.com,2021-10-26T17:38:28.146+0500,,,-
2021-10-26T17:38:41.759+05:00,6.741018735,360doc.com,2021-10-26T17:38:28.146+0500,,,-
2021-10-26T17:38:42.261+05:00,6.451423703,360doc.com,2021-10-26T17:38:28.146+0500,,,-
2021-10-26T17:38:42.762+05:00,5.662923477,360doc.com,2021-10-26T17:38:28.146+0500,,,-
2021-10-26T17:38:43.267+05:00,8.618197556,360doc.com,2021-10-26T17:38:28.146+0500,,,-
2021-10-26T17:38:43.770+05:00,7.772802153,360doc.com,2021-10-26T17:38:28.146+0500,,,-
2021-10-26T17:38:44.272+05:00,0.247108005,360doc.com,2021-10-26T17:38:28.146+0500,,,-
2021-10-26T17:38:44.775+05:00,0.478903746,360doc.com,2021-10-26T17:38:28.146+0500,,,-
2021-10-26T17:38:45.278+05:00,0.2072154,360doc.com,2021-10-26T17:38:28.146+0500,,,-
2021-10-26T17:38:45.780+05:00,0.541321085,360doc.com,2021-10-26T17:38:28.146+0500,,,-
2021-10-26T17:38:46.282+05:00,7.214647734,nike.com,2021-10-26T17:38:46.207+0500,382.2768754,36,10.6188021
2021-10-26T17:38:46.783+05:00,6.150977975,nike.com,2021-10-26T17:38:46.207+0500,,,-
2021-10-26T17:38:47.284+05:00,2.208245416,nike.com,2021-10-26T17:38:46.207+0500,,,-
2021-10-26T17:38:47.786+05:00,5.037498291,nike.com,2021-10-26T17:38:46.207+0500,,,-
2021-10-26T17:38:48.287+05:00,11.39774925,nike.com,2021-10-26T17:38:46.207+0500,,,-
2021-10-26T17:38:48.788+05:00,16.23567569,nike.com,2021-10-26T17:38:46.207+0500,,,-
2021-10-26T17:38:49.289+05:00,15.4017302,nike.com,2021-10-26T17:38:46.207+0500,,,-
2021-10-26T17:38:49.790+05:00,22.88393063,nike.com,2021-10-26T17:38:46.207+0500,,,-
2021-10-26T17:38:50.291+05:00,21.84757335,nike.com,2021-10-26T17:38:46.207+0500,,,-
2021-10-26T17:38:50.793+05:00,20.20337284,nike.com,2021-10-26T17:38:46.207+0500,,,-
2021-10-26T17:38:51.294+05:00,9.063901925,nike.com,2021-10-26T17:38:46.207+0500,,,-
2021-10-26T17:38:51.795+05:00,10.97394074,nike.com,2021-10-26T17:38:46.207+0500,,,-
2021-10-26T17:38:52.297+05:00,3.130947102,nike.com,2021-10-26T17:38:46.207+0500,,,-
2021-10-26T17:38:52.798+05:00,18.14381223,nike.com,2021-10-26T17:38:46.207+0500,,,-
2021-10-26T17:38:53.299+05:00,17.68691562,nike.com,2021-10-26T17:38:46.207+0500,,,-
2021-10-26T17:38:53.800+05:00,19.85364481,nike.com,2021-10-26T17:38:46.207+0500,,,-
2021-10-26T17:38:54.301+05:00,25.48683269,nike.com,2021-10-26T17:38:46.207+0500,,,-
2021-10-26T17:38:54.803+05:00,14.47763285,nike.com,2021-10-26T17:38:46.207+0500,,,-
2021-10-26T17:38:55.304+05:00,20.75292654,nike.com,2021-10-26T17:38:46.207+0500,,,-
2021-10-26T17:38:55.806+05:00,10.32246942,nike.com,2021-10-26T17:38:46.207+0500,,,-
2021-10-26T17:38:56.307+05:00,14.32489656,nike.com,2021-10-26T17:38:46.207+0500,,,-
2021-10-26T17:38:56.809+05:00,12.98406556,nike.com,2021-10-26T17:38:46.207+0500,,,-
2021-10-26T17:38:57.310+05:00,9.315717757,nike.com,2021-10-26T17:38:46.207+0500,,,-
2021-10-26T17:38:57.811+05:00,9.051688909,nike.com,2021-10-26T17:38:46.207+0500,,,-
2021-10-26T17:38:58.312+05:00,9.324687936,nike.com,2021-10-26T17:38:46.207+0500,,,-
2021-10-26T17:38:58.812+05:00,8.280037003,nike.com,2021-10-26T17:38:46.207+0500,,,-
2021-10-26T17:38:59.314+05:00,5.755988821,nike.com,2021-10-26T17:38:46.207+0500,,,-
2021-10-26T17:38:59.817+05:00,1.394039878,nike.com,2021-10-26T17:38:46.207+0500,,,-
2021-10-26T17:39:00.319+05:00,2.913687248,nike.com,2021-10-26T17:38:46.207+0500,,,-
2021-10-26T17:39:00.821+05:00,2.084025958,nike.com,2021-10-26T17:38:46.207+0500,,,-
2021-10-26T17:39:01.322+05:00,9.368282799,nike.com,2021-10-26T17:38:46.207+0500,,,-
2021-10-26T17:39:01.825+05:00,10.30443782,nike.com,2021-10-26T17:38:46.207+0500,,,-
2021-10-26T17:39:02.327+05:00,0.708799495,nike.com,2021-10-26T17:38:46.207+0500,,,-
2021-10-26T17:39:02.839+05:00,1.107568456,nike.com,2021-10-26T17:38:46.207+0500,,,-
2021-10-26T17:39:03.341+05:00,4.183850574,nike.com,2021-10-26T17:38:46.207+0500,,,-
2021-10-26T17:39:03.843+05:00,2.700675355,nike.com,2021-10-26T17:38:46.207+0500,,,-
2021-10-26T17:39:04.345+05:00,7.808339139,mlb.com,2021-10-26T17:39:04.267+0500,40.96380814,36,1.137883559
2021-10-26T17:39:04.847+05:00,7.966435073,mlb.com,2021-10-26T17:39:04.267+0500,,,-
2021-10-26T17:39:05.348+05:00,2.598449992,mlb.com,2021-10-26T17:39:04.267+0500,,,-
2021-10-26T17:39:05.851+05:00,4.183516695,mlb.com,2021-10-26T17:39:04.267+0500,,,-
2021-10-26T17:39:06.353+05:00,0.293032035,mlb.com,2021-10-26T17:39:04.267+0500,,,-
2021-10-26T17:39:06.855+05:00,0.09147037,mlb.com,2021-10-26T17:39:04.267+0500,,,-
2021-10-26T17:39:07.358+05:00,0,mlb.com,2021-10-26T17:39:04.267+0500,,,-
2021-10-26T17:39:07.860+05:00,0.080501367,mlb.com,2021-10-26T17:39:04.267+0500,,,-
2021-10-26T17:39:08.362+05:00,0.119532054,mlb.com,2021-10-26T17:39:04.267+0500,,,-
2021-10-26T17:39:08.864+05:00,0,mlb.com,2021-10-26T17:39:04.267+0500,,,-
2021-10-26T17:39:09.367+05:00,0.177188138,mlb.com,2021-10-26T17:39:04.267+0500,,,-
2021-10-26T17:39:09.870+05:00,0.108019029,mlb.com,2021-10-26T17:39:04.267+0500,,,-
2021-10-26T17:39:10.372+05:00,0.351223526,mlb.com,2021-10-26T17:39:04.267+0500,,,-
2021-10-26T17:39:10.875+05:00,0.028553798,mlb.com,2021-10-26T17:39:04.267+0500,,,-
2021-10-26T17:39:11.377+05:00,0.217417135,mlb.com,2021-10-26T17:39:04.267+0500,,,-
2021-10-26T17:39:11.879+05:00,0,mlb.com,2021-10-26T17:39:04.267+0500,,,-
2021-10-26T17:39:12.381+05:00,0.284238617,mlb.com,2021-10-26T17:39:04.267+0500,,,-
2021-10-26T17:39:12.884+05:00,1.314110975,mlb.com,2021-10-26T17:39:04.267+0500,,,-
2021-10-26T17:39:13.386+05:00,0,mlb.com,2021-10-26T17:39:04.267+0500,,,-
2021-10-26T17:39:13.888+05:00,0,mlb.com,2021-10-26T17:39:04.267+0500,,,-
2021-10-26T17:39:14.389+05:00,0.12148431,mlb.com,2021-10-26T17:39:04.267+0500,,,-
2021-10-26T17:39:14.891+05:00,0.078456142,mlb.com,2021-10-26T17:39:04.267+0500,,,-
2021-10-26T17:39:15.394+05:00,0,mlb.com,2021-10-26T17:39:04.267+0500,,,-
2021-10-26T17:39:15.896+05:00,0.300712494,mlb.com,2021-10-26T17:39:04.267+0500,,,-
2021-10-26T17:39:16.399+05:00,0.060583138,mlb.com,2021-10-26T17:39:04.267+0500,,,-
2021-10-26T17:39:16.901+05:00,1.672582917,mlb.com,2021-10-26T17:39:04.267+0500,,,-
2021-10-26T17:39:17.403+05:00,0.244903719,mlb.com,2021-10-26T17:39:04.267+0500,,,-
2021-10-26T17:39:17.906+05:00,0,mlb.com,2021-10-26T17:39:04.267+0500,,,-
2021-10-26T17:39:18.408+05:00,0.025521227,mlb.com,2021-10-26T17:39:04.267+0500,,,-
2021-10-26T17:39:18.911+05:00,0.124662073,mlb.com,2021-10-26T17:39:04.267+0500,,,-
2021-10-26T17:39:19.411+05:00,6.063925385,mlb.com,2021-10-26T17:39:04.267+0500,,,-
2021-10-26T17:39:19.912+05:00,0.953593768,mlb.com,2021-10-26T17:39:04.267+0500,,,-
2021-10-26T17:39:20.415+05:00,2.202060352,mlb.com,2021-10-26T17:39:04.267+0500,,,-
2021-10-26T17:39:20.917+05:00,0.569086598,mlb.com,2021-10-26T17:39:04.267+0500,,,-
2021-10-26T17:39:21.420+05:00,2.349818883,mlb.com,2021-10-26T17:39:04.267+0500,,,-
2021-10-26T17:39:21.923+05:00,0.574389188,mlb.com,2021-10-26T17:39:04.267+0500,,,-
2021-10-26T17:39:22.424+05:00,9.119586917,idntimes.com,2021-10-26T17:39:22.320+0500,283.52916,36,7.875809999
2021-10-26T17:39:22.934+05:00,3.869725349,idntimes.com,2021-10-26T17:39:22.320+0500,,,-
2021-10-26T17:39:23.435+05:00,4.433187352,idntimes.com,2021-10-26T17:39:22.320+0500,,,-
2021-10-26T17:39:23.936+05:00,11.65908445,idntimes.com,2021-10-26T17:39:22.320+0500,,,-
2021-10-26T17:39:24.437+05:00,5.972296998,idntimes.com,2021-10-26T17:39:22.320+0500,,,-
2021-10-26T17:39:24.939+05:00,3.384546912,idntimes.com,2021-10-26T17:39:22.320+0500,,,-
2021-10-26T17:39:25.441+05:00,1.664146276,idntimes.com,2021-10-26T17:39:22.320+0500,,,-
2021-10-26T17:39:25.942+05:00,4.655199911,idntimes.com,2021-10-26T17:39:22.320+0500,,,-
2021-10-26T17:39:26.443+05:00,3.797647814,idntimes.com,2021-10-26T17:39:22.320+0500,,,-
2021-10-26T17:39:26.945+05:00,19.79777439,idntimes.com,2021-10-26T17:39:22.320+0500,,,-
2021-10-26T17:39:27.447+05:00,11.87100212,idntimes.com,2021-10-26T17:39:22.320+0500,,,-
2021-10-26T17:39:27.948+05:00,6.95902859,idntimes.com,2021-10-26T17:39:22.320+0500,,,-
2021-10-26T17:39:28.450+05:00,9.645644485,idntimes.com,2021-10-26T17:39:22.320+0500,,,-
2021-10-26T17:39:28.952+05:00,3.478030547,idntimes.com,2021-10-26T17:39:22.320+0500,,,-
2021-10-26T17:39:29.455+05:00,2.591186051,idntimes.com,2021-10-26T17:39:22.320+0500,,,-
2021-10-26T17:39:29.956+05:00,10.09280527,idntimes.com,2021-10-26T17:39:22.320+0500,,,-
2021-10-26T17:39:30.457+05:00,7.999855237,idntimes.com,2021-10-26T17:39:22.320+0500,,,-
2021-10-26T17:39:30.958+05:00,6.414344208,idntimes.com,2021-10-26T17:39:22.320+0500,,,-
2021-10-26T17:39:31.460+05:00,4.364790948,idntimes.com,2021-10-26T17:39:22.320+0500,,,-
2021-10-26T17:39:31.961+05:00,5.84521937,idntimes.com,2021-10-26T17:39:22.320+0500,,,-
2021-10-26T17:39:32.463+05:00,10.09214516,idntimes.com,2021-10-26T17:39:22.320+0500,,,-
2021-10-26T17:39:32.964+05:00,10.9280297,idntimes.com,2021-10-26T17:39:22.320+0500,,,-
2021-10-26T17:39:33.465+05:00,8.652801579,idntimes.com,2021-10-26T17:39:22.320+0500,,,-
2021-10-26T17:39:33.967+05:00,8.6938109,idntimes.com,2021-10-26T17:39:22.320+0500,,,-
2021-10-26T17:39:34.469+05:00,11.35535577,idntimes.com,2021-10-26T17:39:22.320+0500,,,-
2021-10-26T17:39:34.971+05:00,8.153637004,idntimes.com,2021-10-26T17:39:22.320+0500,,,-
2021-10-26T17:39:35.473+05:00,15.27529892,idntimes.com,2021-10-26T17:39:22.320+0500,,,-
2021-10-26T17:39:35.973+05:00,13.3780557,idntimes.com,2021-10-26T17:39:22.320+0500,,,-
2021-10-26T17:39:36.475+05:00,19.6767187,idntimes.com,2021-10-26T17:39:22.320+0500,,,-
2021-10-26T17:39:36.976+05:00,9.453316288,idntimes.com,2021-10-26T17:39:22.320+0500,,,-
2021-10-26T17:39:37.478+05:00,19.70442505,idntimes.com,2021-10-26T17:39:22.320+0500,,,-
2021-10-26T17:39:37.980+05:00,8.047862416,idntimes.com,2021-10-26T17:39:22.320+0500,,,-
2021-10-26T17:39:38.482+05:00,0.813885097,idntimes.com,2021-10-26T17:39:22.320+0500,,,-
2021-10-26T17:39:38.985+05:00,0.644779309,idntimes.com,2021-10-26T17:39:22.320+0500,,,-
2021-10-26T17:39:39.488+05:00,0.507594056,idntimes.com,2021-10-26T17:39:22.320+0500,,,-
2021-10-26T17:39:39.991+05:00,0.536341117,idntimes.com,2021-10-26T17:39:22.320+0500,,,-
2021-10-26T17:39:40.493+05:00,9.619504189,expedia.com,2021-10-26T17:39:40.374+0500,355.0894269,36,9.863595191
2021-10-26T17:39:40.995+05:00,4.187954927,expedia.com,2021-10-26T17:39:40.374+0500,,,-
2021-10-26T17:39:41.497+05:00,3.171510091,expedia.com,2021-10-26T17:39:40.374+0500,,,-
2021-10-26T17:39:41.998+05:00,4.334321739,expedia.com,2021-10-26T17:39:40.374+0500,,,-
2021-10-26T17:39:42.500+05:00,5.824380667,expedia.com,2021-10-26T17:39:40.374+0500,,,-
2021-10-26T17:39:43.002+05:00,13.58361724,expedia.com,2021-10-26T17:39:40.374+0500,,,-
2021-10-26T17:39:43.503+05:00,12.6542206,expedia.com,2021-10-26T17:39:40.374+0500,,,-
2021-10-26T17:39:44.005+05:00,4.264876223,expedia.com,2021-10-26T17:39:40.374+0500,,,-
2021-10-26T17:39:44.506+05:00,20.66528294,expedia.com,2021-10-26T17:39:40.374+0500,,,-
2021-10-26T17:39:45.007+05:00,23.48804377,expedia.com,2021-10-26T17:39:40.374+0500,,,-
2021-10-26T17:39:45.508+05:00,24.99514238,expedia.com,2021-10-26T17:39:40.374+0500,,,-
2021-10-26T17:39:46.009+05:00,22.98884728,expedia.com,2021-10-26T17:39:40.374+0500,,,-
2021-10-26T17:39:46.512+05:00,14.22227625,expedia.com,2021-10-26T17:39:40.374+0500,,,-
2021-10-26T17:39:47.013+05:00,13.75135126,expedia.com,2021-10-26T17:39:40.374+0500,,,-
2021-10-26T17:39:47.515+05:00,8.844421319,expedia.com,2021-10-26T17:39:40.374+0500,,,-
2021-10-26T17:39:48.017+05:00,8.310233641,expedia.com,2021-10-26T17:39:40.374+0500,,,-
2021-10-26T17:39:48.519+05:00,10.59909031,expedia.com,2021-10-26T17:39:40.374+0500,,,-
2021-10-26T17:39:49.021+05:00,5.832436259,expedia.com,2021-10-26T17:39:40.374+0500,,,-
2021-10-26T17:39:49.522+05:00,8.400431649,expedia.com,2021-10-26T17:39:40.374+0500,,,-
2021-10-26T17:39:50.023+05:00,12.47200895,expedia.com,2021-10-26T17:39:40.374+0500,,,-
2021-10-26T17:39:50.525+05:00,9.947846832,expedia.com,2021-10-26T17:39:40.374+0500,,,-
2021-10-26T17:39:51.028+05:00,10.11938325,expedia.com,2021-10-26T17:39:40.374+0500,,,-
2021-10-26T17:39:51.529+05:00,9.501794277,expedia.com,2021-10-26T17:39:40.374+0500,,,-
2021-10-26T17:39:52.032+05:00,12.88548944,expedia.com,2021-10-26T17:39:40.374+0500,,,-
2021-10-26T17:39:52.533+05:00,5.4552854,expedia.com,2021-10-26T17:39:40.374+0500,,,-
2021-10-26T17:39:53.035+05:00,6.129506832,expedia.com,2021-10-26T17:39:40.374+0500,,,-
2021-10-26T17:39:53.536+05:00,5.303263502,expedia.com,2021-10-26T17:39:40.374+0500,,,-
2021-10-26T17:39:54.038+05:00,8.105805816,expedia.com,2021-10-26T17:39:40.374+0500,,,-
2021-10-26T17:39:54.539+05:00,15.63131777,expedia.com,2021-10-26T17:39:40.374+0500,,,-
2021-10-26T17:39:55.040+05:00,7.993236894,expedia.com,2021-10-26T17:39:40.374+0500,,,-
2021-10-26T17:39:55.541+05:00,22.22429007,expedia.com,2021-10-26T17:39:40.374+0500,,,-
2021-10-26T17:39:56.042+05:00,5.943360665,expedia.com,2021-10-26T17:39:40.374+0500,,,-
2021-10-26T17:39:56.543+05:00,0.605751528,expedia.com,2021-10-26T17:39:40.374+0500,,,-
2021-10-26T17:39:57.045+05:00,0.382310323,expedia.com,2021-10-26T17:39:40.374+0500,,,-
2021-10-26T17:39:57.548+05:00,0.341211325,expedia.com,2021-10-26T17:39:40.374+0500,,,-
2021-10-26T17:39:58.049+05:00,2.309621292,expedia.com,2021-10-26T17:39:40.374+0500,,,-
2021-10-26T17:39:58.551+05:00,10.65943898,ouedkniss.com,2021-10-26T17:39:58.428+0500,263.5638495,36,7.321218042
2021-10-26T17:39:59.053+05:00,3.831351424,ouedkniss.com,2021-10-26T17:39:58.428+0500,,,-
2021-10-26T17:39:59.555+05:00,4.443997879,ouedkniss.com,2021-10-26T17:39:58.428+0500,,,-
2021-10-26T17:40:00.056+05:00,2.361218256,ouedkniss.com,2021-10-26T17:39:58.428+0500,,,-
2021-10-26T17:40:00.558+05:00,1.928255756,ouedkniss.com,2021-10-26T17:39:58.428+0500,,,-
2021-10-26T17:40:01.059+05:00,2.636727322,ouedkniss.com,2021-10-26T17:39:58.428+0500,,,-
2021-10-26T17:40:01.561+05:00,1.730129476,ouedkniss.com,2021-10-26T17:39:58.428+0500,,,-
2021-10-26T17:40:02.063+05:00,9.058587646,ouedkniss.com,2021-10-26T17:39:58.428+0500,,,-
2021-10-26T17:40:02.563+05:00,8.664773561,ouedkniss.com,2021-10-26T17:39:58.428+0500,,,-
2021-10-26T17:40:03.065+05:00,16.54422875,ouedkniss.com,2021-10-26T17:39:58.428+0500,,,-
2021-10-26T17:40:03.566+05:00,9.837525493,ouedkniss.com,2021-10-26T17:39:58.428+0500,,,-
2021-10-26T17:40:04.076+05:00,8.021943358,ouedkniss.com,2021-10-26T17:39:58.428+0500,,,-
2021-10-26T17:40:04.577+05:00,10.49978062,ouedkniss.com,2021-10-26T17:39:58.428+0500,,,-
2021-10-26T17:40:05.079+05:00,9.867206239,ouedkniss.com,2021-10-26T17:39:58.428+0500,,,-
2021-10-26T17:40:05.580+05:00,18.38722942,ouedkniss.com,2021-10-26T17:39:58.428+0500,,,-
2021-10-26T17:40:06.081+05:00,18.55900495,ouedkniss.com,2021-10-26T17:39:58.428+0500,,,-
2021-10-26T17:40:06.582+05:00,6.968855133,ouedkniss.com,2021-10-26T17:39:58.428+0500,,,-
2021-10-26T17:40:07.083+05:00,9.324199717,ouedkniss.com,2021-10-26T17:39:58.428+0500,,,-
2021-10-26T17:40:07.584+05:00,13.1900274,ouedkniss.com,2021-10-26T17:39:58.428+0500,,,-
2021-10-26T17:40:08.086+05:00,10.79866558,ouedkniss.com,2021-10-26T17:39:58.428+0500,,,-
2021-10-26T17:40:08.588+05:00,23.52990188,ouedkniss.com,2021-10-26T17:39:58.428+0500,,,-
2021-10-26T17:40:09.090+05:00,13.62432272,ouedkniss.com,2021-10-26T17:39:58.428+0500,,,-
2021-10-26T17:40:09.591+05:00,8.55230652,ouedkniss.com,2021-10-26T17:39:58.428+0500,,,-
2021-10-26T17:40:10.092+05:00,9.246584218,ouedkniss.com,2021-10-26T17:39:58.428+0500,,,-
2021-10-26T17:40:10.594+05:00,2.197920413,ouedkniss.com,2021-10-26T17:39:58.428+0500,,,-
2021-10-26T17:40:11.096+05:00,3.028578886,ouedkniss.com,2021-10-26T17:39:58.428+0500,,,-
2021-10-26T17:40:11.597+05:00,2.517523356,ouedkniss.com,2021-10-26T17:39:58.428+0500,,,-
2021-10-26T17:40:12.099+05:00,6.101679843,ouedkniss.com,2021-10-26T17:39:58.428+0500,,,-
2021-10-26T17:40:12.601+05:00,1.869713725,ouedkniss.com,2021-10-26T17:39:58.428+0500,,,-
2021-10-26T17:40:13.103+05:00,2.21503188,ouedkniss.com,2021-10-26T17:39:58.428+0500,,,-
2021-10-26T17:40:13.606+05:00,9.38856182,ouedkniss.com,2021-10-26T17:39:58.428+0500,,,-
2021-10-26T17:40:14.108+05:00,1.462400416,ouedkniss.com,2021-10-26T17:39:58.428+0500,,,-
2021-10-26T17:40:14.609+05:00,0.073133084,ouedkniss.com,2021-10-26T17:39:58.428+0500,,,-
2021-10-26T17:40:15.111+05:00,0.79306182,ouedkniss.com,2021-10-26T17:39:58.428+0500,,,-
2021-10-26T17:40:15.613+05:00,0.594568914,ouedkniss.com,2021-10-26T17:39:58.428+0500,,,-
2021-10-26T17:40:16.116+05:00,1.055413052,ouedkniss.com,2021-10-26T17:39:58.428+0500,,,-
2021-10-26T17:40:16.618+05:00,9.87720636,seekingalpha.com,2021-10-26T17:40:16.486+0500,373.4857907,36,10.3746053
2021-10-26T17:40:17.121+05:00,6.738563293,seekingalpha.com,2021-10-26T17:40:16.486+0500,,,-
2021-10-26T17:40:17.622+05:00,17.11035965,seekingalpha.com,2021-10-26T17:40:16.486+0500,,,-
2021-10-26T17:40:18.125+05:00,28.20313279,seekingalpha.com,2021-10-26T17:40:16.486+0500,,,-
2021-10-26T17:40:18.627+05:00,21.17388897,seekingalpha.com,2021-10-26T17:40:16.486+0500,,,-
2021-10-26T17:40:19.128+05:00,15.88031112,seekingalpha.com,2021-10-26T17:40:16.486+0500,,,-
2021-10-26T17:40:19.629+05:00,16.73049988,seekingalpha.com,2021-10-26T17:40:16.486+0500,,,-
2021-10-26T17:40:20.131+05:00,19.66766405,seekingalpha.com,2021-10-26T17:40:16.486+0500,,,-
2021-10-26T17:40:20.632+05:00,10.24375056,seekingalpha.com,2021-10-26T17:40:16.486+0500,,,-
2021-10-26T17:40:21.132+05:00,8.095069863,seekingalpha.com,2021-10-26T17:40:16.486+0500,,,-
2021-10-26T17:40:21.633+05:00,11.73332569,seekingalpha.com,2021-10-26T17:40:16.486+0500,,,-
2021-10-26T17:40:22.134+05:00,14.03186945,seekingalpha.com,2021-10-26T17:40:16.486+0500,,,-
2021-10-26T17:40:22.635+05:00,6.459305073,seekingalpha.com,2021-10-26T17:40:16.486+0500,,,-
2021-10-26T17:40:23.136+05:00,22.78478542,seekingalpha.com,2021-10-26T17:40:16.486+0500,,,-
2021-10-26T17:40:23.637+05:00,13.14649262,seekingalpha.com,2021-10-26T17:40:16.486+0500,,,-
2021-10-26T17:40:24.139+05:00,20.80982029,seekingalpha.com,2021-10-26T17:40:16.486+0500,,,-
2021-10-26T17:40:24.640+05:00,9.39410471,seekingalpha.com,2021-10-26T17:40:16.486+0500,,,-
2021-10-26T17:40:25.150+05:00,9.542199841,seekingalpha.com,2021-10-26T17:40:16.486+0500,,,-
2021-10-26T17:40:25.651+05:00,10.00935323,seekingalpha.com,2021-10-26T17:40:16.486+0500,,,-
2021-10-26T17:40:26.152+05:00,16.69422123,seekingalpha.com,2021-10-26T17:40:16.486+0500,,,-
2021-10-26T17:40:26.653+05:00,6.245117012,seekingalpha.com,2021-10-26T17:40:16.486+0500,,,-
2021-10-26T17:40:27.155+05:00,7.912343196,seekingalpha.com,2021-10-26T17:40:16.486+0500,,,-
2021-10-26T17:40:27.657+05:00,4.351210325,seekingalpha.com,2021-10-26T17:40:16.486+0500,,,-
2021-10-26T17:40:28.159+05:00,4.682292447,seekingalpha.com,2021-10-26T17:40:16.486+0500,,,-
2021-10-26T17:40:28.660+05:00,5.194441367,seekingalpha.com,2021-10-26T17:40:16.486+0500,,,-
2021-10-26T17:40:29.162+05:00,4.25487386,seekingalpha.com,2021-10-26T17:40:16.486+0500,,,-
2021-10-26T17:40:29.664+05:00,4.073915268,seekingalpha.com,2021-10-26T17:40:16.486+0500,,,-
2021-10-26T17:40:30.166+05:00,5.128005813,seekingalpha.com,2021-10-26T17:40:16.486+0500,,,-
2021-10-26T17:40:30.668+05:00,1.862147124,seekingalpha.com,2021-10-26T17:40:16.486+0500,,,-
2021-10-26T17:40:31.170+05:00,3.424964173,seekingalpha.com,2021-10-26T17:40:16.486+0500,,,-
2021-10-26T17:40:31.671+05:00,11.59618158,seekingalpha.com,2021-10-26T17:40:16.486+0500,,,-
2021-10-26T17:40:32.174+05:00,2.61890099,seekingalpha.com,2021-10-26T17:40:16.486+0500,,,-
2021-10-26T17:40:32.675+05:00,6.339860637,seekingalpha.com,2021-10-26T17:40:16.486+0500,,,-
2021-10-26T17:40:33.176+05:00,14.61480455,seekingalpha.com,2021-10-26T17:40:16.486+0500,,,-
2021-10-26T17:40:33.677+05:00,0.676264387,seekingalpha.com,2021-10-26T17:40:16.486+0500,,,-
2021-10-26T17:40:34.180+05:00,2.184543921,seekingalpha.com,2021-10-26T17:40:16.486+0500,,,-
2021-10-26T17:40:34.682+05:00,9.299885603,worldometers.info,2021-10-26T17:40:34.538+0500,340.3399534,36,9.453887596
2021-10-26T17:40:35.184+05:00,4.71274176,worldometers.info,2021-10-26T17:40:34.538+0500,,,-
2021-10-26T17:40:35.687+05:00,1.951596299,worldometers.info,2021-10-26T17:40:34.538+0500,,,-
2021-10-26T17:40:36.189+05:00,2.957846243,worldometers.info,2021-10-26T17:40:34.538+0500,,,-
2021-10-26T17:40:36.690+05:00,4.31605057,worldometers.info,2021-10-26T17:40:34.538+0500,,,-
2021-10-26T17:40:37.192+05:00,9.162070159,worldometers.info,2021-10-26T17:40:34.538+0500,,,-
2021-10-26T17:40:37.694+05:00,4.896414067,worldometers.info,2021-10-26T17:40:34.538+0500,,,-
2021-10-26T17:40:38.196+05:00,8.649933583,worldometers.info,2021-10-26T17:40:34.538+0500,,,-
2021-10-26T17:40:38.698+05:00,4.190063691,worldometers.info,2021-10-26T17:40:34.538+0500,,,-
2021-10-26T17:40:39.199+05:00,16.88250457,worldometers.info,2021-10-26T17:40:34.538+0500,,,-
2021-10-26T17:40:39.700+05:00,13.68292685,worldometers.info,2021-10-26T17:40:34.538+0500,,,-
2021-10-26T17:40:40.202+05:00,8.480354698,worldometers.info,2021-10-26T17:40:34.538+0500,,,-
2021-10-26T17:40:40.704+05:00,10.89857104,worldometers.info,2021-10-26T17:40:34.538+0500,,,-
2021-10-26T17:40:41.205+05:00,22.46930794,worldometers.info,2021-10-26T17:40:34.538+0500,,,-
2021-10-26T17:40:41.707+05:00,17.66378935,worldometers.info,2021-10-26T17:40:34.538+0500,,,-
2021-10-26T17:40:42.208+05:00,18.60306707,worldometers.info,2021-10-26T17:40:34.538+0500,,,-
2021-10-26T17:40:42.709+05:00,26.25924322,worldometers.info,2021-10-26T17:40:34.538+0500,,,-
2021-10-26T17:40:43.210+05:00,26.52043981,worldometers.info,2021-10-26T17:40:34.538+0500,,,-
2021-10-26T17:40:43.712+05:00,17.78662299,worldometers.info,2021-10-26T17:40:34.538+0500,,,-
2021-10-26T17:40:44.213+05:00,9.028451422,worldometers.info,2021-10-26T17:40:34.538+0500,,,-
2021-10-26T17:40:44.714+05:00,8.361813826,worldometers.info,2021-10-26T17:40:34.538+0500,,,-
2021-10-26T17:40:45.215+05:00,7.893096505,worldometers.info,2021-10-26T17:40:34.538+0500,,,-
2021-10-26T17:40:45.716+05:00,6.419652031,worldometers.info,2021-10-26T17:40:34.538+0500,,,-
2021-10-26T17:40:46.217+05:00,6.712388907,worldometers.info,2021-10-26T17:40:34.538+0500,,,-
2021-10-26T17:40:46.719+05:00,8.113615858,worldometers.info,2021-10-26T17:40:34.538+0500,,,-
2021-10-26T17:40:47.220+05:00,6.788925457,worldometers.info,2021-10-26T17:40:34.538+0500,,,-
2021-10-26T17:40:47.722+05:00,7.157375181,worldometers.info,2021-10-26T17:40:34.538+0500,,,-
2021-10-26T17:40:48.224+05:00,10.37073172,worldometers.info,2021-10-26T17:40:34.538+0500,,,-
2021-10-26T17:40:48.725+05:00,7.707803289,worldometers.info,2021-10-26T17:40:34.538+0500,,,-
2021-10-26T17:40:49.227+05:00,7.073047067,worldometers.info,2021-10-26T17:40:34.538+0500,,,-
2021-10-26T17:40:49.728+05:00,14.13281744,worldometers.info,2021-10-26T17:40:34.538+0500,,,-
2021-10-26T17:40:50.230+05:00,2.01349895,worldometers.info,2021-10-26T17:40:34.538+0500,,,-
2021-10-26T17:40:50.733+05:00,0.208253256,worldometers.info,2021-10-26T17:40:34.538+0500,,,-
2021-10-26T17:40:51.235+05:00,0.916764045,worldometers.info,2021-10-26T17:40:34.538+0500,,,-
2021-10-26T17:40:51.738+05:00,0.349557522,worldometers.info,2021-10-26T17:40:34.538+0500,,,-
2021-10-26T17:40:52.240+05:00,7.708731481,worldometers.info,2021-10-26T17:40:34.538+0500,,,-
2021-10-26T17:40:52.741+05:00,15.64144585,namasha.com,2021-10-26T17:40:52.592+0500,188.196728,36,5.227686889
2021-10-26T17:40:53.242+05:00,3.196608771,namasha.com,2021-10-26T17:40:52.592+0500,,,-
2021-10-26T17:40:53.744+05:00,2.952039135,namasha.com,2021-10-26T17:40:52.592+0500,,,-
2021-10-26T17:40:54.246+05:00,3.066327187,namasha.com,2021-10-26T17:40:52.592+0500,,,-
2021-10-26T17:40:54.747+05:00,1.368224504,namasha.com,2021-10-26T17:40:52.592+0500,,,-
2021-10-26T17:40:55.248+05:00,6.257704061,namasha.com,2021-10-26T17:40:52.592+0500,,,-
2021-10-26T17:40:55.750+05:00,4.736120232,namasha.com,2021-10-26T17:40:52.592+0500,,,-
2021-10-26T17:40:56.252+05:00,3.982847132,namasha.com,2021-10-26T17:40:52.592+0500,,,-
2021-10-26T17:40:56.753+05:00,2.670794189,namasha.com,2021-10-26T17:40:52.592+0500,,,-
2021-10-26T17:40:57.255+05:00,18.64783483,namasha.com,2021-10-26T17:40:52.592+0500,,,-
2021-10-26T17:40:57.756+05:00,6.000355272,namasha.com,2021-10-26T17:40:52.592+0500,,,-
2021-10-26T17:40:58.257+05:00,8.476939718,namasha.com,2021-10-26T17:40:52.592+0500,,,-
2021-10-26T17:40:58.759+05:00,4.191619166,namasha.com,2021-10-26T17:40:52.592+0500,,,-
2021-10-26T17:40:59.261+05:00,12.79067266,namasha.com,2021-10-26T17:40:52.592+0500,,,-
2021-10-26T17:40:59.763+05:00,5.001114667,namasha.com,2021-10-26T17:40:52.592+0500,,,-
2021-10-26T17:41:00.264+05:00,8.838442614,namasha.com,2021-10-26T17:40:52.592+0500,,,-
2021-10-26T17:41:00.765+05:00,3.024201625,namasha.com,2021-10-26T17:40:52.592+0500,,,-
2021-10-26T17:41:01.267+05:00,11.12576322,namasha.com,2021-10-26T17:40:52.592+0500,,,-
2021-10-26T17:41:01.769+05:00,10.34290159,namasha.com,2021-10-26T17:40:52.592+0500,,,-
2021-10-26T17:41:02.270+05:00,5.000679511,namasha.com,2021-10-26T17:40:52.592+0500,,,-
2021-10-26T17:41:02.771+05:00,4.277112678,namasha.com,2021-10-26T17:40:52.592+0500,,,-
2021-10-26T17:41:03.272+05:00,3.756969436,namasha.com,2021-10-26T17:40:52.592+0500,,,-
2021-10-26T17:41:03.774+05:00,4.081286596,namasha.com,2021-10-26T17:40:52.592+0500,,,-
2021-10-26T17:41:04.276+05:00,3.844731474,namasha.com,2021-10-26T17:40:52.592+0500,,,-
2021-10-26T17:41:04.778+05:00,2.788894008,namasha.com,2021-10-26T17:40:52.592+0500,,,-
2021-10-26T17:41:05.279+05:00,4.542411573,namasha.com,2021-10-26T17:40:52.592+0500,,,-
2021-10-26T17:41:05.781+05:00,4.465525293,namasha.com,2021-10-26T17:40:52.592+0500,,,-
2021-10-26T17:41:06.296+05:00,4.535180084,namasha.com,2021-10-26T17:40:52.592+0500,,,-
2021-10-26T17:41:06.797+05:00,2.563329185,namasha.com,2021-10-26T17:40:52.592+0500,,,-
2021-10-26T17:41:07.298+05:00,3.299354997,namasha.com,2021-10-26T17:40:52.592+0500,,,-
2021-10-26T17:41:07.799+05:00,9.674455484,namasha.com,2021-10-26T17:40:52.592+0500,,,-
2021-10-26T17:41:08.302+05:00,1.280574136,namasha.com,2021-10-26T17:40:52.592+0500,,,-
2021-10-26T17:41:08.803+05:00,0.096857465,namasha.com,2021-10-26T17:40:52.592+0500,,,-
2021-10-26T17:41:09.306+05:00,0.442928993,namasha.com,2021-10-26T17:40:52.592+0500,,,-
2021-10-26T17:41:09.808+05:00,0.324563927,namasha.com,2021-10-26T17:40:52.592+0500,,,-
2021-10-26T17:41:10.311+05:00,0.909916733,namasha.com,2021-10-26T17:40:52.592+0500,,,-
2021-10-26T17:41:10.812+05:00,9.379980077,patria.org.ve,2021-10-26T17:41:10.650+0500,94.09835438,36,2.613843177
2021-10-26T17:41:11.314+05:00,2.291758805,patria.org.ve,2021-10-26T17:41:10.650+0500,,,-
2021-10-26T17:41:11.816+05:00,3.738021645,patria.org.ve,2021-10-26T17:41:10.650+0500,,,-
2021-10-26T17:41:12.318+05:00,1.780184289,patria.org.ve,2021-10-26T17:41:10.650+0500,,,-
2021-10-26T17:41:12.820+05:00,1.036849133,patria.org.ve,2021-10-26T17:41:10.650+0500,,,-
2021-10-26T17:41:13.323+05:00,1.741367363,patria.org.ve,2021-10-26T17:41:10.650+0500,,,-
2021-10-26T17:41:13.824+05:00,6.258000422,patria.org.ve,2021-10-26T17:41:10.650+0500,,,-
2021-10-26T17:41:14.326+05:00,1.69836485,patria.org.ve,2021-10-26T17:41:10.650+0500,,,-
2021-10-26T17:41:14.827+05:00,3.081752515,patria.org.ve,2021-10-26T17:41:10.650+0500,,,-
2021-10-26T17:41:15.328+05:00,4.932435127,patria.org.ve,2021-10-26T17:41:10.650+0500,,,-
2021-10-26T17:41:15.829+05:00,11.40353944,patria.org.ve,2021-10-26T17:41:10.650+0500,,,-
2021-10-26T17:41:16.330+05:00,6.16033985,patria.org.ve,2021-10-26T17:41:10.650+0500,,,-
2021-10-26T17:41:16.831+05:00,5.499282038,patria.org.ve,2021-10-26T17:41:10.650+0500,,,-
2021-10-26T17:41:17.333+05:00,4.835805244,patria.org.ve,2021-10-26T17:41:10.650+0500,,,-
2021-10-26T17:41:17.835+05:00,3.18861276,patria.org.ve,2021-10-26T17:41:10.650+0500,,,-
2021-10-26T17:41:18.336+05:00,4.689059702,patria.org.ve,2021-10-26T17:41:10.650+0500,,,-
2021-10-26T17:41:18.837+05:00,3.449907001,patria.org.ve,2021-10-26T17:41:10.650+0500,,,-
2021-10-26T17:41:19.340+05:00,2.534240778,patria.org.ve,2021-10-26T17:41:10.650+0500,,,-
2021-10-26T17:41:19.842+05:00,2.055030022,patria.org.ve,2021-10-26T17:41:10.650+0500,,,-
2021-10-26T17:41:20.344+05:00,0.267869846,patria.org.ve,2021-10-26T17:41:10.650+0500,,,-
2021-10-26T17:41:20.846+05:00,0.009531454,patria.org.ve,2021-10-26T17:41:10.650+0500,,,-
2021-10-26T17:41:21.348+05:00,0.887196038,patria.org.ve,2021-10-26T17:41:10.650+0500,,,-
2021-10-26T17:41:21.850+05:00,0.077912001,patria.org.ve,2021-10-26T17:41:10.650+0500,,,-
2021-10-26T17:41:22.351+05:00,0,patria.org.ve,2021-10-26T17:41:10.650+0500,,,-
2021-10-26T17:41:22.852+05:00,0.959159129,patria.org.ve,2021-10-26T17:41:10.650+0500,,,-
2021-10-26T17:41:23.354+05:00,0.434797784,patria.org.ve,2021-10-26T17:41:10.650+0500,,,-
2021-10-26T17:41:23.855+05:00,0.073925572,patria.org.ve,2021-10-26T17:41:10.650+0500,,,-
2021-10-26T17:41:24.358+05:00,0.109704822,patria.org.ve,2021-10-26T17:41:10.650+0500,,,-
2021-10-26T17:41:24.859+05:00,0.288327429,patria.org.ve,2021-10-26T17:41:10.650+0500,,,-
2021-10-26T17:41:25.362+05:00,0.105275264,patria.org.ve,2021-10-26T17:41:10.650+0500,,,-
2021-10-26T17:41:25.863+05:00,6.830889544,patria.org.ve,2021-10-26T17:41:10.650+0500,,,-
2021-10-26T17:41:26.364+05:00,0.542924324,patria.org.ve,2021-10-26T17:41:10.650+0500,,,-
2021-10-26T17:41:26.865+05:00,1.799108085,patria.org.ve,2021-10-26T17:41:10.650+0500,,,-
2021-10-26T17:41:27.370+05:00,0.313661926,patria.org.ve,2021-10-26T17:41:10.650+0500,,,-
2021-10-26T17:41:27.872+05:00,0.311578594,patria.org.ve,2021-10-26T17:41:10.650+0500,,,-
2021-10-26T17:41:28.373+05:00,1.331961503,patria.org.ve,2021-10-26T17:41:10.650+0500,,,-
2021-10-26T17:41:28.874+05:00,8.863485126,patreon.com,2021-10-26T17:41:28.716+0500,174.4423455,36,4.845620708
2021-10-26T17:41:29.375+05:00,3.991313515,patreon.com,2021-10-26T17:41:28.716+0500,,,-
2021-10-26T17:41:29.876+05:00,3.9609913,patreon.com,2021-10-26T17:41:28.716+0500,,,-
2021-10-26T17:41:30.377+05:00,6.758471948,patreon.com,2021-10-26T17:41:28.716+0500,,,-
2021-10-26T17:41:30.879+05:00,5.128772443,patreon.com,2021-10-26T17:41:28.716+0500,,,-
2021-10-26T17:41:31.380+05:00,5.520394246,patreon.com,2021-10-26T17:41:28.716+0500,,,-
2021-10-26T17:41:31.881+05:00,2.442548305,patreon.com,2021-10-26T17:41:28.716+0500,,,-
2021-10-26T17:41:32.383+05:00,22.228577,patreon.com,2021-10-26T17:41:28.716+0500,,,-
2021-10-26T17:41:32.884+05:00,19.34702467,patreon.com,2021-10-26T17:41:28.716+0500,,,-
2021-10-26T17:41:33.385+05:00,9.799192639,patreon.com,2021-10-26T17:41:28.716+0500,,,-
2021-10-26T17:41:33.886+05:00,10.64734143,patreon.com,2021-10-26T17:41:28.716+0500,,,-
2021-10-26T17:41:34.387+05:00,8.82514922,patreon.com,2021-10-26T17:41:28.716+0500,,,-
2021-10-26T17:41:34.889+05:00,5.161939001,patreon.com,2021-10-26T17:41:28.716+0500,,,-
2021-10-26T17:41:35.390+05:00,4.934678782,patreon.com,2021-10-26T17:41:28.716+0500,,,-
2021-10-26T17:41:35.890+05:00,6.174058575,patreon.com,2021-10-26T17:41:28.716+0500,,,-
2021-10-26T17:41:36.392+05:00,5.145280246,patreon.com,2021-10-26T17:41:28.716+0500,,,-
2021-10-26T17:41:36.893+05:00,8.665625296,patreon.com,2021-10-26T17:41:28.716+0500,,,-
2021-10-26T17:41:37.395+05:00,2.500289058,patreon.com,2021-10-26T17:41:28.716+0500,,,-
2021-10-26T17:41:37.897+05:00,3.507058928,patreon.com,2021-10-26T17:41:28.716+0500,,,-
2021-10-26T17:41:38.399+05:00,3.840970987,patreon.com,2021-10-26T17:41:28.716+0500,,,-
2021-10-26T17:41:38.900+05:00,1.760766504,patreon.com,2021-10-26T17:41:28.716+0500,,,-
2021-10-26T17:41:39.402+05:00,0.972868291,patreon.com,2021-10-26T17:41:28.716+0500,,,-
2021-10-26T17:41:39.903+05:00,1.461867217,patreon.com,2021-10-26T17:41:28.716+0500,,,-
2021-10-26T17:41:40.404+05:00,1.647036082,patreon.com,2021-10-26T17:41:28.716+0500,,,-
2021-10-26T17:41:40.905+05:00,3.870581108,patreon.com,2021-10-26T17:41:28.716+0500,,,-
2021-10-26T17:41:41.406+05:00,1.559842365,patreon.com,2021-10-26T17:41:28.716+0500,,,-
2021-10-26T17:41:41.908+05:00,1.42134075,patreon.com,2021-10-26T17:41:28.716+0500,,,-
2021-10-26T17:41:42.410+05:00,1.092347575,patreon.com,2021-10-26T17:41:28.716+0500,,,-
2021-10-26T17:41:42.911+05:00,1.912341044,patreon.com,2021-10-26T17:41:28.716+0500,,,-
2021-10-26T17:41:43.412+05:00,0.517818911,patreon.com,2021-10-26T17:41:28.716+0500,,,-
2021-10-26T17:41:43.913+05:00,7.373582142,patreon.com,2021-10-26T17:41:28.716+0500,,,-
2021-10-26T17:41:44.415+05:00,1.420841149,patreon.com,2021-10-26T17:41:28.716+0500,,,-
2021-10-26T17:41:44.916+05:00,0.076739942,patreon.com,2021-10-26T17:41:28.716+0500,,,-
2021-10-26T17:41:45.418+05:00,0.395838783,patreon.com,2021-10-26T17:41:28.716+0500,,,-
2021-10-26T17:41:45.920+05:00,0.342537002,patreon.com,2021-10-26T17:41:28.716+0500,,,-
2021-10-26T17:41:46.421+05:00,1.172833892,patreon.com,2021-10-26T17:41:28.716+0500,,,-
2021-10-26T17:41:46.922+05:00,9.201938444,constantcontact.com,2021-10-26T17:41:46.779+0500,240.4367357,36,6.678798213
2021-10-26T17:41:47.423+05:00,3.07333057,constantcontact.com,2021-10-26T17:41:46.779+0500,,,-
2021-10-26T17:41:47.928+05:00,3.762209177,constantcontact.com,2021-10-26T17:41:46.779+0500,,,-
2021-10-26T17:41:48.429+05:00,2.398907484,constantcontact.com,2021-10-26T17:41:46.779+0500,,,-
2021-10-26T17:41:48.930+05:00,2.347209244,constantcontact.com,2021-10-26T17:41:46.779+0500,,,-
2021-10-26T17:41:49.432+05:00,3.088815649,constantcontact.com,2021-10-26T17:41:46.779+0500,,,-
2021-10-26T17:41:49.934+05:00,1.479085089,constantcontact.com,2021-10-26T17:41:46.779+0500,,,-
2021-10-26T17:41:50.436+05:00,1.639573441,constantcontact.com,2021-10-26T17:41:46.779+0500,,,-
2021-10-26T17:41:50.937+05:00,0.892154792,constantcontact.com,2021-10-26T17:41:46.779+0500,,,-
2021-10-26T17:41:51.438+05:00,7.612673176,constantcontact.com,2021-10-26T17:41:46.779+0500,,,-
2021-10-26T17:41:51.940+05:00,4.435428078,constantcontact.com,2021-10-26T17:41:46.779+0500,,,-
2021-10-26T17:41:52.441+05:00,13.25344626,constantcontact.com,2021-10-26T17:41:46.779+0500,,,-
2021-10-26T17:41:52.942+05:00,19.66236668,constantcontact.com,2021-10-26T17:41:46.779+0500,,,-
2021-10-26T17:41:53.443+05:00,16.19977706,constantcontact.com,2021-10-26T17:41:46.779+0500,,,-
2021-10-26T17:41:53.944+05:00,7.759060287,constantcontact.com,2021-10-26T17:41:46.779+0500,,,-
2021-10-26T17:41:54.445+05:00,13.778269,constantcontact.com,2021-10-26T17:41:46.779+0500,,,-
2021-10-26T17:41:54.946+05:00,6.452311698,constantcontact.com,2021-10-26T17:41:46.779+0500,,,-
2021-10-26T17:41:55.449+05:00,7.132179288,constantcontact.com,2021-10-26T17:41:46.779+0500,,,-
2021-10-26T17:41:55.950+05:00,8.00356282,constantcontact.com,2021-10-26T17:41:46.779+0500,,,-
2021-10-26T17:41:56.451+05:00,8.012262513,constantcontact.com,2021-10-26T17:41:46.779+0500,,,-
2021-10-26T17:41:56.952+05:00,17.6931673,constantcontact.com,2021-10-26T17:41:46.779+0500,,,-
2021-10-26T17:41:57.453+05:00,6.610800664,constantcontact.com,2021-10-26T17:41:46.779+0500,,,-
2021-10-26T17:41:57.954+05:00,11.73267197,constantcontact.com,2021-10-26T17:41:46.779+0500,,,-
2021-10-26T17:41:58.455+05:00,10.29785507,constantcontact.com,2021-10-26T17:41:46.779+0500,,,-
2021-10-26T17:41:58.956+05:00,4.602248835,constantcontact.com,2021-10-26T17:41:46.779+0500,,,-
2021-10-26T17:41:59.457+05:00,9.812957253,constantcontact.com,2021-10-26T17:41:46.779+0500,,,-
2021-10-26T17:41:59.959+05:00,7.986741952,constantcontact.com,2021-10-26T17:41:46.779+0500,,,-
2021-10-26T17:42:00.460+05:00,3.607370065,constantcontact.com,2021-10-26T17:41:46.779+0500,,,-
2021-10-26T17:42:00.962+05:00,8.983675199,constantcontact.com,2021-10-26T17:41:46.779+0500,,,-
2021-10-26T17:42:01.463+05:00,5.483641912,constantcontact.com,2021-10-26T17:41:46.779+0500,,,-
2021-10-26T17:42:01.964+05:00,8.447212008,constantcontact.com,2021-10-26T17:41:46.779+0500,,,-
2021-10-26T17:42:02.466+05:00,1.866556806,constantcontact.com,2021-10-26T17:41:46.779+0500,,,-
2021-10-26T17:42:02.967+05:00,0.163597891,constantcontact.com,2021-10-26T17:41:46.779+0500,,,-
2021-10-26T17:42:03.468+05:00,0.634691303,constantcontact.com,2021-10-26T17:41:46.779+0500,,,-
2021-10-26T17:42:03.970+05:00,0.245227456,constantcontact.com,2021-10-26T17:41:46.779+0500,,,-
2021-10-26T17:42:04.472+05:00,2.083759227,constantcontact.com,2021-10-26T17:41:46.779+0500,,,-
2021-10-26T17:42:04.973+05:00,16.11162129,qualtrics.com,2021-10-26T17:42:04.842+0500,382.8075896,36,10.63354416
2021-10-26T17:42:05.474+05:00,2.529049665,qualtrics.com,2021-10-26T17:42:04.842+0500,,,-
2021-10-26T17:42:05.976+05:00,2.03226672,qualtrics.com,2021-10-26T17:42:04.842+0500,,,-
2021-10-26T17:42:06.477+05:00,2.683343211,qualtrics.com,2021-10-26T17:42:04.842+0500,,,-
2021-10-26T17:42:06.979+05:00,1.996514162,qualtrics.com,2021-10-26T17:42:04.842+0500,,,-
2021-10-26T17:42:07.480+05:00,11.46418635,qualtrics.com,2021-10-26T17:42:04.842+0500,,,-
2021-10-26T17:42:07.981+05:00,11.63044472,qualtrics.com,2021-10-26T17:42:04.842+0500,,,-
2021-10-26T17:42:08.482+05:00,24.32277494,qualtrics.com,2021-10-26T17:42:04.842+0500,,,-
2021-10-26T17:42:08.991+05:00,20.3991509,qualtrics.com,2021-10-26T17:42:04.842+0500,,,-
2021-10-26T17:42:09.492+05:00,15.32102781,qualtrics.com,2021-10-26T17:42:04.842+0500,,,-
2021-10-26T17:42:09.995+05:00,15.74969707,qualtrics.com,2021-10-26T17:42:04.842+0500,,,-
2021-10-26T17:42:10.497+05:00,12.2054526,qualtrics.com,2021-10-26T17:42:04.842+0500,,,-
2021-10-26T17:42:10.999+05:00,10.57658201,qualtrics.com,2021-10-26T17:42:04.842+0500,,,-
2021-10-26T17:42:11.500+05:00,8.654987341,qualtrics.com,2021-10-26T17:42:04.842+0500,,,-
2021-10-26T17:42:12.001+05:00,13.90173797,qualtrics.com,2021-10-26T17:42:04.842+0500,,,-
2021-10-26T17:42:12.503+05:00,8.63459697,qualtrics.com,2021-10-26T17:42:04.842+0500,,,-
2021-10-26T17:42:13.004+05:00,11.27680359,qualtrics.com,2021-10-26T17:42:04.842+0500,,,-
2021-10-26T17:42:13.507+05:00,12.3207256,qualtrics.com,2021-10-26T17:42:04.842+0500,,,-
2021-10-26T17:42:14.009+05:00,8.307133693,qualtrics.com,2021-10-26T17:42:04.842+0500,,,-
2021-10-26T17:42:14.511+05:00,7.374394849,qualtrics.com,2021-10-26T17:42:04.842+0500,,,-
2021-10-26T17:42:15.013+05:00,7.73743303,qualtrics.com,2021-10-26T17:42:04.842+0500,,,-
2021-10-26T17:42:15.515+05:00,10.87389852,qualtrics.com,2021-10-26T17:42:04.842+0500,,,-
2021-10-26T17:42:16.017+05:00,11.78606458,qualtrics.com,2021-10-26T17:42:04.842+0500,,,-
2021-10-26T17:42:16.520+05:00,19.99356042,qualtrics.com,2021-10-26T17:42:04.842+0500,,,-
2021-10-26T17:42:17.021+05:00,22.6367879,qualtrics.com,2021-10-26T17:42:04.842+0500,,,-
2021-10-26T17:42:17.522+05:00,17.72645307,qualtrics.com,2021-10-26T17:42:04.842+0500,,,-
2021-10-26T17:42:18.024+05:00,9.899759948,qualtrics.com,2021-10-26T17:42:04.842+0500,,,-
2021-10-26T17:42:18.525+05:00,6.246545868,qualtrics.com,2021-10-26T17:42:04.842+0500,,,-
2021-10-26T17:42:19.027+05:00,13.30478931,qualtrics.com,2021-10-26T17:42:04.842+0500,,,-
2021-10-26T17:42:19.529+05:00,9.423396264,qualtrics.com,2021-10-26T17:42:04.842+0500,,,-
2021-10-26T17:42:20.030+05:00,15.66790146,qualtrics.com,2021-10-26T17:42:04.842+0500,,,-
2021-10-26T17:42:20.532+05:00,2.184748524,qualtrics.com,2021-10-26T17:42:04.842+0500,,,-
2021-10-26T17:42:21.034+05:00,3.344752501,qualtrics.com,2021-10-26T17:42:04.842+0500,,,-
2021-10-26T17:42:21.537+05:00,0.760561443,qualtrics.com,2021-10-26T17:42:04.842+0500,,,-
2021-10-26T17:42:22.039+05:00,0.554284973,qualtrics.com,2021-10-26T17:42:04.842+0500,,,-
2021-10-26T17:42:22.540+05:00,13.17416037,qualtrics.com,2021-10-26T17:42:04.842+0500,,,-
2021-10-26T17:42:23.042+05:00,5.549628076,reuters.com,2021-10-26T17:42:22.993+0500,225.3498245,36,6.259717347
2021-10-26T17:42:23.544+05:00,2.48272354,reuters.com,2021-10-26T17:42:22.993+0500,,,-
2021-10-26T17:42:24.045+05:00,3.477356058,reuters.com,2021-10-26T17:42:22.993+0500,,,-
2021-10-26T17:42:24.547+05:00,4.674987458,reuters.com,2021-10-26T17:42:22.993+0500,,,-
2021-10-26T17:42:25.048+05:00,6.856874708,reuters.com,2021-10-26T17:42:22.993+0500,,,-
2021-10-26T17:42:25.549+05:00,24.26674124,reuters.com,2021-10-26T17:42:22.993+0500,,,-
2021-10-26T17:42:26.051+05:00,20.25076205,reuters.com,2021-10-26T17:42:22.993+0500,,,-
2021-10-26T17:42:26.553+05:00,15.81198549,reuters.com,2021-10-26T17:42:22.993+0500,,,-
2021-10-26T17:42:27.056+05:00,8.755455423,reuters.com,2021-10-26T17:42:22.993+0500,,,-
2021-10-26T17:42:27.558+05:00,13.68315591,reuters.com,2021-10-26T17:42:22.993+0500,,,-
2021-10-26T17:42:28.060+05:00,16.16461656,reuters.com,2021-10-26T17:42:22.993+0500,,,-
2021-10-26T17:42:28.561+05:00,7.984125274,reuters.com,2021-10-26T17:42:22.993+0500,,,-
2021-10-26T17:42:29.062+05:00,8.345333662,reuters.com,2021-10-26T17:42:22.993+0500,,,-
2021-10-26T17:42:29.563+05:00,5.686209481,reuters.com,2021-10-26T17:42:22.993+0500,,,-
2021-10-26T17:42:30.069+05:00,7.932925959,reuters.com,2021-10-26T17:42:22.993+0500,,,-
2021-10-26T17:42:30.570+05:00,5.327400486,reuters.com,2021-10-26T17:42:22.993+0500,,,-
2021-10-26T17:42:31.071+05:00,6.499058949,reuters.com,2021-10-26T17:42:22.993+0500,,,-
2021-10-26T17:42:31.572+05:00,3.774541565,reuters.com,2021-10-26T17:42:22.993+0500,,,-
2021-10-26T17:42:32.074+05:00,4.52833807,reuters.com,2021-10-26T17:42:22.993+0500,,,-
2021-10-26T17:42:32.576+05:00,7.630016151,reuters.com,2021-10-26T17:42:22.993+0500,,,-
2021-10-26T17:42:33.078+05:00,3.959509381,reuters.com,2021-10-26T17:42:22.993+0500,,,-
2021-10-26T17:42:33.580+05:00,0.442749064,reuters.com,2021-10-26T17:42:22.993+0500,,,-
2021-10-26T17:42:34.081+05:00,3.925033953,reuters.com,2021-10-26T17:42:22.993+0500,,,-
2021-10-26T17:42:34.584+05:00,2.400543166,reuters.com,2021-10-26T17:42:22.993+0500,,,-
2021-10-26T17:42:35.087+05:00,6.124625875,reuters.com,2021-10-26T17:42:22.993+0500,,,-
2021-10-26T17:42:35.589+05:00,0.377860743,reuters.com,2021-10-26T17:42:22.993+0500,,,-
2021-10-26T17:42:36.092+05:00,0.839543162,reuters.com,2021-10-26T17:42:22.993+0500,,,-
2021-10-26T17:42:36.595+05:00,5.627803733,reuters.com,2021-10-26T17:42:22.993+0500,,,-
2021-10-26T17:42:37.097+05:00,1.177204316,reuters.com,2021-10-26T17:42:22.993+0500,,,-
2021-10-26T17:42:37.598+05:00,0.414504271,reuters.com,2021-10-26T17:42:22.993+0500,,,-
2021-10-26T17:42:38.100+05:00,9.57676377,reuters.com,2021-10-26T17:42:22.993+0500,,,-
2021-10-26T17:42:38.602+05:00,7.756662836,reuters.com,2021-10-26T17:42:22.993+0500,,,-
2021-10-26T17:42:39.104+05:00,0.750324141,reuters.com,2021-10-26T17:42:22.993+0500,,,-
2021-10-26T17:42:39.605+05:00,0.21617773,reuters.com,2021-10-26T17:42:22.993+0500,,,-
2021-10-26T17:42:40.106+05:00,1.068627737,reuters.com,2021-10-26T17:42:22.993+0500,,,-
2021-10-26T17:42:40.608+05:00,1.009654487,reuters.com,2021-10-26T17:42:22.993+0500,,,-
2021-10-26T17:42:41.109+05:00,1.021690885,fc2.com,2021-10-26T17:42:41.072+0500,104.7326939,36,2.909241498
2021-10-26T17:42:41.610+05:00,1.19800462,fc2.com,2021-10-26T17:42:41.072+0500,,,-
2021-10-26T17:42:42.111+05:00,1.405311078,fc2.com,2021-10-26T17:42:41.072+0500,,,-
2021-10-26T17:42:42.612+05:00,1.090817886,fc2.com,2021-10-26T17:42:41.072+0500,,,-
2021-10-26T17:42:43.113+05:00,5.023683865,fc2.com,2021-10-26T17:42:41.072+0500,,,-
2021-10-26T17:42:43.614+05:00,9.119598953,fc2.com,2021-10-26T17:42:41.072+0500,,,-
2021-10-26T17:42:44.116+05:00,3.648921159,fc2.com,2021-10-26T17:42:41.072+0500,,,-
2021-10-26T17:42:44.618+05:00,3.686746084,fc2.com,2021-10-26T17:42:41.072+0500,,,-
2021-10-26T17:42:45.119+05:00,2.170247955,fc2.com,2021-10-26T17:42:41.072+0500,,,-
2021-10-26T17:42:45.622+05:00,5.513303452,fc2.com,2021-10-26T17:42:41.072+0500,,,-
2021-10-26T17:42:46.123+05:00,3.940323056,fc2.com,2021-10-26T17:42:41.072+0500,,,-
2021-10-26T17:42:46.625+05:00,8.361445501,fc2.com,2021-10-26T17:42:41.072+0500,,,-
2021-10-26T17:42:47.127+05:00,5.912439345,fc2.com,2021-10-26T17:42:41.072+0500,,,-
2021-10-26T17:42:47.629+05:00,5.406710135,fc2.com,2021-10-26T17:42:41.072+0500,,,-
2021-10-26T17:42:48.131+05:00,5.765255306,fc2.com,2021-10-26T17:42:41.072+0500,,,-
2021-10-26T17:42:48.633+05:00,4.99667186,fc2.com,2021-10-26T17:42:41.072+0500,,,-
2021-10-26T17:42:49.135+05:00,5.774853202,fc2.com,2021-10-26T17:42:41.072+0500,,,-
2021-10-26T17:42:49.637+05:00,8.565654026,fc2.com,2021-10-26T17:42:41.072+0500,,,-
2021-10-26T17:42:50.138+05:00,3.486699085,fc2.com,2021-10-26T17:42:41.072+0500,,,-
2021-10-26T17:42:50.639+05:00,2.257809335,fc2.com,2021-10-26T17:42:41.072+0500,,,-
2021-10-26T17:42:51.142+05:00,0.638290262,fc2.com,2021-10-26T17:42:41.072+0500,,,-
2021-10-26T17:42:51.644+05:00,0.33164171,fc2.com,2021-10-26T17:42:41.072+0500,,,-
2021-10-26T17:42:52.147+05:00,0.116203113,fc2.com,2021-10-26T17:42:41.072+0500,,,-
2021-10-26T17:42:52.650+05:00,0.108672158,fc2.com,2021-10-26T17:42:41.072+0500,,,-
2021-10-26T17:42:53.153+05:00,0.420727074,fc2.com,2021-10-26T17:42:41.072+0500,,,-
2021-10-26T17:42:53.655+05:00,0.101662264,fc2.com,2021-10-26T17:42:41.072+0500,,,-
2021-10-26T17:42:54.158+05:00,2.244771205,fc2.com,2021-10-26T17:42:41.072+0500,,,-
2021-10-26T17:42:54.660+05:00,0.286492904,fc2.com,2021-10-26T17:42:41.072+0500,,,-
2021-10-26T17:42:55.163+05:00,0.090445738,fc2.com,2021-10-26T17:42:41.072+0500,,,-
2021-10-26T17:42:55.666+05:00,0.118253061,fc2.com,2021-10-26T17:42:41.072+0500,,,-
2021-10-26T17:42:56.167+05:00,5.872398306,fc2.com,2021-10-26T17:42:41.072+0500,,,-
2021-10-26T17:42:56.670+05:00,4.807946193,fc2.com,2021-10-26T17:42:41.072+0500,,,-
2021-10-26T17:42:57.172+05:00,0.094514875,fc2.com,2021-10-26T17:42:41.072+0500,,,-
2021-10-26T17:42:57.675+05:00,0.375018863,fc2.com,2021-10-26T17:42:41.072+0500,,,-
2021-10-26T17:42:58.177+05:00,0.209845656,fc2.com,2021-10-26T17:42:41.072+0500,,,-
2021-10-26T17:42:58.679+05:00,0.569623747,fc2.com,2021-10-26T17:42:41.072+0500,,,-
2021-10-26T17:42:59.180+05:00,5.120388885,lowes.com,2021-10-26T17:42:59.137+0500,289.0426205,36,8.028961681
2021-10-26T17:42:59.681+05:00,7.313988481,lowes.com,2021-10-26T17:42:59.137+0500,,,-
2021-10-26T17:43:00.183+05:00,1.646449638,lowes.com,2021-10-26T17:42:59.137+0500,,,-
2021-10-26T17:43:00.685+05:00,3.478711724,lowes.com,2021-10-26T17:42:59.137+0500,,,-
2021-10-26T17:43:01.186+05:00,11.09056914,lowes.com,2021-10-26T17:42:59.137+0500,,,-
2021-10-26T17:43:01.688+05:00,6.680170187,lowes.com,2021-10-26T17:42:59.137+0500,,,-
2021-10-26T17:43:02.189+05:00,4.735668505,lowes.com,2021-10-26T17:42:59.137+0500,,,-
2021-10-26T17:43:02.690+05:00,3.430314046,lowes.com,2021-10-26T17:42:59.137+0500,,,-
2021-10-26T17:43:03.192+05:00,4.294161333,lowes.com,2021-10-26T17:42:59.137+0500,,,-
2021-10-26T17:43:03.693+05:00,13.1743002,lowes.com,2021-10-26T17:42:59.137+0500,,,-
2021-10-26T17:43:04.194+05:00,22.35566552,lowes.com,2021-10-26T17:42:59.137+0500,,,-
2021-10-26T17:43:04.696+05:00,21.51143605,lowes.com,2021-10-26T17:42:59.137+0500,,,-
2021-10-26T17:43:05.197+05:00,10.63558036,lowes.com,2021-10-26T17:42:59.137+0500,,,-
2021-10-26T17:43:05.699+05:00,16.29609385,lowes.com,2021-10-26T17:42:59.137+0500,,,-
2021-10-26T17:43:06.200+05:00,9.804458081,lowes.com,2021-10-26T17:42:59.137+0500,,,-
2021-10-26T17:43:06.701+05:00,7.313709477,lowes.com,2021-10-26T17:42:59.137+0500,,,-
2021-10-26T17:43:07.202+05:00,12.5568532,lowes.com,2021-10-26T17:42:59.137+0500,,,-
2021-10-26T17:43:07.704+05:00,5.323860415,lowes.com,2021-10-26T17:42:59.137+0500,,,-
2021-10-26T17:43:08.207+05:00,11.39584728,lowes.com,2021-10-26T17:42:59.137+0500,,,-
2021-10-26T17:43:08.708+05:00,13.13858062,lowes.com,2021-10-26T17:42:59.137+0500,,,-
2021-10-26T17:43:09.210+05:00,5.925650839,lowes.com,2021-10-26T17:42:59.137+0500,,,-
2021-10-26T17:43:09.712+05:00,3.673816535,lowes.com,2021-10-26T17:42:59.137+0500,,,-
2021-10-26T17:43:10.222+05:00,4.531795259,lowes.com,2021-10-26T17:42:59.137+0500,,,-
2021-10-26T17:43:10.723+05:00,10.08737423,lowes.com,2021-10-26T17:42:59.137+0500,,,-
2021-10-26T17:43:11.224+05:00,8.024706561,lowes.com,2021-10-26T17:42:59.137+0500,,,-
2021-10-26T17:43:11.725+05:00,8.120132872,lowes.com,2021-10-26T17:42:59.137+0500,,,-
2021-10-26T17:43:12.227+05:00,11.21926234,lowes.com,2021-10-26T17:42:59.137+0500,,,-
2021-10-26T17:43:12.728+05:00,5.911124255,lowes.com,2021-10-26T17:42:59.137+0500,,,-
2021-10-26T17:43:13.230+05:00,4.38577955,lowes.com,2021-10-26T17:42:59.137+0500,,,-
2021-10-26T17:43:13.732+05:00,10.71495568,lowes.com,2021-10-26T17:42:59.137+0500,,,-
2021-10-26T17:43:14.234+05:00,12.44166125,lowes.com,2021-10-26T17:42:59.137+0500,,,-
2021-10-26T17:43:14.736+05:00,6.749250702,lowes.com,2021-10-26T17:42:59.137+0500,,,-
2021-10-26T17:43:15.238+05:00,1.906304041,lowes.com,2021-10-26T17:42:59.137+0500,,,-
2021-10-26T17:43:15.741+05:00,0.530004358,lowes.com,2021-10-26T17:42:59.137+0500,,,-
2021-10-26T17:43:16.243+05:00,2.880417006,lowes.com,2021-10-26T17:42:59.137+0500,,,-
2021-10-26T17:43:16.746+05:00,0.643578022,lowes.com,2021-10-26T17:42:59.137+0500,,,-
2021-10-26T17:43:17.247+05:00,6.215069865,heavy.com,2021-10-26T17:43:17.197+0500,61.0442703,36,1.695674175
2021-10-26T17:43:17.749+05:00,8.075656875,heavy.com,2021-10-26T17:43:17.197+0500,,,-
2021-10-26T17:43:18.251+05:00,3.660804592,heavy.com,2021-10-26T17:43:17.197+0500,,,-
2021-10-26T17:43:18.752+05:00,7.075912669,heavy.com,2021-10-26T17:43:17.197+0500,,,-
2021-10-26T17:43:19.254+05:00,11.83539586,heavy.com,2021-10-26T17:43:17.197+0500,,,-
2021-10-26T17:43:19.757+05:00,1.377602833,heavy.com,2021-10-26T17:43:17.197+0500,,,-
2021-10-26T17:43:20.260+05:00,1.390258385,heavy.com,2021-10-26T17:43:17.197+0500,,,-
2021-10-26T17:43:20.763+05:00,0,heavy.com,2021-10-26T17:43:17.197+0500,,,-
2021-10-26T17:43:21.266+05:00,0.2012828,heavy.com,2021-10-26T17:43:17.197+0500,,,-
2021-10-26T17:43:21.769+05:00,0.05445895,heavy.com,2021-10-26T17:43:17.197+0500,,,-
2021-10-26T17:43:22.271+05:00,0.601674325,heavy.com,2021-10-26T17:43:17.197+0500,,,-
2021-10-26T17:43:22.772+05:00,0.574349514,heavy.com,2021-10-26T17:43:17.197+0500,,,-
2021-10-26T17:43:23.274+05:00,4.504009133,heavy.com,2021-10-26T17:43:17.197+0500,,,-
2021-10-26T17:43:23.777+05:00,0.064605697,heavy.com,2021-10-26T17:43:17.197+0500,,,-
2021-10-26T17:43:24.280+05:00,0.2865892,heavy.com,2021-10-26T17:43:17.197+0500,,,-
2021-10-26T17:43:24.783+05:00,0.56655577,heavy.com,2021-10-26T17:43:17.197+0500,,,-
2021-10-26T17:43:25.286+05:00,0,heavy.com,2021-10-26T17:43:17.197+0500,,,-
2021-10-26T17:43:25.788+05:00,0.010609871,heavy.com,2021-10-26T17:43:17.197+0500,,,-
2021-10-26T17:43:26.290+05:00,0.223236691,heavy.com,2021-10-26T17:43:17.197+0500,,,-
2021-10-26T17:43:26.793+05:00,0,heavy.com,2021-10-26T17:43:17.197+0500,,,-
2021-10-26T17:43:27.296+05:00,0,heavy.com,2021-10-26T17:43:17.197+0500,,,-
2021-10-26T17:43:27.799+05:00,0.029594325,heavy.com,2021-10-26T17:43:17.197+0500,,,-
2021-10-26T17:43:28.301+05:00,0.030298165,heavy.com,2021-10-26T17:43:17.197+0500,,,-
2021-10-26T17:43:28.803+05:00,0.037266082,heavy.com,2021-10-26T17:43:17.197+0500,,,-
2021-10-26T17:43:29.306+05:00,0.186661818,heavy.com,2021-10-26T17:43:17.197+0500,,,-
2021-10-26T17:43:29.809+05:00,0.068145993,heavy.com,2021-10-26T17:43:17.197+0500,,,-
2021-10-26T17:43:30.312+05:00,0.245864792,heavy.com,2021-10-26T17:43:17.197+0500,,,-
2021-10-26T17:43:30.815+05:00,0.142085872,heavy.com,2021-10-26T17:43:17.197+0500,,,-
2021-10-26T17:43:31.325+05:00,0.172391774,heavy.com,2021-10-26T17:43:17.197+0500,,,-
2021-10-26T17:43:31.828+05:00,0,heavy.com,2021-10-26T17:43:17.197+0500,,,-
2021-10-26T17:43:32.329+05:00,4.736343638,heavy.com,2021-10-26T17:43:17.197+0500,,,-
2021-10-26T17:43:32.831+05:00,2.120602074,heavy.com,2021-10-26T17:43:17.197+0500,,,-
2021-10-26T17:43:33.332+05:00,3.075425293,heavy.com,2021-10-26T17:43:17.197+0500,,,-
2021-10-26T17:43:33.834+05:00,0.345345619,heavy.com,2021-10-26T17:43:17.197+0500,,,-
2021-10-26T17:43:34.335+05:00,2.31261809,heavy.com,2021-10-26T17:43:17.197+0500,,,-
2021-10-26T17:43:34.838+05:00,0.823553735,heavy.com,2021-10-26T17:43:17.197+0500,,,-
2021-10-26T17:43:35.339+05:00,6.286483161,costco.com,2021-10-26T17:43:35.263+0500,44.01704243,36,1.222695623
2021-10-26T17:43:35.841+05:00,4.472915244,costco.com,2021-10-26T17:43:35.263+0500,,,-
2021-10-26T17:43:36.343+05:00,2.596633418,costco.com,2021-10-26T17:43:35.263+0500,,,-
2021-10-26T17:43:36.845+05:00,2.579912411,costco.com,2021-10-26T17:43:35.263+0500,,,-
2021-10-26T17:43:37.346+05:00,4.697373021,costco.com,2021-10-26T17:43:35.263+0500,,,-
2021-10-26T17:43:37.849+05:00,1.016777372,costco.com,2021-10-26T17:43:35.263+0500,,,-
2021-10-26T17:43:38.351+05:00,1.754464222,costco.com,2021-10-26T17:43:35.263+0500,,,-
2021-10-26T17:43:38.853+05:00,1.419137825,costco.com,2021-10-26T17:43:35.263+0500,,,-
2021-10-26T17:43:39.355+05:00,0.16359711,costco.com,2021-10-26T17:43:35.263+0500,,,-
2021-10-26T17:43:39.858+05:00,0.038979262,costco.com,2021-10-26T17:43:35.263+0500,,,-
2021-10-26T17:43:40.360+05:00,0.222135972,costco.com,2021-10-26T17:43:35.263+0500,,,-
2021-10-26T17:43:40.862+05:00,2.539754597,costco.com,2021-10-26T17:43:35.263+0500,,,-
2021-10-26T17:43:41.365+05:00,0.448150125,costco.com,2021-10-26T17:43:35.263+0500,,,-
2021-10-26T17:43:41.868+05:00,0.021860065,costco.com,2021-10-26T17:43:35.263+0500,,,-
2021-10-26T17:43:42.371+05:00,0.264370551,costco.com,2021-10-26T17:43:35.263+0500,,,-
2021-10-26T17:43:42.873+05:00,0.11367694,costco.com,2021-10-26T17:43:35.263+0500,,,-
2021-10-26T17:43:43.375+05:00,0.394060897,costco.com,2021-10-26T17:43:35.263+0500,,,-
2021-10-26T17:43:43.876+05:00,0.24908193,costco.com,2021-10-26T17:43:35.263+0500,,,-
2021-10-26T17:43:44.378+05:00,1.181402704,costco.com,2021-10-26T17:43:35.263+0500,,,-
2021-10-26T17:43:44.881+05:00,3.485751424,costco.com,2021-10-26T17:43:35.263+0500,,,-
2021-10-26T17:43:45.384+05:00,0,costco.com,2021-10-26T17:43:35.263+0500,,,-
2021-10-26T17:43:45.887+05:00,0.024670964,costco.com,2021-10-26T17:43:35.263+0500,,,-
2021-10-26T17:43:46.389+05:00,0.259198189,costco.com,2021-10-26T17:43:35.263+0500,,,-
2021-10-26T17:43:46.892+05:00,0,costco.com,2021-10-26T17:43:35.263+0500,,,-
2021-10-26T17:43:47.395+05:00,0.121240503,costco.com,2021-10-26T17:43:35.263+0500,,,-
2021-10-26T17:43:47.898+05:00,0.044704404,costco.com,2021-10-26T17:43:35.263+0500,,,-
2021-10-26T17:43:48.400+05:00,0.332314024,costco.com,2021-10-26T17:43:35.263+0500,,,-
2021-10-26T17:43:48.903+05:00,0.196237165,costco.com,2021-10-26T17:43:35.263+0500,,,-
2021-10-26T17:43:49.406+05:00,1.342590563,costco.com,2021-10-26T17:43:35.263+0500,,,-
2021-10-26T17:43:49.908+05:00,0,costco.com,2021-10-26T17:43:35.263+0500,,,-
2021-10-26T17:43:50.409+05:00,6.172564705,costco.com,2021-10-26T17:43:35.263+0500,,,-
2021-10-26T17:43:50.911+05:00,0.32005877,costco.com,2021-10-26T17:43:35.263+0500,,,-
2021-10-26T17:43:51.414+05:00,0.247200689,costco.com,2021-10-26T17:43:35.263+0500,,,-
2021-10-26T17:43:51.916+05:00,0.402869628,costco.com,2021-10-26T17:43:35.263+0500,,,-
2021-10-26T17:43:52.419+05:00,0.125439537,costco.com,2021-10-26T17:43:35.263+0500,,,-
2021-10-26T17:43:52.922+05:00,0.481435033,costco.com,2021-10-26T17:43:35.263+0500,,,-
2021-10-26T17:43:53.423+05:00,9.15080911,rt.com,2021-10-26T17:43:53.328+0500,193.0050468,36,5.3612513
2021-10-26T17:43:53.926+05:00,3.452073943,rt.com,2021-10-26T17:43:53.328+0500,,,-
2021-10-26T17:43:54.427+05:00,3.233327266,rt.com,2021-10-26T17:43:53.328+0500,,,-
2021-10-26T17:43:54.929+05:00,3.881185727,rt.com,2021-10-26T17:43:53.328+0500,,,-
2021-10-26T17:43:55.431+05:00,5.894033571,rt.com,2021-10-26T17:43:53.328+0500,,,-
2021-10-26T17:43:55.931+05:00,3.33950093,rt.com,2021-10-26T17:43:53.328+0500,,,-
2021-10-26T17:43:56.433+05:00,17.83081812,rt.com,2021-10-26T17:43:53.328+0500,,,-
2021-10-26T17:43:56.935+05:00,12.4733566,rt.com,2021-10-26T17:43:53.328+0500,,,-
2021-10-26T17:43:57.436+05:00,7.804388548,rt.com,2021-10-26T17:43:53.328+0500,,,-
2021-10-26T17:43:57.937+05:00,17.43199135,rt.com,2021-10-26T17:43:53.328+0500,,,-
2021-10-26T17:43:58.440+05:00,10.80428294,rt.com,2021-10-26T17:43:53.328+0500,,,-
2021-10-26T17:43:58.941+05:00,5.177896008,rt.com,2021-10-26T17:43:53.328+0500,,,-
2021-10-26T17:43:59.444+05:00,4.965851968,rt.com,2021-10-26T17:43:53.328+0500,,,-
2021-10-26T17:43:59.946+05:00,4.284511775,rt.com,2021-10-26T17:43:53.328+0500,,,-
2021-10-26T17:44:00.448+05:00,7.192433115,rt.com,2021-10-26T17:43:53.328+0500,,,-
2021-10-26T17:44:00.950+05:00,4.619016844,rt.com,2021-10-26T17:43:53.328+0500,,,-
2021-10-26T17:44:01.452+05:00,4.521266745,rt.com,2021-10-26T17:43:53.328+0500,,,-
2021-10-26T17:44:01.954+05:00,4.735223468,rt.com,2021-10-26T17:43:53.328+0500,,,-
2021-10-26T17:44:02.455+05:00,7.967203049,rt.com,2021-10-26T17:43:53.328+0500,,,-
2021-10-26T17:44:02.957+05:00,5.270322995,rt.com,2021-10-26T17:43:53.328+0500,,,-
2021-10-26T17:44:03.460+05:00,2.678035164,rt.com,2021-10-26T17:43:53.328+0500,,,-
2021-10-26T17:44:03.962+05:00,3.106909985,rt.com,2021-10-26T17:43:53.328+0500,,,-
2021-10-26T17:44:04.464+05:00,6.298674888,rt.com,2021-10-26T17:43:53.328+0500,,,-
2021-10-26T17:44:04.967+05:00,3.830725111,rt.com,2021-10-26T17:43:53.328+0500,,,-
2021-10-26T17:44:05.469+05:00,2.216644623,rt.com,2021-10-26T17:43:53.328+0500,,,-
2021-10-26T17:44:05.971+05:00,1.162518616,rt.com,2021-10-26T17:43:53.328+0500,,,-
2021-10-26T17:44:06.473+05:00,5.506108713,rt.com,2021-10-26T17:43:53.328+0500,,,-
2021-10-26T17:44:06.976+05:00,3.852698343,rt.com,2021-10-26T17:43:53.328+0500,,,-
2021-10-26T17:44:07.478+05:00,2.288147508,rt.com,2021-10-26T17:43:53.328+0500,,,-
2021-10-26T17:44:07.981+05:00,2.101514165,rt.com,2021-10-26T17:43:53.328+0500,,,-
2021-10-26T17:44:08.482+05:00,7.812780148,rt.com,2021-10-26T17:43:53.328+0500,,,-
2021-10-26T17:44:08.985+05:00,4.730708098,rt.com,2021-10-26T17:43:53.328+0500,,,-
2021-10-26T17:44:09.488+05:00,1.918543785,rt.com,2021-10-26T17:43:53.328+0500,,,-
2021-10-26T17:44:09.989+05:00,0.356585873,rt.com,2021-10-26T17:43:53.328+0500,,,-
2021-10-26T17:44:10.491+05:00,0.453610658,rt.com,2021-10-26T17:43:53.328+0500,,,-
2021-10-26T17:44:10.994+05:00,0.661347043,rt.com,2021-10-26T17:43:53.328+0500,,,-
2021-10-26T17:44:11.495+05:00,8.82241031,ebay-kleinanzeigen.de,2021-10-26T17:44:11.392+0500,161.5793311,36,4.488314754
2021-10-26T17:44:11.997+05:00,4.332172772,ebay-kleinanzeigen.de,2021-10-26T17:44:11.392+0500,,,-
2021-10-26T17:44:12.510+05:00,2.542916535,ebay-kleinanzeigen.de,2021-10-26T17:44:11.392+0500,,,-
2021-10-26T17:44:13.012+05:00,10.97970435,ebay-kleinanzeigen.de,2021-10-26T17:44:11.392+0500,,,-
2021-10-26T17:44:13.514+05:00,15.73589885,ebay-kleinanzeigen.de,2021-10-26T17:44:11.392+0500,,,-
2021-10-26T17:44:14.016+05:00,11.44035192,ebay-kleinanzeigen.de,2021-10-26T17:44:11.392+0500,,,-
2021-10-26T17:44:14.517+05:00,6.046199359,ebay-kleinanzeigen.de,2021-10-26T17:44:11.392+0500,,,-
2021-10-26T17:44:15.020+05:00,11.00380423,ebay-kleinanzeigen.de,2021-10-26T17:44:11.392+0500,,,-
2021-10-26T17:44:15.521+05:00,6.85421826,ebay-kleinanzeigen.de,2021-10-26T17:44:11.392+0500,,,-
2021-10-26T17:44:16.024+05:00,8.97780269,ebay-kleinanzeigen.de,2021-10-26T17:44:11.392+0500,,,-
2021-10-26T17:44:16.526+05:00,4.710807427,ebay-kleinanzeigen.de,2021-10-26T17:44:11.392+0500,,,-
2021-10-26T17:44:17.029+05:00,5.115027129,ebay-kleinanzeigen.de,2021-10-26T17:44:11.392+0500,,,-
2021-10-26T17:44:17.531+05:00,4.146521108,ebay-kleinanzeigen.de,2021-10-26T17:44:11.392+0500,,,-
2021-10-26T17:44:18.033+05:00,2.294767743,ebay-kleinanzeigen.de,2021-10-26T17:44:11.392+0500,,,-
2021-10-26T17:44:18.536+05:00,7.85963257,ebay-kleinanzeigen.de,2021-10-26T17:44:11.392+0500,,,-
2021-10-26T17:44:19.039+05:00,0.275109311,ebay-kleinanzeigen.de,2021-10-26T17:44:11.392+0500,,,-
2021-10-26T17:44:19.542+05:00,2.297758855,ebay-kleinanzeigen.de,2021-10-26T17:44:11.392+0500,,,-
2021-10-26T17:44:20.043+05:00,0.084039947,ebay-kleinanzeigen.de,2021-10-26T17:44:11.392+0500,,,-
2021-10-26T17:44:20.545+05:00,1.528521304,ebay-kleinanzeigen.de,2021-10-26T17:44:11.392+0500,,,-
2021-10-26T17:44:21.048+05:00,0.826119539,ebay-kleinanzeigen.de,2021-10-26T17:44:11.392+0500,,,-
2021-10-26T17:44:21.551+05:00,0.400124145,ebay-kleinanzeigen.de,2021-10-26T17:44:11.392+0500,,,-
2021-10-26T17:44:22.054+05:00,0.466005083,ebay-kleinanzeigen.de,2021-10-26T17:44:11.392+0500,,,-
2021-10-26T17:44:22.556+05:00,3.598244526,ebay-kleinanzeigen.de,2021-10-26T17:44:11.392+0500,,,-
2021-10-26T17:44:23.059+05:00,5.200874919,ebay-kleinanzeigen.de,2021-10-26T17:44:11.392+0500,,,-
2021-10-26T17:44:23.560+05:00,2.859551323,ebay-kleinanzeigen.de,2021-10-26T17:44:11.392+0500,,,-
2021-10-26T17:44:24.063+05:00,5.437613384,ebay-kleinanzeigen.de,2021-10-26T17:44:11.392+0500,,,-
2021-10-26T17:44:24.565+05:00,6.69888162,ebay-kleinanzeigen.de,2021-10-26T17:44:11.392+0500,,,-
2021-10-26T17:44:25.067+05:00,7.048450095,ebay-kleinanzeigen.de,2021-10-26T17:44:11.392+0500,,,-
2021-10-26T17:44:25.568+05:00,1.716243718,ebay-kleinanzeigen.de,2021-10-26T17:44:11.392+0500,,,-
2021-10-26T17:44:26.070+05:00,0.333569763,ebay-kleinanzeigen.de,2021-10-26T17:44:11.392+0500,,,-
2021-10-26T17:44:26.572+05:00,6.831230143,ebay-kleinanzeigen.de,2021-10-26T17:44:11.392+0500,,,-
2021-10-26T17:44:27.073+05:00,3.524249602,ebay-kleinanzeigen.de,2021-10-26T17:44:11.392+0500,,,-
2021-10-26T17:44:27.575+05:00,0.148464872,ebay-kleinanzeigen.de,2021-10-26T17:44:11.392+0500,,,-
2021-10-26T17:44:28.078+05:00,0.228688058,ebay-kleinanzeigen.de,2021-10-26T17:44:11.392+0500,,,-
2021-10-26T17:44:28.581+05:00,0.214529575,ebay-kleinanzeigen.de,2021-10-26T17:44:11.392+0500,,,-
2021-10-26T17:44:29.084+05:00,0.998826109,ebay-kleinanzeigen.de,2021-10-26T17:44:11.392+0500,,,-
2021-10-26T17:44:29.586+05:00,9.053774376,att.com,2021-10-26T17:44:29.451+0500,320.9268245,36,8.914634013
2021-10-26T17:44:30.087+05:00,2.671245197,att.com,2021-10-26T17:44:29.451+0500,,,-
2021-10-26T17:44:30.588+05:00,3.647489609,att.com,2021-10-26T17:44:29.451+0500,,,-
2021-10-26T17:44:31.090+05:00,2.952836485,att.com,2021-10-26T17:44:29.451+0500,,,-
2021-10-26T17:44:31.591+05:00,11.87442076,att.com,2021-10-26T17:44:29.451+0500,,,-
2021-10-26T17:44:32.092+05:00,14.71064751,att.com,2021-10-26T17:44:29.451+0500,,,-
2021-10-26T17:44:32.594+05:00,19.32969064,att.com,2021-10-26T17:44:29.451+0500,,,-
2021-10-26T17:44:33.095+05:00,20.6158899,att.com,2021-10-26T17:44:29.451+0500,,,-
2021-10-26T17:44:33.603+05:00,8.761353068,att.com,2021-10-26T17:44:29.451+0500,,,-
2021-10-26T17:44:34.104+05:00,6.272936319,att.com,2021-10-26T17:44:29.451+0500,,,-
2021-10-26T17:44:34.605+05:00,10.12998694,att.com,2021-10-26T17:44:29.451+0500,,,-
2021-10-26T17:44:35.106+05:00,4.530903624,att.com,2021-10-26T17:44:29.451+0500,,,-
2021-10-26T17:44:35.607+05:00,7.524069416,att.com,2021-10-26T17:44:29.451+0500,,,-
2021-10-26T17:44:36.108+05:00,8.14460284,att.com,2021-10-26T17:44:29.451+0500,,,-
2021-10-26T17:44:36.609+05:00,11.13070025,att.com,2021-10-26T17:44:29.451+0500,,,-
2021-10-26T17:44:37.111+05:00,16.13674977,att.com,2021-10-26T17:44:29.451+0500,,,-
2021-10-26T17:44:37.612+05:00,13.76185351,att.com,2021-10-26T17:44:29.451+0500,,,-
2021-10-26T17:44:38.113+05:00,14.69783631,att.com,2021-10-26T17:44:29.451+0500,,,-
2021-10-26T17:44:38.614+05:00,11.30185817,att.com,2021-10-26T17:44:29.451+0500,,,-
2021-10-26T17:44:39.115+05:00,8.741447535,att.com,2021-10-26T17:44:29.451+0500,,,-
2021-10-26T17:44:39.617+05:00,14.15865933,att.com,2021-10-26T17:44:29.451+0500,,,-
2021-10-26T17:44:40.118+05:00,6.54978397,att.com,2021-10-26T17:44:29.451+0500,,,-
2021-10-26T17:44:40.619+05:00,7.079338024,att.com,2021-10-26T17:44:29.451+0500,,,-
2021-10-26T17:44:41.122+05:00,8.068202204,att.com,2021-10-26T17:44:29.451+0500,,,-
2021-10-26T17:44:41.623+05:00,10.03119722,att.com,2021-10-26T17:44:29.451+0500,,,-
2021-10-26T17:44:42.124+05:00,13.84307389,att.com,2021-10-26T17:44:29.451+0500,,,-
2021-10-26T17:44:42.627+05:00,7.81950414,att.com,2021-10-26T17:44:29.451+0500,,,-
2021-10-26T17:44:43.129+05:00,7.387136467,att.com,2021-10-26T17:44:29.451+0500,,,-
2021-10-26T17:44:43.632+05:00,4.893884093,att.com,2021-10-26T17:44:29.451+0500,,,-
2021-10-26T17:44:44.134+05:00,9.157517639,att.com,2021-10-26T17:44:29.451+0500,,,-
2021-10-26T17:44:44.636+05:00,12.60459614,att.com,2021-10-26T17:44:29.451+0500,,,-
2021-10-26T17:44:45.138+05:00,7.613189767,att.com,2021-10-26T17:44:29.451+0500,,,-
2021-10-26T17:44:45.641+05:00,0.736508801,att.com,2021-10-26T17:44:29.451+0500,,,-
2021-10-26T17:44:46.143+05:00,0.447384813,att.com,2021-10-26T17:44:29.451+0500,,,-
2021-10-26T17:44:46.644+05:00,3.619796414,att.com,2021-10-26T17:44:29.451+0500,,,-
2021-10-26T17:44:47.147+05:00,0.926759297,att.com,2021-10-26T17:44:29.451+0500,,,-
2021-10-26T17:44:47.648+05:00,5.440288562,smartsheet.com,2021-10-26T17:44:47.534+0500,402.7761797,36,11.18822721
2021-10-26T17:44:48.149+05:00,7.7486421,smartsheet.com,2021-10-26T17:44:47.534+0500,,,-
2021-10-26T17:44:48.650+05:00,6.843308611,smartsheet.com,2021-10-26T17:44:47.534+0500,,,-
2021-10-26T17:44:49.152+05:00,15.56150442,smartsheet.com,2021-10-26T17:44:47.534+0500,,,-
2021-10-26T17:44:49.654+05:00,4.485273706,smartsheet.com,2021-10-26T17:44:47.534+0500,,,-
2021-10-26T17:44:50.156+05:00,3.68337101,smartsheet.com,2021-10-26T17:44:47.534+0500,,,-
2021-10-26T17:44:50.659+05:00,2.292141236,smartsheet.com,2021-10-26T17:44:47.534+0500,,,-
2021-10-26T17:44:51.161+05:00,2.857034467,smartsheet.com,2021-10-26T17:44:47.534+0500,,,-
2021-10-26T17:44:51.662+05:00,3.246412932,smartsheet.com,2021-10-26T17:44:47.534+0500,,,-
2021-10-26T17:44:52.164+05:00,23.454921,smartsheet.com,2021-10-26T17:44:47.534+0500,,,-
2021-10-26T17:44:52.665+05:00,15.72792674,smartsheet.com,2021-10-26T17:44:47.534+0500,,,-
2021-10-26T17:44:53.166+05:00,23.53148834,smartsheet.com,2021-10-26T17:44:47.534+0500,,,-
2021-10-26T17:44:53.668+05:00,22.26913933,smartsheet.com,2021-10-26T17:44:47.534+0500,,,-
2021-10-26T17:44:54.169+05:00,22.63743938,smartsheet.com,2021-10-26T17:44:47.534+0500,,,-
2021-10-26T17:44:54.675+05:00,26.16108622,smartsheet.com,2021-10-26T17:44:47.534+0500,,,-
2021-10-26T17:44:55.177+05:00,24.6912425,smartsheet.com,2021-10-26T17:44:47.534+0500,,,-
2021-10-26T17:44:55.679+05:00,8.035205037,smartsheet.com,2021-10-26T17:44:47.534+0500,,,-
2021-10-26T17:44:56.180+05:00,14.1492855,smartsheet.com,2021-10-26T17:44:47.534+0500,,,-
2021-10-26T17:44:56.682+05:00,21.73660156,smartsheet.com,2021-10-26T17:44:47.534+0500,,,-
2021-10-26T17:44:57.184+05:00,14.03826937,smartsheet.com,2021-10-26T17:44:47.534+0500,,,-
2021-10-26T17:44:57.685+05:00,11.05567852,smartsheet.com,2021-10-26T17:44:47.534+0500,,,-
2021-10-26T17:44:58.186+05:00,6.622924182,smartsheet.com,2021-10-26T17:44:47.534+0500,,,-
2021-10-26T17:44:58.687+05:00,8.100727556,smartsheet.com,2021-10-26T17:44:47.534+0500,,,-
2021-10-26T17:44:59.189+05:00,15.75579808,smartsheet.com,2021-10-26T17:44:47.534+0500,,,-
2021-10-26T17:44:59.690+05:00,10.93935259,smartsheet.com,2021-10-26T17:44:47.534+0500,,,-
2021-10-26T17:45:00.192+05:00,6.396313619,smartsheet.com,2021-10-26T17:44:47.534+0500,,,-
2021-10-26T17:45:00.693+05:00,12.3717232,smartsheet.com,2021-10-26T17:44:47.534+0500,,,-
2021-10-26T17:45:01.195+05:00,18.26170148,smartsheet.com,2021-10-26T17:44:47.534+0500,,,-
2021-10-26T17:45:01.696+05:00,7.687278271,smartsheet.com,2021-10-26T17:44:47.534+0500,,,-
2021-10-26T17:45:02.198+05:00,5.639063972,smartsheet.com,2021-10-26T17:44:47.534+0500,,,-
2021-10-26T17:45:02.699+05:00,10.37085298,smartsheet.com,2021-10-26T17:44:47.534+0500,,,-
2021-10-26T17:45:03.200+05:00,14.0317073,smartsheet.com,2021-10-26T17:44:47.534+0500,,,-
2021-10-26T17:45:03.702+05:00,1.733537323,smartsheet.com,2021-10-26T17:44:47.534+0500,,,-
2021-10-26T17:45:04.204+05:00,0.872772544,smartsheet.com,2021-10-26T17:44:47.534+0500,,,-
2021-10-26T17:45:04.707+05:00,3.450293799,smartsheet.com,2021-10-26T17:44:47.534+0500,,,-
2021-10-26T17:45:05.210+05:00,0.895872297,smartsheet.com,2021-10-26T17:44:47.534+0500,,,-
2021-10-26T17:45:05.711+05:00,19.39039377,redfin.com,2021-10-26T17:45:05.677+0500,241.7349992,36,6.71486109
2021-10-26T17:45:06.212+05:00,12.44209654,redfin.com,2021-10-26T17:45:05.677+0500,,,-
2021-10-26T17:45:06.714+05:00,7.620326823,redfin.com,2021-10-26T17:45:05.677+0500,,,-
2021-10-26T17:45:07.215+05:00,2.39464106,redfin.com,2021-10-26T17:45:05.677+0500,,,-
2021-10-26T17:45:07.717+05:00,2.359748965,redfin.com,2021-10-26T17:45:05.677+0500,,,-
2021-10-26T17:45:08.219+05:00,1.401202613,redfin.com,2021-10-26T17:45:05.677+0500,,,-
2021-10-26T17:45:08.721+05:00,1.682757427,redfin.com,2021-10-26T17:45:05.677+0500,,,-
2021-10-26T17:45:09.224+05:00,2.818785396,redfin.com,2021-10-26T17:45:05.677+0500,,,-
2021-10-26T17:45:09.726+05:00,6.896503927,redfin.com,2021-10-26T17:45:05.677+0500,,,-
2021-10-26T17:45:10.228+05:00,4.487433707,redfin.com,2021-10-26T17:45:05.677+0500,,,-
2021-10-26T17:45:10.731+05:00,11.63999395,redfin.com,2021-10-26T17:45:05.677+0500,,,-
2021-10-26T17:45:11.232+05:00,19.42511439,redfin.com,2021-10-26T17:45:05.677+0500,,,-
2021-10-26T17:45:11.733+05:00,23.48962019,redfin.com,2021-10-26T17:45:05.677+0500,,,-
2021-10-26T17:45:12.235+05:00,15.33442332,redfin.com,2021-10-26T17:45:05.677+0500,,,-
2021-10-26T17:45:12.736+05:00,10.19365061,redfin.com,2021-10-26T17:45:05.677+0500,,,-
2021-10-26T17:45:13.239+05:00,4.983646911,redfin.com,2021-10-26T17:45:05.677+0500,,,-
2021-10-26T17:45:13.741+05:00,5.771987151,redfin.com,2021-10-26T17:45:05.677+0500,,,-
2021-10-26T17:45:14.243+05:00,7.721939242,redfin.com,2021-10-26T17:45:05.677+0500,,,-
2021-10-26T17:45:14.745+05:00,7.114662792,redfin.com,2021-10-26T17:45:05.677+0500,,,-
2021-10-26T17:45:15.256+05:00,5.05737565,redfin.com,2021-10-26T17:45:05.677+0500,,,-
2021-10-26T17:45:15.757+05:00,8.465661015,redfin.com,2021-10-26T17:45:05.677+0500,,,-
2021-10-26T17:45:16.260+05:00,2.017322317,redfin.com,2021-10-26T17:45:05.677+0500,,,-
2021-10-26T17:45:16.761+05:00,5.97360257,redfin.com,2021-10-26T17:45:05.677+0500,,,-
2021-10-26T17:45:17.262+05:00,2.514681443,redfin.com,2021-10-26T17:45:05.677+0500,,,-
2021-10-26T17:45:17.763+05:00,3.276079175,redfin.com,2021-10-26T17:45:05.677+0500,,,-
2021-10-26T17:45:18.264+05:00,2.60703555,redfin.com,2021-10-26T17:45:05.677+0500,,,-
2021-10-26T17:45:18.765+05:00,2.503903309,redfin.com,2021-10-26T17:45:05.677+0500,,,-
2021-10-26T17:45:19.266+05:00,5.951674534,redfin.com,2021-10-26T17:45:05.677+0500,,,-
2021-10-26T17:45:19.767+05:00,3.807263277,redfin.com,2021-10-26T17:45:05.677+0500,,,-
2021-10-26T17:45:20.268+05:00,0.856199776,redfin.com,2021-10-26T17:45:05.677+0500,,,-
2021-10-26T17:45:20.769+05:00,8.219394179,redfin.com,2021-10-26T17:45:05.677+0500,,,-
2021-10-26T17:45:21.270+05:00,7.311846509,redfin.com,2021-10-26T17:45:05.677+0500,,,-
2021-10-26T17:45:21.771+05:00,3.652422885,redfin.com,2021-10-26T17:45:05.677+0500,,,-
2021-10-26T17:45:22.272+05:00,3.912602742,redfin.com,2021-10-26T17:45:05.677+0500,,,-
2021-10-26T17:45:22.773+05:00,5.989113045,redfin.com,2021-10-26T17:45:05.677+0500,,,-
2021-10-26T17:45:23.274+05:00,2.449892488,redfin.com,2021-10-26T17:45:05.677+0500,,,-
2021-10-26T17:45:23.775+05:00,8.727908203,wowhead.com,2021-10-26T17:45:23.729+0500,336.0732074,36,9.335366872
2021-10-26T17:45:24.276+05:00,7.998182719,wowhead.com,2021-10-26T17:45:23.729+0500,,,-
2021-10-26T17:45:24.777+05:00,2.43890129,wowhead.com,2021-10-26T17:45:23.729+0500,,,-
2021-10-26T17:45:25.279+05:00,4.755524891,wowhead.com,2021-10-26T17:45:23.729+0500,,,-
2021-10-26T17:45:25.779+05:00,3.521177552,wowhead.com,2021-10-26T17:45:23.729+0500,,,-
2021-10-26T17:45:26.281+05:00,1.529332734,wowhead.com,2021-10-26T17:45:23.729+0500,,,-
2021-10-26T17:45:26.782+05:00,5.39727289,wowhead.com,2021-10-26T17:45:23.729+0500,,,-
2021-10-26T17:45:27.283+05:00,9.487333263,wowhead.com,2021-10-26T17:45:23.729+0500,,,-
2021-10-26T17:45:27.784+05:00,11.75011727,wowhead.com,2021-10-26T17:45:23.729+0500,,,-
2021-10-26T17:45:28.285+05:00,19.06740798,wowhead.com,2021-10-26T17:45:23.729+0500,,,-
2021-10-26T17:45:28.786+05:00,7.770868275,wowhead.com,2021-10-26T17:45:23.729+0500,,,-
2021-10-26T17:45:29.287+05:00,15.73306249,wowhead.com,2021-10-26T17:45:23.729+0500,,,-
2021-10-26T17:45:29.788+05:00,5.791292745,wowhead.com,2021-10-26T17:45:23.729+0500,,,-
2021-10-26T17:45:30.289+05:00,12.12577327,wowhead.com,2021-10-26T17:45:23.729+0500,,,-
2021-10-26T17:45:30.790+05:00,14.46647021,wowhead.com,2021-10-26T17:45:23.729+0500,,,-
2021-10-26T17:45:31.291+05:00,17.28047707,wowhead.com,2021-10-26T17:45:23.729+0500,,,-
2021-10-26T17:45:31.792+05:00,12.50840181,wowhead.com,2021-10-26T17:45:23.729+0500,,,-
2021-10-26T17:45:32.293+05:00,15.94044267,wowhead.com,2021-10-26T17:45:23.729+0500,,,-
2021-10-26T17:45:32.794+05:00,22.87823677,wowhead.com,2021-10-26T17:45:23.729+0500,,,-
2021-10-26T17:45:33.295+05:00,12.58617734,wowhead.com,2021-10-26T17:45:23.729+0500,,,-
2021-10-26T17:45:33.796+05:00,13.54228085,wowhead.com,2021-10-26T17:45:23.729+0500,,,-
2021-10-26T17:45:34.297+05:00,12.65887671,wowhead.com,2021-10-26T17:45:23.729+0500,,,-
2021-10-26T17:45:34.798+05:00,5.882889423,wowhead.com,2021-10-26T17:45:23.729+0500,,,-
2021-10-26T17:45:35.299+05:00,10.14439886,wowhead.com,2021-10-26T17:45:23.729+0500,,,-
2021-10-26T17:45:35.800+05:00,14.59939903,wowhead.com,2021-10-26T17:45:23.729+0500,,,-
2021-10-26T17:45:36.305+05:00,9.231538367,wowhead.com,2021-10-26T17:45:23.729+0500,,,-
2021-10-26T17:45:36.806+05:00,4.438807765,wowhead.com,2021-10-26T17:45:23.729+0500,,,-
2021-10-26T17:45:37.309+05:00,11.84859735,wowhead.com,2021-10-26T17:45:23.729+0500,,,-
2021-10-26T17:45:37.811+05:00,11.46966949,wowhead.com,2021-10-26T17:45:23.729+0500,,,-
2021-10-26T17:45:38.313+05:00,8.328774464,wowhead.com,2021-10-26T17:45:23.729+0500,,,-
2021-10-26T17:45:38.814+05:00,10.10546642,wowhead.com,2021-10-26T17:45:23.729+0500,,,-
2021-10-26T17:45:39.317+05:00,6.875141979,wowhead.com,2021-10-26T17:45:23.729+0500,,,-
2021-10-26T17:45:39.818+05:00,3.880295357,wowhead.com,2021-10-26T17:45:23.729+0500,,,-
2021-10-26T17:45:40.320+05:00,0.3772931,wowhead.com,2021-10-26T17:45:23.729+0500,,,-
2021-10-26T17:45:40.823+05:00,0.127811773,wowhead.com,2021-10-26T17:45:23.729+0500,,,-
2021-10-26T17:45:41.325+05:00,0.807604986,wowhead.com,2021-10-26T17:45:23.729+0500,,,-
2021-10-26T17:45:41.827+05:00,5.648131416,aa.com,2021-10-26T17:45:41.791+0500,249.9672567,36,6.943534908
2021-10-26T17:45:42.329+05:00,7.389661838,aa.com,2021-10-26T17:45:41.791+0500,,,-
2021-10-26T17:45:42.830+05:00,2.468332551,aa.com,2021-10-26T17:45:41.791+0500,,,-
2021-10-26T17:45:43.332+05:00,3.975224315,aa.com,2021-10-26T17:45:41.791+0500,,,-
2021-10-26T17:45:43.834+05:00,2.75447482,aa.com,2021-10-26T17:45:41.791+0500,,,-
2021-10-26T17:45:44.336+05:00,0.763016054,aa.com,2021-10-26T17:45:41.791+0500,,,-
2021-10-26T17:45:44.838+05:00,2.755275508,aa.com,2021-10-26T17:45:41.791+0500,,,-
2021-10-26T17:45:45.340+05:00,2.692366318,aa.com,2021-10-26T17:45:41.791+0500,,,-
2021-10-26T17:45:45.842+05:00,1.559138302,aa.com,2021-10-26T17:45:41.791+0500,,,-
2021-10-26T17:45:46.344+05:00,9.333266786,aa.com,2021-10-26T17:45:41.791+0500,,,-
2021-10-26T17:45:46.845+05:00,10.51961313,aa.com,2021-10-26T17:45:41.791+0500,,,-
2021-10-26T17:45:47.346+05:00,14.57584404,aa.com,2021-10-26T17:45:41.791+0500,,,-
2021-10-26T17:45:47.847+05:00,21.86010207,aa.com,2021-10-26T17:45:41.791+0500,,,-
2021-10-26T17:45:48.348+05:00,16.80611938,aa.com,2021-10-26T17:45:41.791+0500,,,-
2021-10-26T17:45:48.850+05:00,6.06634857,aa.com,2021-10-26T17:45:41.791+0500,,,-
2021-10-26T17:45:49.352+05:00,6.425590443,aa.com,2021-10-26T17:45:41.791+0500,,,-
2021-10-26T17:45:49.853+05:00,7.834596108,aa.com,2021-10-26T17:45:41.791+0500,,,-
2021-10-26T17:45:50.354+05:00,10.89517025,aa.com,2021-10-26T17:45:41.791+0500,,,-
2021-10-26T17:45:50.856+05:00,5.665704224,aa.com,2021-10-26T17:45:41.791+0500,,,-
2021-10-26T17:45:51.357+05:00,6.38945603,aa.com,2021-10-26T17:45:41.791+0500,,,-
2021-10-26T17:45:51.859+05:00,6.742973155,aa.com,2021-10-26T17:45:41.791+0500,,,-
2021-10-26T17:45:52.361+05:00,5.930380458,aa.com,2021-10-26T17:45:41.791+0500,,,-
2021-10-26T17:45:52.862+05:00,6.414908609,aa.com,2021-10-26T17:45:41.791+0500,,,-
2021-10-26T17:45:53.363+05:00,5.340266213,aa.com,2021-10-26T17:45:41.791+0500,,,-
2021-10-26T17:45:53.865+05:00,3.481052573,aa.com,2021-10-26T17:45:41.791+0500,,,-
2021-10-26T17:45:54.366+05:00,4.537545643,aa.com,2021-10-26T17:45:41.791+0500,,,-
2021-10-26T17:45:54.867+05:00,11.13433313,aa.com,2021-10-26T17:45:41.791+0500,,,-
2021-10-26T17:45:55.369+05:00,4.958759083,aa.com,2021-10-26T17:45:41.791+0500,,,-
2021-10-26T17:45:55.872+05:00,10.3610329,aa.com,2021-10-26T17:45:41.791+0500,,,-
2021-10-26T17:45:56.373+05:00,11.42117109,aa.com,2021-10-26T17:45:41.791+0500,,,-
2021-10-26T17:45:56.874+05:00,7.666467349,aa.com,2021-10-26T17:45:41.791+0500,,,-
2021-10-26T17:45:57.375+05:00,15.27222483,aa.com,2021-10-26T17:45:41.791+0500,,,-
2021-10-26T17:45:57.876+05:00,1.771564082,aa.com,2021-10-26T17:45:41.791+0500,,,-
2021-10-26T17:45:58.377+05:00,8.205746668,aa.com,2021-10-26T17:45:41.791+0500,,,-
2021-10-26T17:45:58.880+05:00,0.200612211,aa.com,2021-10-26T17:45:41.791+0500,,,-
2021-10-26T17:45:59.382+05:00,0.150786548,aa.com,2021-10-26T17:45:41.791+0500,,,-
2021-10-26T17:45:59.883+05:00,5.009117113,canada.ca,2021-10-26T17:45:59.849+0500,109.3416694,36,3.037268594
2021-10-26T17:46:00.384+05:00,7.66904399,canada.ca,2021-10-26T17:45:59.849+0500,,,-
2021-10-26T17:46:00.886+05:00,2.317424819,canada.ca,2021-10-26T17:45:59.849+0500,,,-
2021-10-26T17:46:01.389+05:00,2.045740165,canada.ca,2021-10-26T17:45:59.849+0500,,,-
2021-10-26T17:46:01.891+05:00,2.71002857,canada.ca,2021-10-26T17:45:59.849+0500,,,-
2021-10-26T17:46:02.392+05:00,5.547435559,canada.ca,2021-10-26T17:45:59.849+0500,,,-
2021-10-26T17:46:02.893+05:00,7.290107659,canada.ca,2021-10-26T17:45:59.849+0500,,,-
2021-10-26T17:46:03.395+05:00,5.00038609,canada.ca,2021-10-26T17:45:59.849+0500,,,-
2021-10-26T17:46:03.896+05:00,2.755902093,canada.ca,2021-10-26T17:45:59.849+0500,,,-
2021-10-26T17:46:04.398+05:00,0.817690909,canada.ca,2021-10-26T17:45:59.849+0500,,,-
2021-10-26T17:46:04.899+05:00,5.466677266,canada.ca,2021-10-26T17:45:59.849+0500,,,-
2021-10-26T17:46:05.400+05:00,11.49926209,canada.ca,2021-10-26T17:45:59.849+0500,,,-
2021-10-26T17:46:05.902+05:00,7.768898392,canada.ca,2021-10-26T17:45:59.849+0500,,,-
2021-10-26T17:46:06.404+05:00,6.100579228,canada.ca,2021-10-26T17:45:59.849+0500,,,-
2021-10-26T17:46:06.906+05:00,3.987390081,canada.ca,2021-10-26T17:45:59.849+0500,,,-
2021-10-26T17:46:07.408+05:00,1.139649712,canada.ca,2021-10-26T17:45:59.849+0500,,,-
2021-10-26T17:46:07.911+05:00,0.657560582,canada.ca,2021-10-26T17:45:59.849+0500,,,-
2021-10-26T17:46:08.413+05:00,1.067004312,canada.ca,2021-10-26T17:45:59.849+0500,,,-
2021-10-26T17:46:08.914+05:00,1.546450855,canada.ca,2021-10-26T17:45:59.849+0500,,,-
2021-10-26T17:46:09.415+05:00,3.843535227,canada.ca,2021-10-26T17:45:59.849+0500,,,-
2021-10-26T17:46:09.916+05:00,2.378678644,canada.ca,2021-10-26T17:45:59.849+0500,,,-
2021-10-26T17:46:10.417+05:00,1.877059705,canada.ca,2021-10-26T17:45:59.849+0500,,,-
2021-10-26T17:46:10.918+05:00,1.471920787,canada.ca,2021-10-26T17:45:59.849+0500,,,-
2021-10-26T17:46:11.419+05:00,1.431600725,canada.ca,2021-10-26T17:45:59.849+0500,,,-
2021-10-26T17:46:11.921+05:00,1.945578353,canada.ca,2021-10-26T17:45:59.849+0500,,,-
2021-10-26T17:46:12.423+05:00,0.957017707,canada.ca,2021-10-26T17:45:59.849+0500,,,-
2021-10-26T17:46:12.925+05:00,0.71875152,canada.ca,2021-10-26T17:45:59.849+0500,,,-
2021-10-26T17:46:13.428+05:00,2.414953597,canada.ca,2021-10-26T17:45:59.849+0500,,,-
2021-10-26T17:46:13.930+05:00,1.507134384,canada.ca,2021-10-26T17:45:59.849+0500,,,-
2021-10-26T17:46:14.433+05:00,0.648679481,canada.ca,2021-10-26T17:45:59.849+0500,,,-
2021-10-26T17:46:14.935+05:00,4.431340081,canada.ca,2021-10-26T17:45:59.849+0500,,,-
2021-10-26T17:46:15.438+05:00,3.488392597,canada.ca,2021-10-26T17:45:59.849+0500,,,-
2021-10-26T17:46:15.941+05:00,0.595612848,canada.ca,2021-10-26T17:45:59.849+0500,,,-
2021-10-26T17:46:16.442+05:00,0.303696282,canada.ca,2021-10-26T17:45:59.849+0500,,,-
2021-10-26T17:46:16.944+05:00,0.362518823,canada.ca,2021-10-26T17:45:59.849+0500,,,-
2021-10-26T17:46:17.455+05:00,0.56884915,canada.ca,2021-10-26T17:45:59.849+0500,,,-
2021-10-26T17:46:17.956+05:00,4.967659433,download-ready.com,2021-10-26T17:46:17.912+0500,61.64736126,36,1.712426702
2021-10-26T17:46:18.457+05:00,7.337384854,download-ready.com,2021-10-26T17:46:17.912+0500,,,-
2021-10-26T17:46:18.959+05:00,2.622529451,download-ready.com,2021-10-26T17:46:17.912+0500,,,-
2021-10-26T17:46:19.460+05:00,3.030735073,download-ready.com,2021-10-26T17:46:17.912+0500,,,-
2021-10-26T17:46:19.961+05:00,15.93521685,download-ready.com,2021-10-26T17:46:17.912+0500,,,-
2021-10-26T17:46:20.464+05:00,2.762710489,download-ready.com,2021-10-26T17:46:17.912+0500,,,-
2021-10-26T17:46:20.966+05:00,1.921826791,download-ready.com,2021-10-26T17:46:17.912+0500,,,-
2021-10-26T17:46:21.468+05:00,0.335973813,download-ready.com,2021-10-26T17:46:17.912+0500,,,-
2021-10-26T17:46:21.970+05:00,0.118472142,download-ready.com,2021-10-26T17:46:17.912+0500,,,-
2021-10-26T17:46:22.473+05:00,0.145762195,download-ready.com,2021-10-26T17:46:17.912+0500,,,-
2021-10-26T17:46:22.976+05:00,0.022618659,download-ready.com,2021-10-26T17:46:17.912+0500,,,-
2021-10-26T17:46:23.477+05:00,5.291203848,download-ready.com,2021-10-26T17:46:17.912+0500,,,-
2021-10-26T17:46:23.980+05:00,0.08752393,download-ready.com,2021-10-26T17:46:17.912+0500,,,-
2021-10-26T17:46:24.481+05:00,0.051869063,download-ready.com,2021-10-26T17:46:17.912+0500,,,-
2021-10-26T17:46:24.983+05:00,2.179558509,download-ready.com,2021-10-26T17:46:17.912+0500,,,-
2021-10-26T17:46:25.484+05:00,0.095332976,download-ready.com,2021-10-26T17:46:17.912+0500,,,-
2021-10-26T17:46:25.986+05:00,0.092345351,download-ready.com,2021-10-26T17:46:17.912+0500,,,-
2021-10-26T17:46:26.487+05:00,0.412380034,download-ready.com,2021-10-26T17:46:17.912+0500,,,-
2021-10-26T17:46:26.990+05:00,0.062003907,download-ready.com,2021-10-26T17:46:17.912+0500,,,-
2021-10-26T17:46:27.492+05:00,1.984453128,download-ready.com,2021-10-26T17:46:17.912+0500,,,-
2021-10-26T17:46:27.995+05:00,0.459994431,download-ready.com,2021-10-26T17:46:17.912+0500,,,-
2021-10-26T17:46:28.496+05:00,0.043146571,download-ready.com,2021-10-26T17:46:17.912+0500,,,-
2021-10-26T17:46:28.997+05:00,0,download-ready.com,2021-10-26T17:46:17.912+0500,,,-
2021-10-26T17:46:29.498+05:00,0.08853054,download-ready.com,2021-10-26T17:46:17.912+0500,,,-
2021-10-26T17:46:30.000+05:00,0.082086215,download-ready.com,2021-10-26T17:46:17.912+0500,,,-
2021-10-26T17:46:30.501+05:00,0,download-ready.com,2021-10-26T17:46:17.912+0500,,,-
2021-10-26T17:46:31.003+05:00,0.197592002,download-ready.com,2021-10-26T17:46:17.912+0500,,,-
2021-10-26T17:46:31.504+05:00,0.257364248,download-ready.com,2021-10-26T17:46:17.912+0500,,,-
2021-10-26T17:46:32.006+05:00,0,download-ready.com,2021-10-26T17:46:17.912+0500,,,-
2021-10-26T17:46:32.508+05:00,0.072936379,download-ready.com,2021-10-26T17:46:17.912+0500,,,-
2021-10-26T17:46:33.009+05:00,3.745006071,download-ready.com,2021-10-26T17:46:17.912+0500,,,-
2021-10-26T17:46:33.511+05:00,3.272330928,download-ready.com,2021-10-26T17:46:17.912+0500,,,-
2021-10-26T17:46:34.013+05:00,0.492402152,download-ready.com,2021-10-26T17:46:17.912+0500,,,-
2021-10-26T17:46:34.514+05:00,2.717410038,download-ready.com,2021-10-26T17:46:17.912+0500,,,-
2021-10-26T17:46:35.016+05:00,0.088313098,download-ready.com,2021-10-26T17:46:17.912+0500,,,-
2021-10-26T17:46:35.518+05:00,0.672688093,download-ready.com,2021-10-26T17:46:17.912+0500,,,-
2021-10-26T17:46:36.020+05:00,6.332190845,shein.com,2021-10-26T17:46:35.967+0500,355.8652168,37,9.617978834
2021-10-26T17:46:36.521+05:00,7.848564484,shein.com,2021-10-26T17:46:35.967+0500,,,-
2021-10-26T17:46:37.023+05:00,1.667322399,shein.com,2021-10-26T17:46:35.967+0500,,,-
2021-10-26T17:46:37.524+05:00,3.442453283,shein.com,2021-10-26T17:46:35.967+0500,,,-
2021-10-26T17:46:38.025+05:00,1.857154503,shein.com,2021-10-26T17:46:35.967+0500,,,-
2021-10-26T17:46:38.530+05:00,0.878066229,shein.com,2021-10-26T17:46:35.967+0500,,,-
2021-10-26T17:46:39.032+05:00,0.914293707,shein.com,2021-10-26T17:46:35.967+0500,,,-
2021-10-26T17:46:39.533+05:00,6.365449901,shein.com,2021-10-26T17:46:35.967+0500,,,-
2021-10-26T17:46:40.034+05:00,4.197203508,shein.com,2021-10-26T17:46:35.967+0500,,,-
2021-10-26T17:46:40.535+05:00,10.98088853,shein.com,2021-10-26T17:46:35.967+0500,,,-
2021-10-26T17:46:41.036+05:00,8.507013514,shein.com,2021-10-26T17:46:35.967+0500,,,-
2021-10-26T17:46:41.537+05:00,14.69488052,shein.com,2021-10-26T17:46:35.967+0500,,,-
2021-10-26T17:46:42.038+05:00,26.86152008,shein.com,2021-10-26T17:46:35.967+0500,,,-
2021-10-26T17:46:42.540+05:00,25.4563088,shein.com,2021-10-26T17:46:35.967+0500,,,-
2021-10-26T17:46:43.041+05:00,23.67772074,shein.com,2021-10-26T17:46:35.967+0500,,,-
2021-10-26T17:46:43.542+05:00,23.81933121,shein.com,2021-10-26T17:46:35.967+0500,,,-
2021-10-26T17:46:44.044+05:00,20.13137264,shein.com,2021-10-26T17:46:35.967+0500,,,-
2021-10-26T17:46:44.545+05:00,19.86172693,shein.com,2021-10-26T17:46:35.967+0500,,,-
2021-10-26T17:46:45.046+05:00,14.37673893,shein.com,2021-10-26T17:46:35.967+0500,,,-
2021-10-26T17:46:45.547+05:00,15.10264054,shein.com,2021-10-26T17:46:35.967+0500,,,-
2021-10-26T17:46:46.049+05:00,6.918508646,shein.com,2021-10-26T17:46:35.967+0500,,,-
2021-10-26T17:46:46.550+05:00,8.587314435,shein.com,2021-10-26T17:46:35.967+0500,,,-
2021-10-26T17:46:47.051+05:00,16.95499313,shein.com,2021-10-26T17:46:35.967+0500,,,-
2021-10-26T17:46:47.552+05:00,8.307033024,shein.com,2021-10-26T17:46:35.967+0500,,,-
2021-10-26T17:46:48.053+05:00,9.216288149,shein.com,2021-10-26T17:46:35.967+0500,,,-
2021-10-26T17:46:48.554+05:00,10.28316686,shein.com,2021-10-26T17:46:35.967+0500,,,-
2021-10-26T17:46:49.055+05:00,7.513716387,shein.com,2021-10-26T17:46:35.967+0500,,,-
2021-10-26T17:46:49.557+05:00,11.34432379,shein.com,2021-10-26T17:46:35.967+0500,,,-
2021-10-26T17:46:50.058+05:00,8.755209369,shein.com,2021-10-26T17:46:35.967+0500,,,-
2021-10-26T17:46:50.559+05:00,7.766469336,shein.com,2021-10-26T17:46:35.967+0500,,,-
2021-10-26T17:46:51.060+05:00,8.875521568,shein.com,2021-10-26T17:46:35.967+0500,,,-
2021-10-26T17:46:51.562+05:00,10.95755342,shein.com,2021-10-26T17:46:35.967+0500,,,-
2021-10-26T17:46:52.063+05:00,1.368964546,shein.com,2021-10-26T17:46:35.967+0500,,,-
2021-10-26T17:46:52.564+05:00,0.900445656,shein.com,2021-10-26T17:46:35.967+0500,,,-
2021-10-26T17:46:53.065+05:00,0.431923181,shein.com,2021-10-26T17:46:35.967+0500,,,-
2021-10-26T17:46:53.566+05:00,0.68210396,shein.com,2021-10-26T17:46:35.967+0500,,,-
2021-10-26T17:46:54.067+05:00,0.028840098,shein.com,2021-10-26T17:46:35.967+0500,,,-
2021-10-26T17:46:54.568+05:00,8.918056321,turkiye.gov.tr,2021-10-26T17:46:54.082+0500,86.05004504,36,2.390279029
2021-10-26T17:46:55.069+05:00,1.948885122,turkiye.gov.tr,2021-10-26T17:46:54.082+0500,,,-
2021-10-26T17:46:55.570+05:00,4.075331285,turkiye.gov.tr,2021-10-26T17:46:54.082+0500,,,-
2021-10-26T17:46:56.071+05:00,5.850678564,turkiye.gov.tr,2021-10-26T17:46:54.082+0500,,,-
2021-10-26T17:46:56.572+05:00,4.131667938,turkiye.gov.tr,2021-10-26T17:46:54.082+0500,,,-
2021-10-26T17:46:57.074+05:00,3.175683628,turkiye.gov.tr,2021-10-26T17:46:54.082+0500,,,-
2021-10-26T17:46:57.575+05:00,5.130853032,turkiye.gov.tr,2021-10-26T17:46:54.082+0500,,,-
2021-10-26T17:46:58.076+05:00,17.85765953,turkiye.gov.tr,2021-10-26T17:46:54.082+0500,,,-
2021-10-26T17:46:58.577+05:00,11.37960681,turkiye.gov.tr,2021-10-26T17:46:54.082+0500,,,-
2021-10-26T17:46:59.078+05:00,3.027734711,turkiye.gov.tr,2021-10-26T17:46:54.082+0500,,,-
2021-10-26T17:46:59.580+05:00,2.324936816,turkiye.gov.tr,2021-10-26T17:46:54.082+0500,,,-
2021-10-26T17:47:00.081+05:00,0.255932748,turkiye.gov.tr,2021-10-26T17:46:54.082+0500,,,-
2021-10-26T17:47:00.582+05:00,0.106277228,turkiye.gov.tr,2021-10-26T17:46:54.082+0500,,,-
2021-10-26T17:47:01.083+05:00,0.213173725,turkiye.gov.tr,2021-10-26T17:46:54.082+0500,,,-
2021-10-26T17:47:01.585+05:00,0.040139942,turkiye.gov.tr,2021-10-26T17:46:54.082+0500,,,-
2021-10-26T17:47:02.088+05:00,0,turkiye.gov.tr,2021-10-26T17:46:54.082+0500,,,-
2021-10-26T17:47:02.590+05:00,2.140112051,turkiye.gov.tr,2021-10-26T17:46:54.082+0500,,,-
2021-10-26T17:47:03.091+05:00,0.016101419,turkiye.gov.tr,2021-10-26T17:46:54.082+0500,,,-
2021-10-26T17:47:03.592+05:00,0.045794462,turkiye.gov.tr,2021-10-26T17:46:54.082+0500,,,-
2021-10-26T17:47:04.095+05:00,0.165394533,turkiye.gov.tr,2021-10-26T17:46:54.082+0500,,,-
2021-10-26T17:47:04.596+05:00,1.719867095,turkiye.gov.tr,2021-10-26T17:46:54.082+0500,,,-
2021-10-26T17:47:05.098+05:00,0.964828835,turkiye.gov.tr,2021-10-26T17:46:54.082+0500,,,-
2021-10-26T17:47:05.599+05:00,0.141509241,turkiye.gov.tr,2021-10-26T17:46:54.082+0500,,,-
2021-10-26T17:47:06.102+05:00,0.503771777,turkiye.gov.tr,2021-10-26T17:46:54.082+0500,,,-
2021-10-26T17:47:06.603+05:00,1.113130979,turkiye.gov.tr,2021-10-26T17:46:54.082+0500,,,-
2021-10-26T17:47:07.104+05:00,0.222887306,turkiye.gov.tr,2021-10-26T17:46:54.082+0500,,,-
2021-10-26T17:47:07.606+05:00,0,turkiye.gov.tr,2021-10-26T17:46:54.082+0500,,,-
2021-10-26T17:47:08.107+05:00,0.021269691,turkiye.gov.tr,2021-10-26T17:46:54.082+0500,,,-
2021-10-26T17:47:08.608+05:00,0.053005962,turkiye.gov.tr,2021-10-26T17:46:54.082+0500,,,-
2021-10-26T17:47:09.109+05:00,2.411428781,turkiye.gov.tr,2021-10-26T17:46:54.082+0500,,,-
2021-10-26T17:47:09.611+05:00,6.489516704,turkiye.gov.tr,2021-10-26T17:46:54.082+0500,,,-
2021-10-26T17:47:10.112+05:00,0.448388498,turkiye.gov.tr,2021-10-26T17:46:54.082+0500,,,-
2021-10-26T17:47:10.613+05:00,0.235665978,turkiye.gov.tr,2021-10-26T17:46:54.082+0500,,,-
2021-10-26T17:47:11.114+05:00,0.16662604,turkiye.gov.tr,2021-10-26T17:46:54.082+0500,,,-
2021-10-26T17:47:11.616+05:00,0.632559331,turkiye.gov.tr,2021-10-26T17:46:54.082+0500,,,-
2021-10-26T17:47:12.117+05:00,0.121568969,turkiye.gov.tr,2021-10-26T17:46:54.082+0500,,,-
2021-10-26T17:47:12.618+05:00,8.71497895,zoho.com,2021-10-26T17:47:12.138+0500,241.4573676,36,6.707149099
2021-10-26T17:47:13.120+05:00,1.832311851,zoho.com,2021-10-26T17:47:12.138+0500,,,-
2021-10-26T17:47:13.623+05:00,3.062185746,zoho.com,2021-10-26T17:47:12.138+0500,,,-
2021-10-26T17:47:14.125+05:00,2.126292648,zoho.com,2021-10-26T17:47:12.138+0500,,,-
2021-10-26T17:47:14.627+05:00,2.652877074,zoho.com,2021-10-26T17:47:12.138+0500,,,-
2021-10-26T17:47:15.128+05:00,2.692265961,zoho.com,2021-10-26T17:47:12.138+0500,,,-
2021-10-26T17:47:15.629+05:00,3.062954996,zoho.com,2021-10-26T17:47:12.138+0500,,,-
2021-10-26T17:47:16.130+05:00,7.783942961,zoho.com,2021-10-26T17:47:12.138+0500,,,-
2021-10-26T17:47:16.632+05:00,12.59641035,zoho.com,2021-10-26T17:47:12.138+0500,,,-
2021-10-26T17:47:17.134+05:00,8.570838297,zoho.com,2021-10-26T17:47:12.138+0500,,,-
2021-10-26T17:47:17.635+05:00,6.234138162,zoho.com,2021-10-26T17:47:12.138+0500,,,-
2021-10-26T17:47:18.136+05:00,15.29059342,zoho.com,2021-10-26T17:47:12.138+0500,,,-
2021-10-26T17:47:18.637+05:00,7.067526813,zoho.com,2021-10-26T17:47:12.138+0500,,,-
2021-10-26T17:47:19.140+05:00,5.142851875,zoho.com,2021-10-26T17:47:12.138+0500,,,-
2021-10-26T17:47:19.649+05:00,5.964622044,zoho.com,2021-10-26T17:47:12.138+0500,,,-
2021-10-26T17:47:20.150+05:00,20.89563233,zoho.com,2021-10-26T17:47:12.138+0500,,,-
2021-10-26T17:47:20.651+05:00,15.1750788,zoho.com,2021-10-26T17:47:12.138+0500,,,-
2021-10-26T17:47:21.152+05:00,10.48142075,zoho.com,2021-10-26T17:47:12.138+0500,,,-
2021-10-26T17:47:21.654+05:00,10.70090603,zoho.com,2021-10-26T17:47:12.138+0500,,,-
2021-10-26T17:47:22.155+05:00,8.946185869,zoho.com,2021-10-26T17:47:12.138+0500,,,-
2021-10-26T17:47:22.657+05:00,7.346287642,zoho.com,2021-10-26T17:47:12.138+0500,,,-
2021-10-26T17:47:23.158+05:00,7.635789699,zoho.com,2021-10-26T17:47:12.138+0500,,,-
2021-10-26T17:47:23.659+05:00,7.374104919,zoho.com,2021-10-26T17:47:12.138+0500,,,-
2021-10-26T17:47:24.161+05:00,5.959308306,zoho.com,2021-10-26T17:47:12.138+0500,,,-
2021-10-26T17:47:24.663+05:00,7.082630032,zoho.com,2021-10-26T17:47:12.138+0500,,,-
2021-10-26T17:47:25.165+05:00,7.474495125,zoho.com,2021-10-26T17:47:12.138+0500,,,-
2021-10-26T17:47:25.667+05:00,8.002998792,zoho.com,2021-10-26T17:47:12.138+0500,,,-
2021-10-26T17:47:26.168+05:00,7.611928346,zoho.com,2021-10-26T17:47:12.138+0500,,,-
2021-10-26T17:47:26.670+05:00,6.775912429,zoho.com,2021-10-26T17:47:12.138+0500,,,-
2021-10-26T17:47:27.171+05:00,8.212802589,zoho.com,2021-10-26T17:47:12.138+0500,,,-
2021-10-26T17:47:27.673+05:00,6.854184393,zoho.com,2021-10-26T17:47:12.138+0500,,,-
2021-10-26T17:47:28.176+05:00,0.763919761,zoho.com,2021-10-26T17:47:12.138+0500,,,-
2021-10-26T17:47:28.678+05:00,0.377112547,zoho.com,2021-10-26T17:47:12.138+0500,,,-
2021-10-26T17:47:29.180+05:00,0.181300383,zoho.com,2021-10-26T17:47:12.138+0500,,,-
2021-10-26T17:47:29.683+05:00,0.49801517,zoho.com,2021-10-26T17:47:12.138+0500,,,-
2021-10-26T17:47:30.185+05:00,0.312562509,zoho.com,2021-10-26T17:47:12.138+0500,,,-
2021-10-26T17:47:30.688+05:00,13.91023634,91jm.com,2021-10-26T17:47:30.202+0500,35.63704074,35,1.018201164
2021-10-26T17:47:31.191+05:00,0.154282076,91jm.com,2021-10-26T17:47:30.202+0500,,,-
2021-10-26T17:47:31.694+05:00,3.86718135,91jm.com,2021-10-26T17:47:30.202+0500,,,-
2021-10-26T17:47:32.196+05:00,0.282937157,91jm.com,2021-10-26T17:47:30.202+0500,,,-
2021-10-26T17:47:32.699+05:00,0.3957332,91jm.com,2021-10-26T17:47:30.202+0500,,,-
2021-10-26T17:47:33.201+05:00,0,91jm.com,2021-10-26T17:47:30.202+0500,,,-
2021-10-26T17:47:33.704+05:00,0.038211039,91jm.com,2021-10-26T17:47:30.202+0500,,,-
2021-10-26T17:47:34.207+05:00,0.060247723,91jm.com,2021-10-26T17:47:30.202+0500,,,-
2021-10-26T17:47:34.710+05:00,2.461369127,91jm.com,2021-10-26T17:47:30.202+0500,,,-
2021-10-26T17:47:35.213+05:00,0,91jm.com,2021-10-26T17:47:30.202+0500,,,-
2021-10-26T17:47:35.716+05:00,0.475864862,91jm.com,2021-10-26T17:47:30.202+0500,,,-
2021-10-26T17:47:36.218+05:00,0.126259379,91jm.com,2021-10-26T17:47:30.202+0500,,,-
2021-10-26T17:47:36.720+05:00,0.835762356,91jm.com,2021-10-26T17:47:30.202+0500,,,-
2021-10-26T17:47:37.222+05:00,0.196240946,91jm.com,2021-10-26T17:47:30.202+0500,,,-
2021-10-26T17:47:37.725+05:00,0.065138841,91jm.com,2021-10-26T17:47:30.202+0500,,,-
2021-10-26T17:47:38.228+05:00,0.173899308,91jm.com,2021-10-26T17:47:30.202+0500,,,-
2021-10-26T17:47:38.731+05:00,2.092810944,91jm.com,2021-10-26T17:47:30.202+0500,,,-
2021-10-26T17:47:39.234+05:00,0,91jm.com,2021-10-26T17:47:30.202+0500,,,-
2021-10-26T17:47:39.737+05:00,0.116742076,91jm.com,2021-10-26T17:47:30.202+0500,,,-
2021-10-26T17:47:40.239+05:00,0.085813422,91jm.com,2021-10-26T17:47:30.202+0500,,,-
2021-10-26T17:47:40.752+05:00,0.144106796,91jm.com,2021-10-26T17:47:30.202+0500,,,-
2021-10-26T17:47:41.255+05:00,0.058642631,91jm.com,2021-10-26T17:47:30.202+0500,,,-
2021-10-26T17:47:41.757+05:00,0.101836717,91jm.com,2021-10-26T17:47:30.202+0500,,,-
2021-10-26T17:47:42.260+05:00,0.117059146,91jm.com,2021-10-26T17:47:30.202+0500,,,-
2021-10-26T17:47:42.763+05:00,1.271111301,91jm.com,2021-10-26T17:47:30.202+0500,,,-
2021-10-26T17:47:43.265+05:00,0.087269686,91jm.com,2021-10-26T17:47:30.202+0500,,,-
2021-10-26T17:47:43.768+05:00,0,91jm.com,2021-10-26T17:47:30.202+0500,,,-
2021-10-26T17:47:44.270+05:00,0,91jm.com,2021-10-26T17:47:30.202+0500,,,-
2021-10-26T17:47:44.773+05:00,0.099655135,91jm.com,2021-10-26T17:47:30.202+0500,,,-
2021-10-26T17:47:45.274+05:00,3.175279399,91jm.com,2021-10-26T17:47:30.202+0500,,,-
2021-10-26T17:47:45.776+05:00,3.293378075,91jm.com,2021-10-26T17:47:30.202+0500,,,-
2021-10-26T17:47:46.279+05:00,0.331982887,91jm.com,2021-10-26T17:47:30.202+0500,,,-
2021-10-26T17:47:46.782+05:00,0.346346117,91jm.com,2021-10-26T17:47:30.202+0500,,,-
2021-10-26T17:47:47.284+05:00,0.241134014,91jm.com,2021-10-26T17:47:30.202+0500,,,-
2021-10-26T17:47:47.786+05:00,1.030508685,91jm.com,2021-10-26T17:47:30.202+0500,,,-
2021-10-26T17:47:48.288+05:00,4.589496686,focus.cn,2021-10-26T17:47:48.267+0500,57.82037257,36,1.60612146
2021-10-26T17:47:48.790+05:00,7.789517811,focus.cn,2021-10-26T17:47:48.267+0500,,,-
2021-10-26T17:47:49.292+05:00,0.995728449,focus.cn,2021-10-26T17:47:48.267+0500,,,-
2021-10-26T17:47:49.793+05:00,4.982441026,focus.cn,2021-10-26T17:47:48.267+0500,,,-
2021-10-26T17:47:50.296+05:00,1.627142167,focus.cn,2021-10-26T17:47:48.267+0500,,,-
2021-10-26T17:47:50.798+05:00,1.430380406,focus.cn,2021-10-26T17:47:48.267+0500,,,-
2021-10-26T17:47:51.299+05:00,0.693262502,focus.cn,2021-10-26T17:47:48.267+0500,,,-
2021-10-26T17:47:51.801+05:00,1.30009848,focus.cn,2021-10-26T17:47:48.267+0500,,,-
2021-10-26T17:47:52.303+05:00,1.830667183,focus.cn,2021-10-26T17:47:48.267+0500,,,-
2021-10-26T17:47:52.805+05:00,3.406226467,focus.cn,2021-10-26T17:47:48.267+0500,,,-
2021-10-26T17:47:53.307+05:00,0.956468684,focus.cn,2021-10-26T17:47:48.267+0500,,,-
2021-10-26T17:47:53.809+05:00,1.061688076,focus.cn,2021-10-26T17:47:48.267+0500,,,-
2021-10-26T17:47:54.310+05:00,0.936649931,focus.cn,2021-10-26T17:47:48.267+0500,,,-
2021-10-26T17:47:54.813+05:00,1.081822708,focus.cn,2021-10-26T17:47:48.267+0500,,,-
2021-10-26T17:47:55.315+05:00,0.535647332,focus.cn,2021-10-26T17:47:48.267+0500,,,-
2021-10-26T17:47:55.817+05:00,0.963153177,focus.cn,2021-10-26T17:47:48.267+0500,,,-
2021-10-26T17:47:56.319+05:00,1.094636274,focus.cn,2021-10-26T17:47:48.267+0500,,,-
2021-10-26T17:47:56.821+05:00,1.830239771,focus.cn,2021-10-26T17:47:48.267+0500,,,-
2021-10-26T17:47:57.323+05:00,0.953472579,focus.cn,2021-10-26T17:47:48.267+0500,,,-
2021-10-26T17:47:57.826+05:00,0.996550374,focus.cn,2021-10-26T17:47:48.267+0500,,,-
2021-10-26T17:47:58.328+05:00,0.9914636,focus.cn,2021-10-26T17:47:48.267+0500,,,-
2021-10-26T17:47:58.830+05:00,1.011240616,focus.cn,2021-10-26T17:47:48.267+0500,,,-
2021-10-26T17:47:59.332+05:00,0.507847415,focus.cn,2021-10-26T17:47:48.267+0500,,,-
2021-10-26T17:47:59.835+05:00,1.067365874,focus.cn,2021-10-26T17:47:48.267+0500,,,-
2021-10-26T17:48:00.337+05:00,1.399530585,focus.cn,2021-10-26T17:47:48.267+0500,,,-
2021-10-26T17:48:00.848+05:00,0.708202078,focus.cn,2021-10-26T17:47:48.267+0500,,,-
2021-10-26T17:48:01.350+05:00,0.825374386,focus.cn,2021-10-26T17:47:48.267+0500,,,-
2021-10-26T17:48:01.852+05:00,0.935167401,focus.cn,2021-10-26T17:47:48.267+0500,,,-
2021-10-26T17:48:02.353+05:00,1.073913092,focus.cn,2021-10-26T17:47:48.267+0500,,,-
2021-10-26T17:48:02.855+05:00,0.953698081,focus.cn,2021-10-26T17:47:48.267+0500,,,-
2021-10-26T17:48:03.357+05:00,3.666378707,focus.cn,2021-10-26T17:47:48.267+0500,,,-
2021-10-26T17:48:03.859+05:00,3.398570389,focus.cn,2021-10-26T17:47:48.267+0500,,,-
2021-10-26T17:48:04.361+05:00,0.340725634,focus.cn,2021-10-26T17:47:48.267+0500,,,-
2021-10-26T17:48:04.864+05:00,0.434805289,focus.cn,2021-10-26T17:47:48.267+0500,,,-
2021-10-26T17:48:05.367+05:00,0.668015129,focus.cn,2021-10-26T17:47:48.267+0500,,,-
2021-10-26T17:48:05.870+05:00,0.782784217,focus.cn,2021-10-26T17:47:48.267+0500,,,-
2021-10-26T17:48:06.371+05:00,6.64771381,eventbrite.com,2021-10-26T17:48:06.330+0500,140.3728735,36,3.899246487
2021-10-26T17:48:06.873+05:00,7.139580413,eventbrite.com,2021-10-26T17:48:06.330+0500,,,-
2021-10-26T17:48:07.375+05:00,2.123928618,eventbrite.com,2021-10-26T17:48:06.330+0500,,,-
2021-10-26T17:48:07.878+05:00,3.701823799,eventbrite.com,2021-10-26T17:48:06.330+0500,,,-
2021-10-26T17:48:08.380+05:00,2.122505671,eventbrite.com,2021-10-26T17:48:06.330+0500,,,-
2021-10-26T17:48:08.881+05:00,6.943525964,eventbrite.com,2021-10-26T17:48:06.330+0500,,,-
2021-10-26T17:48:09.381+05:00,4.870518393,eventbrite.com,2021-10-26T17:48:06.330+0500,,,-
2021-10-26T17:48:09.884+05:00,7.112721296,eventbrite.com,2021-10-26T17:48:06.330+0500,,,-
2021-10-26T17:48:10.385+05:00,4.053547888,eventbrite.com,2021-10-26T17:48:06.330+0500,,,-
2021-10-26T17:48:10.886+05:00,16.802952,eventbrite.com,2021-10-26T17:48:06.330+0500,,,-
2021-10-26T17:48:11.388+05:00,14.5925298,eventbrite.com,2021-10-26T17:48:06.330+0500,,,-
2021-10-26T17:48:11.890+05:00,15.8698366,eventbrite.com,2021-10-26T17:48:06.330+0500,,,-
2021-10-26T17:48:12.392+05:00,4.317194529,eventbrite.com,2021-10-26T17:48:06.330+0500,,,-
2021-10-26T17:48:12.893+05:00,3.119835918,eventbrite.com,2021-10-26T17:48:06.330+0500,,,-
2021-10-26T17:48:13.396+05:00,4.229533169,eventbrite.com,2021-10-26T17:48:06.330+0500,,,-
2021-10-26T17:48:13.897+05:00,1.497974836,eventbrite.com,2021-10-26T17:48:06.330+0500,,,-
2021-10-26T17:48:14.399+05:00,0.618786514,eventbrite.com,2021-10-26T17:48:06.330+0500,,,-
2021-10-26T17:48:14.900+05:00,5.036655523,eventbrite.com,2021-10-26T17:48:06.330+0500,,,-
2021-10-26T17:48:15.401+05:00,0.295924789,eventbrite.com,2021-10-26T17:48:06.330+0500,,,-
2021-10-26T17:48:15.902+05:00,0.495966638,eventbrite.com,2021-10-26T17:48:06.330+0500,,,-
2021-10-26T17:48:16.405+05:00,6.293626268,eventbrite.com,2021-10-26T17:48:06.330+0500,,,-
2021-10-26T17:48:16.907+05:00,1.742288652,eventbrite.com,2021-10-26T17:48:06.330+0500,,,-
2021-10-26T17:48:17.409+05:00,0.556471419,eventbrite.com,2021-10-26T17:48:06.330+0500,,,-
2021-10-26T17:48:17.911+05:00,3.935730484,eventbrite.com,2021-10-26T17:48:06.330+0500,,,-
2021-10-26T17:48:18.413+05:00,0.248729629,eventbrite.com,2021-10-26T17:48:06.330+0500,,,-
2021-10-26T17:48:18.914+05:00,4.606654763,eventbrite.com,2021-10-26T17:48:06.330+0500,,,-
2021-10-26T17:48:19.415+05:00,0.070000922,eventbrite.com,2021-10-26T17:48:06.330+0500,,,-
2021-10-26T17:48:19.917+05:00,0,eventbrite.com,2021-10-26T17:48:06.330+0500,,,-
2021-10-26T17:48:20.420+05:00,1.236127745,eventbrite.com,2021-10-26T17:48:06.330+0500,,,-
2021-10-26T17:48:20.922+05:00,0.159500408,eventbrite.com,2021-10-26T17:48:06.330+0500,,,-
2021-10-26T17:48:21.431+05:00,3.858734678,eventbrite.com,2021-10-26T17:48:06.330+0500,,,-
2021-10-26T17:48:21.934+05:00,4.502919844,eventbrite.com,2021-10-26T17:48:06.330+0500,,,-
2021-10-26T17:48:22.437+05:00,0.13730247,eventbrite.com,2021-10-26T17:48:06.330+0500,,,-
2021-10-26T17:48:22.939+05:00,0.482136072,eventbrite.com,2021-10-26T17:48:06.330+0500,,,-
2021-10-26T17:48:23.442+05:00,0.159421453,eventbrite.com,2021-10-26T17:48:06.330+0500,,,-
2021-10-26T17:48:23.944+05:00,0.790172564,eventbrite.com,2021-10-26T17:48:06.330+0500,,,-
2021-10-26T17:48:24.445+05:00,5.511587649,thepiratebay.org,2021-10-26T17:48:24.402+0500,88.0250008,36,2.445138911
2021-10-26T17:48:24.947+05:00,6.092853206,thepiratebay.org,2021-10-26T17:48:24.402+0500,,,-
2021-10-26T17:48:25.448+05:00,2.547215137,thepiratebay.org,2021-10-26T17:48:24.402+0500,,,-
2021-10-26T17:48:25.950+05:00,5.527466568,thepiratebay.org,2021-10-26T17:48:24.402+0500,,,-
2021-10-26T17:48:26.452+05:00,6.972221041,thepiratebay.org,2021-10-26T17:48:24.402+0500,,,-
2021-10-26T17:48:26.954+05:00,4.326600277,thepiratebay.org,2021-10-26T17:48:24.402+0500,,,-
2021-10-26T17:48:27.455+05:00,6.778145434,thepiratebay.org,2021-10-26T17:48:24.402+0500,,,-
2021-10-26T17:48:27.956+05:00,4.903312192,thepiratebay.org,2021-10-26T17:48:24.402+0500,,,-
2021-10-26T17:48:28.457+05:00,4.42905564,thepiratebay.org,2021-10-26T17:48:24.402+0500,,,-
2021-10-26T17:48:28.959+05:00,3.196997453,thepiratebay.org,2021-10-26T17:48:24.402+0500,,,-
2021-10-26T17:48:29.460+05:00,1.247919757,thepiratebay.org,2021-10-26T17:48:24.402+0500,,,-
2021-10-26T17:48:29.963+05:00,3.688331406,thepiratebay.org,2021-10-26T17:48:24.402+0500,,,-
2021-10-26T17:48:30.464+05:00,1.286045235,thepiratebay.org,2021-10-26T17:48:24.402+0500,,,-
2021-10-26T17:48:30.967+05:00,2.619278092,thepiratebay.org,2021-10-26T17:48:24.402+0500,,,-
2021-10-26T17:48:31.470+05:00,0.82358352,thepiratebay.org,2021-10-26T17:48:24.402+0500,,,-
2021-10-26T17:48:31.972+05:00,4.928580635,thepiratebay.org,2021-10-26T17:48:24.402+0500,,,-
2021-10-26T17:48:32.475+05:00,2.624404078,thepiratebay.org,2021-10-26T17:48:24.402+0500,,,-
2021-10-26T17:48:32.977+05:00,2.874870054,thepiratebay.org,2021-10-26T17:48:24.402+0500,,,-
2021-10-26T17:48:33.480+05:00,0.287279382,thepiratebay.org,2021-10-26T17:48:24.402+0500,,,-
2021-10-26T17:48:33.982+05:00,0.590587445,thepiratebay.org,2021-10-26T17:48:24.402+0500,,,-
2021-10-26T17:48:34.485+05:00,0.297470733,thepiratebay.org,2021-10-26T17:48:24.402+0500,,,-
2021-10-26T17:48:34.987+05:00,0.440122233,thepiratebay.org,2021-10-26T17:48:24.402+0500,,,-
2021-10-26T17:48:35.490+05:00,2.057120705,thepiratebay.org,2021-10-26T17:48:24.402+0500,,,-
2021-10-26T17:48:35.992+05:00,0.12659769,thepiratebay.org,2021-10-26T17:48:24.402+0500,,,-
2021-10-26T17:48:36.495+05:00,0.71943961,thepiratebay.org,2021-10-26T17:48:24.402+0500,,,-
2021-10-26T17:48:36.997+05:00,1.719142846,thepiratebay.org,2021-10-26T17:48:24.402+0500,,,-
2021-10-26T17:48:37.500+05:00,0.714843344,thepiratebay.org,2021-10-26T17:48:24.402+0500,,,-
2021-10-26T17:48:38.002+05:00,0.079913894,thepiratebay.org,2021-10-26T17:48:24.402+0500,,,-
2021-10-26T17:48:38.505+05:00,0.753606074,thepiratebay.org,2021-10-26T17:48:24.402+0500,,,-
2021-10-26T17:48:39.008+05:00,1.415219977,thepiratebay.org,2021-10-26T17:48:24.402+0500,,,-
2021-10-26T17:48:39.510+05:00,4.235989662,thepiratebay.org,2021-10-26T17:48:24.402+0500,,,-
2021-10-26T17:48:40.011+05:00,2.621394828,thepiratebay.org,2021-10-26T17:48:24.402+0500,,,-
2021-10-26T17:48:40.523+05:00,0.296516292,thepiratebay.org,2021-10-26T17:48:24.402+0500,,,-
2021-10-26T17:48:41.026+05:00,0.565189973,thepiratebay.org,2021-10-26T17:48:24.402+0500,,,-
2021-10-26T17:48:41.528+05:00,0.265059468,thepiratebay.org,2021-10-26T17:48:24.402+0500,,,-
2021-10-26T17:48:42.030+05:00,0.461039268,thepiratebay.org,2021-10-26T17:48:24.402+0500,,,-
2021-10-26T17:48:42.532+05:00,6.487235426,nicovideo.jp,2021-10-26T17:48:42.467+0500,285.6383689,36,7.934399136
2021-10-26T17:48:43.033+05:00,6.175002471,nicovideo.jp,2021-10-26T17:48:42.467+0500,,,-
2021-10-26T17:48:43.535+05:00,1.87874187,nicovideo.jp,2021-10-26T17:48:42.467+0500,,,-
2021-10-26T17:48:44.037+05:00,1.688885036,nicovideo.jp,2021-10-26T17:48:42.467+0500,,,-
2021-10-26T17:48:44.539+05:00,2.072414725,nicovideo.jp,2021-10-26T17:48:42.467+0500,,,-
2021-10-26T17:48:45.042+05:00,1.452911148,nicovideo.jp,2021-10-26T17:48:42.467+0500,,,-
2021-10-26T17:48:45.545+05:00,4.884233559,nicovideo.jp,2021-10-26T17:48:42.467+0500,,,-
2021-10-26T17:48:46.046+05:00,5.223184522,nicovideo.jp,2021-10-26T17:48:42.467+0500,,,-
2021-10-26T17:48:46.547+05:00,8.365625199,nicovideo.jp,2021-10-26T17:48:42.467+0500,,,-
2021-10-26T17:48:47.050+05:00,5.609951038,nicovideo.jp,2021-10-26T17:48:42.467+0500,,,-
2021-10-26T17:48:47.552+05:00,3.304791295,nicovideo.jp,2021-10-26T17:48:42.467+0500,,,-
2021-10-26T17:48:48.054+05:00,4.926202594,nicovideo.jp,2021-10-26T17:48:42.467+0500,,,-
2021-10-26T17:48:48.556+05:00,3.532324438,nicovideo.jp,2021-10-26T17:48:42.467+0500,,,-
2021-10-26T17:48:49.059+05:00,11.1362159,nicovideo.jp,2021-10-26T17:48:42.467+0500,,,-
2021-10-26T17:48:49.560+05:00,7.56654925,nicovideo.jp,2021-10-26T17:48:42.467+0500,,,-
2021-10-26T17:48:50.061+05:00,6.591243366,nicovideo.jp,2021-10-26T17:48:42.467+0500,,,-
2021-10-26T17:48:50.562+05:00,14.9152765,nicovideo.jp,2021-10-26T17:48:42.467+0500,,,-
2021-10-26T17:48:51.064+05:00,5.161691604,nicovideo.jp,2021-10-26T17:48:42.467+0500,,,-
2021-10-26T17:48:51.565+05:00,4.567361966,nicovideo.jp,2021-10-26T17:48:42.467+0500,,,-
2021-10-26T17:48:52.067+05:00,8.583986897,nicovideo.jp,2021-10-26T17:48:42.467+0500,,,-
2021-10-26T17:48:52.569+05:00,13.03850257,nicovideo.jp,2021-10-26T17:48:42.467+0500,,,-
2021-10-26T17:48:53.071+05:00,20.37561719,nicovideo.jp,2021-10-26T17:48:42.467+0500,,,-
2021-10-26T17:48:53.572+05:00,18.0826325,nicovideo.jp,2021-10-26T17:48:42.467+0500,,,-
2021-10-26T17:48:54.074+05:00,25.0025839,nicovideo.jp,2021-10-26T17:48:42.467+0500,,,-
2021-10-26T17:48:54.575+05:00,22.86253899,nicovideo.jp,2021-10-26T17:48:42.467+0500,,,-
2021-10-26T17:48:55.077+05:00,9.437583615,nicovideo.jp,2021-10-26T17:48:42.467+0500,,,-
2021-10-26T17:48:55.579+05:00,6.160046489,nicovideo.jp,2021-10-26T17:48:42.467+0500,,,-
2021-10-26T17:48:56.080+05:00,5.5952986,nicovideo.jp,2021-10-26T17:48:42.467+0500,,,-
2021-10-26T17:48:56.582+05:00,8.44235227,nicovideo.jp,2021-10-26T17:48:42.467+0500,,,-
2021-10-26T17:48:57.084+05:00,12.05597222,nicovideo.jp,2021-10-26T17:48:42.467+0500,,,-
2021-10-26T17:48:57.586+05:00,22.87417796,nicovideo.jp,2021-10-26T17:48:42.467+0500,,,-
2021-10-26T17:48:58.088+05:00,5.978219681,nicovideo.jp,2021-10-26T17:48:42.467+0500,,,-
2021-10-26T17:48:58.590+05:00,0.443009667,nicovideo.jp,2021-10-26T17:48:42.467+0500,,,-
2021-10-26T17:48:59.093+05:00,0.489425436,nicovideo.jp,2021-10-26T17:48:42.467+0500,,,-
2021-10-26T17:48:59.594+05:00,0.183895156,nicovideo.jp,2021-10-26T17:48:42.467+0500,,,-
2021-10-26T17:49:00.095+05:00,0.492683838,nicovideo.jp,2021-10-26T17:48:42.467+0500,,,-
2021-10-26T17:49:00.596+05:00,6.063286595,marca.com,2021-10-26T17:49:00.532+0500,237.4626681,36,6.596185226
2021-10-26T17:49:01.098+05:00,6.599018333,marca.com,2021-10-26T17:49:00.532+0500,,,-
2021-10-26T17:49:01.611+05:00,1.726460002,marca.com,2021-10-26T17:49:00.532+0500,,,-
2021-10-26T17:49:02.112+05:00,7.627754487,marca.com,2021-10-26T17:49:00.532+0500,,,-
2021-10-26T17:49:02.613+05:00,7.084415176,marca.com,2021-10-26T17:49:00.532+0500,,,-
2021-10-26T17:49:03.115+05:00,6.234248397,marca.com,2021-10-26T17:49:00.532+0500,,,-
2021-10-26T17:49:03.616+05:00,23.58854287,marca.com,2021-10-26T17:49:00.532+0500,,,-
2021-10-26T17:49:04.117+05:00,20.90207051,marca.com,2021-10-26T17:49:00.532+0500,,,-
2021-10-26T17:49:04.618+05:00,23.31823224,marca.com,2021-10-26T17:49:00.532+0500,,,-
2021-10-26T17:49:05.119+05:00,24.68787488,marca.com,2021-10-26T17:49:00.532+0500,,,-
2021-10-26T17:49:05.621+05:00,13.36749728,marca.com,2021-10-26T17:49:00.532+0500,,,-
2021-10-26T17:49:06.122+05:00,7.769305919,marca.com,2021-10-26T17:49:00.532+0500,,,-
2021-10-26T17:49:06.623+05:00,8.047045945,marca.com,2021-10-26T17:49:00.532+0500,,,-
2021-10-26T17:49:07.124+05:00,5.594370271,marca.com,2021-10-26T17:49:00.532+0500,,,-
2021-10-26T17:49:07.626+05:00,4.785702247,marca.com,2021-10-26T17:49:00.532+0500,,,-
2021-10-26T17:49:08.127+05:00,3.774905436,marca.com,2021-10-26T17:49:00.532+0500,,,-
2021-10-26T17:49:08.629+05:00,4.564877575,marca.com,2021-10-26T17:49:00.532+0500,,,-
2021-10-26T17:49:09.130+05:00,9.719481388,marca.com,2021-10-26T17:49:00.532+0500,,,-
2021-10-26T17:49:09.632+05:00,2.801511476,marca.com,2021-10-26T17:49:00.532+0500,,,-
2021-10-26T17:49:10.134+05:00,2.783098278,marca.com,2021-10-26T17:49:00.532+0500,,,-
2021-10-26T17:49:10.637+05:00,2.714907003,marca.com,2021-10-26T17:49:00.532+0500,,,-
2021-10-26T17:49:11.139+05:00,2.555072251,marca.com,2021-10-26T17:49:00.532+0500,,,-
2021-10-26T17:49:11.641+05:00,1.930487763,marca.com,2021-10-26T17:49:00.532+0500,,,-
2021-10-26T17:49:12.143+05:00,3.987489102,marca.com,2021-10-26T17:49:00.532+0500,,,-
2021-10-26T17:49:12.645+05:00,3.409964233,marca.com,2021-10-26T17:49:00.532+0500,,,-
2021-10-26T17:49:13.147+05:00,6.961241323,marca.com,2021-10-26T17:49:00.532+0500,,,-
2021-10-26T17:49:13.650+05:00,3.060205264,marca.com,2021-10-26T17:49:00.532+0500,,,-
2021-10-26T17:49:14.152+05:00,2.155130703,marca.com,2021-10-26T17:49:00.532+0500,,,-
2021-10-26T17:49:14.655+05:00,1.73895431,marca.com,2021-10-26T17:49:00.532+0500,,,-
2021-10-26T17:49:15.156+05:00,2.527193645,marca.com,2021-10-26T17:49:00.532+0500,,,-
2021-10-26T17:49:15.658+05:00,5.493625876,marca.com,2021-10-26T17:49:00.532+0500,,,-
2021-10-26T17:49:16.160+05:00,7.546350796,marca.com,2021-10-26T17:49:00.532+0500,,,-
2021-10-26T17:49:16.662+05:00,0.42437512,marca.com,2021-10-26T17:49:00.532+0500,,,-
2021-10-26T17:49:17.163+05:00,0.991151741,marca.com,2021-10-26T17:49:00.532+0500,,,-
2021-10-26T17:49:17.665+05:00,0.250872989,marca.com,2021-10-26T17:49:00.532+0500,,,-
2021-10-26T17:49:18.168+05:00,0.6759467,marca.com,2021-10-26T17:49:00.532+0500,,,-
2021-10-26T17:49:18.669+05:00,6.447580977,elmogaz.com,2021-10-26T17:49:18.593+0500,347.3917925,36,9.649772014
2021-10-26T17:49:19.170+05:00,5.179086233,elmogaz.com,2021-10-26T17:49:18.593+0500,,,-
2021-10-26T17:49:19.672+05:00,2.631445488,elmogaz.com,2021-10-26T17:49:18.593+0500,,,-
2021-10-26T17:49:20.175+05:00,5.339321536,elmogaz.com,2021-10-26T17:49:18.593+0500,,,-
2021-10-26T17:49:20.676+05:00,14.55835036,elmogaz.com,2021-10-26T17:49:18.593+0500,,,-
2021-10-26T17:49:21.178+05:00,12.24565893,elmogaz.com,2021-10-26T17:49:18.593+0500,,,-
2021-10-26T17:49:21.680+05:00,15.55009297,elmogaz.com,2021-10-26T17:49:18.593+0500,,,-
2021-10-26T17:49:22.181+05:00,13.32170864,elmogaz.com,2021-10-26T17:49:18.593+0500,,,-
2021-10-26T17:49:22.683+05:00,16.11325786,elmogaz.com,2021-10-26T17:49:18.593+0500,,,-
2021-10-26T17:49:23.184+05:00,11.20780332,elmogaz.com,2021-10-26T17:49:18.593+0500,,,-
2021-10-26T17:49:23.686+05:00,10.55102962,elmogaz.com,2021-10-26T17:49:18.593+0500,,,-
2021-10-26T17:49:24.188+05:00,18.35645745,elmogaz.com,2021-10-26T17:49:18.593+0500,,,-
2021-10-26T17:49:24.689+05:00,10.18356179,elmogaz.com,2021-10-26T17:49:18.593+0500,,,-
2021-10-26T17:49:25.190+05:00,7.564466368,elmogaz.com,2021-10-26T17:49:18.593+0500,,,-
2021-10-26T17:49:25.692+05:00,10.36932328,elmogaz.com,2021-10-26T17:49:18.593+0500,,,-
2021-10-26T17:49:26.193+05:00,8.264009168,elmogaz.com,2021-10-26T17:49:18.593+0500,,,-
2021-10-26T17:49:26.694+05:00,11.16753797,elmogaz.com,2021-10-26T17:49:18.593+0500,,,-
2021-10-26T17:49:27.196+05:00,8.511144188,elmogaz.com,2021-10-26T17:49:18.593+0500,,,-
2021-10-26T17:49:27.698+05:00,20.00928452,elmogaz.com,2021-10-26T17:49:18.593+0500,,,-
2021-10-26T17:49:28.200+05:00,19.81678105,elmogaz.com,2021-10-26T17:49:18.593+0500,,,-
2021-10-26T17:49:28.701+05:00,14.54223461,elmogaz.com,2021-10-26T17:49:18.593+0500,,,-
2021-10-26T17:49:29.203+05:00,17.9796244,elmogaz.com,2021-10-26T17:49:18.593+0500,,,-
2021-10-26T17:49:29.705+05:00,17.84830873,elmogaz.com,2021-10-26T17:49:18.593+0500,,,-
2021-10-26T17:49:30.207+05:00,7.36143095,elmogaz.com,2021-10-26T17:49:18.593+0500,,,-
2021-10-26T17:49:30.709+05:00,6.255471339,elmogaz.com,2021-10-26T17:49:18.593+0500,,,-
2021-10-26T17:49:31.211+05:00,6.051793324,elmogaz.com,2021-10-26T17:49:18.593+0500,,,-
2021-10-26T17:49:31.712+05:00,5.207383858,elmogaz.com,2021-10-26T17:49:18.593+0500,,,-
2021-10-26T17:49:32.213+05:00,4.999091728,elmogaz.com,2021-10-26T17:49:18.593+0500,,,-
2021-10-26T17:49:32.715+05:00,3.523663751,elmogaz.com,2021-10-26T17:49:18.593+0500,,,-
2021-10-26T17:49:33.218+05:00,2.882488317,elmogaz.com,2021-10-26T17:49:18.593+0500,,,-
2021-10-26T17:49:33.719+05:00,5.119064686,elmogaz.com,2021-10-26T17:49:18.593+0500,,,-
2021-10-26T17:49:34.220+05:00,8.468257075,elmogaz.com,2021-10-26T17:49:18.593+0500,,,-
2021-10-26T17:49:34.721+05:00,8.141637889,elmogaz.com,2021-10-26T17:49:18.593+0500,,,-
2021-10-26T17:49:35.224+05:00,9.088331429,elmogaz.com,2021-10-26T17:49:18.593+0500,,,-
2021-10-26T17:49:35.726+05:00,1.171565548,elmogaz.com,2021-10-26T17:49:18.593+0500,,,-
2021-10-26T17:49:36.229+05:00,1.36354316,elmogaz.com,2021-10-26T17:49:18.593+0500,,,-
2021-10-26T17:49:36.730+05:00,5.235295245,qoo10.sg,2021-10-26T17:49:36.683+0500,143.302044,36,3.980612332
2021-10-26T17:49:37.231+05:00,8.100939336,qoo10.sg,2021-10-26T17:49:36.683+0500,,,-
2021-10-26T17:49:37.732+05:00,1.789427038,qoo10.sg,2021-10-26T17:49:36.683+0500,,,-
2021-10-26T17:49:38.233+05:00,3.311094253,qoo10.sg,2021-10-26T17:49:36.683+0500,,,-
2021-10-26T17:49:38.735+05:00,3.404268215,qoo10.sg,2021-10-26T17:49:36.683+0500,,,-
2021-10-26T17:49:39.237+05:00,1.955498512,qoo10.sg,2021-10-26T17:49:36.683+0500,,,-
2021-10-26T17:49:39.740+05:00,0.783974572,qoo10.sg,2021-10-26T17:49:36.683+0500,,,-
2021-10-26T17:49:40.242+05:00,1.325936188,qoo10.sg,2021-10-26T17:49:36.683+0500,,,-
2021-10-26T17:49:40.744+05:00,1.395854297,qoo10.sg,2021-10-26T17:49:36.683+0500,,,-
2021-10-26T17:49:41.246+05:00,1.126164855,qoo10.sg,2021-10-26T17:49:36.683+0500,,,-
2021-10-26T17:49:41.748+05:00,0.655388725,qoo10.sg,2021-10-26T17:49:36.683+0500,,,-
2021-10-26T17:49:42.249+05:00,6.560056667,qoo10.sg,2021-10-26T17:49:36.683+0500,,,-
2021-10-26T17:49:42.756+05:00,2.312638647,qoo10.sg,2021-10-26T17:49:36.683+0500,,,-
2021-10-26T17:49:43.257+05:00,7.01061054,qoo10.sg,2021-10-26T17:49:36.683+0500,,,-
2021-10-26T17:49:43.759+05:00,15.55098343,qoo10.sg,2021-10-26T17:49:36.683+0500,,,-
2021-10-26T17:49:44.261+05:00,5.109183027,qoo10.sg,2021-10-26T17:49:36.683+0500,,,-
2021-10-26T17:49:44.763+05:00,5.560267114,qoo10.sg,2021-10-26T17:49:36.683+0500,,,-
2021-10-26T17:49:45.265+05:00,17.50723217,qoo10.sg,2021-10-26T17:49:36.683+0500,,,-
2021-10-26T17:49:45.766+05:00,9.15398557,qoo10.sg,2021-10-26T17:49:36.683+0500,,,-
2021-10-26T17:49:46.267+05:00,7.460341781,qoo10.sg,2021-10-26T17:49:36.683+0500,,,-
2021-10-26T17:49:46.769+05:00,7.652905457,qoo10.sg,2021-10-26T17:49:36.683+0500,,,-
2021-10-26T17:49:47.271+05:00,3.416440815,qoo10.sg,2021-10-26T17:49:36.683+0500,,,-
2021-10-26T17:49:47.774+05:00,0.228664505,qoo10.sg,2021-10-26T17:49:36.683+0500,,,-
2021-10-26T17:49:48.277+05:00,0.054522311,qoo10.sg,2021-10-26T17:49:36.683+0500,,,-
2021-10-26T17:49:48.780+05:00,0.098803864,qoo10.sg,2021-10-26T17:49:36.683+0500,,,-
2021-10-26T17:49:49.282+05:00,3.298796676,qoo10.sg,2021-10-26T17:49:36.683+0500,,,-
2021-10-26T17:49:49.785+05:00,3.726759903,qoo10.sg,2021-10-26T17:49:36.683+0500,,,-
2021-10-26T17:49:50.288+05:00,3.928700235,qoo10.sg,2021-10-26T17:49:36.683+0500,,,-
2021-10-26T17:49:50.790+05:00,2.181463789,qoo10.sg,2021-10-26T17:49:36.683+0500,,,-
2021-10-26T17:49:51.293+05:00,0.403431037,qoo10.sg,2021-10-26T17:49:36.683+0500,,,-
2021-10-26T17:49:51.794+05:00,4.555094306,qoo10.sg,2021-10-26T17:49:36.683+0500,,,-
2021-10-26T17:49:52.297+05:00,4.592960575,qoo10.sg,2021-10-26T17:49:36.683+0500,,,-
2021-10-26T17:49:52.799+05:00,2.688374565,qoo10.sg,2021-10-26T17:49:36.683+0500,,,-
2021-10-26T17:49:53.302+05:00,0.510581052,qoo10.sg,2021-10-26T17:49:36.683+0500,,,-
2021-10-26T17:49:53.803+05:00,0.125281887,qoo10.sg,2021-10-26T17:49:36.683+0500,,,-
2021-10-26T17:49:54.304+05:00,0.53012279,qoo10.sg,2021-10-26T17:49:36.683+0500,,,-
2021-10-26T17:49:54.805+05:00,6.964541797,shopee.co.id,2021-10-26T17:49:54.748+0500,242.6573788,36,6.740482745
2021-10-26T17:49:55.308+05:00,7.533041184,shopee.co.id,2021-10-26T17:49:54.748+0500,,,-
2021-10-26T17:49:55.810+05:00,1.691157575,shopee.co.id,2021-10-26T17:49:54.748+0500,,,-
2021-10-26T17:49:56.312+05:00,3.112336554,shopee.co.id,2021-10-26T17:49:54.748+0500,,,-
2021-10-26T17:49:56.814+05:00,1.883275321,shopee.co.id,2021-10-26T17:49:54.748+0500,,,-
2021-10-26T17:49:57.316+05:00,5.981575246,shopee.co.id,2021-10-26T17:49:54.748+0500,,,-
2021-10-26T17:49:57.817+05:00,9.872011769,shopee.co.id,2021-10-26T17:49:54.748+0500,,,-
2021-10-26T17:49:58.318+05:00,16.32234406,shopee.co.id,2021-10-26T17:49:54.748+0500,,,-
2021-10-26T17:49:58.819+05:00,18.19900596,shopee.co.id,2021-10-26T17:49:54.748+0500,,,-
2021-10-26T17:49:59.320+05:00,21.65747738,shopee.co.id,2021-10-26T17:49:54.748+0500,,,-
2021-10-26T17:49:59.822+05:00,15.92375112,shopee.co.id,2021-10-26T17:49:54.748+0500,,,-
2021-10-26T17:50:00.324+05:00,5.387268057,shopee.co.id,2021-10-26T17:49:54.748+0500,,,-
2021-10-26T17:50:00.826+05:00,8.297737236,shopee.co.id,2021-10-26T17:49:54.748+0500,,,-
2021-10-26T17:50:01.328+05:00,7.281779198,shopee.co.id,2021-10-26T17:49:54.748+0500,,,-
2021-10-26T17:50:01.829+05:00,9.590525956,shopee.co.id,2021-10-26T17:49:54.748+0500,,,-
2021-10-26T17:50:02.330+05:00,7.019711273,shopee.co.id,2021-10-26T17:49:54.748+0500,,,-
2021-10-26T17:50:02.832+05:00,4.395627184,shopee.co.id,2021-10-26T17:49:54.748+0500,,,-
2021-10-26T17:50:03.333+05:00,6.031872038,shopee.co.id,2021-10-26T17:49:54.748+0500,,,-
2021-10-26T17:50:03.844+05:00,3.913658315,shopee.co.id,2021-10-26T17:49:54.748+0500,,,-
2021-10-26T17:50:04.346+05:00,4.636743703,shopee.co.id,2021-10-26T17:49:54.748+0500,,,-
2021-10-26T17:50:04.847+05:00,11.43106009,shopee.co.id,2021-10-26T17:49:54.748+0500,,,-
2021-10-26T17:50:05.349+05:00,10.25687947,shopee.co.id,2021-10-26T17:49:54.748+0500,,,-
2021-10-26T17:50:05.850+05:00,4.641599998,shopee.co.id,2021-10-26T17:49:54.748+0500,,,-
2021-10-26T17:50:06.351+05:00,6.074150385,shopee.co.id,2021-10-26T17:49:54.748+0500,,,-
2021-10-26T17:50:06.853+05:00,5.751258607,shopee.co.id,2021-10-26T17:49:54.748+0500,,,-
2021-10-26T17:50:07.355+05:00,3.563861484,shopee.co.id,2021-10-26T17:49:54.748+0500,,,-
2021-10-26T17:50:07.857+05:00,2.744655253,shopee.co.id,2021-10-26T17:49:54.748+0500,,,-
2021-10-26T17:50:08.359+05:00,3.01251597,shopee.co.id,2021-10-26T17:49:54.748+0500,,,-
2021-10-26T17:50:08.861+05:00,4.491599681,shopee.co.id,2021-10-26T17:49:54.748+0500,,,-
2021-10-26T17:50:09.363+05:00,4.163816319,shopee.co.id,2021-10-26T17:49:54.748+0500,,,-
2021-10-26T17:50:09.865+05:00,7.353918886,shopee.co.id,2021-10-26T17:49:54.748+0500,,,-
2021-10-26T17:50:10.367+05:00,5.543319334,shopee.co.id,2021-10-26T17:49:54.748+0500,,,-
2021-10-26T17:50:10.870+05:00,1.291739123,shopee.co.id,2021-10-26T17:49:54.748+0500,,,-
2021-10-26T17:50:11.373+05:00,0.62213194,shopee.co.id,2021-10-26T17:49:54.748+0500,,,-
2021-10-26T17:50:11.876+05:00,0.5986211,shopee.co.id,2021-10-26T17:49:54.748+0500,,,-
2021-10-26T17:50:12.377+05:00,5.420810247,shopee.co.id,2021-10-26T17:49:54.748+0500,,,-
2021-10-26T17:50:12.879+05:00,8.278138565,kapanlagi.com,2021-10-26T17:50:12.802+0500,281.2839983,36,7.813444396
2021-10-26T17:50:13.380+05:00,4.840650332,kapanlagi.com,2021-10-26T17:50:12.802+0500,,,-
2021-10-26T17:50:13.882+05:00,1.202512227,kapanlagi.com,2021-10-26T17:50:12.802+0500,,,-
2021-10-26T17:50:14.383+05:00,2.604457324,kapanlagi.com,2021-10-26T17:50:12.802+0500,,,-
2021-10-26T17:50:14.884+05:00,4.564711247,kapanlagi.com,2021-10-26T17:50:12.802+0500,,,-
2021-10-26T17:50:15.386+05:00,2.63275733,kapanlagi.com,2021-10-26T17:50:12.802+0500,,,-
2021-10-26T17:50:15.888+05:00,2.160163593,kapanlagi.com,2021-10-26T17:50:12.802+0500,,,-
2021-10-26T17:50:16.390+05:00,8.367656886,kapanlagi.com,2021-10-26T17:50:12.802+0500,,,-
2021-10-26T17:50:16.891+05:00,8.922707292,kapanlagi.com,2021-10-26T17:50:12.802+0500,,,-
2021-10-26T17:50:17.392+05:00,18.57592803,kapanlagi.com,2021-10-26T17:50:12.802+0500,,,-
2021-10-26T17:50:17.893+05:00,12.36931617,kapanlagi.com,2021-10-26T17:50:12.802+0500,,,-
2021-10-26T17:50:18.394+05:00,7.693979695,kapanlagi.com,2021-10-26T17:50:12.802+0500,,,-
2021-10-26T17:50:18.896+05:00,6.045437065,kapanlagi.com,2021-10-26T17:50:12.802+0500,,,-
2021-10-26T17:50:19.398+05:00,6.629893414,kapanlagi.com,2021-10-26T17:50:12.802+0500,,,-
2021-10-26T17:50:19.899+05:00,8.652859013,kapanlagi.com,2021-10-26T17:50:12.802+0500,,,-
2021-10-26T17:50:20.400+05:00,8.284428321,kapanlagi.com,2021-10-26T17:50:12.802+0500,,,-
2021-10-26T17:50:20.901+05:00,6.708615414,kapanlagi.com,2021-10-26T17:50:12.802+0500,,,-
2021-10-26T17:50:21.403+05:00,6.730302629,kapanlagi.com,2021-10-26T17:50:12.802+0500,,,-
2021-10-26T17:50:21.905+05:00,7.596617456,kapanlagi.com,2021-10-26T17:50:12.802+0500,,,-
2021-10-26T17:50:22.406+05:00,14.30958475,kapanlagi.com,2021-10-26T17:50:12.802+0500,,,-
2021-10-26T17:50:22.907+05:00,18.43630703,kapanlagi.com,2021-10-26T17:50:12.802+0500,,,-
2021-10-26T17:50:23.409+05:00,15.28075412,kapanlagi.com,2021-10-26T17:50:12.802+0500,,,-
2021-10-26T17:50:23.910+05:00,9.082587496,kapanlagi.com,2021-10-26T17:50:12.802+0500,,,-
2021-10-26T17:50:24.419+05:00,10.09711909,kapanlagi.com,2021-10-26T17:50:12.802+0500,,,-
2021-10-26T17:50:24.921+05:00,9.68301499,kapanlagi.com,2021-10-26T17:50:12.802+0500,,,-
2021-10-26T17:50:25.423+05:00,7.851281791,kapanlagi.com,2021-10-26T17:50:12.802+0500,,,-
2021-10-26T17:50:25.924+05:00,10.54813835,kapanlagi.com,2021-10-26T17:50:12.802+0500,,,-
2021-10-26T17:50:26.425+05:00,11.84757547,kapanlagi.com,2021-10-26T17:50:12.802+0500,,,-
2021-10-26T17:50:26.927+05:00,10.4894676,kapanlagi.com,2021-10-26T17:50:12.802+0500,,,-
2021-10-26T17:50:27.428+05:00,7.53450106,kapanlagi.com,2021-10-26T17:50:12.802+0500,,,-
2021-10-26T17:50:27.929+05:00,11.87876287,kapanlagi.com,2021-10-26T17:50:12.802+0500,,,-
2021-10-26T17:50:28.430+05:00,8.487492068,kapanlagi.com,2021-10-26T17:50:12.802+0500,,,-
2021-10-26T17:50:28.932+05:00,0.13705673,kapanlagi.com,2021-10-26T17:50:12.802+0500,,,-
2021-10-26T17:50:29.434+05:00,0.460519261,kapanlagi.com,2021-10-26T17:50:12.802+0500,,,-
2021-10-26T17:50:29.937+05:00,1.825687887,kapanlagi.com,2021-10-26T17:50:12.802+0500,,,-
2021-10-26T17:50:30.439+05:00,0.473015676,kapanlagi.com,2021-10-26T17:50:12.802+0500,,,-
2021-10-26T17:50:30.941+05:00,7.523969282,hostgator.com,2021-10-26T17:50:30.860+0500,323.5420301,36,8.987278614
2021-10-26T17:50:31.443+05:00,5.06608995,hostgator.com,2021-10-26T17:50:30.860+0500,,,-
2021-10-26T17:50:31.944+05:00,2.377501328,hostgator.com,2021-10-26T17:50:30.860+0500,,,-
2021-10-26T17:50:32.445+05:00,3.416405427,hostgator.com,2021-10-26T17:50:30.860+0500,,,-
2021-10-26T17:50:32.946+05:00,6.161354224,hostgator.com,2021-10-26T17:50:30.860+0500,,,-
2021-10-26T17:50:33.447+05:00,3.26426225,hostgator.com,2021-10-26T17:50:30.860+0500,,,-
2021-10-26T17:50:33.949+05:00,1.46208758,hostgator.com,2021-10-26T17:50:30.860+0500,,,-
2021-10-26T17:50:34.451+05:00,1.085329579,hostgator.com,2021-10-26T17:50:30.860+0500,,,-
2021-10-26T17:50:34.953+05:00,0.978818261,hostgator.com,2021-10-26T17:50:30.860+0500,,,-
2021-10-26T17:50:35.454+05:00,7.088054398,hostgator.com,2021-10-26T17:50:30.860+0500,,,-
2021-10-26T17:50:35.955+05:00,10.81086058,hostgator.com,2021-10-26T17:50:30.860+0500,,,-
2021-10-26T17:50:36.457+05:00,16.88375722,hostgator.com,2021-10-26T17:50:30.860+0500,,,-
2021-10-26T17:50:36.959+05:00,15.78834611,hostgator.com,2021-10-26T17:50:30.860+0500,,,-
2021-10-26T17:50:37.459+05:00,4.038432923,hostgator.com,2021-10-26T17:50:30.860+0500,,,-
2021-10-26T17:50:37.960+05:00,13.38328047,hostgator.com,2021-10-26T17:50:30.860+0500,,,-
2021-10-26T17:50:38.461+05:00,14.86689491,hostgator.com,2021-10-26T17:50:30.860+0500,,,-
2021-10-26T17:50:38.962+05:00,15.4039901,hostgator.com,2021-10-26T17:50:30.860+0500,,,-
2021-10-26T17:50:39.464+05:00,16.05558811,hostgator.com,2021-10-26T17:50:30.860+0500,,,-
2021-10-26T17:50:39.965+05:00,13.68202104,hostgator.com,2021-10-26T17:50:30.860+0500,,,-
2021-10-26T17:50:40.467+05:00,12.98121381,hostgator.com,2021-10-26T17:50:30.860+0500,,,-
2021-10-26T17:50:40.968+05:00,13.33745538,hostgator.com,2021-10-26T17:50:30.860+0500,,,-
2021-10-26T17:50:41.469+05:00,19.06854579,hostgator.com,2021-10-26T17:50:30.860+0500,,,-
2021-10-26T17:50:41.970+05:00,14.75899154,hostgator.com,2021-10-26T17:50:30.860+0500,,,-
2021-10-26T17:50:42.471+05:00,14.84071117,hostgator.com,2021-10-26T17:50:30.860+0500,,,-
2021-10-26T17:50:42.973+05:00,14.48337566,hostgator.com,2021-10-26T17:50:30.860+0500,,,-
2021-10-26T17:50:43.475+05:00,10.29357385,hostgator.com,2021-10-26T17:50:30.860+0500,,,-
2021-10-26T17:50:43.977+05:00,11.8860294,hostgator.com,2021-10-26T17:50:30.860+0500,,,-
2021-10-26T17:50:44.479+05:00,12.19207406,hostgator.com,2021-10-26T17:50:30.860+0500,,,-
2021-10-26T17:50:44.981+05:00,10.17641215,hostgator.com,2021-10-26T17:50:30.860+0500,,,-
2021-10-26T17:50:45.490+05:00,10.56049872,hostgator.com,2021-10-26T17:50:30.860+0500,,,-
2021-10-26T17:50:45.991+05:00,12.96097617,hostgator.com,2021-10-26T17:50:30.860+0500,,,-
2021-10-26T17:50:46.493+05:00,5.045018946,hostgator.com,2021-10-26T17:50:30.860+0500,,,-
2021-10-26T17:50:46.996+05:00,0.132551218,hostgator.com,2021-10-26T17:50:30.860+0500,,,-
2021-10-26T17:50:47.499+05:00,0.607601203,hostgator.com,2021-10-26T17:50:30.860+0500,,,-
2021-10-26T17:50:48.000+05:00,0.553344564,hostgator.com,2021-10-26T17:50:30.860+0500,,,-
2021-10-26T17:50:48.503+05:00,0.326612755,hostgator.com,2021-10-26T17:50:30.860+0500,,,-
2021-10-26T17:50:49.004+05:00,6.229864613,jawapos.com,2021-10-26T17:50:48.930+0500,431.4611942,36,11.98503317
2021-10-26T17:50:49.506+05:00,6.101675963,jawapos.com,2021-10-26T17:50:48.930+0500,,,-
2021-10-26T17:50:50.008+05:00,1.57522321,jawapos.com,2021-10-26T17:50:48.930+0500,,,-
2021-10-26T17:50:50.510+05:00,8.020424003,jawapos.com,2021-10-26T17:50:48.930+0500,,,-
2021-10-26T17:50:51.012+05:00,8.185727236,jawapos.com,2021-10-26T17:50:48.930+0500,,,-
2021-10-26T17:50:51.514+05:00,7.967039073,jawapos.com,2021-10-26T17:50:48.930+0500,,,-
2021-10-26T17:50:52.015+05:00,3.679872897,jawapos.com,2021-10-26T17:50:48.930+0500,,,-
2021-10-26T17:50:52.517+05:00,24.25257039,jawapos.com,2021-10-26T17:50:48.930+0500,,,-
2021-10-26T17:50:53.018+05:00,12.06740615,jawapos.com,2021-10-26T17:50:48.930+0500,,,-
2021-10-26T17:50:53.519+05:00,15.97197408,jawapos.com,2021-10-26T17:50:48.930+0500,,,-
2021-10-26T17:50:54.020+05:00,14.98550047,jawapos.com,2021-10-26T17:50:48.930+0500,,,-
2021-10-26T17:50:54.521+05:00,15.37045829,jawapos.com,2021-10-26T17:50:48.930+0500,,,-
2021-10-26T17:50:55.022+05:00,13.54229902,jawapos.com,2021-10-26T17:50:48.930+0500,,,-
2021-10-26T17:50:55.524+05:00,13.5386568,jawapos.com,2021-10-26T17:50:48.930+0500,,,-
2021-10-26T17:50:56.025+05:00,27.77436156,jawapos.com,2021-10-26T17:50:48.930+0500,,,-
2021-10-26T17:50:56.526+05:00,26.41731259,jawapos.com,2021-10-26T17:50:48.930+0500,,,-
2021-10-26T17:50:57.027+05:00,28.00673205,jawapos.com,2021-10-26T17:50:48.930+0500,,,-
2021-10-26T17:50:57.528+05:00,26.65592403,jawapos.com,2021-10-26T17:50:48.930+0500,,,-
2021-10-26T17:50:58.029+05:00,18.83485216,jawapos.com,2021-10-26T17:50:48.930+0500,,,-
2021-10-26T17:50:58.531+05:00,15.67963561,jawapos.com,2021-10-26T17:50:48.930+0500,,,-
2021-10-26T17:50:59.032+05:00,10.4934436,jawapos.com,2021-10-26T17:50:48.930+0500,,,-
2021-10-26T17:50:59.533+05:00,16.61718209,jawapos.com,2021-10-26T17:50:48.930+0500,,,-
2021-10-26T17:51:00.034+05:00,8.301465233,jawapos.com,2021-10-26T17:50:48.930+0500,,,-
2021-10-26T17:51:00.535+05:00,1.961242576,jawapos.com,2021-10-26T17:50:48.930+0500,,,-
2021-10-26T17:51:01.036+05:00,9.158478343,jawapos.com,2021-10-26T17:50:48.930+0500,,,-
2021-10-26T17:51:01.538+05:00,8.223653717,jawapos.com,2021-10-26T17:50:48.930+0500,,,-
2021-10-26T17:51:02.039+05:00,5.659075902,jawapos.com,2021-10-26T17:50:48.930+0500,,,-
2021-10-26T17:51:02.541+05:00,10.2971298,jawapos.com,2021-10-26T17:50:48.930+0500,,,-
2021-10-26T17:51:03.043+05:00,12.35788863,jawapos.com,2021-10-26T17:50:48.930+0500,,,-
2021-10-26T17:51:03.544+05:00,19.95008858,jawapos.com,2021-10-26T17:50:48.930+0500,,,-
2021-10-26T17:51:04.046+05:00,7.82367238,jawapos.com,2021-10-26T17:50:48.930+0500,,,-
2021-10-26T17:51:04.547+05:00,17.00054865,jawapos.com,2021-10-26T17:50:48.930+0500,,,-
2021-10-26T17:51:05.049+05:00,2.153461839,jawapos.com,2021-10-26T17:50:48.930+0500,,,-
2021-10-26T17:51:05.552+05:00,2.991768151,jawapos.com,2021-10-26T17:50:48.930+0500,,,-
2021-10-26T17:51:06.053+05:00,3.424779453,jawapos.com,2021-10-26T17:50:48.930+0500,,,-
2021-10-26T17:51:06.563+05:00,0.189805015,jawapos.com,2021-10-26T17:50:48.930+0500,,,-
2021-10-26T17:51:07.064+05:00,7.757499442,cambridge.org,2021-10-26T17:51:06.986+0500,174.5741321,36,4.849281448
2021-10-26T17:51:07.567+05:00,5.530883888,cambridge.org,2021-10-26T17:51:06.986+0500,,,-
2021-10-26T17:51:08.068+05:00,1.044120232,cambridge.org,2021-10-26T17:51:06.986+0500,,,-
2021-10-26T17:51:08.570+05:00,3.110577917,cambridge.org,2021-10-26T17:51:06.986+0500,,,-
2021-10-26T17:51:09.072+05:00,9.680647201,cambridge.org,2021-10-26T17:51:06.986+0500,,,-
2021-10-26T17:51:09.573+05:00,9.310712332,cambridge.org,2021-10-26T17:51:06.986+0500,,,-
2021-10-26T17:51:10.074+05:00,13.22511216,cambridge.org,2021-10-26T17:51:06.986+0500,,,-
2021-10-26T17:51:10.575+05:00,8.085471247,cambridge.org,2021-10-26T17:51:06.986+0500,,,-
2021-10-26T17:51:11.076+05:00,8.375692396,cambridge.org,2021-10-26T17:51:06.986+0500,,,-
2021-10-26T17:51:11.578+05:00,9.092328675,cambridge.org,2021-10-26T17:51:06.986+0500,,,-
2021-10-26T17:51:12.079+05:00,5.389388062,cambridge.org,2021-10-26T17:51:06.986+0500,,,-
2021-10-26T17:51:12.581+05:00,10.76233442,cambridge.org,2021-10-26T17:51:06.986+0500,,,-
2021-10-26T17:51:13.083+05:00,4.693341535,cambridge.org,2021-10-26T17:51:06.986+0500,,,-
2021-10-26T17:51:13.585+05:00,7.65393314,cambridge.org,2021-10-26T17:51:06.986+0500,,,-
2021-10-26T17:51:14.087+05:00,3.600204206,cambridge.org,2021-10-26T17:51:06.986+0500,,,-
2021-10-26T17:51:14.588+05:00,1.027522224,cambridge.org,2021-10-26T17:51:06.986+0500,,,-
2021-10-26T17:51:15.090+05:00,7.58949697,cambridge.org,2021-10-26T17:51:06.986+0500,,,-
2021-10-26T17:51:15.592+05:00,6.14838493,cambridge.org,2021-10-26T17:51:06.986+0500,,,-
2021-10-26T17:51:16.093+05:00,3.609639315,cambridge.org,2021-10-26T17:51:06.986+0500,,,-
2021-10-26T17:51:16.594+05:00,1.670366364,cambridge.org,2021-10-26T17:51:06.986+0500,,,-
2021-10-26T17:51:17.096+05:00,0.301795206,cambridge.org,2021-10-26T17:51:06.986+0500,,,-
2021-10-26T17:51:17.599+05:00,6.507036552,cambridge.org,2021-10-26T17:51:06.986+0500,,,-
2021-10-26T17:51:18.100+05:00,0.644072061,cambridge.org,2021-10-26T17:51:06.986+0500,,,-
2021-10-26T17:51:18.601+05:00,5.199359555,cambridge.org,2021-10-26T17:51:06.986+0500,,,-
2021-10-26T17:51:19.103+05:00,4.782486473,cambridge.org,2021-10-26T17:51:06.986+0500,,,-
2021-10-26T17:51:19.605+05:00,2.61129247,cambridge.org,2021-10-26T17:51:06.986+0500,,,-
2021-10-26T17:51:20.107+05:00,6.23769805,cambridge.org,2021-10-26T17:51:06.986+0500,,,-
2021-10-26T17:51:20.608+05:00,3.018407031,cambridge.org,2021-10-26T17:51:06.986+0500,,,-
2021-10-26T17:51:21.111+05:00,4.415422804,cambridge.org,2021-10-26T17:51:06.986+0500,,,-
2021-10-26T17:51:21.614+05:00,0.725879958,cambridge.org,2021-10-26T17:51:06.986+0500,,,-
2021-10-26T17:51:22.115+05:00,6.213440984,cambridge.org,2021-10-26T17:51:06.986+0500,,,-
2021-10-26T17:51:22.618+05:00,5.336716084,cambridge.org,2021-10-26T17:51:06.986+0500,,,-
2021-10-26T17:51:23.121+05:00,0.313181999,cambridge.org,2021-10-26T17:51:06.986+0500,,,-
2021-10-26T17:51:23.623+05:00,0.467613473,cambridge.org,2021-10-26T17:51:06.986+0500,,,-
2021-10-26T17:51:24.126+05:00,0.173874103,cambridge.org,2021-10-26T17:51:06.986+0500,,,-
2021-10-26T17:51:24.629+05:00,0.268198668,cambridge.org,2021-10-26T17:51:06.986+0500,,,-
2021-10-26T17:51:25.130+05:00,7.337894593,evernote.com,2021-10-26T17:51:25.048+0500,88.79284061,36,2.466467795
2021-10-26T17:51:25.631+05:00,4.576228264,evernote.com,2021-10-26T17:51:25.048+0500,,,-
2021-10-26T17:51:26.133+05:00,1.685789987,evernote.com,2021-10-26T17:51:25.048+0500,,,-
2021-10-26T17:51:26.638+05:00,8.278052544,evernote.com,2021-10-26T17:51:25.048+0500,,,-
2021-10-26T17:51:27.140+05:00,4.663001059,evernote.com,2021-10-26T17:51:25.048+0500,,,-
2021-10-26T17:51:27.642+05:00,3.429401002,evernote.com,2021-10-26T17:51:25.048+0500,,,-
2021-10-26T17:51:28.143+05:00,4.756939966,evernote.com,2021-10-26T17:51:25.048+0500,,,-
2021-10-26T17:51:28.644+05:00,6.630442605,evernote.com,2021-10-26T17:51:25.048+0500,,,-
2021-10-26T17:51:29.145+05:00,11.56034386,evernote.com,2021-10-26T17:51:25.048+0500,,,-
2021-10-26T17:51:29.647+05:00,6.627730669,evernote.com,2021-10-26T17:51:25.048+0500,,,-
2021-10-26T17:51:30.148+05:00,5.259249796,evernote.com,2021-10-26T17:51:25.048+0500,,,-
2021-10-26T17:51:30.651+05:00,2.60095642,evernote.com,2021-10-26T17:51:25.048+0500,,,-
2021-10-26T17:51:31.153+05:00,0.552670751,evernote.com,2021-10-26T17:51:25.048+0500,,,-
2021-10-26T17:51:31.654+05:00,0.079269667,evernote.com,2021-10-26T17:51:25.048+0500,,,-
2021-10-26T17:51:32.155+05:00,0.243075577,evernote.com,2021-10-26T17:51:25.048+0500,,,-
2021-10-26T17:51:32.658+05:00,0.151337967,evernote.com,2021-10-26T17:51:25.048+0500,,,-
2021-10-26T17:51:33.160+05:00,0.712236314,evernote.com,2021-10-26T17:51:25.048+0500,,,-
2021-10-26T17:51:33.663+05:00,2.593978763,evernote.com,2021-10-26T17:51:25.048+0500,,,-
2021-10-26T17:51:34.165+05:00,0.09694319,evernote.com,2021-10-26T17:51:25.048+0500,,,-
2021-10-26T17:51:34.668+05:00,0.029284624,evernote.com,2021-10-26T17:51:25.048+0500,,,-
2021-10-26T17:51:35.171+05:00,0.176480264,evernote.com,2021-10-26T17:51:25.048+0500,,,-
2021-10-26T17:51:35.673+05:00,1.986741113,evernote.com,2021-10-26T17:51:25.048+0500,,,-
2021-10-26T17:51:36.176+05:00,0.141831051,evernote.com,2021-10-26T17:51:25.048+0500,,,-
2021-10-26T17:51:36.678+05:00,0.017436524,evernote.com,2021-10-26T17:51:25.048+0500,,,-
2021-10-26T17:51:37.181+05:00,3.859132853,evernote.com,2021-10-26T17:51:25.048+0500,,,-
2021-10-26T17:51:37.684+05:00,1.847419459,evernote.com,2021-10-26T17:51:25.048+0500,,,-
2021-10-26T17:51:38.187+05:00,0.031528328,evernote.com,2021-10-26T17:51:25.048+0500,,,-
2021-10-26T17:51:38.689+05:00,0.120942287,evernote.com,2021-10-26T17:51:25.048+0500,,,-
2021-10-26T17:51:39.192+05:00,0,evernote.com,2021-10-26T17:51:25.048+0500,,,-
2021-10-26T17:51:39.695+05:00,0,evernote.com,2021-10-26T17:51:25.048+0500,,,-
2021-10-26T17:51:40.196+05:00,6.86504022,evernote.com,2021-10-26T17:51:25.048+0500,,,-
2021-10-26T17:51:40.699+05:00,0.260337501,evernote.com,2021-10-26T17:51:25.048+0500,,,-
2021-10-26T17:51:41.202+05:00,0.274240757,evernote.com,2021-10-26T17:51:25.048+0500,,,-
2021-10-26T17:51:41.704+05:00,0.467665501,evernote.com,2021-10-26T17:51:25.048+0500,,,-
2021-10-26T17:51:42.207+05:00,0.114870724,evernote.com,2021-10-26T17:51:25.048+0500,,,-
2021-10-26T17:51:42.709+05:00,0.76434641,evernote.com,2021-10-26T17:51:25.048+0500,,,-
2021-10-26T17:51:43.210+05:00,9.188025484,op.gg,2021-10-26T17:51:43.099+0500,215.2367673,36,5.97879909
2021-10-26T17:51:43.711+05:00,3.842934134,op.gg,2021-10-26T17:51:43.099+0500,,,-
2021-10-26T17:51:44.212+05:00,2.441126567,op.gg,2021-10-26T17:51:43.099+0500,,,-
2021-10-26T17:51:44.713+05:00,5.990457082,op.gg,2021-10-26T17:51:43.099+0500,,,-
2021-10-26T17:51:45.214+05:00,10.66056722,op.gg,2021-10-26T17:51:43.099+0500,,,-
2021-10-26T17:51:45.716+05:00,15.3332853,op.gg,2021-10-26T17:51:43.099+0500,,,-
2021-10-26T17:51:46.217+05:00,15.48166793,op.gg,2021-10-26T17:51:43.099+0500,,,-
2021-10-26T17:51:46.718+05:00,10.31347026,op.gg,2021-10-26T17:51:43.099+0500,,,-
2021-10-26T17:51:47.219+05:00,9.154032743,op.gg,2021-10-26T17:51:43.099+0500,,,-
2021-10-26T17:51:47.727+05:00,11.72315378,op.gg,2021-10-26T17:51:43.099+0500,,,-
2021-10-26T17:51:48.228+05:00,12.4339642,op.gg,2021-10-26T17:51:43.099+0500,,,-
2021-10-26T17:51:48.729+05:00,5.826638933,op.gg,2021-10-26T17:51:43.099+0500,,,-
2021-10-26T17:51:49.230+05:00,5.710784893,op.gg,2021-10-26T17:51:43.099+0500,,,-
2021-10-26T17:51:49.732+05:00,11.80847057,op.gg,2021-10-26T17:51:43.099+0500,,,-
2021-10-26T17:51:50.234+05:00,7.555861788,op.gg,2021-10-26T17:51:43.099+0500,,,-
2021-10-26T17:51:50.735+05:00,5.043719383,op.gg,2021-10-26T17:51:43.099+0500,,,-
2021-10-26T17:51:51.236+05:00,7.382859363,op.gg,2021-10-26T17:51:43.099+0500,,,-
2021-10-26T17:51:51.737+05:00,6.972435022,op.gg,2021-10-26T17:51:43.099+0500,,,-
2021-10-26T17:51:52.238+05:00,9.1668374,op.gg,2021-10-26T17:51:43.099+0500,,,-
2021-10-26T17:51:52.740+05:00,2.793083856,op.gg,2021-10-26T17:51:43.099+0500,,,-
2021-10-26T17:51:53.241+05:00,8.263196418,op.gg,2021-10-26T17:51:43.099+0500,,,-
2021-10-26T17:51:53.743+05:00,3.155580855,op.gg,2021-10-26T17:51:43.099+0500,,,-
2021-10-26T17:51:54.245+05:00,2.667013334,op.gg,2021-10-26T17:51:43.099+0500,,,-
2021-10-26T17:51:54.746+05:00,3.43409833,op.gg,2021-10-26T17:51:43.099+0500,,,-
2021-10-26T17:51:55.248+05:00,2.955214149,op.gg,2021-10-26T17:51:43.099+0500,,,-
2021-10-26T17:51:55.750+05:00,2.155378314,op.gg,2021-10-26T17:51:43.099+0500,,,-
2021-10-26T17:51:56.251+05:00,1.431497584,op.gg,2021-10-26T17:51:43.099+0500,,,-
2021-10-26T17:51:56.753+05:00,2.632920197,op.gg,2021-10-26T17:51:43.099+0500,,,-
2021-10-26T17:51:57.254+05:00,2.059164198,op.gg,2021-10-26T17:51:43.099+0500,,,-
2021-10-26T17:51:57.755+05:00,4.617285666,op.gg,2021-10-26T17:51:43.099+0500,,,-
2021-10-26T17:51:58.256+05:00,8.390256876,op.gg,2021-10-26T17:51:43.099+0500,,,-
2021-10-26T17:51:58.759+05:00,2.465493076,op.gg,2021-10-26T17:51:43.099+0500,,,-
2021-10-26T17:51:59.260+05:00,1.118368987,op.gg,2021-10-26T17:51:43.099+0500,,,-
2021-10-26T17:51:59.761+05:00,0.487175793,op.gg,2021-10-26T17:51:43.099+0500,,,-
2021-10-26T17:52:00.263+05:00,0.112887592,op.gg,2021-10-26T17:51:43.099+0500,,,-
2021-10-26T17:52:00.766+05:00,0.467859974,op.gg,2021-10-26T17:51:43.099+0500,,,-
2021-10-26T17:52:01.267+05:00,8.040588415,onet.pl,2021-10-26T17:52:01.161+0500,219.7702104,36,6.104728068
2021-10-26T17:52:01.769+05:00,3.854499414,onet.pl,2021-10-26T17:52:01.161+0500,,,-
2021-10-26T17:52:02.271+05:00,1.961578944,onet.pl,2021-10-26T17:52:01.161+0500,,,-
2021-10-26T17:52:02.773+05:00,1.541194563,onet.pl,2021-10-26T17:52:01.161+0500,,,-
2021-10-26T17:52:03.274+05:00,5.026431309,onet.pl,2021-10-26T17:52:01.161+0500,,,-
2021-10-26T17:52:03.775+05:00,18.25553747,onet.pl,2021-10-26T17:52:01.161+0500,,,-
2021-10-26T17:52:04.276+05:00,17.74336642,onet.pl,2021-10-26T17:52:01.161+0500,,,-
2021-10-26T17:52:04.777+05:00,6.979910092,onet.pl,2021-10-26T17:52:01.161+0500,,,-
2021-10-26T17:52:05.279+05:00,9.824941556,onet.pl,2021-10-26T17:52:01.161+0500,,,-
2021-10-26T17:52:05.780+05:00,10.65213856,onet.pl,2021-10-26T17:52:01.161+0500,,,-
2021-10-26T17:52:06.282+05:00,11.03468191,onet.pl,2021-10-26T17:52:01.161+0500,,,-
2021-10-26T17:52:06.784+05:00,9.451683966,onet.pl,2021-10-26T17:52:01.161+0500,,,-
2021-10-26T17:52:07.286+05:00,8.852256971,onet.pl,2021-10-26T17:52:01.161+0500,,,-
2021-10-26T17:52:07.792+05:00,7.984637727,onet.pl,2021-10-26T17:52:01.161+0500,,,-
2021-10-26T17:52:08.293+05:00,6.48088239,onet.pl,2021-10-26T17:52:01.161+0500,,,-
2021-10-26T17:52:08.794+05:00,5.169137242,onet.pl,2021-10-26T17:52:01.161+0500,,,-
2021-10-26T17:52:09.295+05:00,6.191871983,onet.pl,2021-10-26T17:52:01.161+0500,,,-
2021-10-26T17:52:09.796+05:00,12.68275762,onet.pl,2021-10-26T17:52:01.161+0500,,,-
2021-10-26T17:52:10.297+05:00,5.997621803,onet.pl,2021-10-26T17:52:01.161+0500,,,-
2021-10-26T17:52:10.799+05:00,4.663848205,onet.pl,2021-10-26T17:52:01.161+0500,,,-
2021-10-26T17:52:11.300+05:00,4.596494758,onet.pl,2021-10-26T17:52:01.161+0500,,,-
2021-10-26T17:52:11.801+05:00,5.601181236,onet.pl,2021-10-26T17:52:01.161+0500,,,-
2021-10-26T17:52:12.303+05:00,3.570314035,onet.pl,2021-10-26T17:52:01.161+0500,,,-
2021-10-26T17:52:12.805+05:00,3.989648989,onet.pl,2021-10-26T17:52:01.161+0500,,,-
2021-10-26T17:52:13.307+05:00,4.136247332,onet.pl,2021-10-26T17:52:01.161+0500,,,-
2021-10-26T17:52:13.809+05:00,4.109595849,onet.pl,2021-10-26T17:52:01.161+0500,,,-
2021-10-26T17:52:14.311+05:00,4.053071953,onet.pl,2021-10-26T17:52:01.161+0500,,,-
2021-10-26T17:52:14.812+05:00,3.995963858,onet.pl,2021-10-26T17:52:01.161+0500,,,-
2021-10-26T17:52:15.315+05:00,4.221442844,onet.pl,2021-10-26T17:52:01.161+0500,,,-
2021-10-26T17:52:15.817+05:00,5.416602706,onet.pl,2021-10-26T17:52:01.161+0500,,,-
2021-10-26T17:52:16.319+05:00,9.72646758,onet.pl,2021-10-26T17:52:01.161+0500,,,-
2021-10-26T17:52:16.821+05:00,2.461071817,onet.pl,2021-10-26T17:52:01.161+0500,,,-
2021-10-26T17:52:17.322+05:00,0.570248502,onet.pl,2021-10-26T17:52:01.161+0500,,,-
2021-10-26T17:52:17.823+05:00,0.520176661,onet.pl,2021-10-26T17:52:01.161+0500,,,-
2021-10-26T17:52:18.324+05:00,0.079589917,onet.pl,2021-10-26T17:52:01.161+0500,,,-
2021-10-26T17:52:18.826+05:00,0.332525851,onet.pl,2021-10-26T17:52:01.161+0500,,,-
2021-10-26T17:52:19.327+05:00,8.473807584,breitbart.com,2021-10-26T17:52:19.225+0500,391.0390897,36,10.86219693
2021-10-26T17:52:19.829+05:00,4.890005111,breitbart.com,2021-10-26T17:52:19.225+0500,,,-
2021-10-26T17:52:20.330+05:00,2.148235097,breitbart.com,2021-10-26T17:52:19.225+0500,,,-
2021-10-26T17:52:20.831+05:00,9.567158313,breitbart.com,2021-10-26T17:52:19.225+0500,,,-
2021-10-26T17:52:21.332+05:00,12.84493296,breitbart.com,2021-10-26T17:52:19.225+0500,,,-
2021-10-26T17:52:21.833+05:00,11.63134542,breitbart.com,2021-10-26T17:52:19.225+0500,,,-
2021-10-26T17:52:22.334+05:00,16.88429114,breitbart.com,2021-10-26T17:52:19.225+0500,,,-
2021-10-26T17:52:22.835+05:00,12.94806995,breitbart.com,2021-10-26T17:52:19.225+0500,,,-
2021-10-26T17:52:23.336+05:00,11.55266957,breitbart.com,2021-10-26T17:52:19.225+0500,,,-
2021-10-26T17:52:23.838+05:00,15.95353164,breitbart.com,2021-10-26T17:52:19.225+0500,,,-
2021-10-26T17:52:24.340+05:00,18.04614328,breitbart.com,2021-10-26T17:52:19.225+0500,,,-
2021-10-26T17:52:24.842+05:00,16.00348078,breitbart.com,2021-10-26T17:52:19.225+0500,,,-
2021-10-26T17:52:25.343+05:00,29.61929385,breitbart.com,2021-10-26T17:52:19.225+0500,,,-
2021-10-26T17:52:25.844+05:00,32.21942137,breitbart.com,2021-10-26T17:52:19.225+0500,,,-
2021-10-26T17:52:26.345+05:00,25.91519852,breitbart.com,2021-10-26T17:52:19.225+0500,,,-
2021-10-26T17:52:26.847+05:00,19.15809973,breitbart.com,2021-10-26T17:52:19.225+0500,,,-
2021-10-26T17:52:27.348+05:00,15.08700515,breitbart.com,2021-10-26T17:52:19.225+0500,,,-
2021-10-26T17:52:27.848+05:00,10.96927025,breitbart.com,2021-10-26T17:52:19.225+0500,,,-
2021-10-26T17:52:28.350+05:00,14.55495525,breitbart.com,2021-10-26T17:52:19.225+0500,,,-
2021-10-26T17:52:28.851+05:00,15.15834332,breitbart.com,2021-10-26T17:52:19.225+0500,,,-
2021-10-26T17:52:29.352+05:00,13.90849618,breitbart.com,2021-10-26T17:52:19.225+0500,,,-
2021-10-26T17:52:29.853+05:00,5.711691266,breitbart.com,2021-10-26T17:52:19.225+0500,,,-
2021-10-26T17:52:30.354+05:00,6.631500343,breitbart.com,2021-10-26T17:52:19.225+0500,,,-
2021-10-26T17:52:30.855+05:00,4.355515046,breitbart.com,2021-10-26T17:52:19.225+0500,,,-
2021-10-26T17:52:31.356+05:00,3.95560641,breitbart.com,2021-10-26T17:52:19.225+0500,,,-
2021-10-26T17:52:31.857+05:00,4.832460158,breitbart.com,2021-10-26T17:52:19.225+0500,,,-
2021-10-26T17:52:32.358+05:00,4.348663477,breitbart.com,2021-10-26T17:52:19.225+0500,,,-
2021-10-26T17:52:32.860+05:00,3.781145808,breitbart.com,2021-10-26T17:52:19.225+0500,,,-
2021-10-26T17:52:33.362+05:00,5.540333137,breitbart.com,2021-10-26T17:52:19.225+0500,,,-
2021-10-26T17:52:33.863+05:00,5.459355828,breitbart.com,2021-10-26T17:52:19.225+0500,,,-
2021-10-26T17:52:34.365+05:00,13.95470729,breitbart.com,2021-10-26T17:52:19.225+0500,,,-
2021-10-26T17:52:34.866+05:00,9.970857376,breitbart.com,2021-10-26T17:52:19.225+0500,,,-
2021-10-26T17:52:35.366+05:00,2.307323072,breitbart.com,2021-10-26T17:52:19.225+0500,,,-
2021-10-26T17:52:35.869+05:00,2.11003614,breitbart.com,2021-10-26T17:52:19.225+0500,,,-
2021-10-26T17:52:36.370+05:00,0.396964248,breitbart.com,2021-10-26T17:52:19.225+0500,,,-
2021-10-26T17:52:36.871+05:00,0.149175589,breitbart.com,2021-10-26T17:52:19.225+0500,,,-
2021-10-26T17:52:37.372+05:00,8.029801444,it168.com,2021-10-26T17:52:37.291+0500,91.08474072,36,2.530131687
2021-10-26T17:52:37.874+05:00,4.625340865,it168.com,2021-10-26T17:52:37.291+0500,,,-
2021-10-26T17:52:38.375+05:00,1.891792747,it168.com,2021-10-26T17:52:37.291+0500,,,-
2021-10-26T17:52:38.876+05:00,2.777098796,it168.com,2021-10-26T17:52:37.291+0500,,,-
2021-10-26T17:52:39.378+05:00,4.536822124,it168.com,2021-10-26T17:52:37.291+0500,,,-
2021-10-26T17:52:39.879+05:00,3.561153715,it168.com,2021-10-26T17:52:37.291+0500,,,-
2021-10-26T17:52:40.380+05:00,1.500874023,it168.com,2021-10-26T17:52:37.291+0500,,,-
2021-10-26T17:52:40.881+05:00,1.345567045,it168.com,2021-10-26T17:52:37.291+0500,,,-
2021-10-26T17:52:41.384+05:00,2.27456001,it168.com,2021-10-26T17:52:37.291+0500,,,-
2021-10-26T17:52:41.885+05:00,16.35983501,it168.com,2021-10-26T17:52:37.291+0500,,,-
2021-10-26T17:52:42.386+05:00,2.798184337,it168.com,2021-10-26T17:52:37.291+0500,,,-
2021-10-26T17:52:42.887+05:00,6.311306309,it168.com,2021-10-26T17:52:37.291+0500,,,-
2021-10-26T17:52:43.389+05:00,0.990077919,it168.com,2021-10-26T17:52:37.291+0500,,,-
2021-10-26T17:52:43.890+05:00,1.683130374,it168.com,2021-10-26T17:52:37.291+0500,,,-
2021-10-26T17:52:44.391+05:00,2.471739403,it168.com,2021-10-26T17:52:37.291+0500,,,-
2021-10-26T17:52:44.892+05:00,0.535193571,it168.com,2021-10-26T17:52:37.291+0500,,,-
2021-10-26T17:52:45.394+05:00,1.083375874,it168.com,2021-10-26T17:52:37.291+0500,,,-
2021-10-26T17:52:45.896+05:00,4.84132871,it168.com,2021-10-26T17:52:37.291+0500,,,-
2021-10-26T17:52:46.398+05:00,7.868215425,it168.com,2021-10-26T17:52:37.291+0500,,,-
2021-10-26T17:52:46.900+05:00,2.477757,it168.com,2021-10-26T17:52:37.291+0500,,,-
2021-10-26T17:52:47.402+05:00,0.764205602,it168.com,2021-10-26T17:52:37.291+0500,,,-
2021-10-26T17:52:47.903+05:00,0.340160207,it168.com,2021-10-26T17:52:37.291+0500,,,-
2021-10-26T17:52:48.404+05:00,0.081068998,it168.com,2021-10-26T17:52:37.291+0500,,,-
2021-10-26T17:52:48.913+05:00,0,it168.com,2021-10-26T17:52:37.291+0500,,,-
2021-10-26T17:52:49.415+05:00,0.497449318,it168.com,2021-10-26T17:52:37.291+0500,,,-
2021-10-26T17:52:49.917+05:00,1.803635596,it168.com,2021-10-26T17:52:37.291+0500,,,-
2021-10-26T17:52:50.418+05:00,0.015986885,it168.com,2021-10-26T17:52:37.291+0500,,,-
2021-10-26T17:52:50.919+05:00,1.730750967,it168.com,2021-10-26T17:52:37.291+0500,,,-
2021-10-26T17:52:51.421+05:00,0.397438602,it168.com,2021-10-26T17:52:37.291+0500,,,-
2021-10-26T17:52:51.923+05:00,0.188521609,it168.com,2021-10-26T17:52:37.291+0500,,,-
2021-10-26T17:52:52.425+05:00,4.435019925,it168.com,2021-10-26T17:52:37.291+0500,,,-
2021-10-26T17:52:52.927+05:00,1.868860137,it168.com,2021-10-26T17:52:37.291+0500,,,-
2021-10-26T17:52:53.429+05:00,0.182370093,it168.com,2021-10-26T17:52:37.291+0500,,,-
2021-10-26T17:52:53.931+05:00,0.417892961,it168.com,2021-10-26T17:52:37.291+0500,,,-
2021-10-26T17:52:54.432+05:00,0.125034073,it168.com,2021-10-26T17:52:37.291+0500,,,-
2021-10-26T17:52:54.933+05:00,0.273191048,it168.com,2021-10-26T17:52:37.291+0500,,,-
2021-10-26T17:52:55.434+05:00,7.359172096,agacelebir.com,2021-10-26T17:52:55.354+0500,41.40386211,36,1.150107281
2021-10-26T17:52:55.936+05:00,7.334741277,agacelebir.com,2021-10-26T17:52:55.354+0500,,,-
2021-10-26T17:52:56.437+05:00,2.851458335,agacelebir.com,2021-10-26T17:52:55.354+0500,,,-
2021-10-26T17:52:56.938+05:00,5.64820535,agacelebir.com,2021-10-26T17:52:55.354+0500,,,-
2021-10-26T17:52:57.440+05:00,0.505308863,agacelebir.com,2021-10-26T17:52:55.354+0500,,,-
2021-10-26T17:52:57.942+05:00,0.025753374,agacelebir.com,2021-10-26T17:52:55.354+0500,,,-
2021-10-26T17:52:58.444+05:00,0.114527837,agacelebir.com,2021-10-26T17:52:55.354+0500,,,-
2021-10-26T17:52:58.945+05:00,0.046135016,agacelebir.com,2021-10-26T17:52:55.354+0500,,,-
2021-10-26T17:52:59.447+05:00,0.130762376,agacelebir.com,2021-10-26T17:52:55.354+0500,,,-
2021-10-26T17:52:59.949+05:00,0.083291934,agacelebir.com,2021-10-26T17:52:55.354+0500,,,-
2021-10-26T17:53:00.450+05:00,0.024422558,agacelebir.com,2021-10-26T17:52:55.354+0500,,,-
2021-10-26T17:53:00.952+05:00,0.024910507,agacelebir.com,2021-10-26T17:52:55.354+0500,,,-
2021-10-26T17:53:01.453+05:00,0.26182388,agacelebir.com,2021-10-26T17:52:55.354+0500,,,-
2021-10-26T17:53:01.955+05:00,0,agacelebir.com,2021-10-26T17:52:55.354+0500,,,-
2021-10-26T17:53:02.457+05:00,2.407975464,agacelebir.com,2021-10-26T17:52:55.354+0500,,,-
2021-10-26T17:53:02.959+05:00,0.073803631,agacelebir.com,2021-10-26T17:52:55.354+0500,,,-
2021-10-26T17:53:03.460+05:00,0.26348668,agacelebir.com,2021-10-26T17:52:55.354+0500,,,-
2021-10-26T17:53:03.962+05:00,1.094516241,agacelebir.com,2021-10-26T17:52:55.354+0500,,,-
2021-10-26T17:53:04.464+05:00,0.425996656,agacelebir.com,2021-10-26T17:52:55.354+0500,,,-
2021-10-26T17:53:04.967+05:00,0,agacelebir.com,2021-10-26T17:52:55.354+0500,,,-
2021-10-26T17:53:05.469+05:00,0.029380394,agacelebir.com,2021-10-26T17:52:55.354+0500,,,-
2021-10-26T17:53:05.972+05:00,1.737551278,agacelebir.com,2021-10-26T17:52:55.354+0500,,,-
2021-10-26T17:53:06.475+05:00,0.153017736,agacelebir.com,2021-10-26T17:52:55.354+0500,,,-
2021-10-26T17:53:06.978+05:00,0,agacelebir.com,2021-10-26T17:52:55.354+0500,,,-
2021-10-26T17:53:07.479+05:00,0.434248909,agacelebir.com,2021-10-26T17:52:55.354+0500,,,-
2021-10-26T17:53:07.982+05:00,1.172439095,agacelebir.com,2021-10-26T17:52:55.354+0500,,,-
2021-10-26T17:53:08.485+05:00,0.040630032,agacelebir.com,2021-10-26T17:52:55.354+0500,,,-
2021-10-26T17:53:08.987+05:00,0.086165854,agacelebir.com,2021-10-26T17:52:55.354+0500,,,-
2021-10-26T17:53:09.490+05:00,0.05801831,agacelebir.com,2021-10-26T17:52:55.354+0500,,,-
2021-10-26T17:53:09.996+05:00,0.014397592,agacelebir.com,2021-10-26T17:52:55.354+0500,,,-
2021-10-26T17:53:10.497+05:00,5.605573409,agacelebir.com,2021-10-26T17:52:55.354+0500,,,-
2021-10-26T17:53:11.000+05:00,0.149794947,agacelebir.com,2021-10-26T17:52:55.354+0500,,,-
2021-10-26T17:53:11.502+05:00,2.532744237,agacelebir.com,2021-10-26T17:52:55.354+0500,,,-
2021-10-26T17:53:12.005+05:00,0.385186642,agacelebir.com,2021-10-26T17:52:55.354+0500,,,-
2021-10-26T17:53:12.507+05:00,0.170061802,agacelebir.com,2021-10-26T17:52:55.354+0500,,,-
2021-10-26T17:53:13.010+05:00,0.158359801,agacelebir.com,2021-10-26T17:52:55.354+0500,,,-
2021-10-26T17:53:13.511+05:00,8.126823108,cnnindonesia.com,2021-10-26T17:53:13.420+0500,375.8262922,36,10.43961923
2021-10-26T17:53:14.013+05:00,4.032166058,cnnindonesia.com,2021-10-26T17:53:13.420+0500,,,-
2021-10-26T17:53:14.514+05:00,2.097054066,cnnindonesia.com,2021-10-26T17:53:13.420+0500,,,-
2021-10-26T17:53:15.016+05:00,2.349643395,cnnindonesia.com,2021-10-26T17:53:13.420+0500,,,-
2021-10-26T17:53:15.518+05:00,1.726909855,cnnindonesia.com,2021-10-26T17:53:13.420+0500,,,-
2021-10-26T17:53:16.019+05:00,9.595888385,cnnindonesia.com,2021-10-26T17:53:13.420+0500,,,-
2021-10-26T17:53:16.521+05:00,5.562540835,cnnindonesia.com,2021-10-26T17:53:13.420+0500,,,-
2021-10-26T17:53:17.023+05:00,3.395097626,cnnindonesia.com,2021-10-26T17:53:13.420+0500,,,-
2021-10-26T17:53:17.524+05:00,7.744240808,cnnindonesia.com,2021-10-26T17:53:13.420+0500,,,-
2021-10-26T17:53:18.025+05:00,18.73931879,cnnindonesia.com,2021-10-26T17:53:13.420+0500,,,-
2021-10-26T17:53:18.527+05:00,19.84830454,cnnindonesia.com,2021-10-26T17:53:13.420+0500,,,-
2021-10-26T17:53:19.028+05:00,28.29766059,cnnindonesia.com,2021-10-26T17:53:13.420+0500,,,-
2021-10-26T17:53:19.529+05:00,22.81251747,cnnindonesia.com,2021-10-26T17:53:13.420+0500,,,-
2021-10-26T17:53:20.030+05:00,25.20889365,cnnindonesia.com,2021-10-26T17:53:13.420+0500,,,-
2021-10-26T17:53:20.532+05:00,23.99677411,cnnindonesia.com,2021-10-26T17:53:13.420+0500,,,-
2021-10-26T17:53:21.033+05:00,16.0118168,cnnindonesia.com,2021-10-26T17:53:13.420+0500,,,-
2021-10-26T17:53:21.534+05:00,10.81448677,cnnindonesia.com,2021-10-26T17:53:13.420+0500,,,-
2021-10-26T17:53:22.036+05:00,16.13575844,cnnindonesia.com,2021-10-26T17:53:13.420+0500,,,-
2021-10-26T17:53:22.538+05:00,9.935717735,cnnindonesia.com,2021-10-26T17:53:13.420+0500,,,-
2021-10-26T17:53:23.039+05:00,12.06640895,cnnindonesia.com,2021-10-26T17:53:13.420+0500,,,-
2021-10-26T17:53:23.540+05:00,14.0967982,cnnindonesia.com,2021-10-26T17:53:13.420+0500,,,-
2021-10-26T17:53:24.042+05:00,11.20371809,cnnindonesia.com,2021-10-26T17:53:13.420+0500,,,-
2021-10-26T17:53:24.544+05:00,8.644870814,cnnindonesia.com,2021-10-26T17:53:13.420+0500,,,-
2021-10-26T17:53:25.045+05:00,15.03931518,cnnindonesia.com,2021-10-26T17:53:13.420+0500,,,-
2021-10-26T17:53:25.547+05:00,17.56475931,cnnindonesia.com,2021-10-26T17:53:13.420+0500,,,-
2021-10-26T17:53:26.049+05:00,8.467049674,cnnindonesia.com,2021-10-26T17:53:13.420+0500,,,-
2021-10-26T17:53:26.551+05:00,13.56548522,cnnindonesia.com,2021-10-26T17:53:13.420+0500,,,-
2021-10-26T17:53:27.053+05:00,4.888276055,cnnindonesia.com,2021-10-26T17:53:13.420+0500,,,-
2021-10-26T17:53:27.555+05:00,6.565559675,cnnindonesia.com,2021-10-26T17:53:13.420+0500,,,-
2021-10-26T17:53:28.057+05:00,3.039208137,cnnindonesia.com,2021-10-26T17:53:13.420+0500,,,-
2021-10-26T17:53:28.558+05:00,6.828940805,cnnindonesia.com,2021-10-26T17:53:13.420+0500,,,-
2021-10-26T17:53:29.061+05:00,4.089832028,cnnindonesia.com,2021-10-26T17:53:13.420+0500,,,-
2021-10-26T17:53:29.564+05:00,0.095180146,cnnindonesia.com,2021-10-26T17:53:13.420+0500,,,-
2021-10-26T17:53:30.065+05:00,0.826138579,cnnindonesia.com,2021-10-26T17:53:13.420+0500,,,-
2021-10-26T17:53:30.568+05:00,0.232613837,cnnindonesia.com,2021-10-26T17:53:13.420+0500,,,-
2021-10-26T17:53:31.070+05:00,12.18052446,cnnindonesia.com,2021-10-26T17:53:13.420+0500,,,-
2021-10-26T17:53:31.571+05:00,7.735022305,oracle.com,2021-10-26T17:53:31.479+0500,222.4259561,36,6.17849878
2021-10-26T17:53:32.073+05:00,3.714231718,oracle.com,2021-10-26T17:53:31.479+0500,,,-
2021-10-26T17:53:32.575+05:00,2.353390348,oracle.com,2021-10-26T17:53:31.479+0500,,,-
2021-10-26T17:53:33.076+05:00,1.752854993,oracle.com,2021-10-26T17:53:31.479+0500,,,-
2021-10-26T17:53:33.578+05:00,4.11179213,oracle.com,2021-10-26T17:53:31.479+0500,,,-
2021-10-26T17:53:34.079+05:00,3.915640901,oracle.com,2021-10-26T17:53:31.479+0500,,,-
2021-10-26T17:53:34.581+05:00,6.25710353,oracle.com,2021-10-26T17:53:31.479+0500,,,-
2021-10-26T17:53:35.083+05:00,5.15831007,oracle.com,2021-10-26T17:53:31.479+0500,,,-
2021-10-26T17:53:35.584+05:00,21.96780028,oracle.com,2021-10-26T17:53:31.479+0500,,,-
2021-10-26T17:53:36.085+05:00,20.63139449,oracle.com,2021-10-26T17:53:31.479+0500,,,-
2021-10-26T17:53:36.587+05:00,12.24059137,oracle.com,2021-10-26T17:53:31.479+0500,,,-
2021-10-26T17:53:37.089+05:00,4.617774357,oracle.com,2021-10-26T17:53:31.479+0500,,,-
2021-10-26T17:53:37.591+05:00,7.890726894,oracle.com,2021-10-26T17:53:31.479+0500,,,-
2021-10-26T17:53:38.092+05:00,6.428884662,oracle.com,2021-10-26T17:53:31.479+0500,,,-
2021-10-26T17:53:38.593+05:00,6.660775558,oracle.com,2021-10-26T17:53:31.479+0500,,,-
2021-10-26T17:53:39.095+05:00,4.397875494,oracle.com,2021-10-26T17:53:31.479+0500,,,-
2021-10-26T17:53:39.596+05:00,3.009113162,oracle.com,2021-10-26T17:53:31.479+0500,,,-
2021-10-26T17:53:40.098+05:00,2.571749682,oracle.com,2021-10-26T17:53:31.479+0500,,,-
2021-10-26T17:53:40.600+05:00,8.546887088,oracle.com,2021-10-26T17:53:31.479+0500,,,-
2021-10-26T17:53:41.102+05:00,8.431200267,oracle.com,2021-10-26T17:53:31.479+0500,,,-
2021-10-26T17:53:41.603+05:00,4.538403401,oracle.com,2021-10-26T17:53:31.479+0500,,,-
2021-10-26T17:53:42.105+05:00,8.982969934,oracle.com,2021-10-26T17:53:31.479+0500,,,-
2021-10-26T17:53:42.606+05:00,10.44824465,oracle.com,2021-10-26T17:53:31.479+0500,,,-
2021-10-26T17:53:43.108+05:00,3.227400391,oracle.com,2021-10-26T17:53:31.479+0500,,,-
2021-10-26T17:53:43.610+05:00,3.656720997,oracle.com,2021-10-26T17:53:31.479+0500,,,-
2021-10-26T17:53:44.112+05:00,7.290957075,oracle.com,2021-10-26T17:53:31.479+0500,,,-
2021-10-26T17:53:44.614+05:00,4.836736417,oracle.com,2021-10-26T17:53:31.479+0500,,,-
2021-10-26T17:53:45.116+05:00,6.018505456,oracle.com,2021-10-26T17:53:31.479+0500,,,-
2021-10-26T17:53:45.618+05:00,5.970727093,oracle.com,2021-10-26T17:53:31.479+0500,,,-
2021-10-26T17:53:46.120+05:00,3.339588128,oracle.com,2021-10-26T17:53:31.479+0500,,,-
2021-10-26T17:53:46.621+05:00,11.85200985,oracle.com,2021-10-26T17:53:31.479+0500,,,-
2021-10-26T17:53:47.123+05:00,5.049530492,oracle.com,2021-10-26T17:53:31.479+0500,,,-
2021-10-26T17:53:47.625+05:00,0.183377651,oracle.com,2021-10-26T17:53:31.479+0500,,,-
2021-10-26T17:53:48.128+05:00,0.498274374,oracle.com,2021-10-26T17:53:31.479+0500,,,-
2021-10-26T17:53:48.630+05:00,0.166960709,oracle.com,2021-10-26T17:53:31.479+0500,,,-
2021-10-26T17:53:49.133+05:00,3.972430169,oracle.com,2021-10-26T17:53:31.479+0500,,,-
2021-10-26T17:53:49.634+05:00,7.763529733,udn.com,2021-10-26T17:53:49.547+0500,397.3273439,37,10.73857686
2021-10-26T17:53:50.136+05:00,5.798200092,udn.com,2021-10-26T17:53:49.547+0500,,,-
2021-10-26T17:53:50.637+05:00,4.366884584,udn.com,2021-10-26T17:53:49.547+0500,,,-
2021-10-26T17:53:51.138+05:00,8.312601544,udn.com,2021-10-26T17:53:49.547+0500,,,-
2021-10-26T17:53:51.646+05:00,6.512251334,udn.com,2021-10-26T17:53:49.547+0500,,,-
2021-10-26T17:53:52.148+05:00,3.889313896,udn.com,2021-10-26T17:53:49.547+0500,,,-
2021-10-26T17:53:52.650+05:00,7.498049547,udn.com,2021-10-26T17:53:49.547+0500,,,-
2021-10-26T17:53:53.151+05:00,2.898863661,udn.com,2021-10-26T17:53:49.547+0500,,,-
2021-10-26T17:53:53.652+05:00,1.975439382,udn.com,2021-10-26T17:53:49.547+0500,,,-
2021-10-26T17:53:54.153+05:00,7.190216557,udn.com,2021-10-26T17:53:49.547+0500,,,-
2021-10-26T17:53:54.654+05:00,18.92434331,udn.com,2021-10-26T17:53:49.547+0500,,,-
2021-10-26T17:53:55.155+05:00,8.677026586,udn.com,2021-10-26T17:53:49.547+0500,,,-
2021-10-26T17:53:55.656+05:00,12.63658947,udn.com,2021-10-26T17:53:49.547+0500,,,-
2021-10-26T17:53:56.157+05:00,22.61597412,udn.com,2021-10-26T17:53:49.547+0500,,,-
2021-10-26T17:53:56.659+05:00,11.95424502,udn.com,2021-10-26T17:53:49.547+0500,,,-
2021-10-26T17:53:57.161+05:00,7.918341833,udn.com,2021-10-26T17:53:49.547+0500,,,-
2021-10-26T17:53:57.663+05:00,13.50681919,udn.com,2021-10-26T17:53:49.547+0500,,,-
2021-10-26T17:53:58.164+05:00,12.14966599,udn.com,2021-10-26T17:53:49.547+0500,,,-
2021-10-26T17:53:58.666+05:00,8.167335482,udn.com,2021-10-26T17:53:49.547+0500,,,-
2021-10-26T17:53:59.167+05:00,11.82365401,udn.com,2021-10-26T17:53:49.547+0500,,,-
2021-10-26T17:53:59.668+05:00,10.35340377,udn.com,2021-10-26T17:53:49.547+0500,,,-
2021-10-26T17:54:00.169+05:00,5.500267472,udn.com,2021-10-26T17:53:49.547+0500,,,-
2021-10-26T17:54:00.670+05:00,28.92998278,udn.com,2021-10-26T17:53:49.547+0500,,,-
2021-10-26T17:54:01.173+05:00,21.62772787,udn.com,2021-10-26T17:53:49.547+0500,,,-
2021-10-26T17:54:01.675+05:00,29.66825057,udn.com,2021-10-26T17:53:49.547+0500,,,-
2021-10-26T17:54:02.177+05:00,24.47718025,udn.com,2021-10-26T17:53:49.547+0500,,,-
2021-10-26T17:54:02.679+05:00,17.8959358,udn.com,2021-10-26T17:53:49.547+0500,,,-
2021-10-26T17:54:03.181+05:00,9.166975427,udn.com,2021-10-26T17:53:49.547+0500,,,-
2021-10-26T17:54:03.683+05:00,7.546300653,udn.com,2021-10-26T17:53:49.547+0500,,,-
2021-10-26T17:54:04.184+05:00,6.931518591,udn.com,2021-10-26T17:53:49.547+0500,,,-
2021-10-26T17:54:04.685+05:00,12.96818372,udn.com,2021-10-26T17:53:49.547+0500,,,-
2021-10-26T17:54:05.188+05:00,7.019873205,udn.com,2021-10-26T17:53:49.547+0500,,,-
2021-10-26T17:54:05.690+05:00,3.920333964,udn.com,2021-10-26T17:53:49.547+0500,,,-
2021-10-26T17:54:06.192+05:00,2.600863569,udn.com,2021-10-26T17:53:49.547+0500,,,-
2021-10-26T17:54:06.695+05:00,0.40942479,udn.com,2021-10-26T17:53:49.547+0500,,,-
2021-10-26T17:54:07.197+05:00,19.55200736,udn.com,2021-10-26T17:53:49.547+0500,,,-
2021-10-26T17:54:07.699+05:00,4.179768796,udn.com,2021-10-26T17:53:49.547+0500,,,-
2021-10-26T17:54:08.201+05:00,4.824801024,clickbank.com,2021-10-26T17:54:07.983+0500,163.724685,36,4.547907917
2021-10-26T17:54:08.703+05:00,2.310847056,clickbank.com,2021-10-26T17:54:07.983+0500,,,-
2021-10-26T17:54:09.204+05:00,1.744775223,clickbank.com,2021-10-26T17:54:07.983+0500,,,-
2021-10-26T17:54:09.706+05:00,1.059460985,clickbank.com,2021-10-26T17:54:07.983+0500,,,-
2021-10-26T17:54:10.208+05:00,2.601824059,clickbank.com,2021-10-26T17:54:07.983+0500,,,-
2021-10-26T17:54:10.709+05:00,7.252790103,clickbank.com,2021-10-26T17:54:07.983+0500,,,-
2021-10-26T17:54:11.211+05:00,11.98264008,clickbank.com,2021-10-26T17:54:07.983+0500,,,-
2021-10-26T17:54:11.712+05:00,16.88863946,clickbank.com,2021-10-26T17:54:07.983+0500,,,-
2021-10-26T17:54:12.213+05:00,12.21235055,clickbank.com,2021-10-26T17:54:07.983+0500,,,-
2021-10-26T17:54:12.720+05:00,11.66797714,clickbank.com,2021-10-26T17:54:07.983+0500,,,-
2021-10-26T17:54:13.221+05:00,9.218982925,clickbank.com,2021-10-26T17:54:07.983+0500,,,-
2021-10-26T17:54:13.722+05:00,9.209993478,clickbank.com,2021-10-26T17:54:07.983+0500,,,-
2021-10-26T17:54:14.224+05:00,6.076176697,clickbank.com,2021-10-26T17:54:07.983+0500,,,-
2021-10-26T17:54:14.726+05:00,4.614039181,clickbank.com,2021-10-26T17:54:07.983+0500,,,-
2021-10-26T17:54:15.228+05:00,6.884029069,clickbank.com,2021-10-26T17:54:07.983+0500,,,-
2021-10-26T17:54:15.729+05:00,4.084438669,clickbank.com,2021-10-26T17:54:07.983+0500,,,-
2021-10-26T17:54:16.231+05:00,6.361384383,clickbank.com,2021-10-26T17:54:07.983+0500,,,-
2021-10-26T17:54:16.733+05:00,5.298355638,clickbank.com,2021-10-26T17:54:07.983+0500,,,-
2021-10-26T17:54:17.234+05:00,8.313818525,clickbank.com,2021-10-26T17:54:07.983+0500,,,-
2021-10-26T17:54:17.735+05:00,6.31143605,clickbank.com,2021-10-26T17:54:07.983+0500,,,-
2021-10-26T17:54:18.238+05:00,3.67034596,clickbank.com,2021-10-26T17:54:07.983+0500,,,-
2021-10-26T17:54:18.740+05:00,1.096929754,clickbank.com,2021-10-26T17:54:07.983+0500,,,-
2021-10-26T17:54:19.242+05:00,0.439846473,clickbank.com,2021-10-26T17:54:07.983+0500,,,-
2021-10-26T17:54:19.745+05:00,0.547484688,clickbank.com,2021-10-26T17:54:07.983+0500,,,-
2021-10-26T17:54:20.248+05:00,0.387160943,clickbank.com,2021-10-26T17:54:07.983+0500,,,-
2021-10-26T17:54:20.751+05:00,0.460514036,clickbank.com,2021-10-26T17:54:07.983+0500,,,-
2021-10-26T17:54:21.253+05:00,1.797425309,clickbank.com,2021-10-26T17:54:07.983+0500,,,-
2021-10-26T17:54:21.756+05:00,3.167786028,clickbank.com,2021-10-26T17:54:07.983+0500,,,-
2021-10-26T17:54:22.258+05:00,0.780317751,clickbank.com,2021-10-26T17:54:07.983+0500,,,-
2021-10-26T17:54:22.760+05:00,0.795836959,clickbank.com,2021-10-26T17:54:07.983+0500,,,-
2021-10-26T17:54:23.261+05:00,9.367680469,clickbank.com,2021-10-26T17:54:07.983+0500,,,-
2021-10-26T17:54:23.764+05:00,0.488975043,clickbank.com,2021-10-26T17:54:07.983+0500,,,-
2021-10-26T17:54:24.266+05:00,1.217117218,clickbank.com,2021-10-26T17:54:07.983+0500,,,-
2021-10-26T17:54:24.768+05:00,0.077604202,clickbank.com,2021-10-26T17:54:07.983+0500,,,-
2021-10-26T17:54:25.271+05:00,0.045470763,clickbank.com,2021-10-26T17:54:07.983+0500,,,-
2021-10-26T17:54:25.774+05:00,0.465429129,clickbank.com,2021-10-26T17:54:07.983+0500,,,-
2021-10-26T17:54:26.276+05:00,8.91894605,wartaekonomi.co.id,2021-10-26T17:54:26.039+0500,296.6620479,36,8.240612441
2021-10-26T17:54:26.777+05:00,2.556780992,wartaekonomi.co.id,2021-10-26T17:54:26.039+0500,,,-
2021-10-26T17:54:27.279+05:00,9.657255472,wartaekonomi.co.id,2021-10-26T17:54:26.039+0500,,,-
2021-10-26T17:54:27.781+05:00,8.087267369,wartaekonomi.co.id,2021-10-26T17:54:26.039+0500,,,-
2021-10-26T17:54:28.282+05:00,17.96558227,wartaekonomi.co.id,2021-10-26T17:54:26.039+0500,,,-
2021-10-26T17:54:28.783+05:00,12.45132042,wartaekonomi.co.id,2021-10-26T17:54:26.039+0500,,,-
2021-10-26T17:54:29.284+05:00,10.41349477,wartaekonomi.co.id,2021-10-26T17:54:26.039+0500,,,-
2021-10-26T17:54:29.785+05:00,7.66802921,wartaekonomi.co.id,2021-10-26T17:54:26.039+0500,,,-
2021-10-26T17:54:30.287+05:00,5.311010859,wartaekonomi.co.id,2021-10-26T17:54:26.039+0500,,,-
2021-10-26T17:54:30.789+05:00,7.372594021,wartaekonomi.co.id,2021-10-26T17:54:26.039+0500,,,-
2021-10-26T17:54:31.290+05:00,2.570777894,wartaekonomi.co.id,2021-10-26T17:54:26.039+0500,,,-
2021-10-26T17:54:31.792+05:00,8.692013564,wartaekonomi.co.id,2021-10-26T17:54:26.039+0500,,,-
2021-10-26T17:54:32.293+05:00,10.23766471,wartaekonomi.co.id,2021-10-26T17:54:26.039+0500,,,-
2021-10-26T17:54:32.794+05:00,15.34248713,wartaekonomi.co.id,2021-10-26T17:54:26.039+0500,,,-
2021-10-26T17:54:33.295+05:00,11.05172302,wartaekonomi.co.id,2021-10-26T17:54:26.039+0500,,,-
2021-10-26T17:54:33.796+05:00,19.54845057,wartaekonomi.co.id,2021-10-26T17:54:26.039+0500,,,-
2021-10-26T17:54:34.297+05:00,17.25666097,wartaekonomi.co.id,2021-10-26T17:54:26.039+0500,,,-
2021-10-26T17:54:34.799+05:00,8.491007683,wartaekonomi.co.id,2021-10-26T17:54:26.039+0500,,,-
2021-10-26T17:54:35.300+05:00,8.620169857,wartaekonomi.co.id,2021-10-26T17:54:26.039+0500,,,-
2021-10-26T17:54:35.802+05:00,10.818118,wartaekonomi.co.id,2021-10-26T17:54:26.039+0500,,,-
2021-10-26T17:54:36.303+05:00,7.132855768,wartaekonomi.co.id,2021-10-26T17:54:26.039+0500,,,-
2021-10-26T17:54:36.804+05:00,9.789274627,wartaekonomi.co.id,2021-10-26T17:54:26.039+0500,,,-
2021-10-26T17:54:37.306+05:00,8.117684182,wartaekonomi.co.id,2021-10-26T17:54:26.039+0500,,,-
2021-10-26T17:54:37.807+05:00,8.239773565,wartaekonomi.co.id,2021-10-26T17:54:26.039+0500,,,-
2021-10-26T17:54:38.309+05:00,8.441350322,wartaekonomi.co.id,2021-10-26T17:54:26.039+0500,,,-
2021-10-26T17:54:38.811+05:00,9.831132566,wartaekonomi.co.id,2021-10-26T17:54:26.039+0500,,,-
2021-10-26T17:54:39.312+05:00,7.780991846,wartaekonomi.co.id,2021-10-26T17:54:26.039+0500,,,-
2021-10-26T17:54:39.814+05:00,6.153779435,wartaekonomi.co.id,2021-10-26T17:54:26.039+0500,,,-
2021-10-26T17:54:40.316+05:00,7.020339765,wartaekonomi.co.id,2021-10-26T17:54:26.039+0500,,,-
2021-10-26T17:54:40.817+05:00,7.843204762,wartaekonomi.co.id,2021-10-26T17:54:26.039+0500,,,-
2021-10-26T17:54:41.319+05:00,10.77622393,wartaekonomi.co.id,2021-10-26T17:54:26.039+0500,,,-
2021-10-26T17:54:41.821+05:00,0.81923761,wartaekonomi.co.id,2021-10-26T17:54:26.039+0500,,,-
2021-10-26T17:54:42.324+05:00,0.535136935,wartaekonomi.co.id,2021-10-26T17:54:26.039+0500,,,-
2021-10-26T17:54:42.826+05:00,0.156077391,wartaekonomi.co.id,2021-10-26T17:54:26.039+0500,,,-
2021-10-26T17:54:43.329+05:00,0.098971844,wartaekonomi.co.id,2021-10-26T17:54:26.039+0500,,,-
2021-10-26T17:54:43.830+05:00,0.894658511,wartaekonomi.co.id,2021-10-26T17:54:26.039+0500,,,-
2021-10-26T17:54:44.330+05:00,10.2903659,thestartmagazine.com,2021-10-26T17:54:44.093+0500,136.511639,36,3.791989973
2021-10-26T17:54:44.832+05:00,3.361974698,thestartmagazine.com,2021-10-26T17:54:44.093+0500,,,-
2021-10-26T17:54:45.333+05:00,2.578398025,thestartmagazine.com,2021-10-26T17:54:44.093+0500,,,-
2021-10-26T17:54:45.836+05:00,7.020232854,thestartmagazine.com,2021-10-26T17:54:44.093+0500,,,-
2021-10-26T17:54:46.337+05:00,10.43798011,thestartmagazine.com,2021-10-26T17:54:44.093+0500,,,-
2021-10-26T17:54:46.839+05:00,5.163065648,thestartmagazine.com,2021-10-26T17:54:44.093+0500,,,-
2021-10-26T17:54:47.341+05:00,5.183928795,thestartmagazine.com,2021-10-26T17:54:44.093+0500,,,-
2021-10-26T17:54:47.844+05:00,5.288656576,thestartmagazine.com,2021-10-26T17:54:44.093+0500,,,-
2021-10-26T17:54:48.345+05:00,3.498866392,thestartmagazine.com,2021-10-26T17:54:44.093+0500,,,-
2021-10-26T17:54:48.847+05:00,6.32697803,thestartmagazine.com,2021-10-26T17:54:44.093+0500,,,-
2021-10-26T17:54:49.349+05:00,4.880254214,thestartmagazine.com,2021-10-26T17:54:44.093+0500,,,-
2021-10-26T17:54:49.851+05:00,5.890487244,thestartmagazine.com,2021-10-26T17:54:44.093+0500,,,-
2021-10-26T17:54:50.353+05:00,2.685158588,thestartmagazine.com,2021-10-26T17:54:44.093+0500,,,-
2021-10-26T17:54:50.856+05:00,2.931116029,thestartmagazine.com,2021-10-26T17:54:44.093+0500,,,-
2021-10-26T17:54:51.357+05:00,2.836362798,thestartmagazine.com,2021-10-26T17:54:44.093+0500,,,-
2021-10-26T17:54:51.859+05:00,3.200970188,thestartmagazine.com,2021-10-26T17:54:44.093+0500,,,-
2021-10-26T17:54:52.361+05:00,3.88677365,thestartmagazine.com,2021-10-26T17:54:44.093+0500,,,-
2021-10-26T17:54:52.863+05:00,7.100369544,thestartmagazine.com,2021-10-26T17:54:44.093+0500,,,-
2021-10-26T17:54:53.364+05:00,6.102628224,thestartmagazine.com,2021-10-26T17:54:44.093+0500,,,-
2021-10-26T17:54:53.875+05:00,5.352282494,thestartmagazine.com,2021-10-26T17:54:44.093+0500,,,-
2021-10-26T17:54:54.376+05:00,6.856942203,thestartmagazine.com,2021-10-26T17:54:44.093+0500,,,-
2021-10-26T17:54:54.878+05:00,8.894755058,thestartmagazine.com,2021-10-26T17:54:44.093+0500,,,-
2021-10-26T17:54:55.380+05:00,1.082436586,thestartmagazine.com,2021-10-26T17:54:44.093+0500,,,-
2021-10-26T17:54:55.882+05:00,1.007901497,thestartmagazine.com,2021-10-26T17:54:44.093+0500,,,-
2021-10-26T17:54:56.384+05:00,1.523519404,thestartmagazine.com,2021-10-26T17:54:44.093+0500,,,-
2021-10-26T17:54:56.886+05:00,0.246882835,thestartmagazine.com,2021-10-26T17:54:44.093+0500,,,-
2021-10-26T17:54:57.388+05:00,0.059756342,thestartmagazine.com,2021-10-26T17:54:44.093+0500,,,-
2021-10-26T17:54:57.891+05:00,0.190446114,thestartmagazine.com,2021-10-26T17:54:44.093+0500,,,-
2021-10-26T17:54:58.392+05:00,0.245190705,thestartmagazine.com,2021-10-26T17:54:44.093+0500,,,-
2021-10-26T17:54:58.895+05:00,2.805675846,thestartmagazine.com,2021-10-26T17:54:44.093+0500,,,-
2021-10-26T17:54:59.396+05:00,7.344118742,thestartmagazine.com,2021-10-26T17:54:44.093+0500,,,-
2021-10-26T17:54:59.899+05:00,0.689781471,thestartmagazine.com,2021-10-26T17:54:44.093+0500,,,-
2021-10-26T17:55:00.401+05:00,0.42912734,thestartmagazine.com,2021-10-26T17:54:44.093+0500,,,-
2021-10-26T17:55:00.904+05:00,0.095880934,thestartmagazine.com,2021-10-26T17:54:44.093+0500,,,-
2021-10-26T17:55:01.407+05:00,0.137830249,thestartmagazine.com,2021-10-26T17:54:44.093+0500,,,-
2021-10-26T17:55:01.910+05:00,0.884543688,thestartmagazine.com,2021-10-26T17:54:44.093+0500,,,-
2021-10-26T17:55:02.412+05:00,8.794683668,woocommerce.com,2021-10-26T17:55:02.148+0500,100.242059,36,2.784501639
2021-10-26T17:55:02.913+05:00,7.436286833,woocommerce.com,2021-10-26T17:55:02.148+0500,,,-
2021-10-26T17:55:03.414+05:00,11.66834527,woocommerce.com,2021-10-26T17:55:02.148+0500,,,-
2021-10-26T17:55:03.915+05:00,16.73620872,woocommerce.com,2021-10-26T17:55:02.148+0500,,,-
2021-10-26T17:55:04.417+05:00,6.427810115,woocommerce.com,2021-10-26T17:55:02.148+0500,,,-
2021-10-26T17:55:04.920+05:00,2.85246118,woocommerce.com,2021-10-26T17:55:02.148+0500,,,-
2021-10-26T17:55:05.421+05:00,12.04135082,woocommerce.com,2021-10-26T17:55:02.148+0500,,,-
2021-10-26T17:55:05.923+05:00,2.025957741,woocommerce.com,2021-10-26T17:55:02.148+0500,,,-
2021-10-26T17:55:06.425+05:00,3.971606349,woocommerce.com,2021-10-26T17:55:02.148+0500,,,-
2021-10-26T17:55:06.927+05:00,4.066526887,woocommerce.com,2021-10-26T17:55:02.148+0500,,,-
2021-10-26T17:55:07.429+05:00,2.10379802,woocommerce.com,2021-10-26T17:55:02.148+0500,,,-
2021-10-26T17:55:07.932+05:00,0.593031667,woocommerce.com,2021-10-26T17:55:02.148+0500,,,-
2021-10-26T17:55:08.435+05:00,0.403045476,woocommerce.com,2021-10-26T17:55:02.148+0500,,,-
2021-10-26T17:55:08.938+05:00,1.219667018,woocommerce.com,2021-10-26T17:55:02.148+0500,,,-
2021-10-26T17:55:09.441+05:00,0.064232701,woocommerce.com,2021-10-26T17:55:02.148+0500,,,-
2021-10-26T17:55:09.944+05:00,0.094335221,woocommerce.com,2021-10-26T17:55:02.148+0500,,,-
2021-10-26T17:55:10.446+05:00,3.555743927,woocommerce.com,2021-10-26T17:55:02.148+0500,,,-
2021-10-26T17:55:10.948+05:00,0.428828701,woocommerce.com,2021-10-26T17:55:02.148+0500,,,-
2021-10-26T17:55:11.449+05:00,0.233789386,woocommerce.com,2021-10-26T17:55:02.148+0500,,,-
2021-10-26T17:55:11.951+05:00,0.059426135,woocommerce.com,2021-10-26T17:55:02.148+0500,,,-
2021-10-26T17:55:12.454+05:00,3.794405362,woocommerce.com,2021-10-26T17:55:02.148+0500,,,-
2021-10-26T17:55:12.957+05:00,0.163539352,woocommerce.com,2021-10-26T17:55:02.148+0500,,,-
2021-10-26T17:55:13.459+05:00,0.216000781,woocommerce.com,2021-10-26T17:55:02.148+0500,,,-
2021-10-26T17:55:13.960+05:00,0.034650654,woocommerce.com,2021-10-26T17:55:02.148+0500,,,-
2021-10-26T17:55:14.462+05:00,2.126279716,woocommerce.com,2021-10-26T17:55:02.148+0500,,,-
2021-10-26T17:55:14.973+05:00,0.078760123,woocommerce.com,2021-10-26T17:55:02.148+0500,,,-
2021-10-26T17:55:15.476+05:00,0.052353607,woocommerce.com,2021-10-26T17:55:02.148+0500,,,-
2021-10-26T17:55:15.977+05:00,0,woocommerce.com,2021-10-26T17:55:02.148+0500,,,-
2021-10-26T17:55:16.479+05:00,0.499870438,woocommerce.com,2021-10-26T17:55:02.148+0500,,,-
2021-10-26T17:55:16.981+05:00,0.08842215,woocommerce.com,2021-10-26T17:55:02.148+0500,,,-
2021-10-26T17:55:17.483+05:00,4.569185466,woocommerce.com,2021-10-26T17:55:02.148+0500,,,-
2021-10-26T17:55:17.986+05:00,0.206103002,woocommerce.com,2021-10-26T17:55:02.148+0500,,,-
2021-10-26T17:55:18.489+05:00,2.572563445,woocommerce.com,2021-10-26T17:55:02.148+0500,,,-
2021-10-26T17:55:18.992+05:00,0.055639902,woocommerce.com,2021-10-26T17:55:02.148+0500,,,-
2021-10-26T17:55:19.494+05:00,0.492252487,woocommerce.com,2021-10-26T17:55:02.148+0500,,,-
2021-10-26T17:55:19.996+05:00,0.514896673,woocommerce.com,2021-10-26T17:55:02.148+0500,,,-
2021-10-26T17:55:20.498+05:00,8.943038494,dcard.tw,2021-10-26T17:55:20.207+0500,264.336181,36,7.342671693
2021-10-26T17:55:21.001+05:00,4.302835632,dcard.tw,2021-10-26T17:55:20.207+0500,,,-
2021-10-26T17:55:21.503+05:00,3.077547587,dcard.tw,2021-10-26T17:55:20.207+0500,,,-
2021-10-26T17:55:22.004+05:00,7.356114122,dcard.tw,2021-10-26T17:55:20.207+0500,,,-
2021-10-26T17:55:22.504+05:00,10.91259864,dcard.tw,2021-10-26T17:55:20.207+0500,,,-
2021-10-26T17:55:23.005+05:00,5.861864084,dcard.tw,2021-10-26T17:55:20.207+0500,,,-
2021-10-26T17:55:23.506+05:00,2.646979201,dcard.tw,2021-10-26T17:55:20.207+0500,,,-
2021-10-26T17:55:24.007+05:00,2.415675954,dcard.tw,2021-10-26T17:55:20.207+0500,,,-
2021-10-26T17:55:24.508+05:00,3.997354685,dcard.tw,2021-10-26T17:55:20.207+0500,,,-
2021-10-26T17:55:25.009+05:00,4.965185588,dcard.tw,2021-10-26T17:55:20.207+0500,,,-
2021-10-26T17:55:25.510+05:00,10.88322799,dcard.tw,2021-10-26T17:55:20.207+0500,,,-
2021-10-26T17:55:26.011+05:00,24.84877448,dcard.tw,2021-10-26T17:55:20.207+0500,,,-
2021-10-26T17:55:26.514+05:00,17.35636903,dcard.tw,2021-10-26T17:55:20.207+0500,,,-
2021-10-26T17:55:27.015+05:00,17.53425996,dcard.tw,2021-10-26T17:55:20.207+0500,,,-
2021-10-26T17:55:27.516+05:00,8.959145249,dcard.tw,2021-10-26T17:55:20.207+0500,,,-
2021-10-26T17:55:28.018+05:00,10.00346049,dcard.tw,2021-10-26T17:55:20.207+0500,,,-
2021-10-26T17:55:28.519+05:00,10.08340102,dcard.tw,2021-10-26T17:55:20.207+0500,,,-
2021-10-26T17:55:29.021+05:00,3.907571482,dcard.tw,2021-10-26T17:55:20.207+0500,,,-
2021-10-26T17:55:29.523+05:00,12.50797567,dcard.tw,2021-10-26T17:55:20.207+0500,,,-
2021-10-26T17:55:30.024+05:00,19.04152087,dcard.tw,2021-10-26T17:55:20.207+0500,,,-
2021-10-26T17:55:30.527+05:00,5.388890498,dcard.tw,2021-10-26T17:55:20.207+0500,,,-
2021-10-26T17:55:31.028+05:00,9.233742045,dcard.tw,2021-10-26T17:55:20.207+0500,,,-
2021-10-26T17:55:31.530+05:00,17.60575252,dcard.tw,2021-10-26T17:55:20.207+0500,,,-
2021-10-26T17:55:32.031+05:00,4.907072488,dcard.tw,2021-10-26T17:55:20.207+0500,,,-
2021-10-26T17:55:32.533+05:00,12.67305713,dcard.tw,2021-10-26T17:55:20.207+0500,,,-
2021-10-26T17:55:33.036+05:00,5.480345419,dcard.tw,2021-10-26T17:55:20.207+0500,,,-
2021-10-26T17:55:33.538+05:00,2.761626802,dcard.tw,2021-10-26T17:55:20.207+0500,,,-
2021-10-26T17:55:34.040+05:00,1.971890162,dcard.tw,2021-10-26T17:55:20.207+0500,,,-
2021-10-26T17:55:34.542+05:00,1.895316999,dcard.tw,2021-10-26T17:55:20.207+0500,,,-
2021-10-26T17:55:35.045+05:00,1.656595181,dcard.tw,2021-10-26T17:55:20.207+0500,,,-
2021-10-26T17:55:35.546+05:00,7.039196021,dcard.tw,2021-10-26T17:55:20.207+0500,,,-
2021-10-26T17:55:36.048+05:00,2.427094025,dcard.tw,2021-10-26T17:55:20.207+0500,,,-
2021-10-26T17:55:36.550+05:00,0.941838428,dcard.tw,2021-10-26T17:55:20.207+0500,,,-
2021-10-26T17:55:37.052+05:00,0.031877735,dcard.tw,2021-10-26T17:55:20.207+0500,,,-
2021-10-26T17:55:37.554+05:00,0.369684122,dcard.tw,2021-10-26T17:55:20.207+0500,,,-
2021-10-26T17:55:38.056+05:00,0.347301155,dcard.tw,2021-10-26T17:55:20.207+0500,,,-
2021-10-26T17:55:38.558+05:00,9.869502504,google.com.vn,2021-10-26T17:55:38.268+0500,85.21224737,36,2.367006871
2021-10-26T17:55:39.060+05:00,2.821608476,google.com.vn,2021-10-26T17:55:38.268+0500,,,-
2021-10-26T17:55:39.563+05:00,1.457227736,google.com.vn,2021-10-26T17:55:38.268+0500,,,-
2021-10-26T17:55:40.064+05:00,4.137045158,google.com.vn,2021-10-26T17:55:38.268+0500,,,-
2021-10-26T17:55:40.565+05:00,6.643799055,google.com.vn,2021-10-26T17:55:38.268+0500,,,-
2021-10-26T17:55:41.067+05:00,15.68480632,google.com.vn,2021-10-26T17:55:38.268+0500,,,-
2021-10-26T17:55:41.569+05:00,13.77643208,google.com.vn,2021-10-26T17:55:38.268+0500,,,-
2021-10-26T17:55:42.070+05:00,2.499901806,google.com.vn,2021-10-26T17:55:38.268+0500,,,-
2021-10-26T17:55:42.572+05:00,2.83038422,google.com.vn,2021-10-26T17:55:38.268+0500,,,-
2021-10-26T17:55:43.073+05:00,2.149460282,google.com.vn,2021-10-26T17:55:38.268+0500,,,-
2021-10-26T17:55:43.575+05:00,0.81157887,google.com.vn,2021-10-26T17:55:38.268+0500,,,-
2021-10-26T17:55:44.078+05:00,0.119199251,google.com.vn,2021-10-26T17:55:38.268+0500,,,-
2021-10-26T17:55:44.581+05:00,0.690719226,google.com.vn,2021-10-26T17:55:38.268+0500,,,-
2021-10-26T17:55:45.083+05:00,0.224725309,google.com.vn,2021-10-26T17:55:38.268+0500,,,-
2021-10-26T17:55:45.585+05:00,3.082193841,google.com.vn,2021-10-26T17:55:38.268+0500,,,-
2021-10-26T17:55:46.088+05:00,0.454262206,google.com.vn,2021-10-26T17:55:38.268+0500,,,-
2021-10-26T17:55:46.589+05:00,0.450985019,google.com.vn,2021-10-26T17:55:38.268+0500,,,-
2021-10-26T17:55:47.090+05:00,0.896789698,google.com.vn,2021-10-26T17:55:38.268+0500,,,-
2021-10-26T17:55:47.591+05:00,0.245048791,google.com.vn,2021-10-26T17:55:38.268+0500,,,-
2021-10-26T17:55:48.092+05:00,0.698962299,google.com.vn,2021-10-26T17:55:38.268+0500,,,-
2021-10-26T17:55:48.595+05:00,0.274664017,google.com.vn,2021-10-26T17:55:38.268+0500,,,-
2021-10-26T17:55:49.097+05:00,0.080215103,google.com.vn,2021-10-26T17:55:38.268+0500,,,-
2021-10-26T17:55:49.600+05:00,1.454612222,google.com.vn,2021-10-26T17:55:38.268+0500,,,-
2021-10-26T17:55:50.101+05:00,0.363756418,google.com.vn,2021-10-26T17:55:38.268+0500,,,-
2021-10-26T17:55:50.604+05:00,0.723140921,google.com.vn,2021-10-26T17:55:38.268+0500,,,-
2021-10-26T17:55:51.106+05:00,2.08950359,google.com.vn,2021-10-26T17:55:38.268+0500,,,-
2021-10-26T17:55:51.609+05:00,0.269521853,google.com.vn,2021-10-26T17:55:38.268+0500,,,-
2021-10-26T17:55:52.112+05:00,0.071698947,google.com.vn,2021-10-26T17:55:38.268+0500,,,-
2021-10-26T17:55:52.614+05:00,0.575241501,google.com.vn,2021-10-26T17:55:38.268+0500,,,-
2021-10-26T17:55:53.117+05:00,0.425680524,google.com.vn,2021-10-26T17:55:38.268+0500,,,-
2021-10-26T17:55:53.619+05:00,7.750426699,google.com.vn,2021-10-26T17:55:38.268+0500,,,-
2021-10-26T17:55:54.122+05:00,0.194179466,google.com.vn,2021-10-26T17:55:38.268+0500,,,-
2021-10-26T17:55:54.624+05:00,0.449531097,google.com.vn,2021-10-26T17:55:38.268+0500,,,-
2021-10-26T17:55:55.127+05:00,0.334080665,google.com.vn,2021-10-26T17:55:38.268+0500,,,-
2021-10-26T17:55:55.628+05:00,0.267838846,google.com.vn,2021-10-26T17:55:38.268+0500,,,-
2021-10-26T17:55:56.137+05:00,0.343523349,google.com.vn,2021-10-26T17:55:38.268+0500,,,-
2021-10-26T17:55:56.639+05:00,8.908192694,bola.com,2021-10-26T17:55:56.330+0500,246.1483261,36,6.837453501
2021-10-26T17:55:57.141+05:00,2.02887337,bola.com,2021-10-26T17:55:56.330+0500,,,-
2021-10-26T17:55:57.643+05:00,1.469396252,bola.com,2021-10-26T17:55:56.330+0500,,,-
2021-10-26T17:55:58.145+05:00,1.340692321,bola.com,2021-10-26T17:55:56.330+0500,,,-
2021-10-26T17:55:58.648+05:00,1.543272453,bola.com,2021-10-26T17:55:56.330+0500,,,-
2021-10-26T17:55:59.150+05:00,2.446366998,bola.com,2021-10-26T17:55:56.330+0500,,,-
2021-10-26T17:55:59.652+05:00,0.715418469,bola.com,2021-10-26T17:55:56.330+0500,,,-
2021-10-26T17:56:00.153+05:00,1.638867718,bola.com,2021-10-26T17:55:56.330+0500,,,-
2021-10-26T17:56:00.655+05:00,1.209779539,bola.com,2021-10-26T17:55:56.330+0500,,,-
2021-10-26T17:56:01.157+05:00,1.263841637,bola.com,2021-10-26T17:55:56.330+0500,,,-
2021-10-26T17:56:01.659+05:00,4.064425635,bola.com,2021-10-26T17:55:56.330+0500,,,-
2021-10-26T17:56:02.162+05:00,1.104290636,bola.com,2021-10-26T17:55:56.330+0500,,,-
2021-10-26T17:56:02.664+05:00,2.16314979,bola.com,2021-10-26T17:55:56.330+0500,,,-
2021-10-26T17:56:03.166+05:00,2.111521326,bola.com,2021-10-26T17:55:56.330+0500,,,-
2021-10-26T17:56:03.668+05:00,2.622880131,bola.com,2021-10-26T17:55:56.330+0500,,,-
2021-10-26T17:56:04.170+05:00,7.483814866,bola.com,2021-10-26T17:55:56.330+0500,,,-
2021-10-26T17:56:04.671+05:00,13.19593674,bola.com,2021-10-26T17:55:56.330+0500,,,-
2021-10-26T17:56:05.172+05:00,13.00617593,bola.com,2021-10-26T17:55:56.330+0500,,,-
2021-10-26T17:56:05.673+05:00,21.42115038,bola.com,2021-10-26T17:55:56.330+0500,,,-
2021-10-26T17:56:06.174+05:00,9.885584183,bola.com,2021-10-26T17:55:56.330+0500,,,-
2021-10-26T17:56:06.675+05:00,6.113866068,bola.com,2021-10-26T17:55:56.330+0500,,,-
2021-10-26T17:56:07.177+05:00,10.69583503,bola.com,2021-10-26T17:55:56.330+0500,,,-
2021-10-26T17:56:07.678+05:00,7.852873551,bola.com,2021-10-26T17:55:56.330+0500,,,-
2021-10-26T17:56:08.179+05:00,12.07947473,bola.com,2021-10-26T17:55:56.330+0500,,,-
2021-10-26T17:56:08.680+05:00,18.96808995,bola.com,2021-10-26T17:55:56.330+0500,,,-
2021-10-26T17:56:09.181+05:00,7.703273258,bola.com,2021-10-26T17:55:56.330+0500,,,-
2021-10-26T17:56:09.683+05:00,19.7865776,bola.com,2021-10-26T17:55:56.330+0500,,,-
2021-10-26T17:56:10.185+05:00,21.59295702,bola.com,2021-10-26T17:55:56.330+0500,,,-
2021-10-26T17:56:10.686+05:00,8.28495081,bola.com,2021-10-26T17:55:56.330+0500,,,-
2021-10-26T17:56:11.188+05:00,13.56923462,bola.com,2021-10-26T17:55:56.330+0500,,,-
2021-10-26T17:56:11.689+05:00,17.38752714,bola.com,2021-10-26T17:55:56.330+0500,,,-
2021-10-26T17:56:12.192+05:00,0.660382584,bola.com,2021-10-26T17:55:56.330+0500,,,-
2021-10-26T17:56:12.695+05:00,0.758968668,bola.com,2021-10-26T17:55:56.330+0500,,,-
2021-10-26T17:56:13.197+05:00,0.186946783,bola.com,2021-10-26T17:55:56.330+0500,,,-
2021-10-26T17:56:13.700+05:00,0.121167243,bola.com,2021-10-26T17:55:56.330+0500,,,-
2021-10-26T17:56:14.202+05:00,0.762569924,bola.com,2021-10-26T17:55:56.330+0500,,,-
2021-10-26T17:56:14.704+05:00,9.889894652,google.com.au,2021-10-26T17:56:14.388+0500,83.09004514,36,2.30805681
2021-10-26T17:56:15.205+05:00,2.484491811,google.com.au,2021-10-26T17:56:14.388+0500,,,-
2021-10-26T17:56:15.707+05:00,2.550167537,google.com.au,2021-10-26T17:56:14.388+0500,,,-
2021-10-26T17:56:16.209+05:00,2.837855992,google.com.au,2021-10-26T17:56:14.388+0500,,,-
2021-10-26T17:56:16.711+05:00,4.591899004,google.com.au,2021-10-26T17:56:14.388+0500,,,-
2021-10-26T17:56:17.218+05:00,16.06771377,google.com.au,2021-10-26T17:56:14.388+0500,,,-
2021-10-26T17:56:17.719+05:00,7.240172397,google.com.au,2021-10-26T17:56:14.388+0500,,,-
2021-10-26T17:56:18.221+05:00,3.387125963,google.com.au,2021-10-26T17:56:14.388+0500,,,-
2021-10-26T17:56:18.722+05:00,3.148774852,google.com.au,2021-10-26T17:56:14.388+0500,,,-
2021-10-26T17:56:19.223+05:00,3.039006126,google.com.au,2021-10-26T17:56:14.388+0500,,,-
2021-10-26T17:56:19.724+05:00,1.91586945,google.com.au,2021-10-26T17:56:14.388+0500,,,-
2021-10-26T17:56:20.225+05:00,0.258209838,google.com.au,2021-10-26T17:56:14.388+0500,,,-
2021-10-26T17:56:20.727+05:00,0.723474984,google.com.au,2021-10-26T17:56:14.388+0500,,,-
2021-10-26T17:56:21.228+05:00,2.894433719,google.com.au,2021-10-26T17:56:14.388+0500,,,-
2021-10-26T17:56:21.729+05:00,1.417264467,google.com.au,2021-10-26T17:56:14.388+0500,,,-
2021-10-26T17:56:22.232+05:00,1.248404021,google.com.au,2021-10-26T17:56:14.388+0500,,,-
2021-10-26T17:56:22.733+05:00,3.580076614,google.com.au,2021-10-26T17:56:14.388+0500,,,-
2021-10-26T17:56:23.236+05:00,1.616143158,google.com.au,2021-10-26T17:56:14.388+0500,,,-
2021-10-26T17:56:23.737+05:00,0.135673812,google.com.au,2021-10-26T17:56:14.388+0500,,,-
2021-10-26T17:56:24.240+05:00,0.358668802,google.com.au,2021-10-26T17:56:14.388+0500,,,-
2021-10-26T17:56:24.743+05:00,0.115726209,google.com.au,2021-10-26T17:56:14.388+0500,,,-
2021-10-26T17:56:25.245+05:00,0.433671514,google.com.au,2021-10-26T17:56:14.388+0500,,,-
2021-10-26T17:56:25.747+05:00,0.197374897,google.com.au,2021-10-26T17:56:14.388+0500,,,-
2021-10-26T17:56:26.248+05:00,0.565089766,google.com.au,2021-10-26T17:56:14.388+0500,,,-
2021-10-26T17:56:26.751+05:00,2.17789605,google.com.au,2021-10-26T17:56:14.388+0500,,,-
2021-10-26T17:56:27.253+05:00,0.413117107,google.com.au,2021-10-26T17:56:14.388+0500,,,-
2021-10-26T17:56:27.755+05:00,0.121366885,google.com.au,2021-10-26T17:56:14.388+0500,,,-
2021-10-26T17:56:28.257+05:00,0.602065277,google.com.au,2021-10-26T17:56:14.388+0500,,,-
2021-10-26T17:56:28.760+05:00,0.151425831,google.com.au,2021-10-26T17:56:14.388+0500,,,-
2021-10-26T17:56:29.263+05:00,0.473278104,google.com.au,2021-10-26T17:56:14.388+0500,,,-
2021-10-26T17:56:29.766+05:00,6.528410681,google.com.au,2021-10-26T17:56:14.388+0500,,,-
2021-10-26T17:56:30.269+05:00,0.222034867,google.com.au,2021-10-26T17:56:14.388+0500,,,-
2021-10-26T17:56:30.771+05:00,0.42150902,google.com.au,2021-10-26T17:56:14.388+0500,,,-
2021-10-26T17:56:31.273+05:00,0.227415421,google.com.au,2021-10-26T17:56:14.388+0500,,,-
2021-10-26T17:56:31.774+05:00,0.208111648,google.com.au,2021-10-26T17:56:14.388+0500,,,-
2021-10-26T17:56:32.276+05:00,0.846230899,google.com.au,2021-10-26T17:56:14.388+0500,,,-
2021-10-26T17:56:32.778+05:00,8.936461943,usatoday.com,2021-10-26T17:56:32.441+0500,176.5755461,36,4.90487628
2021-10-26T17:56:33.280+05:00,2.936020822,usatoday.com,2021-10-26T17:56:32.441+0500,,,-
2021-10-26T17:56:33.782+05:00,2.728275062,usatoday.com,2021-10-26T17:56:32.441+0500,,,-
2021-10-26T17:56:34.283+05:00,8.634763241,usatoday.com,2021-10-26T17:56:32.441+0500,,,-
2021-10-26T17:56:34.784+05:00,9.395924258,usatoday.com,2021-10-26T17:56:32.441+0500,,,-
2021-10-26T17:56:35.285+05:00,6.167645493,usatoday.com,2021-10-26T17:56:32.441+0500,,,-
2021-10-26T17:56:35.787+05:00,4.473307235,usatoday.com,2021-10-26T17:56:32.441+0500,,,-
2021-10-26T17:56:36.289+05:00,7.89980467,usatoday.com,2021-10-26T17:56:32.441+0500,,,-
2021-10-26T17:56:36.789+05:00,5.406271548,usatoday.com,2021-10-26T17:56:32.441+0500,,,-
2021-10-26T17:56:37.291+05:00,5.516466587,usatoday.com,2021-10-26T17:56:32.441+0500,,,-
2021-10-26T17:56:37.792+05:00,9.048444794,usatoday.com,2021-10-26T17:56:32.441+0500,,,-
2021-10-26T17:56:38.293+05:00,4.884486623,usatoday.com,2021-10-26T17:56:32.441+0500,,,-
2021-10-26T17:56:38.794+05:00,5.052864899,usatoday.com,2021-10-26T17:56:32.441+0500,,,-
2021-10-26T17:56:39.296+05:00,8.876242133,usatoday.com,2021-10-26T17:56:32.441+0500,,,-
2021-10-26T17:56:39.797+05:00,8.502315773,usatoday.com,2021-10-26T17:56:32.441+0500,,,-
2021-10-26T17:56:40.298+05:00,12.17689846,usatoday.com,2021-10-26T17:56:32.441+0500,,,-
2021-10-26T17:56:40.799+05:00,9.539936529,usatoday.com,2021-10-26T17:56:32.441+0500,,,-
2021-10-26T17:56:41.301+05:00,5.717767879,usatoday.com,2021-10-26T17:56:32.441+0500,,,-
2021-10-26T17:56:41.803+05:00,4.72766918,usatoday.com,2021-10-26T17:56:32.441+0500,,,-
2021-10-26T17:56:42.304+05:00,8.31633826,usatoday.com,2021-10-26T17:56:32.441+0500,,,-
2021-10-26T17:56:42.805+05:00,4.319783528,usatoday.com,2021-10-26T17:56:32.441+0500,,,-
2021-10-26T17:56:43.308+05:00,2.276400353,usatoday.com,2021-10-26T17:56:32.441+0500,,,-
2021-10-26T17:56:43.809+05:00,6.85045455,usatoday.com,2021-10-26T17:56:32.441+0500,,,-
2021-10-26T17:56:44.310+05:00,5.268565307,usatoday.com,2021-10-26T17:56:32.441+0500,,,-
2021-10-26T17:56:44.811+05:00,4.238885643,usatoday.com,2021-10-26T17:56:32.441+0500,,,-
2021-10-26T17:56:45.313+05:00,2.306446783,usatoday.com,2021-10-26T17:56:32.441+0500,,,-
2021-10-26T17:56:45.815+05:00,0.642218444,usatoday.com,2021-10-26T17:56:32.441+0500,,,-
2021-10-26T17:56:46.317+05:00,0.796271759,usatoday.com,2021-10-26T17:56:32.441+0500,,,-
2021-10-26T17:56:46.820+05:00,0.341679742,usatoday.com,2021-10-26T17:56:32.441+0500,,,-
2021-10-26T17:56:47.323+05:00,0.050372002,usatoday.com,2021-10-26T17:56:32.441+0500,,,-
2021-10-26T17:56:47.824+05:00,7.696862474,usatoday.com,2021-10-26T17:56:32.441+0500,,,-
2021-10-26T17:56:48.326+05:00,0.836550163,usatoday.com,2021-10-26T17:56:32.441+0500,,,-
2021-10-26T17:56:48.827+05:00,1.215881436,usatoday.com,2021-10-26T17:56:32.441+0500,,,-
2021-10-26T17:56:49.330+05:00,0.081716517,usatoday.com,2021-10-26T17:56:32.441+0500,,,-
2021-10-26T17:56:49.831+05:00,0.224638818,usatoday.com,2021-10-26T17:56:32.441+0500,,,-
2021-10-26T17:56:50.334+05:00,0.490913166,usatoday.com,2021-10-26T17:56:32.441+0500,,,-
2021-10-26T17:56:50.836+05:00,8.896101824,list-manage.com,2021-10-26T17:56:50.497+0500,43.86664233,36,1.218517843
2021-10-26T17:56:51.337+05:00,3.357808644,list-manage.com,2021-10-26T17:56:50.497+0500,,,-
2021-10-26T17:56:51.839+05:00,1.120623862,list-manage.com,2021-10-26T17:56:50.497+0500,,,-
2021-10-26T17:56:52.340+05:00,1.562790701,list-manage.com,2021-10-26T17:56:50.497+0500,,,-
2021-10-26T17:56:52.841+05:00,3.342097725,list-manage.com,2021-10-26T17:56:50.497+0500,,,-
2021-10-26T17:56:53.343+05:00,7.879092457,list-manage.com,2021-10-26T17:56:50.497+0500,,,-
2021-10-26T17:56:53.844+05:00,5.194240217,list-manage.com,2021-10-26T17:56:50.497+0500,,,-
2021-10-26T17:56:54.345+05:00,1.155056113,list-manage.com,2021-10-26T17:56:50.497+0500,,,-
2021-10-26T17:56:54.848+05:00,0.402424045,list-manage.com,2021-10-26T17:56:50.497+0500,,,-
2021-10-26T17:56:55.351+05:00,0.079381938,list-manage.com,2021-10-26T17:56:50.497+0500,,,-
2021-10-26T17:56:55.852+05:00,0.168466849,list-manage.com,2021-10-26T17:56:50.497+0500,,,-
2021-10-26T17:56:56.354+05:00,0.143718541,list-manage.com,2021-10-26T17:56:50.497+0500,,,-
2021-10-26T17:56:56.856+05:00,0.029916025,list-manage.com,2021-10-26T17:56:50.497+0500,,,-
2021-10-26T17:56:57.358+05:00,0.129573744,list-manage.com,2021-10-26T17:56:50.497+0500,,,-
2021-10-26T17:56:57.864+05:00,0.046342,list-manage.com,2021-10-26T17:56:50.497+0500,,,-
2021-10-26T17:56:58.366+05:00,0.01145519,list-manage.com,2021-10-26T17:56:50.497+0500,,,-
2021-10-26T17:56:58.869+05:00,0.99988849,list-manage.com,2021-10-26T17:56:50.497+0500,,,-
2021-10-26T17:56:59.370+05:00,0,list-manage.com,2021-10-26T17:56:50.497+0500,,,-
2021-10-26T17:56:59.870+05:00,0.090598422,list-manage.com,2021-10-26T17:56:50.497+0500,,,-
2021-10-26T17:57:00.371+05:00,0.089015261,list-manage.com,2021-10-26T17:56:50.497+0500,,,-
2021-10-26T17:57:00.874+05:00,0.108141264,list-manage.com,2021-10-26T17:56:50.497+0500,,,-
2021-10-26T17:57:01.376+05:00,0.145532496,list-manage.com,2021-10-26T17:56:50.497+0500,,,-
2021-10-26T17:57:01.877+05:00,0.052138322,list-manage.com,2021-10-26T17:56:50.497+0500,,,-
2021-10-26T17:57:02.379+05:00,0.110100309,list-manage.com,2021-10-26T17:56:50.497+0500,,,-
2021-10-26T17:57:02.880+05:00,0.143587211,list-manage.com,2021-10-26T17:56:50.497+0500,,,-
2021-10-26T17:57:03.381+05:00,0.270059186,list-manage.com,2021-10-26T17:56:50.497+0500,,,-
2021-10-26T17:57:03.882+05:00,0,list-manage.com,2021-10-26T17:56:50.497+0500,,,-
2021-10-26T17:57:04.385+05:00,0.107628174,list-manage.com,2021-10-26T17:56:50.497+0500,,,-
2021-10-26T17:57:04.887+05:00,0.105893246,list-manage.com,2021-10-26T17:56:50.497+0500,,,-
2021-10-26T17:57:05.388+05:00,0.193068827,list-manage.com,2021-10-26T17:56:50.497+0500,,,-
2021-10-26T17:57:05.889+05:00,5.086046112,list-manage.com,2021-10-26T17:56:50.497+0500,,,-
2021-10-26T17:57:06.390+05:00,1.38267864,list-manage.com,2021-10-26T17:56:50.497+0500,,,-
2021-10-26T17:57:06.891+05:00,0.762147147,list-manage.com,2021-10-26T17:56:50.497+0500,,,-
2021-10-26T17:57:07.392+05:00,0.106027644,list-manage.com,2021-10-26T17:56:50.497+0500,,,-
2021-10-26T17:57:07.893+05:00,0.222457057,list-manage.com,2021-10-26T17:56:50.497+0500,,,-
2021-10-26T17:57:08.396+05:00,0.372544651,list-manage.com,2021-10-26T17:56:50.497+0500,,,-
2021-10-26T17:57:08.897+05:00,9.505622271,webmd.com,2021-10-26T17:57:08.553+0500,373.5829469,36,10.37730408
2021-10-26T17:57:09.398+05:00,2.205168008,webmd.com,2021-10-26T17:57:08.553+0500,,,-
2021-10-26T17:57:09.898+05:00,3.570026365,webmd.com,2021-10-26T17:57:08.553+0500,,,-
2021-10-26T17:57:10.399+05:00,9.035985721,webmd.com,2021-10-26T17:57:08.553+0500,,,-
2021-10-26T17:57:10.901+05:00,10.97894665,webmd.com,2021-10-26T17:57:08.553+0500,,,-
2021-10-26T17:57:11.402+05:00,7.247713582,webmd.com,2021-10-26T17:57:08.553+0500,,,-
2021-10-26T17:57:11.903+05:00,5.607114948,webmd.com,2021-10-26T17:57:08.553+0500,,,-
2021-10-26T17:57:12.405+05:00,1.851964916,webmd.com,2021-10-26T17:57:08.553+0500,,,-
2021-10-26T17:57:12.907+05:00,20.86537291,webmd.com,2021-10-26T17:57:08.553+0500,,,-
2021-10-26T17:57:13.408+05:00,6.870291265,webmd.com,2021-10-26T17:57:08.553+0500,,,-
2021-10-26T17:57:13.909+05:00,9.463637562,webmd.com,2021-10-26T17:57:08.553+0500,,,-
2021-10-26T17:57:14.410+05:00,6.125168659,webmd.com,2021-10-26T17:57:08.553+0500,,,-
2021-10-26T17:57:14.911+05:00,4.823151587,webmd.com,2021-10-26T17:57:08.553+0500,,,-
2021-10-26T17:57:15.412+05:00,5.812354892,webmd.com,2021-10-26T17:57:08.553+0500,,,-
2021-10-26T17:57:15.913+05:00,6.602202628,webmd.com,2021-10-26T17:57:08.553+0500,,,-
2021-10-26T17:57:16.415+05:00,12.83487336,webmd.com,2021-10-26T17:57:08.553+0500,,,-
2021-10-26T17:57:16.916+05:00,12.61074019,webmd.com,2021-10-26T17:57:08.553+0500,,,-
2021-10-26T17:57:17.418+05:00,13.39291406,webmd.com,2021-10-26T17:57:08.553+0500,,,-
2021-10-26T17:57:17.919+05:00,15.27511156,webmd.com,2021-10-26T17:57:08.553+0500,,,-
2021-10-26T17:57:18.420+05:00,14.99121743,webmd.com,2021-10-26T17:57:08.553+0500,,,-
2021-10-26T17:57:18.928+05:00,20.71622659,webmd.com,2021-10-26T17:57:08.553+0500,,,-
2021-10-26T17:57:19.430+05:00,27.27944414,webmd.com,2021-10-26T17:57:08.553+0500,,,-
2021-10-26T17:57:19.931+05:00,23.91544314,webmd.com,2021-10-26T17:57:08.553+0500,,,-
2021-10-26T17:57:20.432+05:00,23.61605058,webmd.com,2021-10-26T17:57:08.553+0500,,,-
2021-10-26T17:57:20.933+05:00,15.56035431,webmd.com,2021-10-26T17:57:08.553+0500,,,-
2021-10-26T17:57:21.435+05:00,21.41494354,webmd.com,2021-10-26T17:57:08.553+0500,,,-
2021-10-26T17:57:21.936+05:00,12.13941426,webmd.com,2021-10-26T17:57:08.553+0500,,,-
2021-10-26T17:57:22.437+05:00,8.935901244,webmd.com,2021-10-26T17:57:08.553+0500,,,-
2021-10-26T17:57:22.938+05:00,14.01447705,webmd.com,2021-10-26T17:57:08.553+0500,,,-
2021-10-26T17:57:23.439+05:00,3.15491942,webmd.com,2021-10-26T17:57:08.553+0500,,,-
2021-10-26T17:57:23.940+05:00,18.703002,webmd.com,2021-10-26T17:57:08.553+0500,,,-
2021-10-26T17:57:24.443+05:00,0.850550521,webmd.com,2021-10-26T17:57:08.553+0500,,,-
2021-10-26T17:57:24.944+05:00,2.982795901,webmd.com,2021-10-26T17:57:08.553+0500,,,-
2021-10-26T17:57:25.445+05:00,0.03222503,webmd.com,2021-10-26T17:57:08.553+0500,,,-
2021-10-26T17:57:25.946+05:00,0.244840432,webmd.com,2021-10-26T17:57:08.553+0500,,,-
2021-10-26T17:57:26.448+05:00,0.352780116,webmd.com,2021-10-26T17:57:08.553+0500,,,-
2021-10-26T17:57:26.949+05:00,8.521936837,ebc.net.tw,2021-10-26T17:57:26.616+0500,364.2630073,38,9.585868614
2021-10-26T17:57:27.450+05:00,3.121323829,ebc.net.tw,2021-10-26T17:57:26.616+0500,,,-
2021-10-26T17:57:27.951+05:00,3.113693103,ebc.net.tw,2021-10-26T17:57:26.616+0500,,,-
2021-10-26T17:57:28.452+05:00,0.927454171,ebc.net.tw,2021-10-26T17:57:26.616+0500,,,-
2021-10-26T17:57:28.953+05:00,10.73228209,ebc.net.tw,2021-10-26T17:57:26.616+0500,,,-
2021-10-26T17:57:29.454+05:00,15.53841501,ebc.net.tw,2021-10-26T17:57:26.616+0500,,,-
2021-10-26T17:57:29.955+05:00,14.73254282,ebc.net.tw,2021-10-26T17:57:26.616+0500,,,-
2021-10-26T17:57:30.456+05:00,15.63858945,ebc.net.tw,2021-10-26T17:57:26.616+0500,,,-
2021-10-26T17:57:30.957+05:00,9.510845959,ebc.net.tw,2021-10-26T17:57:26.616+0500,,,-
2021-10-26T17:57:31.459+05:00,19.70333782,ebc.net.tw,2021-10-26T17:57:26.616+0500,,,-
2021-10-26T17:57:31.960+05:00,16.33674868,ebc.net.tw,2021-10-26T17:57:26.616+0500,,,-
2021-10-26T17:57:32.461+05:00,6.385849474,ebc.net.tw,2021-10-26T17:57:26.616+0500,,,-
2021-10-26T17:57:32.961+05:00,4.504097773,ebc.net.tw,2021-10-26T17:57:26.616+0500,,,-
2021-10-26T17:57:33.463+05:00,4.171663604,ebc.net.tw,2021-10-26T17:57:26.616+0500,,,-
2021-10-26T17:57:33.964+05:00,5.876417621,ebc.net.tw,2021-10-26T17:57:26.616+0500,,,-
2021-10-26T17:57:34.465+05:00,6.744082518,ebc.net.tw,2021-10-26T17:57:26.616+0500,,,-
2021-10-26T17:57:34.966+05:00,4.221126456,ebc.net.tw,2021-10-26T17:57:26.616+0500,,,-
2021-10-26T17:57:35.468+05:00,6.250934259,ebc.net.tw,2021-10-26T17:57:26.616+0500,,,-
2021-10-26T17:57:35.969+05:00,17.21664466,ebc.net.tw,2021-10-26T17:57:26.616+0500,,,-
2021-10-26T17:57:36.471+05:00,18.94190819,ebc.net.tw,2021-10-26T17:57:26.616+0500,,,-
2021-10-26T17:57:36.972+05:00,11.03774132,ebc.net.tw,2021-10-26T17:57:26.616+0500,,,-
2021-10-26T17:57:37.473+05:00,11.81316304,ebc.net.tw,2021-10-26T17:57:26.616+0500,,,-
2021-10-26T17:57:37.974+05:00,14.76141541,ebc.net.tw,2021-10-26T17:57:26.616+0500,,,-
2021-10-26T17:57:38.476+05:00,18.30097247,ebc.net.tw,2021-10-26T17:57:26.616+0500,,,-
2021-10-26T17:57:38.977+05:00,20.83857015,ebc.net.tw,2021-10-26T17:57:26.616+0500,,,-
2021-10-26T17:57:39.480+05:00,26.82125305,ebc.net.tw,2021-10-26T17:57:26.616+0500,,,-
2021-10-26T17:57:39.989+05:00,17.51972723,ebc.net.tw,2021-10-26T17:57:26.616+0500,,,-
2021-10-26T17:57:40.491+05:00,10.22511949,ebc.net.tw,2021-10-26T17:57:26.616+0500,,,-
2021-10-26T17:57:40.992+05:00,4.572511098,ebc.net.tw,2021-10-26T17:57:26.616+0500,,,-
2021-10-26T17:57:41.493+05:00,3.604710534,ebc.net.tw,2021-10-26T17:57:26.616+0500,,,-
2021-10-26T17:57:41.994+05:00,2.327483501,ebc.net.tw,2021-10-26T17:57:26.616+0500,,,-
2021-10-26T17:57:42.495+05:00,11.7247484,ebc.net.tw,2021-10-26T17:57:26.616+0500,,,-
2021-10-26T17:57:42.997+05:00,14.57919319,ebc.net.tw,2021-10-26T17:57:26.616+0500,,,-
2021-10-26T17:57:43.498+05:00,2.475363515,ebc.net.tw,2021-10-26T17:57:26.616+0500,,,-
2021-10-26T17:57:43.999+05:00,0.484390405,ebc.net.tw,2021-10-26T17:57:26.616+0500,,,-
2021-10-26T17:57:44.501+05:00,0.077742797,ebc.net.tw,2021-10-26T17:57:26.616+0500,,,-
2021-10-26T17:57:45.003+05:00,0.411538152,ebc.net.tw,2021-10-26T17:57:26.616+0500,,,-
2021-10-26T17:57:45.504+05:00,0.497469261,ebc.net.tw,2021-10-26T17:57:26.616+0500,,,-
2021-10-26T17:57:46.005+05:00,10.14669,ea.com,2021-10-26T17:57:45.517+0500,306.9306343,36,8.525850954
2021-10-26T17:57:46.507+05:00,2.055404904,ea.com,2021-10-26T17:57:45.517+0500,,,-
2021-10-26T17:57:47.009+05:00,3.324716435,ea.com,2021-10-26T17:57:45.517+0500,,,-
2021-10-26T17:57:47.510+05:00,1.569784287,ea.com,2021-10-26T17:57:45.517+0500,,,-
2021-10-26T17:57:48.011+05:00,1.495658362,ea.com,2021-10-26T17:57:45.517+0500,,,-
2021-10-26T17:57:48.512+05:00,2.889757527,ea.com,2021-10-26T17:57:45.517+0500,,,-
2021-10-26T17:57:49.013+05:00,3.456028934,ea.com,2021-10-26T17:57:45.517+0500,,,-
2021-10-26T17:57:49.514+05:00,9.449932052,ea.com,2021-10-26T17:57:45.517+0500,,,-
2021-10-26T17:57:50.015+05:00,8.755030484,ea.com,2021-10-26T17:57:45.517+0500,,,-
2021-10-26T17:57:50.517+05:00,12.00686474,ea.com,2021-10-26T17:57:45.517+0500,,,-
2021-10-26T17:57:51.018+05:00,4.824534324,ea.com,2021-10-26T17:57:45.517+0500,,,-
2021-10-26T17:57:51.519+05:00,8.384034343,ea.com,2021-10-26T17:57:45.517+0500,,,-
2021-10-26T17:57:52.020+05:00,8.763070207,ea.com,2021-10-26T17:57:45.517+0500,,,-
2021-10-26T17:57:52.521+05:00,14.6316341,ea.com,2021-10-26T17:57:45.517+0500,,,-
2021-10-26T17:57:53.022+05:00,19.89922114,ea.com,2021-10-26T17:57:45.517+0500,,,-
2021-10-26T17:57:53.524+05:00,26.25915296,ea.com,2021-10-26T17:57:45.517+0500,,,-
2021-10-26T17:57:54.025+05:00,25.38398077,ea.com,2021-10-26T17:57:45.517+0500,,,-
2021-10-26T17:57:54.527+05:00,30.8034134,ea.com,2021-10-26T17:57:45.517+0500,,,-
2021-10-26T17:57:55.028+05:00,9.952586833,ea.com,2021-10-26T17:57:45.517+0500,,,-
2021-10-26T17:57:55.530+05:00,21.10540593,ea.com,2021-10-26T17:57:45.517+0500,,,-
2021-10-26T17:57:56.031+05:00,13.39076466,ea.com,2021-10-26T17:57:45.517+0500,,,-
2021-10-26T17:57:56.532+05:00,11.08208547,ea.com,2021-10-26T17:57:45.517+0500,,,-
2021-10-26T17:57:57.033+05:00,13.50053917,ea.com,2021-10-26T17:57:45.517+0500,,,-
2021-10-26T17:57:57.535+05:00,3.802975153,ea.com,2021-10-26T17:57:45.517+0500,,,-
2021-10-26T17:57:58.036+05:00,4.500151672,ea.com,2021-10-26T17:57:45.517+0500,,,-
2021-10-26T17:57:58.537+05:00,2.413462331,ea.com,2021-10-26T17:57:45.517+0500,,,-
2021-10-26T17:57:59.038+05:00,2.737349912,ea.com,2021-10-26T17:57:45.517+0500,,,-
2021-10-26T17:57:59.539+05:00,5.495341956,ea.com,2021-10-26T17:57:45.517+0500,,,-
2021-10-26T17:58:00.045+05:00,2.757697807,ea.com,2021-10-26T17:57:45.517+0500,,,-
2021-10-26T17:58:00.546+05:00,3.576472923,ea.com,2021-10-26T17:57:45.517+0500,,,-
2021-10-26T17:58:01.047+05:00,15.31329951,ea.com,2021-10-26T17:57:45.517+0500,,,-
2021-10-26T17:58:01.548+05:00,0.580385646,ea.com,2021-10-26T17:57:45.517+0500,,,-
2021-10-26T17:58:02.051+05:00,1.318334329,ea.com,2021-10-26T17:57:45.517+0500,,,-
2021-10-26T17:58:02.554+05:00,0.067107599,ea.com,2021-10-26T17:57:45.517+0500,,,-
2021-10-26T17:58:03.056+05:00,1.200572545,ea.com,2021-10-26T17:57:45.517+0500,,,-
2021-10-26T17:58:03.559+05:00,0.037191905,ea.com,2021-10-26T17:57:45.517+0500,,,-
2021-10-26T17:58:04.060+05:00,9.9109289,teachable.com,2021-10-26T17:58:03.633+0500,191.6450486,36,5.323473573
2021-10-26T17:58:04.562+05:00,4.622488649,teachable.com,2021-10-26T17:58:03.633+0500,,,-
2021-10-26T17:58:05.063+05:00,10.12265134,teachable.com,2021-10-26T17:58:03.633+0500,,,-
2021-10-26T17:58:05.565+05:00,15.98812724,teachable.com,2021-10-26T17:58:03.633+0500,,,-
2021-10-26T17:58:06.067+05:00,10.34177335,teachable.com,2021-10-26T17:58:03.633+0500,,,-
2021-10-26T17:58:06.569+05:00,13.96135031,teachable.com,2021-10-26T17:58:03.633+0500,,,-
2021-10-26T17:58:07.070+05:00,5.934758304,teachable.com,2021-10-26T17:58:03.633+0500,,,-
2021-10-26T17:58:07.572+05:00,9.92407482,teachable.com,2021-10-26T17:58:03.633+0500,,,-
2021-10-26T17:58:08.074+05:00,3.945439082,teachable.com,2021-10-26T17:58:03.633+0500,,,-
2021-10-26T17:58:08.575+05:00,8.134391408,teachable.com,2021-10-26T17:58:03.633+0500,,,-
2021-10-26T17:58:09.077+05:00,7.976895129,teachable.com,2021-10-26T17:58:03.633+0500,,,-
2021-10-26T17:58:09.579+05:00,4.983509871,teachable.com,2021-10-26T17:58:03.633+0500,,,-
2021-10-26T17:58:10.080+05:00,7.941932095,teachable.com,2021-10-26T17:58:03.633+0500,,,-
2021-10-26T17:58:10.581+05:00,8.294314493,teachable.com,2021-10-26T17:58:03.633+0500,,,-
2021-10-26T17:58:11.082+05:00,9.894670866,teachable.com,2021-10-26T17:58:03.633+0500,,,-
2021-10-26T17:58:11.583+05:00,7.345580106,teachable.com,2021-10-26T17:58:03.633+0500,,,-
2021-10-26T17:58:12.083+05:00,4.841174115,teachable.com,2021-10-26T17:58:03.633+0500,,,-
2021-10-26T17:58:12.584+05:00,2.80946584,teachable.com,2021-10-26T17:58:03.633+0500,,,-
2021-10-26T17:58:13.085+05:00,1.832912096,teachable.com,2021-10-26T17:58:03.633+0500,,,-
2021-10-26T17:58:13.587+05:00,3.559445246,teachable.com,2021-10-26T17:58:03.633+0500,,,-
2021-10-26T17:58:14.089+05:00,2.003352307,teachable.com,2021-10-26T17:58:03.633+0500,,,-
2021-10-26T17:58:14.590+05:00,2.196620079,teachable.com,2021-10-26T17:58:03.633+0500,,,-
2021-10-26T17:58:15.093+05:00,2.477185474,teachable.com,2021-10-26T17:58:03.633+0500,,,-
2021-10-26T17:58:15.594+05:00,1.943889586,teachable.com,2021-10-26T17:58:03.633+0500,,,-
2021-10-26T17:58:16.096+05:00,4.59045439,teachable.com,2021-10-26T17:58:03.633+0500,,,-
2021-10-26T17:58:16.599+05:00,1.275108018,teachable.com,2021-10-26T17:58:03.633+0500,,,-
2021-10-26T17:58:17.100+05:00,1.714464208,teachable.com,2021-10-26T17:58:03.633+0500,,,-
2021-10-26T17:58:17.603+05:00,2.345194061,teachable.com,2021-10-26T17:58:03.633+0500,,,-
2021-10-26T17:58:18.106+05:00,1.627918259,teachable.com,2021-10-26T17:58:03.633+0500,,,-
2021-10-26T17:58:18.607+05:00,1.83472275,teachable.com,2021-10-26T17:58:03.633+0500,,,-
2021-10-26T17:58:19.120+05:00,6.075842523,teachable.com,2021-10-26T17:58:03.633+0500,,,-
2021-10-26T17:58:19.623+05:00,0.08398343,teachable.com,2021-10-26T17:58:03.633+0500,,,-
2021-10-26T17:58:20.124+05:00,5.967108555,teachable.com,2021-10-26T17:58:03.633+0500,,,-
2021-10-26T17:58:20.626+05:00,2.127249291,teachable.com,2021-10-26T17:58:03.633+0500,,,-
2021-10-26T17:58:21.129+05:00,0.963251401,teachable.com,2021-10-26T17:58:03.633+0500,,,-
2021-10-26T17:58:21.631+05:00,2.052821021,teachable.com,2021-10-26T17:58:03.633+0500,,,-
2021-10-26T17:58:22.134+05:00,8.988015085,outbrain.com,2021-10-26T17:58:21.697+0500,168.0469943,36,4.667972064
2021-10-26T17:58:22.635+05:00,1.231710064,outbrain.com,2021-10-26T17:58:21.697+0500,,,-
2021-10-26T17:58:23.137+05:00,2.378003454,outbrain.com,2021-10-26T17:58:21.697+0500,,,-
2021-10-26T17:58:23.640+05:00,2.411597929,outbrain.com,2021-10-26T17:58:21.697+0500,,,-
2021-10-26T17:58:24.142+05:00,1.953705826,outbrain.com,2021-10-26T17:58:21.697+0500,,,-
2021-10-26T17:58:24.644+05:00,6.299212267,outbrain.com,2021-10-26T17:58:21.697+0500,,,-
2021-10-26T17:58:25.146+05:00,5.796844094,outbrain.com,2021-10-26T17:58:21.697+0500,,,-
2021-10-26T17:58:25.648+05:00,10.14726242,outbrain.com,2021-10-26T17:58:21.697+0500,,,-
2021-10-26T17:58:26.151+05:00,3.950538934,outbrain.com,2021-10-26T17:58:21.697+0500,,,-
2021-10-26T17:58:26.652+05:00,10.85553258,outbrain.com,2021-10-26T17:58:21.697+0500,,,-
2021-10-26T17:58:27.153+05:00,10.04253267,outbrain.com,2021-10-26T17:58:21.697+0500,,,-
2021-10-26T17:58:27.655+05:00,5.993558423,outbrain.com,2021-10-26T17:58:21.697+0500,,,-
2021-10-26T17:58:28.156+05:00,8.36820737,outbrain.com,2021-10-26T17:58:21.697+0500,,,-
2021-10-26T17:58:28.657+05:00,2.931516007,outbrain.com,2021-10-26T17:58:21.697+0500,,,-
2021-10-26T17:58:29.159+05:00,10.21891041,outbrain.com,2021-10-26T17:58:21.697+0500,,,-
2021-10-26T17:58:29.661+05:00,3.087881616,outbrain.com,2021-10-26T17:58:21.697+0500,,,-
2021-10-26T17:58:30.163+05:00,6.164619455,outbrain.com,2021-10-26T17:58:21.697+0500,,,-
2021-10-26T17:58:30.664+05:00,3.423663769,outbrain.com,2021-10-26T17:58:21.697+0500,,,-
2021-10-26T17:58:31.165+05:00,11.2319793,outbrain.com,2021-10-26T17:58:21.697+0500,,,-
2021-10-26T17:58:31.666+05:00,9.358074138,outbrain.com,2021-10-26T17:58:21.697+0500,,,-
2021-10-26T17:58:32.167+05:00,8.261614024,outbrain.com,2021-10-26T17:58:21.697+0500,,,-
2021-10-26T17:58:32.668+05:00,3.834211099,outbrain.com,2021-10-26T17:58:21.697+0500,,,-
2021-10-26T17:58:33.171+05:00,6.555297187,outbrain.com,2021-10-26T17:58:21.697+0500,,,-
2021-10-26T17:58:33.672+05:00,2.708890268,outbrain.com,2021-10-26T17:58:21.697+0500,,,-
2021-10-26T17:58:34.175+05:00,1.095251249,outbrain.com,2021-10-26T17:58:21.697+0500,,,-
2021-10-26T17:58:34.678+05:00,0.207715687,outbrain.com,2021-10-26T17:58:21.697+0500,,,-
2021-10-26T17:58:35.179+05:00,0.033960503,outbrain.com,2021-10-26T17:58:21.697+0500,,,-
2021-10-26T17:58:35.681+05:00,0.359399775,outbrain.com,2021-10-26T17:58:21.697+0500,,,-
2021-10-26T17:58:36.184+05:00,0.176159143,outbrain.com,2021-10-26T17:58:21.697+0500,,,-
2021-10-26T17:58:36.686+05:00,1.752863306,outbrain.com,2021-10-26T17:58:21.697+0500,,,-
2021-10-26T17:58:37.189+05:00,10.44125113,outbrain.com,2021-10-26T17:58:21.697+0500,,,-
2021-10-26T17:58:37.691+05:00,0.978390233,outbrain.com,2021-10-26T17:58:21.697+0500,,,-
2021-10-26T17:58:38.194+05:00,0.818831546,outbrain.com,2021-10-26T17:58:21.697+0500,,,-
2021-10-26T17:58:38.697+05:00,0.013455674,outbrain.com,2021-10-26T17:58:21.697+0500,,,-
2021-10-26T17:58:39.200+05:00,0.697821419,outbrain.com,2021-10-26T17:58:21.697+0500,,,-
2021-10-26T17:58:39.703+05:00,5.278516263,outbrain.com,2021-10-26T17:58:21.697+0500,,,-
2021-10-26T17:58:40.216+05:00,8.992263228,ih5.cn,2021-10-26T17:58:39.759+0500,145.2475185,36,4.034653292
2021-10-26T17:58:40.718+05:00,0.99706054,ih5.cn,2021-10-26T17:58:39.759+0500,,,-
2021-10-26T17:58:41.220+05:00,2.484055685,ih5.cn,2021-10-26T17:58:39.759+0500,,,-
2021-10-26T17:58:41.722+05:00,2.328398084,ih5.cn,2021-10-26T17:58:39.759+0500,,,-
2021-10-26T17:58:42.224+05:00,2.117649417,ih5.cn,2021-10-26T17:58:39.759+0500,,,-
2021-10-26T17:58:42.726+05:00,4.527732494,ih5.cn,2021-10-26T17:58:39.759+0500,,,-
2021-10-26T17:58:43.227+05:00,3.739626337,ih5.cn,2021-10-26T17:58:39.759+0500,,,-
2021-10-26T17:58:43.728+05:00,5.723390732,ih5.cn,2021-10-26T17:58:39.759+0500,,,-
2021-10-26T17:58:44.230+05:00,4.696526891,ih5.cn,2021-10-26T17:58:39.759+0500,,,-
2021-10-26T17:58:44.732+05:00,1.539910362,ih5.cn,2021-10-26T17:58:39.759+0500,,,-
2021-10-26T17:58:45.234+05:00,3.289723213,ih5.cn,2021-10-26T17:58:39.759+0500,,,-
2021-10-26T17:58:45.736+05:00,6.456393083,ih5.cn,2021-10-26T17:58:39.759+0500,,,-
2021-10-26T17:58:46.239+05:00,2.814125103,ih5.cn,2021-10-26T17:58:39.759+0500,,,-
2021-10-26T17:58:46.741+05:00,1.181092278,ih5.cn,2021-10-26T17:58:39.759+0500,,,-
2021-10-26T17:58:47.243+05:00,4.317420689,ih5.cn,2021-10-26T17:58:39.759+0500,,,-
2021-10-26T17:58:47.745+05:00,5.829612677,ih5.cn,2021-10-26T17:58:39.759+0500,,,-
2021-10-26T17:58:48.248+05:00,2.630655833,ih5.cn,2021-10-26T17:58:39.759+0500,,,-
2021-10-26T17:58:48.749+05:00,2.050606429,ih5.cn,2021-10-26T17:58:39.759+0500,,,-
2021-10-26T17:58:49.251+05:00,2.991022631,ih5.cn,2021-10-26T17:58:39.759+0500,,,-
2021-10-26T17:58:49.753+05:00,3.044156538,ih5.cn,2021-10-26T17:58:39.759+0500,,,-
2021-10-26T17:58:50.255+05:00,2.917716801,ih5.cn,2021-10-26T17:58:39.759+0500,,,-
2021-10-26T17:58:50.756+05:00,2.63704623,ih5.cn,2021-10-26T17:58:39.759+0500,,,-
2021-10-26T17:58:51.258+05:00,1.474755543,ih5.cn,2021-10-26T17:58:39.759+0500,,,-
2021-10-26T17:58:51.761+05:00,3.334953299,ih5.cn,2021-10-26T17:58:39.759+0500,,,-
2021-10-26T17:58:52.263+05:00,2.611244143,ih5.cn,2021-10-26T17:58:39.759+0500,,,-
2021-10-26T17:58:52.765+05:00,2.230110018,ih5.cn,2021-10-26T17:58:39.759+0500,,,-
2021-10-26T17:58:53.268+05:00,2.090821482,ih5.cn,2021-10-26T17:58:39.759+0500,,,-
2021-10-26T17:58:53.770+05:00,1.492652489,ih5.cn,2021-10-26T17:58:39.759+0500,,,-
2021-10-26T17:58:54.271+05:00,19.08419594,ih5.cn,2021-10-26T17:58:39.759+0500,,,-
2021-10-26T17:58:54.772+05:00,16.13792174,ih5.cn,2021-10-26T17:58:39.759+0500,,,-
2021-10-26T17:58:55.274+05:00,13.32520463,ih5.cn,2021-10-26T17:58:39.759+0500,,,-
2021-10-26T17:58:55.776+05:00,4.335591763,ih5.cn,2021-10-26T17:58:39.759+0500,,,-
2021-10-26T17:58:56.278+05:00,0.676861268,ih5.cn,2021-10-26T17:58:39.759+0500,,,-
2021-10-26T17:58:56.780+05:00,0.525215725,ih5.cn,2021-10-26T17:58:39.759+0500,,,-
2021-10-26T17:58:57.282+05:00,0.510739593,ih5.cn,2021-10-26T17:58:39.759+0500,,,-
2021-10-26T17:58:57.785+05:00,0.111065596,ih5.cn,2021-10-26T17:58:39.759+0500,,,-
2021-10-26T17:58:58.287+05:00,9.544852604,elwatannews.com,2021-10-26T17:58:57.823+0500,272.2315222,36,7.561986727
2021-10-26T17:58:58.789+05:00,2.362293797,elwatannews.com,2021-10-26T17:58:57.823+0500,,,-
2021-10-26T17:58:59.291+05:00,5.507182905,elwatannews.com,2021-10-26T17:58:57.823+0500,,,-
2021-10-26T17:58:59.792+05:00,6.070656361,elwatannews.com,2021-10-26T17:58:57.823+0500,,,-
2021-10-26T17:59:00.293+05:00,15.53185386,elwatannews.com,2021-10-26T17:58:57.823+0500,,,-
2021-10-26T17:59:00.800+05:00,19.85604015,elwatannews.com,2021-10-26T17:58:57.823+0500,,,-
2021-10-26T17:59:01.302+05:00,15.66488241,elwatannews.com,2021-10-26T17:58:57.823+0500,,,-
2021-10-26T17:59:01.804+05:00,9.969685845,elwatannews.com,2021-10-26T17:58:57.823+0500,,,-
2021-10-26T17:59:02.305+05:00,17.15814531,elwatannews.com,2021-10-26T17:58:57.823+0500,,,-
2021-10-26T17:59:02.806+05:00,9.566873018,elwatannews.com,2021-10-26T17:58:57.823+0500,,,-
2021-10-26T17:59:03.309+05:00,8.552404696,elwatannews.com,2021-10-26T17:58:57.823+0500,,,-
2021-10-26T17:59:03.811+05:00,11.87356659,elwatannews.com,2021-10-26T17:58:57.823+0500,,,-
2021-10-26T17:59:04.312+05:00,15.2517266,elwatannews.com,2021-10-26T17:58:57.823+0500,,,-
2021-10-26T17:59:04.814+05:00,16.53519744,elwatannews.com,2021-10-26T17:58:57.823+0500,,,-
2021-10-26T17:59:05.315+05:00,7.823243827,elwatannews.com,2021-10-26T17:58:57.823+0500,,,-
2021-10-26T17:59:05.816+05:00,18.58000019,elwatannews.com,2021-10-26T17:58:57.823+0500,,,-
2021-10-26T17:59:06.317+05:00,16.81670754,elwatannews.com,2021-10-26T17:58:57.823+0500,,,-
2021-10-26T17:59:06.818+05:00,7.386460261,elwatannews.com,2021-10-26T17:58:57.823+0500,,,-
2021-10-26T17:59:07.319+05:00,4.286849965,elwatannews.com,2021-10-26T17:58:57.823+0500,,,-
2021-10-26T17:59:07.822+05:00,3.667593134,elwatannews.com,2021-10-26T17:58:57.823+0500,,,-
2021-10-26T17:59:08.323+05:00,15.1649715,elwatannews.com,2021-10-26T17:58:57.823+0500,,,-
2021-10-26T17:59:08.825+05:00,6.27841169,elwatannews.com,2021-10-26T17:58:57.823+0500,,,-
2021-10-26T17:59:09.327+05:00,2.472204079,elwatannews.com,2021-10-26T17:58:57.823+0500,,,-
2021-10-26T17:59:09.829+05:00,1.636178838,elwatannews.com,2021-10-26T17:58:57.823+0500,,,-
2021-10-26T17:59:10.331+05:00,1.333333894,elwatannews.com,2021-10-26T17:58:57.823+0500,,,-
2021-10-26T17:59:10.833+05:00,5.365494031,elwatannews.com,2021-10-26T17:58:57.823+0500,,,-
2021-10-26T17:59:11.335+05:00,1.152093037,elwatannews.com,2021-10-26T17:58:57.823+0500,,,-
2021-10-26T17:59:11.837+05:00,1.275497943,elwatannews.com,2021-10-26T17:58:57.823+0500,,,-
2021-10-26T17:59:12.340+05:00,1.075057218,elwatannews.com,2021-10-26T17:58:57.823+0500,,,-
2021-10-26T17:59:12.842+05:00,0.644650172,elwatannews.com,2021-10-26T17:58:57.823+0500,,,-
2021-10-26T17:59:13.344+05:00,11.34390193,elwatannews.com,2021-10-26T17:58:57.823+0500,,,-
2021-10-26T17:59:13.847+05:00,0.827823935,elwatannews.com,2021-10-26T17:58:57.823+0500,,,-
2021-10-26T17:59:14.349+05:00,0.599255475,elwatannews.com,2021-10-26T17:58:57.823+0500,,,-
2021-10-26T17:59:14.851+05:00,0.152223085,elwatannews.com,2021-10-26T17:58:57.823+0500,,,-
2021-10-26T17:59:15.352+05:00,0.861244465,elwatannews.com,2021-10-26T17:58:57.823+0500,,,-
2021-10-26T17:59:15.853+05:00,0.042964355,elwatannews.com,2021-10-26T17:58:57.823+0500,,,-
2021-10-26T17:59:16.355+05:00,10.40435283,huaban.com,2021-10-26T17:59:15.888+0500,134.8239228,36,3.745108967
2021-10-26T17:59:16.857+05:00,0.877166047,huaban.com,2021-10-26T17:59:15.888+0500,,,-
2021-10-26T17:59:17.359+05:00,3.545231445,huaban.com,2021-10-26T17:59:15.888+0500,,,-
2021-10-26T17:59:17.861+05:00,2.679669713,huaban.com,2021-10-26T17:59:15.888+0500,,,-
2021-10-26T17:59:18.363+05:00,1.660774662,huaban.com,2021-10-26T17:59:15.888+0500,,,-
2021-10-26T17:59:18.865+05:00,0.642585145,huaban.com,2021-10-26T17:59:15.888+0500,,,-
2021-10-26T17:59:19.366+05:00,2.582361434,huaban.com,2021-10-26T17:59:15.888+0500,,,-
2021-10-26T17:59:19.867+05:00,8.624890487,huaban.com,2021-10-26T17:59:15.888+0500,,,-
2021-10-26T17:59:20.369+05:00,6.818648288,huaban.com,2021-10-26T17:59:15.888+0500,,,-
2021-10-26T17:59:20.871+05:00,5.565726268,huaban.com,2021-10-26T17:59:15.888+0500,,,-
2021-10-26T17:59:21.372+05:00,8.569979987,huaban.com,2021-10-26T17:59:15.888+0500,,,-
2021-10-26T17:59:21.883+05:00,2.262605447,huaban.com,2021-10-26T17:59:15.888+0500,,,-
2021-10-26T17:59:22.385+05:00,4.073241748,huaban.com,2021-10-26T17:59:15.888+0500,,,-
2021-10-26T17:59:22.886+05:00,2.619502144,huaban.com,2021-10-26T17:59:15.888+0500,,,-
2021-10-26T17:59:23.388+05:00,3.628585396,huaban.com,2021-10-26T17:59:15.888+0500,,,-
2021-10-26T17:59:23.891+05:00,4.197683568,huaban.com,2021-10-26T17:59:15.888+0500,,,-
2021-10-26T17:59:24.393+05:00,3.624491187,huaban.com,2021-10-26T17:59:15.888+0500,,,-
2021-10-26T17:59:24.894+05:00,4.099673843,huaban.com,2021-10-26T17:59:15.888+0500,,,-
2021-10-26T17:59:25.396+05:00,3.049963691,huaban.com,2021-10-26T17:59:15.888+0500,,,-
2021-10-26T17:59:25.897+05:00,5.515805823,huaban.com,2021-10-26T17:59:15.888+0500,,,-
2021-10-26T17:59:26.399+05:00,5.873873967,huaban.com,2021-10-26T17:59:15.888+0500,,,-
2021-10-26T17:59:26.901+05:00,4.046932576,huaban.com,2021-10-26T17:59:15.888+0500,,,-
2021-10-26T17:59:27.402+05:00,8.216469955,huaban.com,2021-10-26T17:59:15.888+0500,,,-
2021-10-26T17:59:27.904+05:00,4.211740089,huaban.com,2021-10-26T17:59:15.888+0500,,,-
2021-10-26T17:59:28.406+05:00,3.720107956,huaban.com,2021-10-26T17:59:15.888+0500,,,-
2021-10-26T17:59:28.909+05:00,0.895115901,huaban.com,2021-10-26T17:59:15.888+0500,,,-
2021-10-26T17:59:29.411+05:00,1.1614015,huaban.com,2021-10-26T17:59:15.888+0500,,,-
2021-10-26T17:59:29.914+05:00,2.126620602,huaban.com,2021-10-26T17:59:15.888+0500,,,-
2021-10-26T17:59:30.416+05:00,3.158911052,huaban.com,2021-10-26T17:59:15.888+0500,,,-
2021-10-26T17:59:30.917+05:00,3.771293905,huaban.com,2021-10-26T17:59:15.888+0500,,,-
2021-10-26T17:59:31.419+05:00,6.842299147,huaban.com,2021-10-26T17:59:15.888+0500,,,-
2021-10-26T17:59:31.921+05:00,2.22029805,huaban.com,2021-10-26T17:59:15.888+0500,,,-
2021-10-26T17:59:32.423+05:00,2.819135607,huaban.com,2021-10-26T17:59:15.888+0500,,,-
2021-10-26T17:59:32.925+05:00,0.207323869,huaban.com,2021-10-26T17:59:15.888+0500,,,-
2021-10-26T17:59:33.427+05:00,0.413215543,huaban.com,2021-10-26T17:59:15.888+0500,,,-
2021-10-26T17:59:33.928+05:00,0.096243937,huaban.com,2021-10-26T17:59:15.888+0500,,,-
2021-10-26T17:59:34.429+05:00,12.45716943,spankbang.com,2021-10-26T17:59:33.946+0500,37.44437635,36,1.040121565
2021-10-26T17:59:34.931+05:00,2.38059015,spankbang.com,2021-10-26T17:59:33.946+0500,,,-
2021-10-26T17:59:35.433+05:00,5.264078415,spankbang.com,2021-10-26T17:59:33.946+0500,,,-
2021-10-26T17:59:35.935+05:00,0.157819193,spankbang.com,2021-10-26T17:59:33.946+0500,,,-
2021-10-26T17:59:36.436+05:00,2.212565547,spankbang.com,2021-10-26T17:59:33.946+0500,,,-
2021-10-26T17:59:36.937+05:00,0.045458894,spankbang.com,2021-10-26T17:59:33.946+0500,,,-
2021-10-26T17:59:37.439+05:00,0.057890429,spankbang.com,2021-10-26T17:59:33.946+0500,,,-
2021-10-26T17:59:37.941+05:00,0.061258801,spankbang.com,2021-10-26T17:59:33.946+0500,,,-
2021-10-26T17:59:38.443+05:00,0.083398583,spankbang.com,2021-10-26T17:59:33.946+0500,,,-
2021-10-26T17:59:38.945+05:00,0,spankbang.com,2021-10-26T17:59:33.946+0500,,,-
2021-10-26T17:59:39.448+05:00,0.361365233,spankbang.com,2021-10-26T17:59:33.946+0500,,,-
2021-10-26T17:59:39.950+05:00,0.072343473,spankbang.com,2021-10-26T17:59:33.946+0500,,,-
2021-10-26T17:59:40.451+05:00,0.133717139,spankbang.com,2021-10-26T17:59:33.946+0500,,,-
2021-10-26T17:59:40.953+05:00,0.148389851,spankbang.com,2021-10-26T17:59:33.946+0500,,,-
2021-10-26T17:59:41.456+05:00,0.289329226,spankbang.com,2021-10-26T17:59:33.946+0500,,,-
2021-10-26T17:59:41.958+05:00,0,spankbang.com,2021-10-26T17:59:33.946+0500,,,-
2021-10-26T17:59:42.460+05:00,1.464598223,spankbang.com,2021-10-26T17:59:33.946+0500,,,-
2021-10-26T17:59:42.970+05:00,0,spankbang.com,2021-10-26T17:59:33.946+0500,,,-
2021-10-26T17:59:43.472+05:00,0.025030006,spankbang.com,2021-10-26T17:59:33.946+0500,,,-
2021-10-26T17:59:43.974+05:00,0.103342086,spankbang.com,2021-10-26T17:59:33.946+0500,,,-
2021-10-26T17:59:44.476+05:00,0.100319158,spankbang.com,2021-10-26T17:59:33.946+0500,,,-
2021-10-26T17:59:44.979+05:00,0,spankbang.com,2021-10-26T17:59:33.946+0500,,,-
2021-10-26T17:59:45.481+05:00,0.093151621,spankbang.com,2021-10-26T17:59:33.946+0500,,,-
2021-10-26T17:59:45.984+05:00,0.132372575,spankbang.com,2021-10-26T17:59:33.946+0500,,,-
2021-10-26T17:59:46.487+05:00,1.047179336,spankbang.com,2021-10-26T17:59:33.946+0500,,,-
2021-10-26T17:59:46.988+05:00,0.034746973,spankbang.com,2021-10-26T17:59:33.946+0500,,,-
2021-10-26T17:59:47.489+05:00,0,spankbang.com,2021-10-26T17:59:33.946+0500,,,-
2021-10-26T17:59:47.992+05:00,0,spankbang.com,2021-10-26T17:59:33.946+0500,,,-
2021-10-26T17:59:48.495+05:00,0.061141765,spankbang.com,2021-10-26T17:59:33.946+0500,,,-
2021-10-26T17:59:48.996+05:00,3.960626606,spankbang.com,2021-10-26T17:59:33.946+0500,,,-
2021-10-26T17:59:49.498+05:00,3.503597448,spankbang.com,2021-10-26T17:59:33.946+0500,,,-
2021-10-26T17:59:50.001+05:00,0.347899176,spankbang.com,2021-10-26T17:59:33.946+0500,,,-
2021-10-26T17:59:50.504+05:00,0.440295337,spankbang.com,2021-10-26T17:59:33.946+0500,,,-
2021-10-26T17:59:51.007+05:00,0.097443243,spankbang.com,2021-10-26T17:59:33.946+0500,,,-
2021-10-26T17:59:51.509+05:00,2.079967288,spankbang.com,2021-10-26T17:59:33.946+0500,,,-
2021-10-26T17:59:52.011+05:00,0.227291146,spankbang.com,2021-10-26T17:59:33.946+0500,,,-
2021-10-26T17:59:52.513+05:00,9.562038682,banvenez.com,2021-10-26T17:59:52.016+0500,56.48987328,35,1.613996379
2021-10-26T17:59:53.014+05:00,2.691463129,banvenez.com,2021-10-26T17:59:52.016+0500,,,-
2021-10-26T17:59:53.517+05:00,10.41635706,banvenez.com,2021-10-26T17:59:52.016+0500,,,-
2021-10-26T17:59:54.019+05:00,3.573647556,banvenez.com,2021-10-26T17:59:52.016+0500,,,-
2021-10-26T17:59:54.522+05:00,1.484898532,banvenez.com,2021-10-26T17:59:52.016+0500,,,-
2021-10-26T17:59:55.024+05:00,0,banvenez.com,2021-10-26T17:59:52.016+0500,,,-
2021-10-26T17:59:55.527+05:00,0.264043859,banvenez.com,2021-10-26T17:59:52.016+0500,,,-
2021-10-26T17:59:56.029+05:00,0.084511492,banvenez.com,2021-10-26T17:59:52.016+0500,,,-
2021-10-26T17:59:56.532+05:00,0.524803076,banvenez.com,2021-10-26T17:59:52.016+0500,,,-
2021-10-26T17:59:57.035+05:00,0,banvenez.com,2021-10-26T17:59:52.016+0500,,,-
2021-10-26T17:59:57.538+05:00,0.252024332,banvenez.com,2021-10-26T17:59:52.016+0500,,,-
2021-10-26T17:59:58.041+05:00,0,banvenez.com,2021-10-26T17:59:52.016+0500,,,-
2021-10-26T17:59:58.543+05:00,0.550509907,banvenez.com,2021-10-26T17:59:52.016+0500,,,-
2021-10-26T17:59:59.044+05:00,0.196803801,banvenez.com,2021-10-26T17:59:52.016+0500,,,-
2021-10-26T17:59:59.547+05:00,0.084310938,banvenez.com,2021-10-26T17:59:52.016+0500,,,-
2021-10-26T18:00:00.048+05:00,4.654928051,banvenez.com,2021-10-26T17:59:52.016+0500,,,-
2021-10-26T18:00:00.551+05:00,4.913018205,banvenez.com,2021-10-26T17:59:52.016+0500,,,-
2021-10-26T18:00:01.053+05:00,0.046785249,banvenez.com,2021-10-26T17:59:52.016+0500,,,-
2021-10-26T18:00:01.555+05:00,0.114909097,banvenez.com,2021-10-26T17:59:52.016+0500,,,-
2021-10-26T18:00:02.058+05:00,0.306807525,banvenez.com,2021-10-26T17:59:52.016+0500,,,-
2021-10-26T18:00:02.561+05:00,0.069441876,banvenez.com,2021-10-26T17:59:52.016+0500,,,-
2021-10-26T18:00:03.070+05:00,0.06344524,banvenez.com,2021-10-26T17:59:52.016+0500,,,-
2021-10-26T18:00:03.573+05:00,0.329159419,banvenez.com,2021-10-26T17:59:52.016+0500,,,-
2021-10-26T18:00:04.075+05:00,0.203082748,banvenez.com,2021-10-26T17:59:52.016+0500,,,-
2021-10-26T18:00:04.576+05:00,5.106465506,banvenez.com,2021-10-26T17:59:52.016+0500,,,-
2021-10-26T18:00:05.078+05:00,0.154195905,banvenez.com,2021-10-26T17:59:52.016+0500,,,-
2021-10-26T18:00:05.581+05:00,0,banvenez.com,2021-10-26T17:59:52.016+0500,,,-
2021-10-26T18:00:06.083+05:00,0.124012764,banvenez.com,2021-10-26T17:59:52.016+0500,,,-
2021-10-26T18:00:06.586+05:00,2.139530931,banvenez.com,2021-10-26T17:59:52.016+0500,,,-
2021-10-26T18:00:07.088+05:00,3.913548681,banvenez.com,2021-10-26T17:59:52.016+0500,,,-
2021-10-26T18:00:07.591+05:00,3.365627634,banvenez.com,2021-10-26T17:59:52.016+0500,,,-
2021-10-26T18:00:08.094+05:00,0.325024995,banvenez.com,2021-10-26T17:59:52.016+0500,,,-
2021-10-26T18:00:08.597+05:00,0.333645776,banvenez.com,2021-10-26T17:59:52.016+0500,,,-
2021-10-26T18:00:09.098+05:00,0.159165616,banvenez.com,2021-10-26T17:59:52.016+0500,,,-
2021-10-26T18:00:09.601+05:00,0.481665699,banvenez.com,2021-10-26T17:59:52.016+0500,,,-
2021-10-26T18:00:10.102+05:00,5.583360345,businessinsider.com,2021-10-26T18:00:10.074+0500,323.4077971,36,8.98354992
2021-10-26T18:00:10.604+05:00,9.68226814,businessinsider.com,2021-10-26T18:00:10.074+0500,,,-
2021-10-26T18:00:11.106+05:00,1.819797433,businessinsider.com,2021-10-26T18:00:10.074+0500,,,-
2021-10-26T18:00:11.609+05:00,3.201188716,businessinsider.com,2021-10-26T18:00:10.074+0500,,,-
2021-10-26T18:00:12.110+05:00,11.16455845,businessinsider.com,2021-10-26T18:00:10.074+0500,,,-
2021-10-26T18:00:12.611+05:00,22.80607027,businessinsider.com,2021-10-26T18:00:10.074+0500,,,-
2021-10-26T18:00:13.113+05:00,19.34327839,businessinsider.com,2021-10-26T18:00:10.074+0500,,,-
2021-10-26T18:00:13.615+05:00,12.4247803,businessinsider.com,2021-10-26T18:00:10.074+0500,,,-
2021-10-26T18:00:14.117+05:00,8.75014483,businessinsider.com,2021-10-26T18:00:10.074+0500,,,-
2021-10-26T18:00:14.619+05:00,9.640985778,businessinsider.com,2021-10-26T18:00:10.074+0500,,,-
2021-10-26T18:00:15.120+05:00,16.05690887,businessinsider.com,2021-10-26T18:00:10.074+0500,,,-
2021-10-26T18:00:15.621+05:00,11.40631169,businessinsider.com,2021-10-26T18:00:10.074+0500,,,-
2021-10-26T18:00:16.122+05:00,10.4003032,businessinsider.com,2021-10-26T18:00:10.074+0500,,,-
2021-10-26T18:00:16.623+05:00,17.39636709,businessinsider.com,2021-10-26T18:00:10.074+0500,,,-
2021-10-26T18:00:17.124+05:00,5.727824125,businessinsider.com,2021-10-26T18:00:10.074+0500,,,-
2021-10-26T18:00:17.626+05:00,9.730889229,businessinsider.com,2021-10-26T18:00:10.074+0500,,,-
2021-10-26T18:00:18.127+05:00,10.06569932,businessinsider.com,2021-10-26T18:00:10.074+0500,,,-
2021-10-26T18:00:18.628+05:00,15.23699925,businessinsider.com,2021-10-26T18:00:10.074+0500,,,-
2021-10-26T18:00:19.129+05:00,11.58705715,businessinsider.com,2021-10-26T18:00:10.074+0500,,,-
2021-10-26T18:00:19.630+05:00,15.19016926,businessinsider.com,2021-10-26T18:00:10.074+0500,,,-
2021-10-26T18:00:20.132+05:00,6.757796156,businessinsider.com,2021-10-26T18:00:10.074+0500,,,-
2021-10-26T18:00:20.634+05:00,5.566419917,businessinsider.com,2021-10-26T18:00:10.074+0500,,,-
2021-10-26T18:00:21.136+05:00,3.906524048,businessinsider.com,2021-10-26T18:00:10.074+0500,,,-
2021-10-26T18:00:21.639+05:00,7.646795269,businessinsider.com,2021-10-26T18:00:10.074+0500,,,-
2021-10-26T18:00:22.142+05:00,3.595098067,businessinsider.com,2021-10-26T18:00:10.074+0500,,,-
2021-10-26T18:00:22.643+05:00,10.87058667,businessinsider.com,2021-10-26T18:00:10.074+0500,,,-
2021-10-26T18:00:23.144+05:00,12.92493984,businessinsider.com,2021-10-26T18:00:10.074+0500,,,-
2021-10-26T18:00:23.646+05:00,5.281878723,businessinsider.com,2021-10-26T18:00:10.074+0500,,,-
2021-10-26T18:00:24.155+05:00,6.955780343,businessinsider.com,2021-10-26T18:00:10.074+0500,,,-
2021-10-26T18:00:24.657+05:00,3.50521928,businessinsider.com,2021-10-26T18:00:10.074+0500,,,-
2021-10-26T18:00:25.159+05:00,8.773639926,businessinsider.com,2021-10-26T18:00:10.074+0500,,,-
2021-10-26T18:00:25.660+05:00,11.39505074,businessinsider.com,2021-10-26T18:00:10.074+0500,,,-
2021-10-26T18:00:26.161+05:00,5.023444888,businessinsider.com,2021-10-26T18:00:10.074+0500,,,-
2021-10-26T18:00:26.663+05:00,3.223573113,businessinsider.com,2021-10-26T18:00:10.074+0500,,,-
2021-10-26T18:00:27.166+05:00,0.344955539,businessinsider.com,2021-10-26T18:00:10.074+0500,,,-
2021-10-26T18:00:27.668+05:00,0.421132728,businessinsider.com,2021-10-26T18:00:10.074+0500,,,-
2021-10-26T18:00:28.169+05:00,4.889290751,bhphotovideo.com,2021-10-26T18:00:28.137+0500,277.0968528,36,7.697134799
2021-10-26T18:00:28.671+05:00,8.44542427,bhphotovideo.com,2021-10-26T18:00:28.137+0500,,,-
2021-10-26T18:00:29.172+05:00,2.265425567,bhphotovideo.com,2021-10-26T18:00:28.137+0500,,,-
2021-10-26T18:00:29.673+05:00,5.242787474,bhphotovideo.com,2021-10-26T18:00:28.137+0500,,,-
2021-10-26T18:00:30.174+05:00,3.011177002,bhphotovideo.com,2021-10-26T18:00:28.137+0500,,,-
2021-10-26T18:00:30.675+05:00,3.009140783,bhphotovideo.com,2021-10-26T18:00:28.137+0500,,,-
2021-10-26T18:00:31.176+05:00,12.35500939,bhphotovideo.com,2021-10-26T18:00:28.137+0500,,,-
2021-10-26T18:00:31.678+05:00,12.05759287,bhphotovideo.com,2021-10-26T18:00:28.137+0500,,,-
2021-10-26T18:00:32.179+05:00,17.33873071,bhphotovideo.com,2021-10-26T18:00:28.137+0500,,,-
2021-10-26T18:00:32.681+05:00,12.40093505,bhphotovideo.com,2021-10-26T18:00:28.137+0500,,,-
2021-10-26T18:00:33.182+05:00,13.66986753,bhphotovideo.com,2021-10-26T18:00:28.137+0500,,,-
2021-10-26T18:00:33.683+05:00,21.36480557,bhphotovideo.com,2021-10-26T18:00:28.137+0500,,,-
2021-10-26T18:00:34.184+05:00,14.06896662,bhphotovideo.com,2021-10-26T18:00:28.137+0500,,,-
2021-10-26T18:00:34.686+05:00,13.02579483,bhphotovideo.com,2021-10-26T18:00:28.137+0500,,,-
2021-10-26T18:00:35.189+05:00,14.95540354,bhphotovideo.com,2021-10-26T18:00:28.137+0500,,,-
2021-10-26T18:00:35.691+05:00,11.04820951,bhphotovideo.com,2021-10-26T18:00:28.137+0500,,,-
2021-10-26T18:00:36.194+05:00,9.337588122,bhphotovideo.com,2021-10-26T18:00:28.137+0500,,,-
2021-10-26T18:00:36.696+05:00,11.26088696,bhphotovideo.com,2021-10-26T18:00:28.137+0500,,,-
2021-10-26T18:00:37.197+05:00,9.46088883,bhphotovideo.com,2021-10-26T18:00:28.137+0500,,,-
2021-10-26T18:00:37.699+05:00,12.63071626,bhphotovideo.com,2021-10-26T18:00:28.137+0500,,,-
2021-10-26T18:00:38.200+05:00,8.103111363,bhphotovideo.com,2021-10-26T18:00:28.137+0500,,,-
2021-10-26T18:00:38.701+05:00,5.257289769,bhphotovideo.com,2021-10-26T18:00:28.137+0500,,,-
2021-10-26T18:00:39.204+05:00,1.28720226,bhphotovideo.com,2021-10-26T18:00:28.137+0500,,,-
2021-10-26T18:00:39.706+05:00,5.692544763,bhphotovideo.com,2021-10-26T18:00:28.137+0500,,,-
2021-10-26T18:00:40.207+05:00,5.21213462,bhphotovideo.com,2021-10-26T18:00:28.137+0500,,,-
2021-10-26T18:00:40.709+05:00,4.769911192,bhphotovideo.com,2021-10-26T18:00:28.137+0500,,,-
2021-10-26T18:00:41.212+05:00,2.82639487,bhphotovideo.com,2021-10-26T18:00:28.137+0500,,,-
2021-10-26T18:00:41.713+05:00,2.730498873,bhphotovideo.com,2021-10-26T18:00:28.137+0500,,,-
2021-10-26T18:00:42.216+05:00,4.5406847,bhphotovideo.com,2021-10-26T18:00:28.137+0500,,,-
2021-10-26T18:00:42.718+05:00,4.145639561,bhphotovideo.com,2021-10-26T18:00:28.137+0500,,,-
2021-10-26T18:00:43.219+05:00,6.823389117,bhphotovideo.com,2021-10-26T18:00:28.137+0500,,,-
2021-10-26T18:00:43.720+05:00,9.335968454,bhphotovideo.com,2021-10-26T18:00:28.137+0500,,,-
2021-10-26T18:00:44.222+05:00,1.60403607,bhphotovideo.com,2021-10-26T18:00:28.137+0500,,,-
2021-10-26T18:00:44.723+05:00,1.224137932,bhphotovideo.com,2021-10-26T18:00:28.137+0500,,,-
2021-10-26T18:00:45.233+05:00,0.276350911,bhphotovideo.com,2021-10-26T18:00:28.137+0500,,,-
2021-10-26T18:00:45.734+05:00,1.428916687,bhphotovideo.com,2021-10-26T18:00:28.137+0500,,,-
2021-10-26T18:00:46.235+05:00,4.853874609,laodong.vn,2021-10-26T18:00:46.201+0500,166.3985567,36,4.622182132
2021-10-26T18:00:46.737+05:00,7.496826744,laodong.vn,2021-10-26T18:00:46.201+0500,,,-
2021-10-26T18:00:47.238+05:00,2.38528484,laodong.vn,2021-10-26T18:00:46.201+0500,,,-
2021-10-26T18:00:47.740+05:00,1.72003772,laodong.vn,2021-10-26T18:00:46.201+0500,,,-
2021-10-26T18:00:48.242+05:00,2.026504723,laodong.vn,2021-10-26T18:00:46.201+0500,,,-
2021-10-26T18:00:48.744+05:00,6.884112123,laodong.vn,2021-10-26T18:00:46.201+0500,,,-
2021-10-26T18:00:49.246+05:00,10.27094346,laodong.vn,2021-10-26T18:00:46.201+0500,,,-
2021-10-26T18:00:49.747+05:00,20.1864617,laodong.vn,2021-10-26T18:00:46.201+0500,,,-
2021-10-26T18:00:50.249+05:00,13.97863142,laodong.vn,2021-10-26T18:00:46.201+0500,,,-
2021-10-26T18:00:50.751+05:00,4.609198383,laodong.vn,2021-10-26T18:00:46.201+0500,,,-
2021-10-26T18:00:51.252+05:00,5.12848136,laodong.vn,2021-10-26T18:00:46.201+0500,,,-
2021-10-26T18:00:51.753+05:00,10.14245314,laodong.vn,2021-10-26T18:00:46.201+0500,,,-
2021-10-26T18:00:52.254+05:00,5.992526922,laodong.vn,2021-10-26T18:00:46.201+0500,,,-
2021-10-26T18:00:52.755+05:00,9.565470234,laodong.vn,2021-10-26T18:00:46.201+0500,,,-
2021-10-26T18:00:53.258+05:00,5.512030443,laodong.vn,2021-10-26T18:00:46.201+0500,,,-
2021-10-26T18:00:53.759+05:00,10.2631717,laodong.vn,2021-10-26T18:00:46.201+0500,,,-
2021-10-26T18:00:54.261+05:00,3.937817986,laodong.vn,2021-10-26T18:00:46.201+0500,,,-
2021-10-26T18:00:54.763+05:00,3.404770486,laodong.vn,2021-10-26T18:00:46.201+0500,,,-
2021-10-26T18:00:55.266+05:00,4.209074373,laodong.vn,2021-10-26T18:00:46.201+0500,,,-
2021-10-26T18:00:55.768+05:00,1.114888156,laodong.vn,2021-10-26T18:00:46.201+0500,,,-
2021-10-26T18:00:56.271+05:00,2.016143273,laodong.vn,2021-10-26T18:00:46.201+0500,,,-
2021-10-26T18:00:56.774+05:00,1.635359414,laodong.vn,2021-10-26T18:00:46.201+0500,,,-
2021-10-26T18:00:57.276+05:00,3.103623003,laodong.vn,2021-10-26T18:00:46.201+0500,,,-
2021-10-26T18:00:57.777+05:00,2.347908882,laodong.vn,2021-10-26T18:00:46.201+0500,,,-
2021-10-26T18:00:58.280+05:00,2.161104553,laodong.vn,2021-10-26T18:00:46.201+0500,,,-
2021-10-26T18:00:58.782+05:00,1.133816194,laodong.vn,2021-10-26T18:00:46.201+0500,,,-
2021-10-26T18:00:59.284+05:00,0.51432159,laodong.vn,2021-10-26T18:00:46.201+0500,,,-
2021-10-26T18:00:59.787+05:00,1.055541561,laodong.vn,2021-10-26T18:00:46.201+0500,,,-
2021-10-26T18:01:00.290+05:00,2.385857439,laodong.vn,2021-10-26T18:00:46.201+0500,,,-
2021-10-26T18:01:00.793+05:00,3.776997032,laodong.vn,2021-10-26T18:00:46.201+0500,,,-
2021-10-26T18:01:01.294+05:00,5.467550735,laodong.vn,2021-10-26T18:00:46.201+0500,,,-
2021-10-26T18:01:01.796+05:00,4.262003354,laodong.vn,2021-10-26T18:00:46.201+0500,,,-
2021-10-26T18:01:02.298+05:00,1.172836061,laodong.vn,2021-10-26T18:00:46.201+0500,,,-
2021-10-26T18:01:02.800+05:00,0.781282956,laodong.vn,2021-10-26T18:00:46.201+0500,,,-
2021-10-26T18:01:03.302+05:00,0.301539869,laodong.vn,2021-10-26T18:00:46.201+0500,,,-
2021-10-26T18:01:03.804+05:00,0.600110301,laodong.vn,2021-10-26T18:00:46.201+0500,,,-
2021-10-26T18:01:04.306+05:00,8.651876812,ikco.ir,2021-10-26T18:01:04.268+0500,142.2878622,36,3.952440617
2021-10-26T18:01:04.808+05:00,9.376212109,ikco.ir,2021-10-26T18:01:04.268+0500,,,-
2021-10-26T18:01:05.321+05:00,5.629712875,ikco.ir,2021-10-26T18:01:04.268+0500,,,-
2021-10-26T18:01:05.822+05:00,6.096379443,ikco.ir,2021-10-26T18:01:04.268+0500,,,-
2021-10-26T18:01:06.324+05:00,4.284349815,ikco.ir,2021-10-26T18:01:04.268+0500,,,-
2021-10-26T18:01:06.825+05:00,4.170275101,ikco.ir,2021-10-26T18:01:04.268+0500,,,-
2021-10-26T18:01:07.326+05:00,1.204608477,ikco.ir,2021-10-26T18:01:04.268+0500,,,-
2021-10-26T18:01:07.827+05:00,2.104096217,ikco.ir,2021-10-26T18:01:04.268+0500,,,-
2021-10-26T18:01:08.330+05:00,0.386620889,ikco.ir,2021-10-26T18:01:04.268+0500,,,-
2021-10-26T18:01:08.832+05:00,2.785829297,ikco.ir,2021-10-26T18:01:04.268+0500,,,-
2021-10-26T18:01:09.335+05:00,2.367223484,ikco.ir,2021-10-26T18:01:04.268+0500,,,-
2021-10-26T18:01:09.836+05:00,4.166794485,ikco.ir,2021-10-26T18:01:04.268+0500,,,-
2021-10-26T18:01:10.338+05:00,5.206848486,ikco.ir,2021-10-26T18:01:04.268+0500,,,-
2021-10-26T18:01:10.841+05:00,1.792615078,ikco.ir,2021-10-26T18:01:04.268+0500,,,-
2021-10-26T18:01:11.343+05:00,3.348639268,ikco.ir,2021-10-26T18:01:04.268+0500,,,-
2021-10-26T18:01:11.845+05:00,1.933058597,ikco.ir,2021-10-26T18:01:04.268+0500,,,-
2021-10-26T18:01:12.346+05:00,3.584398107,ikco.ir,2021-10-26T18:01:04.268+0500,,,-
2021-10-26T18:01:12.848+05:00,6.915602632,ikco.ir,2021-10-26T18:01:04.268+0500,,,-
2021-10-26T18:01:13.350+05:00,6.280031826,ikco.ir,2021-10-26T18:01:04.268+0500,,,-
2021-10-26T18:01:13.851+05:00,13.570201,ikco.ir,2021-10-26T18:01:04.268+0500,,,-
2021-10-26T18:01:14.353+05:00,10.95964889,ikco.ir,2021-10-26T18:01:04.268+0500,,,-
2021-10-26T18:01:14.854+05:00,7.61001328,ikco.ir,2021-10-26T18:01:04.268+0500,,,-
2021-10-26T18:01:15.356+05:00,3.487680794,ikco.ir,2021-10-26T18:01:04.268+0500,,,-
2021-10-26T18:01:15.858+05:00,1.064078391,ikco.ir,2021-10-26T18:01:04.268+0500,,,-
2021-10-26T18:01:16.360+05:00,2.199844583,ikco.ir,2021-10-26T18:01:04.268+0500,,,-
2021-10-26T18:01:16.862+05:00,3.690151646,ikco.ir,2021-10-26T18:01:04.268+0500,,,-
2021-10-26T18:01:17.364+05:00,0.794973526,ikco.ir,2021-10-26T18:01:04.268+0500,,,-
2021-10-26T18:01:17.866+05:00,1.174327819,ikco.ir,2021-10-26T18:01:04.268+0500,,,-
2021-10-26T18:01:18.369+05:00,2.112722133,ikco.ir,2021-10-26T18:01:04.268+0500,,,-
2021-10-26T18:01:18.871+05:00,1.1220698,ikco.ir,2021-10-26T18:01:04.268+0500,,,-
2021-10-26T18:01:19.372+05:00,6.008158519,ikco.ir,2021-10-26T18:01:04.268+0500,,,-
2021-10-26T18:01:19.874+05:00,4.626495142,ikco.ir,2021-10-26T18:01:04.268+0500,,,-
2021-10-26T18:01:20.377+05:00,0.525565143,ikco.ir,2021-10-26T18:01:04.268+0500,,,-
2021-10-26T18:01:20.880+05:00,0.486717091,ikco.ir,2021-10-26T18:01:04.268+0500,,,-
2021-10-26T18:01:21.383+05:00,0.396451111,ikco.ir,2021-10-26T18:01:04.268+0500,,,-
2021-10-26T18:01:21.886+05:00,2.173590322,ikco.ir,2021-10-26T18:01:04.268+0500,,,-
2021-10-26T18:01:22.387+05:00,5.99221751,nypost.com,2021-10-26T18:01:22.330+0500,255.7838373,36,7.105106591
2021-10-26T18:01:22.888+05:00,7.956367744,nypost.com,2021-10-26T18:01:22.330+0500,,,-
2021-10-26T18:01:23.389+05:00,1.732998524,nypost.com,2021-10-26T18:01:22.330+0500,,,-
2021-10-26T18:01:23.891+05:00,9.432225676,nypost.com,2021-10-26T18:01:22.330+0500,,,-
2021-10-26T18:01:24.393+05:00,6.537438825,nypost.com,2021-10-26T18:01:22.330+0500,,,-
2021-10-26T18:01:24.896+05:00,3.533041059,nypost.com,2021-10-26T18:01:22.330+0500,,,-
2021-10-26T18:01:25.398+05:00,3.645002289,nypost.com,2021-10-26T18:01:22.330+0500,,,-
2021-10-26T18:01:25.900+05:00,2.722386217,nypost.com,2021-10-26T18:01:22.330+0500,,,-
2021-10-26T18:01:26.411+05:00,1.887988426,nypost.com,2021-10-26T18:01:22.330+0500,,,-
2021-10-26T18:01:26.912+05:00,8.197119596,nypost.com,2021-10-26T18:01:22.330+0500,,,-
2021-10-26T18:01:27.413+05:00,11.08989851,nypost.com,2021-10-26T18:01:22.330+0500,,,-
2021-10-26T18:01:27.915+05:00,15.67465908,nypost.com,2021-10-26T18:01:22.330+0500,,,-
2021-10-26T18:01:28.416+05:00,7.059139088,nypost.com,2021-10-26T18:01:22.330+0500,,,-
2021-10-26T18:01:28.916+05:00,6.050493748,nypost.com,2021-10-26T18:01:22.330+0500,,,-
2021-10-26T18:01:29.418+05:00,3.577645073,nypost.com,2021-10-26T18:01:22.330+0500,,,-
2021-10-26T18:01:29.919+05:00,3.160196909,nypost.com,2021-10-26T18:01:22.330+0500,,,-
2021-10-26T18:01:30.422+05:00,2.417969364,nypost.com,2021-10-26T18:01:22.330+0500,,,-
2021-10-26T18:01:30.924+05:00,3.857783251,nypost.com,2021-10-26T18:01:22.330+0500,,,-
2021-10-26T18:01:31.425+05:00,7.249687153,nypost.com,2021-10-26T18:01:22.330+0500,,,-
2021-10-26T18:01:31.926+05:00,14.47743558,nypost.com,2021-10-26T18:01:22.330+0500,,,-
2021-10-26T18:01:32.427+05:00,20.85463033,nypost.com,2021-10-26T18:01:22.330+0500,,,-
2021-10-26T18:01:32.928+05:00,11.55736878,nypost.com,2021-10-26T18:01:22.330+0500,,,-
2021-10-26T18:01:33.430+05:00,9.388493925,nypost.com,2021-10-26T18:01:22.330+0500,,,-
2021-10-26T18:01:33.932+05:00,6.594900489,nypost.com,2021-10-26T18:01:22.330+0500,,,-
2021-10-26T18:01:34.434+05:00,4.427972426,nypost.com,2021-10-26T18:01:22.330+0500,,,-
2021-10-26T18:01:34.936+05:00,7.425593797,nypost.com,2021-10-26T18:01:22.330+0500,,,-
2021-10-26T18:01:35.438+05:00,1.810893615,nypost.com,2021-10-26T18:01:22.330+0500,,,-
2021-10-26T18:01:35.940+05:00,13.55493942,nypost.com,2021-10-26T18:01:22.330+0500,,,-
2021-10-26T18:01:36.441+05:00,20.58303491,nypost.com,2021-10-26T18:01:22.330+0500,,,-
2021-10-26T18:01:36.943+05:00,7.665711072,nypost.com,2021-10-26T18:01:22.330+0500,,,-
2021-10-26T18:01:37.444+05:00,12.44308491,nypost.com,2021-10-26T18:01:22.330+0500,,,-
2021-10-26T18:01:37.947+05:00,8.999151896,nypost.com,2021-10-26T18:01:22.330+0500,,,-
2021-10-26T18:01:38.448+05:00,3.207738217,nypost.com,2021-10-26T18:01:22.330+0500,,,-
2021-10-26T18:01:38.951+05:00,0.488642555,nypost.com,2021-10-26T18:01:22.330+0500,,,-
2021-10-26T18:01:39.454+05:00,0.164147056,nypost.com,2021-10-26T18:01:22.330+0500,,,-
2021-10-26T18:01:39.957+05:00,0.365840256,nypost.com,2021-10-26T18:01:22.330+0500,,,-
2021-10-26T18:01:40.458+05:00,5.939643577,ensonhaber.com,2021-10-26T18:01:40.394+0500,440.5552762,36,12.23764656
2021-10-26T18:01:40.960+05:00,6.858465205,ensonhaber.com,2021-10-26T18:01:40.394+0500,,,-
2021-10-26T18:01:41.462+05:00,1.743674606,ensonhaber.com,2021-10-26T18:01:40.394+0500,,,-
2021-10-26T18:01:41.963+05:00,3.910815434,ensonhaber.com,2021-10-26T18:01:40.394+0500,,,-
2021-10-26T18:01:42.465+05:00,1.425310641,ensonhaber.com,2021-10-26T18:01:40.394+0500,,,-
2021-10-26T18:01:42.966+05:00,7.231442702,ensonhaber.com,2021-10-26T18:01:40.394+0500,,,-
2021-10-26T18:01:43.467+05:00,17.80448822,ensonhaber.com,2021-10-26T18:01:40.394+0500,,,-
2021-10-26T18:01:43.968+05:00,18.4288498,ensonhaber.com,2021-10-26T18:01:40.394+0500,,,-
2021-10-26T18:01:44.469+05:00,10.32928816,ensonhaber.com,2021-10-26T18:01:40.394+0500,,,-
2021-10-26T18:01:44.971+05:00,12.04155335,ensonhaber.com,2021-10-26T18:01:40.394+0500,,,-
2021-10-26T18:01:45.472+05:00,7.598873932,ensonhaber.com,2021-10-26T18:01:40.394+0500,,,-
2021-10-26T18:01:45.975+05:00,15.94170425,ensonhaber.com,2021-10-26T18:01:40.394+0500,,,-
2021-10-26T18:01:46.482+05:00,10.69108379,ensonhaber.com,2021-10-26T18:01:40.394+0500,,,-
2021-10-26T18:01:46.983+05:00,12.08488069,ensonhaber.com,2021-10-26T18:01:40.394+0500,,,-
2021-10-26T18:01:47.484+05:00,14.2822477,ensonhaber.com,2021-10-26T18:01:40.394+0500,,,-
2021-10-26T18:01:47.985+05:00,13.91877384,ensonhaber.com,2021-10-26T18:01:40.394+0500,,,-
2021-10-26T18:01:48.486+05:00,18.70392981,ensonhaber.com,2021-10-26T18:01:40.394+0500,,,-
2021-10-26T18:01:48.989+05:00,24.01896213,ensonhaber.com,2021-10-26T18:01:40.394+0500,,,-
2021-10-26T18:01:49.491+05:00,23.80406657,ensonhaber.com,2021-10-26T18:01:40.394+0500,,,-
2021-10-26T18:01:49.992+05:00,23.14023065,ensonhaber.com,2021-10-26T18:01:40.394+0500,,,-
2021-10-26T18:01:50.493+05:00,12.75253121,ensonhaber.com,2021-10-26T18:01:40.394+0500,,,-
2021-10-26T18:01:50.994+05:00,14.60700903,ensonhaber.com,2021-10-26T18:01:40.394+0500,,,-
2021-10-26T18:01:51.495+05:00,16.86781807,ensonhaber.com,2021-10-26T18:01:40.394+0500,,,-
2021-10-26T18:01:51.997+05:00,15.13304305,ensonhaber.com,2021-10-26T18:01:40.394+0500,,,-
2021-10-26T18:01:52.499+05:00,20.93703628,ensonhaber.com,2021-10-26T18:01:40.394+0500,,,-
2021-10-26T18:01:53.000+05:00,20.87142772,ensonhaber.com,2021-10-26T18:01:40.394+0500,,,-
2021-10-26T18:01:53.502+05:00,11.99868318,ensonhaber.com,2021-10-26T18:01:40.394+0500,,,-
2021-10-26T18:01:54.003+05:00,19.87533971,ensonhaber.com,2021-10-26T18:01:40.394+0500,,,-
2021-10-26T18:01:54.505+05:00,15.94165446,ensonhaber.com,2021-10-26T18:01:40.394+0500,,,-
2021-10-26T18:01:55.006+05:00,14.4152618,ensonhaber.com,2021-10-26T18:01:40.394+0500,,,-
2021-10-26T18:01:55.507+05:00,14.08787188,ensonhaber.com,2021-10-26T18:01:40.394+0500,,,-
2021-10-26T18:01:56.010+05:00,7.550801748,ensonhaber.com,2021-10-26T18:01:40.394+0500,,,-
2021-10-26T18:01:56.513+05:00,0.754361847,ensonhaber.com,2021-10-26T18:01:40.394+0500,,,-
2021-10-26T18:01:57.016+05:00,0.562632514,ensonhaber.com,2021-10-26T18:01:40.394+0500,,,-
2021-10-26T18:01:57.518+05:00,0.176832475,ensonhaber.com,2021-10-26T18:01:40.394+0500,,,-
2021-10-26T18:01:58.019+05:00,4.124686213,ensonhaber.com,2021-10-26T18:01:40.394+0500,,,-
2021-10-26T18:01:58.521+05:00,9.357887946,verizon.com,2021-10-26T18:01:58.452+0500,245.7958959,36,6.827663776
2021-10-26T18:01:59.023+05:00,6.052003664,verizon.com,2021-10-26T18:01:58.452+0500,,,-
2021-10-26T18:01:59.525+05:00,1.816085551,verizon.com,2021-10-26T18:01:58.452+0500,,,-
2021-10-26T18:02:00.026+05:00,3.190668189,verizon.com,2021-10-26T18:01:58.452+0500,,,-
2021-10-26T18:02:00.528+05:00,7.636757001,verizon.com,2021-10-26T18:01:58.452+0500,,,-
2021-10-26T18:02:01.029+05:00,4.52903402,verizon.com,2021-10-26T18:01:58.452+0500,,,-
2021-10-26T18:02:01.532+05:00,2.398714801,verizon.com,2021-10-26T18:01:58.452+0500,,,-
2021-10-26T18:02:02.034+05:00,2.020447589,verizon.com,2021-10-26T18:01:58.452+0500,,,-
2021-10-26T18:02:02.535+05:00,5.355849731,verizon.com,2021-10-26T18:01:58.452+0500,,,-
2021-10-26T18:02:03.036+05:00,19.15449531,verizon.com,2021-10-26T18:01:58.452+0500,,,-
2021-10-26T18:02:03.538+05:00,8.732944879,verizon.com,2021-10-26T18:01:58.452+0500,,,-
2021-10-26T18:02:04.039+05:00,5.062836174,verizon.com,2021-10-26T18:01:58.452+0500,,,-
2021-10-26T18:02:04.541+05:00,15.41539823,verizon.com,2021-10-26T18:01:58.452+0500,,,-
2021-10-26T18:02:05.043+05:00,9.558306156,verizon.com,2021-10-26T18:01:58.452+0500,,,-
2021-10-26T18:02:05.544+05:00,16.64278299,verizon.com,2021-10-26T18:01:58.452+0500,,,-
2021-10-26T18:02:06.046+05:00,8.740506304,verizon.com,2021-10-26T18:01:58.452+0500,,,-
2021-10-26T18:02:06.548+05:00,6.942397063,verizon.com,2021-10-26T18:01:58.452+0500,,,-
2021-10-26T18:02:07.049+05:00,23.37304077,verizon.com,2021-10-26T18:01:58.452+0500,,,-
2021-10-26T18:02:07.550+05:00,5.859053065,verizon.com,2021-10-26T18:01:58.452+0500,,,-
2021-10-26T18:02:08.051+05:00,3.609698973,verizon.com,2021-10-26T18:01:58.452+0500,,,-
2021-10-26T18:02:08.553+05:00,5.330020972,verizon.com,2021-10-26T18:01:58.452+0500,,,-
2021-10-26T18:02:09.055+05:00,6.892699601,verizon.com,2021-10-26T18:01:58.452+0500,,,-
2021-10-26T18:02:09.557+05:00,5.213440831,verizon.com,2021-10-26T18:01:58.452+0500,,,-
2021-10-26T18:02:10.058+05:00,6.135151482,verizon.com,2021-10-26T18:01:58.452+0500,,,-
2021-10-26T18:02:10.559+05:00,9.800284829,verizon.com,2021-10-26T18:01:58.452+0500,,,-
2021-10-26T18:02:11.061+05:00,6.379898386,verizon.com,2021-10-26T18:01:58.452+0500,,,-
2021-10-26T18:02:11.563+05:00,4.634871871,verizon.com,2021-10-26T18:01:58.452+0500,,,-
2021-10-26T18:02:12.064+05:00,4.870771138,verizon.com,2021-10-26T18:01:58.452+0500,,,-
2021-10-26T18:02:12.567+05:00,3.698728504,verizon.com,2021-10-26T18:01:58.452+0500,,,-
2021-10-26T18:02:13.068+05:00,4.805178282,verizon.com,2021-10-26T18:01:58.452+0500,,,-
2021-10-26T18:02:13.569+05:00,9.012121389,verizon.com,2021-10-26T18:01:58.452+0500,,,-
2021-10-26T18:02:14.070+05:00,7.241968126,verizon.com,2021-10-26T18:01:58.452+0500,,,-
2021-10-26T18:02:14.573+05:00,0.130773138,verizon.com,2021-10-26T18:01:58.452+0500,,,-
2021-10-26T18:02:15.075+05:00,0.455199119,verizon.com,2021-10-26T18:01:58.452+0500,,,-
2021-10-26T18:02:15.578+05:00,0.22152767,verizon.com,2021-10-26T18:01:58.452+0500,,,-
2021-10-26T18:02:16.081+05:00,5.524352195,verizon.com,2021-10-26T18:01:58.452+0500,,,-
2021-10-26T18:02:16.582+05:00,7.809267167,hbomax.com,2021-10-26T18:02:16.518+0500,215.7531838,36,5.993143994
2021-10-26T18:02:17.084+05:00,6.618275582,hbomax.com,2021-10-26T18:02:16.518+0500,,,-
2021-10-26T18:02:17.586+05:00,1.889465112,hbomax.com,2021-10-26T18:02:16.518+0500,,,-
2021-10-26T18:02:18.088+05:00,3.97517591,hbomax.com,2021-10-26T18:02:16.518+0500,,,-
2021-10-26T18:02:18.590+05:00,10.05136221,hbomax.com,2021-10-26T18:02:16.518+0500,,,-
2021-10-26T18:02:19.091+05:00,15.17090613,hbomax.com,2021-10-26T18:02:16.518+0500,,,-
2021-10-26T18:02:19.593+05:00,7.954730821,hbomax.com,2021-10-26T18:02:16.518+0500,,,-
2021-10-26T18:02:20.094+05:00,7.156026465,hbomax.com,2021-10-26T18:02:16.518+0500,,,-
2021-10-26T18:02:20.596+05:00,5.837663604,hbomax.com,2021-10-26T18:02:16.518+0500,,,-
2021-10-26T18:02:21.098+05:00,2.530632321,hbomax.com,2021-10-26T18:02:16.518+0500,,,-
2021-10-26T18:02:21.599+05:00,3.838416138,hbomax.com,2021-10-26T18:02:16.518+0500,,,-
2021-10-26T18:02:22.101+05:00,17.45155567,hbomax.com,2021-10-26T18:02:16.518+0500,,,-
2021-10-26T18:02:22.602+05:00,15.26058688,hbomax.com,2021-10-26T18:02:16.518+0500,,,-
2021-10-26T18:02:23.103+05:00,13.54787079,hbomax.com,2021-10-26T18:02:16.518+0500,,,-
2021-10-26T18:02:23.604+05:00,4.059239326,hbomax.com,2021-10-26T18:02:16.518+0500,,,-
2021-10-26T18:02:24.105+05:00,7.199065937,hbomax.com,2021-10-26T18:02:16.518+0500,,,-
2021-10-26T18:02:24.607+05:00,5.730682175,hbomax.com,2021-10-26T18:02:16.518+0500,,,-
2021-10-26T18:02:25.109+05:00,3.382155976,hbomax.com,2021-10-26T18:02:16.518+0500,,,-
2021-10-26T18:02:25.610+05:00,9.036398273,hbomax.com,2021-10-26T18:02:16.518+0500,,,-
2021-10-26T18:02:26.112+05:00,7.383980137,hbomax.com,2021-10-26T18:02:16.518+0500,,,-
2021-10-26T18:02:26.613+05:00,6.692542499,hbomax.com,2021-10-26T18:02:16.518+0500,,,-
2021-10-26T18:02:27.114+05:00,7.355802235,hbomax.com,2021-10-26T18:02:16.518+0500,,,-
2021-10-26T18:02:27.615+05:00,7.563458708,hbomax.com,2021-10-26T18:02:16.518+0500,,,-
2021-10-26T18:02:28.120+05:00,1.50568303,hbomax.com,2021-10-26T18:02:16.518+0500,,,-
2021-10-26T18:02:28.622+05:00,2.635647183,hbomax.com,2021-10-26T18:02:16.518+0500,,,-
2021-10-26T18:02:29.123+05:00,5.402203431,hbomax.com,2021-10-26T18:02:16.518+0500,,,-
2021-10-26T18:02:29.624+05:00,2.203064639,hbomax.com,2021-10-26T18:02:16.518+0500,,,-
2021-10-26T18:02:30.126+05:00,5.45250325,hbomax.com,2021-10-26T18:02:16.518+0500,,,-
2021-10-26T18:02:30.628+05:00,3.288238513,hbomax.com,2021-10-26T18:02:16.518+0500,,,-
2021-10-26T18:02:31.130+05:00,0.275935743,hbomax.com,2021-10-26T18:02:16.518+0500,,,-
2021-10-26T18:02:31.632+05:00,5.658379371,hbomax.com,2021-10-26T18:02:16.518+0500,,,-
2021-10-26T18:02:32.135+05:00,4.356485452,hbomax.com,2021-10-26T18:02:16.518+0500,,,-
2021-10-26T18:02:32.636+05:00,1.371083882,hbomax.com,2021-10-26T18:02:16.518+0500,,,-
2021-10-26T18:02:33.139+05:00,0.503443656,hbomax.com,2021-10-26T18:02:16.518+0500,,,-
2021-10-26T18:02:33.640+05:00,0.184042552,hbomax.com,2021-10-26T18:02:16.518+0500,,,-
2021-10-26T18:02:34.141+05:00,5.42121303,hbomax.com,2021-10-26T18:02:16.518+0500,,,-
2021-10-26T18:02:34.642+05:00,8.076097503,dhl.com,2021-10-26T18:02:34.577+0500,136.6180671,36,3.794946309
2021-10-26T18:02:35.143+05:00,9.117194421,dhl.com,2021-10-26T18:02:34.577+0500,,,-
2021-10-26T18:02:35.645+05:00,0.639720094,dhl.com,2021-10-26T18:02:34.577+0500,,,-
2021-10-26T18:02:36.148+05:00,2.133253551,dhl.com,2021-10-26T18:02:34.577+0500,,,-
2021-10-26T18:02:36.650+05:00,2.154526145,dhl.com,2021-10-26T18:02:34.577+0500,,,-
2021-10-26T18:02:37.152+05:00,2.685306327,dhl.com,2021-10-26T18:02:34.577+0500,,,-
2021-10-26T18:02:37.655+05:00,0.667902832,dhl.com,2021-10-26T18:02:34.577+0500,,,-
2021-10-26T18:02:38.157+05:00,1.335749113,dhl.com,2021-10-26T18:02:34.577+0500,,,-
2021-10-26T18:02:38.658+05:00,1.2400673,dhl.com,2021-10-26T18:02:34.577+0500,,,-
2021-10-26T18:02:39.160+05:00,3.152495224,dhl.com,2021-10-26T18:02:34.577+0500,,,-
2021-10-26T18:02:39.663+05:00,1.348880445,dhl.com,2021-10-26T18:02:34.577+0500,,,-
2021-10-26T18:02:40.165+05:00,7.314221676,dhl.com,2021-10-26T18:02:34.577+0500,,,-
2021-10-26T18:02:40.667+05:00,6.695333731,dhl.com,2021-10-26T18:02:34.577+0500,,,-
2021-10-26T18:02:41.169+05:00,9.474789707,dhl.com,2021-10-26T18:02:34.577+0500,,,-
2021-10-26T18:02:41.670+05:00,15.45465127,dhl.com,2021-10-26T18:02:34.577+0500,,,-
2021-10-26T18:02:42.171+05:00,13.72822654,dhl.com,2021-10-26T18:02:34.577+0500,,,-
2021-10-26T18:02:42.673+05:00,12.31665675,dhl.com,2021-10-26T18:02:34.577+0500,,,-
2021-10-26T18:02:43.175+05:00,6.448958151,dhl.com,2021-10-26T18:02:34.577+0500,,,-
2021-10-26T18:02:43.676+05:00,5.272642061,dhl.com,2021-10-26T18:02:34.577+0500,,,-
2021-10-26T18:02:44.178+05:00,1.661118145,dhl.com,2021-10-26T18:02:34.577+0500,,,-
2021-10-26T18:02:44.681+05:00,0.503076798,dhl.com,2021-10-26T18:02:34.577+0500,,,-
2021-10-26T18:02:45.182+05:00,1.47497181,dhl.com,2021-10-26T18:02:34.577+0500,,,-
2021-10-26T18:02:45.683+05:00,0.234854033,dhl.com,2021-10-26T18:02:34.577+0500,,,-
2021-10-26T18:02:46.185+05:00,0.479700394,dhl.com,2021-10-26T18:02:34.577+0500,,,-
2021-10-26T18:02:46.686+05:00,3.794172662,dhl.com,2021-10-26T18:02:34.577+0500,,,-
2021-10-26T18:02:47.189+05:00,1.338380158,dhl.com,2021-10-26T18:02:34.577+0500,,,-
2021-10-26T18:02:47.690+05:00,0.234041014,dhl.com,2021-10-26T18:02:34.577+0500,,,-
2021-10-26T18:02:48.192+05:00,3.190777503,dhl.com,2021-10-26T18:02:34.577+0500,,,-
2021-10-26T18:02:48.695+05:00,0.598732172,dhl.com,2021-10-26T18:02:34.577+0500,,,-
2021-10-26T18:02:49.209+05:00,0.479616676,dhl.com,2021-10-26T18:02:34.577+0500,,,-
2021-10-26T18:02:49.711+05:00,6.543503604,dhl.com,2021-10-26T18:02:34.577+0500,,,-
2021-10-26T18:02:50.214+05:00,1.906167786,dhl.com,2021-10-26T18:02:34.577+0500,,,-
2021-10-26T18:02:50.717+05:00,0.757435906,dhl.com,2021-10-26T18:02:34.577+0500,,,-
2021-10-26T18:02:51.218+05:00,0.914791837,dhl.com,2021-10-26T18:02:34.577+0500,,,-
2021-10-26T18:02:51.719+05:00,1.297958679,dhl.com,2021-10-26T18:02:34.577+0500,,,-
2021-10-26T18:02:52.220+05:00,1.952095111,dhl.com,2021-10-26T18:02:34.577+0500,,,-
2021-10-26T18:02:52.721+05:00,10.90835245,softonic.com,2021-10-26T18:02:52.630+0500,222.549011,36,6.181916971
2021-10-26T18:02:53.224+05:00,6.390067882,softonic.com,2021-10-26T18:02:52.630+0500,,,-
2021-10-26T18:02:53.725+05:00,1.779251365,softonic.com,2021-10-26T18:02:52.630+0500,,,-
2021-10-26T18:02:54.228+05:00,3.291636424,softonic.com,2021-10-26T18:02:52.630+0500,,,-
2021-10-26T18:02:54.729+05:00,11.5126384,softonic.com,2021-10-26T18:02:52.630+0500,,,-
2021-10-26T18:02:55.231+05:00,9.382891859,softonic.com,2021-10-26T18:02:52.630+0500,,,-
2021-10-26T18:02:55.732+05:00,16.42605886,softonic.com,2021-10-26T18:02:52.630+0500,,,-
2021-10-26T18:02:56.234+05:00,9.064863834,softonic.com,2021-10-26T18:02:52.630+0500,,,-
2021-10-26T18:02:56.735+05:00,6.507633473,softonic.com,2021-10-26T18:02:52.630+0500,,,-
2021-10-26T18:02:57.236+05:00,11.84022947,softonic.com,2021-10-26T18:02:52.630+0500,,,-
2021-10-26T18:02:57.737+05:00,8.266251743,softonic.com,2021-10-26T18:02:52.630+0500,,,-
2021-10-26T18:02:58.239+05:00,4.091703856,softonic.com,2021-10-26T18:02:52.630+0500,,,-
2021-10-26T18:02:58.742+05:00,8.019567608,softonic.com,2021-10-26T18:02:52.630+0500,,,-
2021-10-26T18:02:59.243+05:00,8.24606906,softonic.com,2021-10-26T18:02:52.630+0500,,,-
2021-10-26T18:02:59.744+05:00,8.313129845,softonic.com,2021-10-26T18:02:52.630+0500,,,-
2021-10-26T18:03:00.246+05:00,9.920389235,softonic.com,2021-10-26T18:02:52.630+0500,,,-
2021-10-26T18:03:00.746+05:00,11.93442423,softonic.com,2021-10-26T18:02:52.630+0500,,,-
2021-10-26T18:03:01.247+05:00,9.98338399,softonic.com,2021-10-26T18:02:52.630+0500,,,-
2021-10-26T18:03:01.748+05:00,6.397007859,softonic.com,2021-10-26T18:02:52.630+0500,,,-
2021-10-26T18:03:02.250+05:00,10.51894074,softonic.com,2021-10-26T18:02:52.630+0500,,,-
2021-10-26T18:03:02.751+05:00,5.945004219,softonic.com,2021-10-26T18:02:52.630+0500,,,-
2021-10-26T18:03:03.254+05:00,1.434529586,softonic.com,2021-10-26T18:02:52.630+0500,,,-
2021-10-26T18:03:03.755+05:00,1.582969865,softonic.com,2021-10-26T18:02:52.630+0500,,,-
2021-10-26T18:03:04.256+05:00,2.302620107,softonic.com,2021-10-26T18:02:52.630+0500,,,-
2021-10-26T18:03:04.757+05:00,2.805068533,softonic.com,2021-10-26T18:02:52.630+0500,,,-
2021-10-26T18:03:05.258+05:00,6.634683945,softonic.com,2021-10-26T18:02:52.630+0500,,,-
2021-10-26T18:03:05.759+05:00,1.963373858,softonic.com,2021-10-26T18:02:52.630+0500,,,-
2021-10-26T18:03:06.262+05:00,4.148917663,softonic.com,2021-10-26T18:02:52.630+0500,,,-
2021-10-26T18:03:06.763+05:00,2.457554264,softonic.com,2021-10-26T18:02:52.630+0500,,,-
2021-10-26T18:03:07.265+05:00,1.036707917,softonic.com,2021-10-26T18:02:52.630+0500,,,-
2021-10-26T18:03:07.766+05:00,7.825573484,softonic.com,2021-10-26T18:02:52.630+0500,,,-
2021-10-26T18:03:08.268+05:00,4.794976223,softonic.com,2021-10-26T18:02:52.630+0500,,,-
2021-10-26T18:03:08.770+05:00,1.036073846,softonic.com,2021-10-26T18:02:52.630+0500,,,-
2021-10-26T18:03:09.271+05:00,5.01496,softonic.com,2021-10-26T18:02:52.630+0500,,,-
2021-10-26T18:03:09.772+05:00,0.146228325,softonic.com,2021-10-26T18:02:52.630+0500,,,-
2021-10-26T18:03:10.274+05:00,0.625276945,softonic.com,2021-10-26T18:02:52.630+0500,,,-
2021-10-26T18:03:10.776+05:00,8.442645509,delta.com,2021-10-26T18:03:10.688+0500,288.9001682,36,8.025004673
2021-10-26T18:03:11.277+05:00,5.685978276,delta.com,2021-10-26T18:03:10.688+0500,,,-
2021-10-26T18:03:11.777+05:00,2.143649509,delta.com,2021-10-26T18:03:10.688+0500,,,-
2021-10-26T18:03:12.280+05:00,2.609851481,delta.com,2021-10-26T18:03:10.688+0500,,,-
2021-10-26T18:03:12.782+05:00,1.633795766,delta.com,2021-10-26T18:03:10.688+0500,,,-
2021-10-26T18:03:13.284+05:00,1.283142201,delta.com,2021-10-26T18:03:10.688+0500,,,-
2021-10-26T18:03:13.785+05:00,8.158649486,delta.com,2021-10-26T18:03:10.688+0500,,,-
2021-10-26T18:03:14.287+05:00,4.438125901,delta.com,2021-10-26T18:03:10.688+0500,,,-
2021-10-26T18:03:14.787+05:00,6.773657856,delta.com,2021-10-26T18:03:10.688+0500,,,-
2021-10-26T18:03:15.289+05:00,7.012505932,delta.com,2021-10-26T18:03:10.688+0500,,,-
2021-10-26T18:03:15.791+05:00,6.538842415,delta.com,2021-10-26T18:03:10.688+0500,,,-
2021-10-26T18:03:16.292+05:00,7.66027269,delta.com,2021-10-26T18:03:10.688+0500,,,-
2021-10-26T18:03:16.793+05:00,4.69800471,delta.com,2021-10-26T18:03:10.688+0500,,,-
2021-10-26T18:03:17.294+05:00,4.521692742,delta.com,2021-10-26T18:03:10.688+0500,,,-
2021-10-26T18:03:17.795+05:00,4.418938354,delta.com,2021-10-26T18:03:10.688+0500,,,-
2021-10-26T18:03:18.296+05:00,6.25973272,delta.com,2021-10-26T18:03:10.688+0500,,,-
2021-10-26T18:03:18.798+05:00,4.410820929,delta.com,2021-10-26T18:03:10.688+0500,,,-
2021-10-26T18:03:19.299+05:00,3.658495286,delta.com,2021-10-26T18:03:10.688+0500,,,-
2021-10-26T18:03:19.799+05:00,18.42354439,delta.com,2021-10-26T18:03:10.688+0500,,,-
2021-10-26T18:03:20.300+05:00,18.32437549,delta.com,2021-10-26T18:03:10.688+0500,,,-
2021-10-26T18:03:20.801+05:00,24.13272029,delta.com,2021-10-26T18:03:10.688+0500,,,-
2021-10-26T18:03:21.303+05:00,13.98252358,delta.com,2021-10-26T18:03:10.688+0500,,,-
2021-10-26T18:03:21.804+05:00,15.19942205,delta.com,2021-10-26T18:03:10.688+0500,,,-
2021-10-26T18:03:22.305+05:00,4.616301826,delta.com,2021-10-26T18:03:10.688+0500,,,-
2021-10-26T18:03:22.806+05:00,7.312535327,delta.com,2021-10-26T18:03:10.688+0500,,,-
2021-10-26T18:03:23.307+05:00,20.22714778,delta.com,2021-10-26T18:03:10.688+0500,,,-
2021-10-26T18:03:23.808+05:00,12.31244415,delta.com,2021-10-26T18:03:10.688+0500,,,-
2021-10-26T18:03:24.310+05:00,16.98481811,delta.com,2021-10-26T18:03:10.688+0500,,,-
2021-10-26T18:03:24.811+05:00,7.67066475,delta.com,2021-10-26T18:03:10.688+0500,,,-
2021-10-26T18:03:25.313+05:00,8.271274826,delta.com,2021-10-26T18:03:10.688+0500,,,-
2021-10-26T18:03:25.814+05:00,16.56834688,delta.com,2021-10-26T18:03:10.688+0500,,,-
2021-10-26T18:03:26.315+05:00,10.25899769,delta.com,2021-10-26T18:03:10.688+0500,,,-
2021-10-26T18:03:26.816+05:00,3.278116126,delta.com,2021-10-26T18:03:10.688+0500,,,-
2021-10-26T18:03:27.318+05:00,0.548185978,delta.com,2021-10-26T18:03:10.688+0500,,,-
2021-10-26T18:03:27.819+05:00,0.16551336,delta.com,2021-10-26T18:03:10.688+0500,,,-
2021-10-26T18:03:28.321+05:00,0.274433863,delta.com,2021-10-26T18:03:10.688+0500,,,-
2021-10-26T18:03:28.822+05:00,8.238088629,onlyfans.com,2021-10-26T18:03:28.742+0500,56.71117883,36,1.575310523
2021-10-26T18:03:29.324+05:00,5.894374912,onlyfans.com,2021-10-26T18:03:28.742+0500,,,-
2021-10-26T18:03:29.825+05:00,1.727248175,onlyfans.com,2021-10-26T18:03:28.742+0500,,,-
2021-10-26T18:03:30.330+05:00,1.422718152,onlyfans.com,2021-10-26T18:03:28.742+0500,,,-
2021-10-26T18:03:30.832+05:00,1.58500486,onlyfans.com,2021-10-26T18:03:28.742+0500,,,-
2021-10-26T18:03:31.334+05:00,1.5774153,onlyfans.com,2021-10-26T18:03:28.742+0500,,,-
2021-10-26T18:03:31.836+05:00,1.793165499,onlyfans.com,2021-10-26T18:03:28.742+0500,,,-
2021-10-26T18:03:32.337+05:00,1.452828954,onlyfans.com,2021-10-26T18:03:28.742+0500,,,-
2021-10-26T18:03:32.838+05:00,1.323849916,onlyfans.com,2021-10-26T18:03:28.742+0500,,,-
2021-10-26T18:03:33.338+05:00,1.268452676,onlyfans.com,2021-10-26T18:03:28.742+0500,,,-
2021-10-26T18:03:33.839+05:00,0.568336009,onlyfans.com,2021-10-26T18:03:28.742+0500,,,-
2021-10-26T18:03:34.340+05:00,0.524521248,onlyfans.com,2021-10-26T18:03:28.742+0500,,,-
2021-10-26T18:03:34.843+05:00,1.072840726,onlyfans.com,2021-10-26T18:03:28.742+0500,,,-
2021-10-26T18:03:35.344+05:00,0.989998026,onlyfans.com,2021-10-26T18:03:28.742+0500,,,-
2021-10-26T18:03:35.845+05:00,0.83100924,onlyfans.com,2021-10-26T18:03:28.742+0500,,,-
2021-10-26T18:03:36.347+05:00,0.59192055,onlyfans.com,2021-10-26T18:03:28.742+0500,,,-
2021-10-26T18:03:36.849+05:00,2.674522905,onlyfans.com,2021-10-26T18:03:28.742+0500,,,-
2021-10-26T18:03:37.350+05:00,1.656041065,onlyfans.com,2021-10-26T18:03:28.742+0500,,,-
2021-10-26T18:03:37.852+05:00,0.614182423,onlyfans.com,2021-10-26T18:03:28.742+0500,,,-
2021-10-26T18:03:38.353+05:00,0.778745881,onlyfans.com,2021-10-26T18:03:28.742+0500,,,-
2021-10-26T18:03:38.854+05:00,1.29306122,onlyfans.com,2021-10-26T18:03:28.742+0500,,,-
2021-10-26T18:03:39.355+05:00,0.998503063,onlyfans.com,2021-10-26T18:03:28.742+0500,,,-
2021-10-26T18:03:39.856+05:00,0.609186246,onlyfans.com,2021-10-26T18:03:28.742+0500,,,-
2021-10-26T18:03:40.358+05:00,0.809961589,onlyfans.com,2021-10-26T18:03:28.742+0500,,,-
2021-10-26T18:03:40.860+05:00,1.030165304,onlyfans.com,2021-10-26T18:03:28.742+0500,,,-
2021-10-26T18:03:41.362+05:00,1.036919646,onlyfans.com,2021-10-26T18:03:28.742+0500,,,-
2021-10-26T18:03:41.864+05:00,0.603113717,onlyfans.com,2021-10-26T18:03:28.742+0500,,,-
2021-10-26T18:03:42.365+05:00,0.465083249,onlyfans.com,2021-10-26T18:03:28.742+0500,,,-
2021-10-26T18:03:42.867+05:00,0.858591046,onlyfans.com,2021-10-26T18:03:28.742+0500,,,-
2021-10-26T18:03:43.368+05:00,0.907677256,onlyfans.com,2021-10-26T18:03:28.742+0500,,,-
2021-10-26T18:03:43.869+05:00,5.919890831,onlyfans.com,2021-10-26T18:03:28.742+0500,,,-
2021-10-26T18:03:44.371+05:00,1.591399133,onlyfans.com,2021-10-26T18:03:28.742+0500,,,-
2021-10-26T18:03:44.872+05:00,3.083620368,onlyfans.com,2021-10-26T18:03:28.742+0500,,,-
2021-10-26T18:03:45.374+05:00,0.431977468,onlyfans.com,2021-10-26T18:03:28.742+0500,,,-
2021-10-26T18:03:45.876+05:00,0.18919617,onlyfans.com,2021-10-26T18:03:28.742+0500,,,-
2021-10-26T18:03:46.378+05:00,0.297567378,onlyfans.com,2021-10-26T18:03:28.742+0500,,,-
2021-10-26T18:03:46.880+05:00,7.875640825,iherb.com,2021-10-26T18:03:46.806+0500,367.3878244,36,10.20521734
2021-10-26T18:03:47.381+05:00,5.26575035,iherb.com,2021-10-26T18:03:46.806+0500,,,-
2021-10-26T18:03:47.882+05:00,1.216694384,iherb.com,2021-10-26T18:03:46.806+0500,,,-
2021-10-26T18:03:48.384+05:00,1.827818842,iherb.com,2021-10-26T18:03:46.806+0500,,,-
2021-10-26T18:03:48.886+05:00,2.057995283,iherb.com,2021-10-26T18:03:46.806+0500,,,-
2021-10-26T18:03:49.387+05:00,1.285006171,iherb.com,2021-10-26T18:03:46.806+0500,,,-
2021-10-26T18:03:49.888+05:00,1.069104864,iherb.com,2021-10-26T18:03:46.806+0500,,,-
2021-10-26T18:03:50.390+05:00,0.921992968,iherb.com,2021-10-26T18:03:46.806+0500,,,-
2021-10-26T18:03:50.891+05:00,2.623994783,iherb.com,2021-10-26T18:03:46.806+0500,,,-
2021-10-26T18:03:51.401+05:00,2.249428639,iherb.com,2021-10-26T18:03:46.806+0500,,,-
2021-10-26T18:03:51.902+05:00,3.122692867,iherb.com,2021-10-26T18:03:46.806+0500,,,-
2021-10-26T18:03:52.404+05:00,0.630794512,iherb.com,2021-10-26T18:03:46.806+0500,,,-
2021-10-26T18:03:52.906+05:00,0.918061275,iherb.com,2021-10-26T18:03:46.806+0500,,,-
2021-10-26T18:03:53.408+05:00,0.967930886,iherb.com,2021-10-26T18:03:46.806+0500,,,-
2021-10-26T18:03:53.909+05:00,0.56943487,iherb.com,2021-10-26T18:03:46.806+0500,,,-
2021-10-26T18:03:54.411+05:00,2.065481887,iherb.com,2021-10-26T18:03:46.806+0500,,,-
2021-10-26T18:03:54.912+05:00,2.525833674,iherb.com,2021-10-26T18:03:46.806+0500,,,-
2021-10-26T18:03:55.415+05:00,1.673928255,iherb.com,2021-10-26T18:03:46.806+0500,,,-
2021-10-26T18:03:55.916+05:00,7.440744913,iherb.com,2021-10-26T18:03:46.806+0500,,,-
2021-10-26T18:03:56.417+05:00,16.84795509,iherb.com,2021-10-26T18:03:46.806+0500,,,-
2021-10-26T18:03:56.918+05:00,26.50373667,iherb.com,2021-10-26T18:03:46.806+0500,,,-
2021-10-26T18:03:57.420+05:00,15.77341797,iherb.com,2021-10-26T18:03:46.806+0500,,,-
2021-10-26T18:03:57.921+05:00,16.28098352,iherb.com,2021-10-26T18:03:46.806+0500,,,-
2021-10-26T18:03:58.423+05:00,24.67271738,iherb.com,2021-10-26T18:03:46.806+0500,,,-
2021-10-26T18:03:58.925+05:00,30.28861448,iherb.com,2021-10-26T18:03:46.806+0500,,,-
2021-10-26T18:03:59.426+05:00,29.50201901,iherb.com,2021-10-26T18:03:46.806+0500,,,-
2021-10-26T18:03:59.927+05:00,23.05642317,iherb.com,2021-10-26T18:03:46.806+0500,,,-
2021-10-26T18:04:00.428+05:00,31.47448935,iherb.com,2021-10-26T18:03:46.806+0500,,,-
2021-10-26T18:04:00.930+05:00,32.93432711,iherb.com,2021-10-26T18:03:46.806+0500,,,-
2021-10-26T18:04:01.431+05:00,29.42064391,iherb.com,2021-10-26T18:03:46.806+0500,,,-
2021-10-26T18:04:01.932+05:00,17.51652309,iherb.com,2021-10-26T18:03:46.806+0500,,,-
2021-10-26T18:04:02.433+05:00,16.77063685,iherb.com,2021-10-26T18:03:46.806+0500,,,-
2021-10-26T18:04:02.934+05:00,0.982430538,iherb.com,2021-10-26T18:03:46.806+0500,,,-
2021-10-26T18:04:03.435+05:00,7.249774893,iherb.com,2021-10-26T18:03:46.806+0500,,,-
2021-10-26T18:04:03.936+05:00,0.95972352,iherb.com,2021-10-26T18:03:46.806+0500,,,-
2021-10-26T18:04:04.437+05:00,0.845077561,iherb.com,2021-10-26T18:03:46.806+0500,,,-
2021-10-26T18:04:04.938+05:00,9.730010283,rezka.ag,2021-10-26T18:04:04.862+0500,263.568504,36,7.321347333
2021-10-26T18:04:05.439+05:00,7.54065917,rezka.ag,2021-10-26T18:04:04.862+0500,,,-
2021-10-26T18:04:05.940+05:00,2.465298964,rezka.ag,2021-10-26T18:04:04.862+0500,,,-
2021-10-26T18:04:06.441+05:00,8.578098805,rezka.ag,2021-10-26T18:04:04.862+0500,,,-
2021-10-26T18:04:06.943+05:00,9.122659181,rezka.ag,2021-10-26T18:04:04.862+0500,,,-
2021-10-26T18:04:07.445+05:00,6.248983661,rezka.ag,2021-10-26T18:04:04.862+0500,,,-
2021-10-26T18:04:07.946+05:00,16.8002968,rezka.ag,2021-10-26T18:04:04.862+0500,,,-
2021-10-26T18:04:08.447+05:00,19.32176295,rezka.ag,2021-10-26T18:04:04.862+0500,,,-
2021-10-26T18:04:08.949+05:00,14.4677348,rezka.ag,2021-10-26T18:04:04.862+0500,,,-
2021-10-26T18:04:09.450+05:00,18.57113191,rezka.ag,2021-10-26T18:04:04.862+0500,,,-
2021-10-26T18:04:09.951+05:00,23.55355954,rezka.ag,2021-10-26T18:04:04.862+0500,,,-
2021-10-26T18:04:10.453+05:00,7.056621453,rezka.ag,2021-10-26T18:04:04.862+0500,,,-
2021-10-26T18:04:10.954+05:00,6.536973584,rezka.ag,2021-10-26T18:04:04.862+0500,,,-
2021-10-26T18:04:11.455+05:00,3.309369451,rezka.ag,2021-10-26T18:04:04.862+0500,,,-
2021-10-26T18:04:11.957+05:00,3.437475989,rezka.ag,2021-10-26T18:04:04.862+0500,,,-
2021-10-26T18:04:12.458+05:00,7.959273452,rezka.ag,2021-10-26T18:04:04.862+0500,,,-
2021-10-26T18:04:12.960+05:00,6.520703766,rezka.ag,2021-10-26T18:04:04.862+0500,,,-
2021-10-26T18:04:13.461+05:00,10.05361735,rezka.ag,2021-10-26T18:04:04.862+0500,,,-
2021-10-26T18:04:13.962+05:00,10.94802393,rezka.ag,2021-10-26T18:04:04.862+0500,,,-
2021-10-26T18:04:14.463+05:00,12.33494062,rezka.ag,2021-10-26T18:04:04.862+0500,,,-
2021-10-26T18:04:14.965+05:00,10.58900716,rezka.ag,2021-10-26T18:04:04.862+0500,,,-
2021-10-26T18:04:15.466+05:00,7.566897074,rezka.ag,2021-10-26T18:04:04.862+0500,,,-
2021-10-26T18:04:15.967+05:00,4.218910823,rezka.ag,2021-10-26T18:04:04.862+0500,,,-
2021-10-26T18:04:16.469+05:00,2.61796468,rezka.ag,2021-10-26T18:04:04.862+0500,,,-
2021-10-26T18:04:16.972+05:00,2.059805456,rezka.ag,2021-10-26T18:04:04.862+0500,,,-
2021-10-26T18:04:17.474+05:00,2.888704866,rezka.ag,2021-10-26T18:04:04.862+0500,,,-
2021-10-26T18:04:17.976+05:00,2.760047053,rezka.ag,2021-10-26T18:04:04.862+0500,,,-
2021-10-26T18:04:18.478+05:00,1.575718889,rezka.ag,2021-10-26T18:04:04.862+0500,,,-
2021-10-26T18:04:18.979+05:00,5.176020684,rezka.ag,2021-10-26T18:04:04.862+0500,,,-
2021-10-26T18:04:19.480+05:00,2.955378764,rezka.ag,2021-10-26T18:04:04.862+0500,,,-
2021-10-26T18:04:19.982+05:00,7.581981623,rezka.ag,2021-10-26T18:04:04.862+0500,,,-
2021-10-26T18:04:20.484+05:00,4.799137699,rezka.ag,2021-10-26T18:04:04.862+0500,,,-
2021-10-26T18:04:20.986+05:00,0.385367192,rezka.ag,2021-10-26T18:04:04.862+0500,,,-
2021-10-26T18:04:21.489+05:00,0.910000142,rezka.ag,2021-10-26T18:04:04.862+0500,,,-
2021-10-26T18:04:21.991+05:00,2.342516735,rezka.ag,2021-10-26T18:04:04.862+0500,,,-
2021-10-26T18:04:22.494+05:00,0.583849488,rezka.ag,2021-10-26T18:04:04.862+0500,,,-
2021-10-26T18:04:22.995+05:00,7.359644442,runoob.com,2021-10-26T18:04:22.926+0500,106.5170403,36,2.958806674
2021-10-26T18:04:23.498+05:00,5.69184264,runoob.com,2021-10-26T18:04:22.926+0500,,,-
2021-10-26T18:04:24.000+05:00,2.490933612,runoob.com,2021-10-26T18:04:22.926+0500,,,-
2021-10-26T18:04:24.502+05:00,1.724154353,runoob.com,2021-10-26T18:04:22.926+0500,,,-
2021-10-26T18:04:25.004+05:00,8.365368514,runoob.com,2021-10-26T18:04:22.926+0500,,,-
2021-10-26T18:04:25.506+05:00,5.362403962,runoob.com,2021-10-26T18:04:22.926+0500,,,-
2021-10-26T18:04:26.008+05:00,3.628954432,runoob.com,2021-10-26T18:04:22.926+0500,,,-
2021-10-26T18:04:26.510+05:00,2.744888521,runoob.com,2021-10-26T18:04:22.926+0500,,,-
2021-10-26T18:04:27.012+05:00,1.855604454,runoob.com,2021-10-26T18:04:22.926+0500,,,-
2021-10-26T18:04:27.513+05:00,9.697455275,runoob.com,2021-10-26T18:04:22.926+0500,,,-
2021-10-26T18:04:28.015+05:00,7.389840229,runoob.com,2021-10-26T18:04:22.926+0500,,,-
2021-10-26T18:04:28.517+05:00,10.05838239,runoob.com,2021-10-26T18:04:22.926+0500,,,-
2021-10-26T18:04:29.019+05:00,2.200843883,runoob.com,2021-10-26T18:04:22.926+0500,,,-
2021-10-26T18:04:29.521+05:00,1.080250641,runoob.com,2021-10-26T18:04:22.926+0500,,,-
2021-10-26T18:04:30.022+05:00,3.567745032,runoob.com,2021-10-26T18:04:22.926+0500,,,-
2021-10-26T18:04:30.525+05:00,0.81480954,runoob.com,2021-10-26T18:04:22.926+0500,,,-
2021-10-26T18:04:31.027+05:00,1.054276384,runoob.com,2021-10-26T18:04:22.926+0500,,,-
2021-10-26T18:04:31.530+05:00,2.205763344,runoob.com,2021-10-26T18:04:22.926+0500,,,-
2021-10-26T18:04:32.031+05:00,1.846332843,runoob.com,2021-10-26T18:04:22.926+0500,,,-
2021-10-26T18:04:32.539+05:00,6.131807702,runoob.com,2021-10-26T18:04:22.926+0500,,,-
2021-10-26T18:04:33.041+05:00,2.631024512,runoob.com,2021-10-26T18:04:22.926+0500,,,-
2021-10-26T18:04:33.543+05:00,1.723044092,runoob.com,2021-10-26T18:04:22.926+0500,,,-
2021-10-26T18:04:34.046+05:00,0.317422316,runoob.com,2021-10-26T18:04:22.926+0500,,,-
2021-10-26T18:04:34.548+05:00,0.119726614,runoob.com,2021-10-26T18:04:22.926+0500,,,-
2021-10-26T18:04:35.049+05:00,0.395168148,runoob.com,2021-10-26T18:04:22.926+0500,,,-
2021-10-26T18:04:35.550+05:00,1.221057428,runoob.com,2021-10-26T18:04:22.926+0500,,,-
2021-10-26T18:04:36.052+05:00,1.267835,runoob.com,2021-10-26T18:04:22.926+0500,,,-
2021-10-26T18:04:36.554+05:00,1.555850449,runoob.com,2021-10-26T18:04:22.926+0500,,,-
2021-10-26T18:04:37.057+05:00,2.321978469,runoob.com,2021-10-26T18:04:22.926+0500,,,-
2021-10-26T18:04:37.560+05:00,0.306136277,runoob.com,2021-10-26T18:04:22.926+0500,,,-
2021-10-26T18:04:38.061+05:00,6.486848838,runoob.com,2021-10-26T18:04:22.926+0500,,,-
2021-10-26T18:04:38.564+05:00,1.677944913,runoob.com,2021-10-26T18:04:22.926+0500,,,-
2021-10-26T18:04:39.066+05:00,0.191647599,runoob.com,2021-10-26T18:04:22.926+0500,,,-
2021-10-26T18:04:39.568+05:00,0.375909428,runoob.com,2021-10-26T18:04:22.926+0500,,,-
2021-10-26T18:04:40.069+05:00,0.257868778,runoob.com,2021-10-26T18:04:22.926+0500,,,-
2021-10-26T18:04:40.571+05:00,0.396275197,runoob.com,2021-10-26T18:04:22.926+0500,,,-
2021-10-26T18:04:41.072+05:00,7.944068436,filimo.com,2021-10-26T18:04:40.991+0500,172.8332361,36,4.800923226
2021-10-26T18:04:41.574+05:00,5.701416313,filimo.com,2021-10-26T18:04:40.991+0500,,,-
2021-10-26T18:04:42.075+05:00,2.926887572,filimo.com,2021-10-26T18:04:40.991+0500,,,-
2021-10-26T18:04:42.578+05:00,2.007588314,filimo.com,2021-10-26T18:04:40.991+0500,,,-
2021-10-26T18:04:43.080+05:00,1.777510696,filimo.com,2021-10-26T18:04:40.991+0500,,,-
2021-10-26T18:04:43.582+05:00,1.505249995,filimo.com,2021-10-26T18:04:40.991+0500,,,-
2021-10-26T18:04:44.084+05:00,6.538570216,filimo.com,2021-10-26T18:04:40.991+0500,,,-
2021-10-26T18:04:44.586+05:00,3.43375803,filimo.com,2021-10-26T18:04:40.991+0500,,,-
2021-10-26T18:04:45.087+05:00,8.383981647,filimo.com,2021-10-26T18:04:40.991+0500,,,-
2021-10-26T18:04:45.588+05:00,12.54585959,filimo.com,2021-10-26T18:04:40.991+0500,,,-
2021-10-26T18:04:46.089+05:00,10.22446766,filimo.com,2021-10-26T18:04:40.991+0500,,,-
2021-10-26T18:04:46.591+05:00,7.406671912,filimo.com,2021-10-26T18:04:40.991+0500,,,-
2021-10-26T18:04:47.092+05:00,12.86665951,filimo.com,2021-10-26T18:04:40.991+0500,,,-
2021-10-26T18:04:47.594+05:00,10.62876221,filimo.com,2021-10-26T18:04:40.991+0500,,,-
2021-10-26T18:04:48.096+05:00,6.782996508,filimo.com,2021-10-26T18:04:40.991+0500,,,-
2021-10-26T18:04:48.599+05:00,6.772211539,filimo.com,2021-10-26T18:04:40.991+0500,,,-
2021-10-26T18:04:49.101+05:00,13.07871052,filimo.com,2021-10-26T18:04:40.991+0500,,,-
2021-10-26T18:04:49.603+05:00,7.474919693,filimo.com,2021-10-26T18:04:40.991+0500,,,-
2021-10-26T18:04:50.105+05:00,2.93289734,filimo.com,2021-10-26T18:04:40.991+0500,,,-
2021-10-26T18:04:50.606+05:00,3.201497788,filimo.com,2021-10-26T18:04:40.991+0500,,,-
2021-10-26T18:04:51.108+05:00,2.058634547,filimo.com,2021-10-26T18:04:40.991+0500,,,-
2021-10-26T18:04:51.610+05:00,2.979669637,filimo.com,2021-10-26T18:04:40.991+0500,,,-
2021-10-26T18:04:52.113+05:00,3.744516304,filimo.com,2021-10-26T18:04:40.991+0500,,,-
2021-10-26T18:04:52.615+05:00,2.372402752,filimo.com,2021-10-26T18:04:40.991+0500,,,-
2021-10-26T18:04:53.118+05:00,1.766224286,filimo.com,2021-10-26T18:04:40.991+0500,,,-
2021-10-26T18:04:53.628+05:00,2.308436341,filimo.com,2021-10-26T18:04:40.991+0500,,,-
2021-10-26T18:04:54.130+05:00,1.801636446,filimo.com,2021-10-26T18:04:40.991+0500,,,-
2021-10-26T18:04:54.632+05:00,1.844334683,filimo.com,2021-10-26T18:04:40.991+0500,,,-
2021-10-26T18:04:55.135+05:00,1.723476327,filimo.com,2021-10-26T18:04:40.991+0500,,,-
2021-10-26T18:04:55.636+05:00,2.799720544,filimo.com,2021-10-26T18:04:40.991+0500,,,-
2021-10-26T18:04:56.137+05:00,6.824496554,filimo.com,2021-10-26T18:04:40.991+0500,,,-
2021-10-26T18:04:56.640+05:00,4.426843435,filimo.com,2021-10-26T18:04:40.991+0500,,,-
2021-10-26T18:04:57.143+05:00,3.130212158,filimo.com,2021-10-26T18:04:40.991+0500,,,-
2021-10-26T18:04:57.646+05:00,0.505607228,filimo.com,2021-10-26T18:04:40.991+0500,,,-
2021-10-26T18:04:58.149+05:00,0.18458084,filimo.com,2021-10-26T18:04:40.991+0500,,,-
2021-10-26T18:04:58.652+05:00,0.227758545,filimo.com,2021-10-26T18:04:40.991+0500,,,-
2021-10-26T18:04:59.154+05:00,8.838188869,ninisite.com,2021-10-26T18:04:59.055+0500,143.4534148,36,3.984817078
2021-10-26T18:04:59.656+05:00,4.388554143,ninisite.com,2021-10-26T18:04:59.055+0500,,,-
2021-10-26T18:05:00.157+05:00,2.862529642,ninisite.com,2021-10-26T18:04:59.055+0500,,,-
2021-10-26T18:05:00.658+05:00,2.02070645,ninisite.com,2021-10-26T18:04:59.055+0500,,,-
2021-10-26T18:05:01.161+05:00,1.914508443,ninisite.com,2021-10-26T18:04:59.055+0500,,,-
2021-10-26T18:05:01.663+05:00,2.704276195,ninisite.com,2021-10-26T18:04:59.055+0500,,,-
2021-10-26T18:05:02.164+05:00,7.246465126,ninisite.com,2021-10-26T18:04:59.055+0500,,,-
2021-10-26T18:05:02.666+05:00,4.817454535,ninisite.com,2021-10-26T18:04:59.055+0500,,,-
2021-10-26T18:05:03.168+05:00,4.684327508,ninisite.com,2021-10-26T18:04:59.055+0500,,,-
2021-10-26T18:05:03.669+05:00,8.144236567,ninisite.com,2021-10-26T18:04:59.055+0500,,,-
2021-10-26T18:05:04.172+05:00,14.78727189,ninisite.com,2021-10-26T18:04:59.055+0500,,,-
2021-10-26T18:05:04.674+05:00,4.35361479,ninisite.com,2021-10-26T18:04:59.055+0500,,,-
2021-10-26T18:05:05.175+05:00,12.13475581,ninisite.com,2021-10-26T18:04:59.055+0500,,,-
2021-10-26T18:05:05.677+05:00,8.808070171,ninisite.com,2021-10-26T18:04:59.055+0500,,,-
2021-10-26T18:05:06.178+05:00,7.579257595,ninisite.com,2021-10-26T18:04:59.055+0500,,,-
2021-10-26T18:05:06.679+05:00,5.909998658,ninisite.com,2021-10-26T18:04:59.055+0500,,,-
2021-10-26T18:05:07.180+05:00,4.982535582,ninisite.com,2021-10-26T18:04:59.055+0500,,,-
2021-10-26T18:05:07.683+05:00,3.822838961,ninisite.com,2021-10-26T18:04:59.055+0500,,,-
2021-10-26T18:05:08.185+05:00,1.713891707,ninisite.com,2021-10-26T18:04:59.055+0500,,,-
2021-10-26T18:05:08.688+05:00,0.981071962,ninisite.com,2021-10-26T18:04:59.055+0500,,,-
2021-10-26T18:05:09.190+05:00,1.690337008,ninisite.com,2021-10-26T18:04:59.055+0500,,,-
2021-10-26T18:05:09.692+05:00,1.535579061,ninisite.com,2021-10-26T18:04:59.055+0500,,,-
2021-10-26T18:05:10.195+05:00,1.87508168,ninisite.com,2021-10-26T18:04:59.055+0500,,,-
2021-10-26T18:05:10.696+05:00,0.811962811,ninisite.com,2021-10-26T18:04:59.055+0500,,,-
2021-10-26T18:05:11.198+05:00,1.452475508,ninisite.com,2021-10-26T18:04:59.055+0500,,,-
2021-10-26T18:05:11.701+05:00,1.438755293,ninisite.com,2021-10-26T18:04:59.055+0500,,,-
2021-10-26T18:05:12.203+05:00,5.618147643,ninisite.com,2021-10-26T18:04:59.055+0500,,,-
2021-10-26T18:05:12.705+05:00,3.095174734,ninisite.com,2021-10-26T18:04:59.055+0500,,,-
2021-10-26T18:05:13.208+05:00,1.35594083,ninisite.com,2021-10-26T18:04:59.055+0500,,,-
2021-10-26T18:05:13.709+05:00,1.569401181,ninisite.com,2021-10-26T18:04:59.055+0500,,,-
2021-10-26T18:05:14.211+05:00,8.091668337,ninisite.com,2021-10-26T18:04:59.055+0500,,,-
2021-10-26T18:05:14.714+05:00,0.253906981,ninisite.com,2021-10-26T18:04:59.055+0500,,,-
2021-10-26T18:05:15.215+05:00,0.278542491,ninisite.com,2021-10-26T18:04:59.055+0500,,,-
2021-10-26T18:05:15.717+05:00,0.878864978,ninisite.com,2021-10-26T18:04:59.055+0500,,,-
2021-10-26T18:05:16.220+05:00,0.511301667,ninisite.com,2021-10-26T18:04:59.055+0500,,,-
2021-10-26T18:05:16.723+05:00,0.30172001,ninisite.com,2021-10-26T18:04:59.055+0500,,,-
2021-10-26T18:05:17.224+05:00,8.658343804,buffer.com,2021-10-26T18:05:17.117+0500,172.2200317,36,4.783889769
2021-10-26T18:05:17.726+05:00,5.646376701,buffer.com,2021-10-26T18:05:17.117+0500,,,-
2021-10-26T18:05:18.227+05:00,2.376728082,buffer.com,2021-10-26T18:05:17.117+0500,,,-
2021-10-26T18:05:18.729+05:00,1.892950931,buffer.com,2021-10-26T18:05:17.117+0500,,,-
2021-10-26T18:05:19.231+05:00,14.40896197,buffer.com,2021-10-26T18:05:17.117+0500,,,-
2021-10-26T18:05:19.732+05:00,18.31501017,buffer.com,2021-10-26T18:05:17.117+0500,,,-
2021-10-26T18:05:20.235+05:00,8.679771422,buffer.com,2021-10-26T18:05:17.117+0500,,,-
2021-10-26T18:05:20.736+05:00,5.815358113,buffer.com,2021-10-26T18:05:17.117+0500,,,-
2021-10-26T18:05:21.238+05:00,8.068752169,buffer.com,2021-10-26T18:05:17.117+0500,,,-
2021-10-26T18:05:21.740+05:00,5.040467449,buffer.com,2021-10-26T18:05:17.117+0500,,,-
2021-10-26T18:05:22.241+05:00,11.80975355,buffer.com,2021-10-26T18:05:17.117+0500,,,-
2021-10-26T18:05:22.744+05:00,3.43937159,buffer.com,2021-10-26T18:05:17.117+0500,,,-
2021-10-26T18:05:23.246+05:00,3.741652989,buffer.com,2021-10-26T18:05:17.117+0500,,,-
2021-10-26T18:05:23.748+05:00,3.703718377,buffer.com,2021-10-26T18:05:17.117+0500,,,-
2021-10-26T18:05:24.250+05:00,3.530559212,buffer.com,2021-10-26T18:05:17.117+0500,,,-
2021-10-26T18:05:24.753+05:00,2.188731456,buffer.com,2021-10-26T18:05:17.117+0500,,,-
2021-10-26T18:05:25.255+05:00,4.392508726,buffer.com,2021-10-26T18:05:17.117+0500,,,-
2021-10-26T18:05:25.757+05:00,4.310466507,buffer.com,2021-10-26T18:05:17.117+0500,,,-
2021-10-26T18:05:26.258+05:00,5.649632787,buffer.com,2021-10-26T18:05:17.117+0500,,,-
2021-10-26T18:05:26.760+05:00,4.504049691,buffer.com,2021-10-26T18:05:17.117+0500,,,-
2021-10-26T18:05:27.262+05:00,4.11111303,buffer.com,2021-10-26T18:05:17.117+0500,,,-
2021-10-26T18:05:27.765+05:00,3.636994139,buffer.com,2021-10-26T18:05:17.117+0500,,,-
2021-10-26T18:05:28.267+05:00,3.265241994,buffer.com,2021-10-26T18:05:17.117+0500,,,-
2021-10-26T18:05:28.769+05:00,2.544193764,buffer.com,2021-10-26T18:05:17.117+0500,,,-
2021-10-26T18:05:29.271+05:00,3.302652533,buffer.com,2021-10-26T18:05:17.117+0500,,,-
2021-10-26T18:05:29.773+05:00,3.94092983,buffer.com,2021-10-26T18:05:17.117+0500,,,-
2021-10-26T18:05:30.275+05:00,3.131757441,buffer.com,2021-10-26T18:05:17.117+0500,,,-
2021-10-26T18:05:30.777+05:00,3.921675556,buffer.com,2021-10-26T18:05:17.117+0500,,,-
2021-10-26T18:05:31.279+05:00,3.494803206,buffer.com,2021-10-26T18:05:17.117+0500,,,-
2021-10-26T18:05:31.781+05:00,3.793762047,buffer.com,2021-10-26T18:05:17.117+0500,,,-
2021-10-26T18:05:32.282+05:00,9.449480213,buffer.com,2021-10-26T18:05:17.117+0500,,,-
2021-10-26T18:05:32.785+05:00,0.375066506,buffer.com,2021-10-26T18:05:17.117+0500,,,-
2021-10-26T18:05:33.287+05:00,0.217049061,buffer.com,2021-10-26T18:05:17.117+0500,,,-
2021-10-26T18:05:33.789+05:00,0.342674463,buffer.com,2021-10-26T18:05:17.117+0500,,,-
2021-10-26T18:05:34.292+05:00,0.329909975,buffer.com,2021-10-26T18:05:17.117+0500,,,-
2021-10-26T18:05:34.804+05:00,0.189562215,buffer.com,2021-10-26T18:05:17.117+0500,,,-
2021-10-26T18:05:35.305+05:00,8.82192981,cafe24.com,2021-10-26T18:05:35.183+0500,188.1217143,36,5.225603174
2021-10-26T18:05:35.807+05:00,2.7691564,cafe24.com,2021-10-26T18:05:35.183+0500,,,-
2021-10-26T18:05:36.309+05:00,2.439575404,cafe24.com,2021-10-26T18:05:35.183+0500,,,-
2021-10-26T18:05:36.810+05:00,1.544368316,cafe24.com,2021-10-26T18:05:35.183+0500,,,-
2021-10-26T18:05:37.312+05:00,5.652563249,cafe24.com,2021-10-26T18:05:35.183+0500,,,-
2021-10-26T18:05:37.813+05:00,2.141642121,cafe24.com,2021-10-26T18:05:35.183+0500,,,-
2021-10-26T18:05:38.314+05:00,4.134427896,cafe24.com,2021-10-26T18:05:35.183+0500,,,-
2021-10-26T18:05:38.815+05:00,2.153436892,cafe24.com,2021-10-26T18:05:35.183+0500,,,-
2021-10-26T18:05:39.316+05:00,13.07750614,cafe24.com,2021-10-26T18:05:35.183+0500,,,-
2021-10-26T18:05:39.818+05:00,16.04916219,cafe24.com,2021-10-26T18:05:35.183+0500,,,-
2021-10-26T18:05:40.320+05:00,6.847991434,cafe24.com,2021-10-26T18:05:35.183+0500,,,-
2021-10-26T18:05:40.822+05:00,4.680011623,cafe24.com,2021-10-26T18:05:35.183+0500,,,-
2021-10-26T18:05:41.324+05:00,3.374758725,cafe24.com,2021-10-26T18:05:35.183+0500,,,-
2021-10-26T18:05:41.827+05:00,3.813401469,cafe24.com,2021-10-26T18:05:35.183+0500,,,-
2021-10-26T18:05:42.329+05:00,3.454442474,cafe24.com,2021-10-26T18:05:35.183+0500,,,-
2021-10-26T18:05:42.831+05:00,2.347930291,cafe24.com,2021-10-26T18:05:35.183+0500,,,-
2021-10-26T18:05:43.334+05:00,4.411127408,cafe24.com,2021-10-26T18:05:35.183+0500,,,-
2021-10-26T18:05:43.836+05:00,3.812544581,cafe24.com,2021-10-26T18:05:35.183+0500,,,-
2021-10-26T18:05:44.338+05:00,5.551084892,cafe24.com,2021-10-26T18:05:35.183+0500,,,-
2021-10-26T18:05:44.841+05:00,1.325894596,cafe24.com,2021-10-26T18:05:35.183+0500,,,-
2021-10-26T18:05:45.342+05:00,10.41966001,cafe24.com,2021-10-26T18:05:35.183+0500,,,-
2021-10-26T18:05:45.844+05:00,12.29636624,cafe24.com,2021-10-26T18:05:35.183+0500,,,-
2021-10-26T18:05:46.346+05:00,6.71416717,cafe24.com,2021-10-26T18:05:35.183+0500,,,-
2021-10-26T18:05:46.848+05:00,4.505122362,cafe24.com,2021-10-26T18:05:35.183+0500,,,-
2021-10-26T18:05:47.349+05:00,5.50911036,cafe24.com,2021-10-26T18:05:35.183+0500,,,-
2021-10-26T18:05:47.851+05:00,3.119970008,cafe24.com,2021-10-26T18:05:35.183+0500,,,-
2021-10-26T18:05:48.354+05:00,2.700236918,cafe24.com,2021-10-26T18:05:35.183+0500,,,-
2021-10-26T18:05:48.855+05:00,13.97510761,cafe24.com,2021-10-26T18:05:35.183+0500,,,-
2021-10-26T18:05:49.356+05:00,8.312793179,cafe24.com,2021-10-26T18:05:35.183+0500,,,-
2021-10-26T18:05:49.858+05:00,8.225909596,cafe24.com,2021-10-26T18:05:35.183+0500,,,-
2021-10-26T18:05:50.359+05:00,8.154771335,cafe24.com,2021-10-26T18:05:35.183+0500,,,-
2021-10-26T18:05:50.862+05:00,0.057132208,cafe24.com,2021-10-26T18:05:35.183+0500,,,-
2021-10-26T18:05:51.365+05:00,2.827135732,cafe24.com,2021-10-26T18:05:35.183+0500,,,-
2021-10-26T18:05:51.868+05:00,0.505833097,cafe24.com,2021-10-26T18:05:35.183+0500,,,-
2021-10-26T18:05:52.371+05:00,2.218408009,cafe24.com,2021-10-26T18:05:35.183+0500,,,-
2021-10-26T18:05:52.874+05:00,0.177034536,cafe24.com,2021-10-26T18:05:35.183+0500,,,-
2021-10-26T18:05:53.377+05:00,8.655799501,rakuten-bank.co.jp,2021-10-26T18:05:53.245+0500,181.4638188,36,5.040661633
2021-10-26T18:05:53.879+05:00,3.210887339,rakuten-bank.co.jp,2021-10-26T18:05:53.245+0500,,,-
2021-10-26T18:05:54.380+05:00,3.63669691,rakuten-bank.co.jp,2021-10-26T18:05:53.245+0500,,,-
2021-10-26T18:05:54.881+05:00,1.880346682,rakuten-bank.co.jp,2021-10-26T18:05:53.245+0500,,,-
2021-10-26T18:05:55.383+05:00,1.488070233,rakuten-bank.co.jp,2021-10-26T18:05:53.245+0500,,,-
2021-10-26T18:05:55.885+05:00,1.465858258,rakuten-bank.co.jp,2021-10-26T18:05:53.245+0500,,,-
2021-10-26T18:05:56.388+05:00,2.107788776,rakuten-bank.co.jp,2021-10-26T18:05:53.245+0500,,,-
2021-10-26T18:05:56.890+05:00,0.632879374,rakuten-bank.co.jp,2021-10-26T18:05:53.245+0500,,,-
2021-10-26T18:05:57.392+05:00,1.633776554,rakuten-bank.co.jp,2021-10-26T18:05:53.245+0500,,,-
2021-10-26T18:05:57.894+05:00,1.205107272,rakuten-bank.co.jp,2021-10-26T18:05:53.245+0500,,,-
2021-10-26T18:05:58.397+05:00,1.215391427,rakuten-bank.co.jp,2021-10-26T18:05:53.245+0500,,,-
2021-10-26T18:05:58.899+05:00,0.447453434,rakuten-bank.co.jp,2021-10-26T18:05:53.245+0500,,,-
2021-10-26T18:05:59.400+05:00,5.853627794,rakuten-bank.co.jp,2021-10-26T18:05:53.245+0500,,,-
2021-10-26T18:05:59.903+05:00,10.7230328,rakuten-bank.co.jp,2021-10-26T18:05:53.245+0500,,,-
2021-10-26T18:06:00.404+05:00,4.64618823,rakuten-bank.co.jp,2021-10-26T18:05:53.245+0500,,,-
2021-10-26T18:06:00.906+05:00,3.600825436,rakuten-bank.co.jp,2021-10-26T18:05:53.245+0500,,,-
2021-10-26T18:06:01.408+05:00,4.229522159,rakuten-bank.co.jp,2021-10-26T18:05:53.245+0500,,,-
2021-10-26T18:06:01.909+05:00,24.37099184,rakuten-bank.co.jp,2021-10-26T18:05:53.245+0500,,,-
2021-10-26T18:06:02.411+05:00,10.76508906,rakuten-bank.co.jp,2021-10-26T18:05:53.245+0500,,,-
2021-10-26T18:06:02.913+05:00,9.868294929,rakuten-bank.co.jp,2021-10-26T18:05:53.245+0500,,,-
2021-10-26T18:06:03.415+05:00,6.701054444,rakuten-bank.co.jp,2021-10-26T18:05:53.245+0500,,,-
2021-10-26T18:06:03.916+05:00,4.076487388,rakuten-bank.co.jp,2021-10-26T18:05:53.245+0500,,,-
2021-10-26T18:06:04.418+05:00,11.82677075,rakuten-bank.co.jp,2021-10-26T18:05:53.245+0500,,,-
2021-10-26T18:06:04.920+05:00,5.281380823,rakuten-bank.co.jp,2021-10-26T18:05:53.245+0500,,,-
2021-10-26T18:06:05.421+05:00,3.070658916,rakuten-bank.co.jp,2021-10-26T18:05:53.245+0500,,,-
2021-10-26T18:06:05.922+05:00,8.66104212,rakuten-bank.co.jp,2021-10-26T18:05:53.245+0500,,,-
2021-10-26T18:06:06.424+05:00,7.189614286,rakuten-bank.co.jp,2021-10-26T18:05:53.245+0500,,,-
2021-10-26T18:06:06.925+05:00,7.260391377,rakuten-bank.co.jp,2021-10-26T18:05:53.245+0500,,,-
2021-10-26T18:06:07.427+05:00,4.974783763,rakuten-bank.co.jp,2021-10-26T18:05:53.245+0500,,,-
2021-10-26T18:06:07.929+05:00,4.883458882,rakuten-bank.co.jp,2021-10-26T18:05:53.245+0500,,,-
2021-10-26T18:06:08.431+05:00,9.729919637,rakuten-bank.co.jp,2021-10-26T18:05:53.245+0500,,,-
2021-10-26T18:06:08.933+05:00,1.289092709,rakuten-bank.co.jp,2021-10-26T18:05:53.245+0500,,,-
2021-10-26T18:06:09.436+05:00,3.086077598,rakuten-bank.co.jp,2021-10-26T18:05:53.245+0500,,,-
2021-10-26T18:06:09.937+05:00,1.171644438,rakuten-bank.co.jp,2021-10-26T18:05:53.245+0500,,,-
2021-10-26T18:06:10.438+05:00,0.042798711,rakuten-bank.co.jp,2021-10-26T18:05:53.245+0500,,,-
2021-10-26T18:06:10.939+05:00,0.581014924,rakuten-bank.co.jp,2021-10-26T18:05:53.245+0500,,,-
2021-10-26T18:06:11.441+05:00,9.478819054,upwork.com,2021-10-26T18:06:11.307+0500,232.5755874,36,6.460432983
2021-10-26T18:06:11.944+05:00,4.858345254,upwork.com,2021-10-26T18:06:11.307+0500,,,-
2021-10-26T18:06:12.445+05:00,3.262305654,upwork.com,2021-10-26T18:06:11.307+0500,,,-
2021-10-26T18:06:12.946+05:00,2.72147598,upwork.com,2021-10-26T18:06:11.307+0500,,,-
2021-10-26T18:06:13.448+05:00,2.342572985,upwork.com,2021-10-26T18:06:11.307+0500,,,-
2021-10-26T18:06:13.949+05:00,20.51218446,upwork.com,2021-10-26T18:06:11.307+0500,,,-
2021-10-26T18:06:14.451+05:00,21.81150179,upwork.com,2021-10-26T18:06:11.307+0500,,,-
2021-10-26T18:06:14.953+05:00,13.08242879,upwork.com,2021-10-26T18:06:11.307+0500,,,-
2021-10-26T18:06:15.455+05:00,14.39194883,upwork.com,2021-10-26T18:06:11.307+0500,,,-
2021-10-26T18:06:15.957+05:00,8.221124719,upwork.com,2021-10-26T18:06:11.307+0500,,,-
2021-10-26T18:06:16.467+05:00,6.929159743,upwork.com,2021-10-26T18:06:11.307+0500,,,-
2021-10-26T18:06:16.968+05:00,16.32669397,upwork.com,2021-10-26T18:06:11.307+0500,,,-
2021-10-26T18:06:17.469+05:00,13.65738547,upwork.com,2021-10-26T18:06:11.307+0500,,,-
2021-10-26T18:06:17.970+05:00,10.03078972,upwork.com,2021-10-26T18:06:11.307+0500,,,-
2021-10-26T18:06:18.471+05:00,6.37049975,upwork.com,2021-10-26T18:06:11.307+0500,,,-
2021-10-26T18:06:18.973+05:00,9.521397935,upwork.com,2021-10-26T18:06:11.307+0500,,,-
2021-10-26T18:06:19.475+05:00,6.655933702,upwork.com,2021-10-26T18:06:11.307+0500,,,-
2021-10-26T18:06:19.976+05:00,4.715125989,upwork.com,2021-10-26T18:06:11.307+0500,,,-
2021-10-26T18:06:20.478+05:00,6.041354418,upwork.com,2021-10-26T18:06:11.307+0500,,,-
2021-10-26T18:06:20.981+05:00,1.637485862,upwork.com,2021-10-26T18:06:11.307+0500,,,-
2021-10-26T18:06:21.484+05:00,2.019415243,upwork.com,2021-10-26T18:06:11.307+0500,,,-
2021-10-26T18:06:21.987+05:00,0.511084667,upwork.com,2021-10-26T18:06:11.307+0500,,,-
2021-10-26T18:06:22.490+05:00,2.203625362,upwork.com,2021-10-26T18:06:11.307+0500,,,-
2021-10-26T18:06:22.993+05:00,3.783406688,upwork.com,2021-10-26T18:06:11.307+0500,,,-
2021-10-26T18:06:23.495+05:00,0.298874153,upwork.com,2021-10-26T18:06:11.307+0500,,,-
2021-10-26T18:06:23.997+05:00,0.201850907,upwork.com,2021-10-26T18:06:11.307+0500,,,-
2021-10-26T18:06:24.499+05:00,0.918248954,upwork.com,2021-10-26T18:06:11.307+0500,,,-
2021-10-26T18:06:25.002+05:00,0.048407375,upwork.com,2021-10-26T18:06:11.307+0500,,,-
2021-10-26T18:06:25.505+05:00,3.751848921,upwork.com,2021-10-26T18:06:11.307+0500,,,-
2021-10-26T18:06:26.007+05:00,0.569108613,upwork.com,2021-10-26T18:06:11.307+0500,,,-
2021-10-26T18:06:26.508+05:00,10.26581834,upwork.com,2021-10-26T18:06:11.307+0500,,,-
2021-10-26T18:06:27.009+05:00,20.16797878,upwork.com,2021-10-26T18:06:11.307+0500,,,-
2021-10-26T18:06:27.511+05:00,3.462203491,upwork.com,2021-10-26T18:06:11.307+0500,,,-
2021-10-26T18:06:28.013+05:00,1.114675966,upwork.com,2021-10-26T18:06:11.307+0500,,,-
2021-10-26T18:06:28.516+05:00,0.597394333,upwork.com,2021-10-26T18:06:11.307+0500,,,-
2021-10-26T18:06:29.019+05:00,0.09311151,upwork.com,2021-10-26T18:06:11.307+0500,,,-
2021-10-26T18:06:29.521+05:00,8.700611633,impress.co.jp,2021-10-26T18:06:29.371+0500,162.2215214,36,4.506153372
2021-10-26T18:06:30.023+05:00,3.277583974,impress.co.jp,2021-10-26T18:06:29.371+0500,,,-
2021-10-26T18:06:30.524+05:00,1.499266576,impress.co.jp,2021-10-26T18:06:29.371+0500,,,-
2021-10-26T18:06:31.027+05:00,1.732412866,impress.co.jp,2021-10-26T18:06:29.371+0500,,,-
2021-10-26T18:06:31.529+05:00,3.781348584,impress.co.jp,2021-10-26T18:06:29.371+0500,,,-
2021-10-26T18:06:32.030+05:00,4.706452858,impress.co.jp,2021-10-26T18:06:29.371+0500,,,-
2021-10-26T18:06:32.531+05:00,1.610110774,impress.co.jp,2021-10-26T18:06:29.371+0500,,,-
2021-10-26T18:06:33.033+05:00,0.760920368,impress.co.jp,2021-10-26T18:06:29.371+0500,,,-
2021-10-26T18:06:33.534+05:00,5.976829743,impress.co.jp,2021-10-26T18:06:29.371+0500,,,-
2021-10-26T18:06:34.036+05:00,4.566862572,impress.co.jp,2021-10-26T18:06:29.371+0500,,,-
2021-10-26T18:06:34.538+05:00,3.156801145,impress.co.jp,2021-10-26T18:06:29.371+0500,,,-
2021-10-26T18:06:35.040+05:00,11.10190958,impress.co.jp,2021-10-26T18:06:29.371+0500,,,-
2021-10-26T18:06:35.542+05:00,8.012819873,impress.co.jp,2021-10-26T18:06:29.371+0500,,,-
2021-10-26T18:06:36.044+05:00,6.094044585,impress.co.jp,2021-10-26T18:06:29.371+0500,,,-
2021-10-26T18:06:36.554+05:00,11.84105665,impress.co.jp,2021-10-26T18:06:29.371+0500,,,-
2021-10-26T18:06:37.055+05:00,10.12909933,impress.co.jp,2021-10-26T18:06:29.371+0500,,,-
2021-10-26T18:06:37.557+05:00,6.137951375,impress.co.jp,2021-10-26T18:06:29.371+0500,,,-
2021-10-26T18:06:38.058+05:00,3.949474459,impress.co.jp,2021-10-26T18:06:29.371+0500,,,-
2021-10-26T18:06:38.560+05:00,9.121481392,impress.co.jp,2021-10-26T18:06:29.371+0500,,,-
2021-10-26T18:06:39.062+05:00,6.978049177,impress.co.jp,2021-10-26T18:06:29.371+0500,,,-
2021-10-26T18:06:39.563+05:00,4.884502135,impress.co.jp,2021-10-26T18:06:29.371+0500,,,-
2021-10-26T18:06:40.064+05:00,2.538436859,impress.co.jp,2021-10-26T18:06:29.371+0500,,,-
2021-10-26T18:06:40.566+05:00,5.193191002,impress.co.jp,2021-10-26T18:06:29.371+0500,,,-
2021-10-26T18:06:41.068+05:00,2.871139308,impress.co.jp,2021-10-26T18:06:29.371+0500,,,-
2021-10-26T18:06:41.570+05:00,3.041982201,impress.co.jp,2021-10-26T18:06:29.371+0500,,,-
2021-10-26T18:06:42.071+05:00,4.520947457,impress.co.jp,2021-10-26T18:06:29.371+0500,,,-
2021-10-26T18:06:42.572+05:00,5.938400601,impress.co.jp,2021-10-26T18:06:29.371+0500,,,-
2021-10-26T18:06:43.074+05:00,1.895103711,impress.co.jp,2021-10-26T18:06:29.371+0500,,,-
2021-10-26T18:06:43.576+05:00,4.843467442,impress.co.jp,2021-10-26T18:06:29.371+0500,,,-
2021-10-26T18:06:44.079+05:00,3.43653238,impress.co.jp,2021-10-26T18:06:29.371+0500,,,-
2021-10-26T18:06:44.580+05:00,7.546537288,impress.co.jp,2021-10-26T18:06:29.371+0500,,,-
2021-10-26T18:06:45.083+05:00,0.469694773,impress.co.jp,2021-10-26T18:06:29.371+0500,,,-
2021-10-26T18:06:45.584+05:00,0.390943721,impress.co.jp,2021-10-26T18:06:29.371+0500,,,-
2021-10-26T18:06:46.087+05:00,1.158807606,impress.co.jp,2021-10-26T18:06:29.371+0500,,,-
2021-10-26T18:06:46.590+05:00,0.126524744,impress.co.jp,2021-10-26T18:06:29.371+0500,,,-
2021-10-26T18:06:47.091+05:00,0.230222655,impress.co.jp,2021-10-26T18:06:29.371+0500,,,-
2021-10-26T18:06:47.593+05:00,8.496181526,divar.ir,2021-10-26T18:06:47.435+0500,114.9483445,36,3.193009569
2021-10-26T18:06:48.095+05:00,4.130079074,divar.ir,2021-10-26T18:06:47.435+0500,,,-
2021-10-26T18:06:48.597+05:00,1.414554724,divar.ir,2021-10-26T18:06:47.435+0500,,,-
2021-10-26T18:06:49.099+05:00,9.406074236,divar.ir,2021-10-26T18:06:47.435+0500,,,-
2021-10-26T18:06:49.600+05:00,10.61416947,divar.ir,2021-10-26T18:06:47.435+0500,,,-
2021-10-26T18:06:50.101+05:00,10.8942647,divar.ir,2021-10-26T18:06:47.435+0500,,,-
2021-10-26T18:06:50.602+05:00,4.363957796,divar.ir,2021-10-26T18:06:47.435+0500,,,-
2021-10-26T18:06:51.103+05:00,13.67734944,divar.ir,2021-10-26T18:06:47.435+0500,,,-
2021-10-26T18:06:51.605+05:00,10.46322305,divar.ir,2021-10-26T18:06:47.435+0500,,,-
2021-10-26T18:06:52.107+05:00,4.185810421,divar.ir,2021-10-26T18:06:47.435+0500,,,-
2021-10-26T18:06:52.609+05:00,4.67767866,divar.ir,2021-10-26T18:06:47.435+0500,,,-
2021-10-26T18:06:53.111+05:00,3.222021543,divar.ir,2021-10-26T18:06:47.435+0500,,,-
2021-10-26T18:06:53.613+05:00,4.977611629,divar.ir,2021-10-26T18:06:47.435+0500,,,-
2021-10-26T18:06:54.115+05:00,4.624348344,divar.ir,2021-10-26T18:06:47.435+0500,,,-
2021-10-26T18:06:54.618+05:00,5.184561591,divar.ir,2021-10-26T18:06:47.435+0500,,,-
2021-10-26T18:06:55.121+05:00,0.502393255,divar.ir,2021-10-26T18:06:47.435+0500,,,-
2021-10-26T18:06:55.623+05:00,1.4909617,divar.ir,2021-10-26T18:06:47.435+0500,,,-
2021-10-26T18:06:56.126+05:00,0,divar.ir,2021-10-26T18:06:47.435+0500,,,-
2021-10-26T18:06:56.629+05:00,0.373563087,divar.ir,2021-10-26T18:06:47.435+0500,,,-
2021-10-26T18:06:57.131+05:00,0.111252468,divar.ir,2021-10-26T18:06:47.435+0500,,,-
2021-10-26T18:06:57.641+05:00,0.095334936,divar.ir,2021-10-26T18:06:47.435+0500,,,-
2021-10-26T18:06:58.144+05:00,0.112990633,divar.ir,2021-10-26T18:06:47.435+0500,,,-
2021-10-26T18:06:58.646+05:00,2.912703858,divar.ir,2021-10-26T18:06:47.435+0500,,,-
2021-10-26T18:06:59.149+05:00,0.071992393,divar.ir,2021-10-26T18:06:47.435+0500,,,-
2021-10-26T18:06:59.652+05:00,0.047252148,divar.ir,2021-10-26T18:06:47.435+0500,,,-
2021-10-26T18:07:00.153+05:00,0,divar.ir,2021-10-26T18:06:47.435+0500,,,-
2021-10-26T18:07:00.655+05:00,0.146840453,divar.ir,2021-10-26T18:06:47.435+0500,,,-
2021-10-26T18:07:01.158+05:00,0,divar.ir,2021-10-26T18:06:47.435+0500,,,-
2021-10-26T18:07:01.660+05:00,0.125932984,divar.ir,2021-10-26T18:06:47.435+0500,,,-
2021-10-26T18:07:02.163+05:00,0.374415052,divar.ir,2021-10-26T18:06:47.435+0500,,,-
2021-10-26T18:07:02.665+05:00,6.797934113,divar.ir,2021-10-26T18:06:47.435+0500,,,-
2021-10-26T18:07:03.167+05:00,0.333766332,divar.ir,2021-10-26T18:06:47.435+0500,,,-
2021-10-26T18:07:03.670+05:00,0.161422129,divar.ir,2021-10-26T18:06:47.435+0500,,,-
2021-10-26T18:07:04.173+05:00,0.343527533,divar.ir,2021-10-26T18:06:47.435+0500,,,-
2021-10-26T18:07:04.675+05:00,0.216653535,divar.ir,2021-10-26T18:06:47.435+0500,,,-
2021-10-26T18:07:05.178+05:00,0.397521687,divar.ir,2021-10-26T18:06:47.435+0500,,,-
2021-10-26T18:07:05.680+05:00,9.610035554,bp.blogspot.com,2021-10-26T18:07:05.502+0500,48.75876644,36,1.354410179
2021-10-26T18:07:06.182+05:00,8.569030695,bp.blogspot.com,2021-10-26T18:07:05.502+0500,,,-
2021-10-26T18:07:06.683+05:00,3.821298567,bp.blogspot.com,2021-10-26T18:07:05.502+0500,,,-
2021-10-26T18:07:07.184+05:00,2.042565941,bp.blogspot.com,2021-10-26T18:07:05.502+0500,,,-
2021-10-26T18:07:07.687+05:00,3.994550139,bp.blogspot.com,2021-10-26T18:07:05.502+0500,,,-
2021-10-26T18:07:08.189+05:00,0.564004506,bp.blogspot.com,2021-10-26T18:07:05.502+0500,,,-
2021-10-26T18:07:08.692+05:00,0.086406499,bp.blogspot.com,2021-10-26T18:07:05.502+0500,,,-
2021-10-26T18:07:09.195+05:00,0.047762583,bp.blogspot.com,2021-10-26T18:07:05.502+0500,,,-
2021-10-26T18:07:09.698+05:00,0.174819756,bp.blogspot.com,2021-10-26T18:07:05.502+0500,,,-
2021-10-26T18:07:10.201+05:00,0.067421725,bp.blogspot.com,2021-10-26T18:07:05.502+0500,,,-
2021-10-26T18:07:10.704+05:00,0.088257512,bp.blogspot.com,2021-10-26T18:07:05.502+0500,,,-
2021-10-26T18:07:11.207+05:00,0.179916193,bp.blogspot.com,2021-10-26T18:07:05.502+0500,,,-
2021-10-26T18:07:11.708+05:00,0.165209651,bp.blogspot.com,2021-10-26T18:07:05.502+0500,,,-
2021-10-26T18:07:12.210+05:00,0.121349261,bp.blogspot.com,2021-10-26T18:07:05.502+0500,,,-
2021-10-26T18:07:12.713+05:00,2.499538013,bp.blogspot.com,2021-10-26T18:07:05.502+0500,,,-
2021-10-26T18:07:13.215+05:00,0.074564331,bp.blogspot.com,2021-10-26T18:07:05.502+0500,,,-
2021-10-26T18:07:13.717+05:00,1.956624355,bp.blogspot.com,2021-10-26T18:07:05.502+0500,,,-
2021-10-26T18:07:14.218+05:00,0.233063272,bp.blogspot.com,2021-10-26T18:07:05.502+0500,,,-
2021-10-26T18:07:14.719+05:00,0,bp.blogspot.com,2021-10-26T18:07:05.502+0500,,,-
2021-10-26T18:07:15.222+05:00,0,bp.blogspot.com,2021-10-26T18:07:05.502+0500,,,-
2021-10-26T18:07:15.724+05:00,0.132307466,bp.blogspot.com,2021-10-26T18:07:05.502+0500,,,-
2021-10-26T18:07:16.227+05:00,0.424662073,bp.blogspot.com,2021-10-26T18:07:05.502+0500,,,-
2021-10-26T18:07:16.730+05:00,0,bp.blogspot.com,2021-10-26T18:07:05.502+0500,,,-
2021-10-26T18:07:17.233+05:00,0.086139999,bp.blogspot.com,2021-10-26T18:07:05.502+0500,,,-
2021-10-26T18:07:17.736+05:00,0.785328429,bp.blogspot.com,2021-10-26T18:07:05.502+0500,,,-
2021-10-26T18:07:18.239+05:00,0.384589798,bp.blogspot.com,2021-10-26T18:07:05.502+0500,,,-
2021-10-26T18:07:18.748+05:00,0.050494242,bp.blogspot.com,2021-10-26T18:07:05.502+0500,,,-
2021-10-26T18:07:19.251+05:00,0.12679152,bp.blogspot.com,2021-10-26T18:07:05.502+0500,,,-
2021-10-26T18:07:19.754+05:00,0,bp.blogspot.com,2021-10-26T18:07:05.502+0500,,,-
2021-10-26T18:07:20.257+05:00,0.126527459,bp.blogspot.com,2021-10-26T18:07:05.502+0500,,,-
2021-10-26T18:07:20.759+05:00,6.216829155,bp.blogspot.com,2021-10-26T18:07:05.502+0500,,,-
2021-10-26T18:07:21.262+05:00,0.119672141,bp.blogspot.com,2021-10-26T18:07:05.502+0500,,,-
2021-10-26T18:07:21.764+05:00,3.044804451,bp.blogspot.com,2021-10-26T18:07:05.502+0500,,,-
2021-10-26T18:07:22.267+05:00,0.030968777,bp.blogspot.com,2021-10-26T18:07:05.502+0500,,,-
2021-10-26T18:07:22.770+05:00,2.399840725,bp.blogspot.com,2021-10-26T18:07:05.502+0500,,,-
2021-10-26T18:07:23.272+05:00,0.533391652,bp.blogspot.com,2021-10-26T18:07:05.502+0500,,,-
2021-10-26T18:07:23.775+05:00,8.988879466,state.gov,2021-10-26T18:07:23.561+0500,198.72789,36,5.520219165
2021-10-26T18:07:24.277+05:00,2.83688988,state.gov,2021-10-26T18:07:23.561+0500,,,-
2021-10-26T18:07:24.779+05:00,3.247872267,state.gov,2021-10-26T18:07:23.561+0500,,,-
2021-10-26T18:07:25.282+05:00,1.434315894,state.gov,2021-10-26T18:07:23.561+0500,,,-
2021-10-26T18:07:25.783+05:00,7.42582684,state.gov,2021-10-26T18:07:23.561+0500,,,-
2021-10-26T18:07:26.284+05:00,7.019265489,state.gov,2021-10-26T18:07:23.561+0500,,,-
2021-10-26T18:07:26.785+05:00,3.92326868,state.gov,2021-10-26T18:07:23.561+0500,,,-
2021-10-26T18:07:27.287+05:00,14.91567717,state.gov,2021-10-26T18:07:23.561+0500,,,-
2021-10-26T18:07:27.788+05:00,14.78968335,state.gov,2021-10-26T18:07:23.561+0500,,,-
2021-10-26T18:07:28.290+05:00,6.836057205,state.gov,2021-10-26T18:07:23.561+0500,,,-
2021-10-26T18:07:28.792+05:00,7.114810451,state.gov,2021-10-26T18:07:23.561+0500,,,-
2021-10-26T18:07:29.294+05:00,4.506980512,state.gov,2021-10-26T18:07:23.561+0500,,,-
2021-10-26T18:07:29.796+05:00,4.675704956,state.gov,2021-10-26T18:07:23.561+0500,,,-
2021-10-26T18:07:30.298+05:00,6.429162222,state.gov,2021-10-26T18:07:23.561+0500,,,-
2021-10-26T18:07:30.800+05:00,5.082129228,state.gov,2021-10-26T18:07:23.561+0500,,,-
2021-10-26T18:07:31.302+05:00,6.987775592,state.gov,2021-10-26T18:07:23.561+0500,,,-
2021-10-26T18:07:31.804+05:00,7.990963283,state.gov,2021-10-26T18:07:23.561+0500,,,-
2021-10-26T18:07:32.306+05:00,9.40872038,state.gov,2021-10-26T18:07:23.561+0500,,,-
2021-10-26T18:07:32.808+05:00,3.62977256,state.gov,2021-10-26T18:07:23.561+0500,,,-
2021-10-26T18:07:33.310+05:00,2.86464252,state.gov,2021-10-26T18:07:23.561+0500,,,-
2021-10-26T18:07:33.813+05:00,4.38191262,state.gov,2021-10-26T18:07:23.561+0500,,,-
2021-10-26T18:07:34.314+05:00,7.180661485,state.gov,2021-10-26T18:07:23.561+0500,,,-
2021-10-26T18:07:34.816+05:00,7.029518962,state.gov,2021-10-26T18:07:23.561+0500,,,-
2021-10-26T18:07:35.318+05:00,5.36070264,state.gov,2021-10-26T18:07:23.561+0500,,,-
2021-10-26T18:07:35.820+05:00,12.90966101,state.gov,2021-10-26T18:07:23.561+0500,,,-
2021-10-26T18:07:36.323+05:00,8.129928271,state.gov,2021-10-26T18:07:23.561+0500,,,-
2021-10-26T18:07:36.825+05:00,3.892492265,state.gov,2021-10-26T18:07:23.561+0500,,,-
2021-10-26T18:07:37.326+05:00,4.291085373,state.gov,2021-10-26T18:07:23.561+0500,,,-
2021-10-26T18:07:37.834+05:00,2.380616756,state.gov,2021-10-26T18:07:23.561+0500,,,-
2021-10-26T18:07:38.337+05:00,0.608388108,state.gov,2021-10-26T18:07:23.561+0500,,,-
2021-10-26T18:07:38.838+05:00,8.091021331,state.gov,2021-10-26T18:07:23.561+0500,,,-
2021-10-26T18:07:39.340+05:00,0.409624521,state.gov,2021-10-26T18:07:23.561+0500,,,-
2021-10-26T18:07:39.842+05:00,3.144145976,state.gov,2021-10-26T18:07:23.561+0500,,,-
2021-10-26T18:07:40.345+05:00,0.176129376,state.gov,2021-10-26T18:07:23.561+0500,,,-
2021-10-26T18:07:40.846+05:00,0.226562248,state.gov,2021-10-26T18:07:23.561+0500,,,-
2021-10-26T18:07:41.349+05:00,0.407041085,state.gov,2021-10-26T18:07:23.561+0500,,,-
2021-10-26T18:07:41.851+05:00,9.565596906,shippingchina.com,2021-10-26T18:07:41.616+0500,108.4641534,36,3.012893149
2021-10-26T18:07:42.354+05:00,1.906976716,shippingchina.com,2021-10-26T18:07:41.616+0500,,,-
2021-10-26T18:07:42.856+05:00,3.272232383,shippingchina.com,2021-10-26T18:07:41.616+0500,,,-
2021-10-26T18:07:43.358+05:00,5.016452999,shippingchina.com,2021-10-26T18:07:41.616+0500,,,-
2021-10-26T18:07:43.861+05:00,6.358732254,shippingchina.com,2021-10-26T18:07:41.616+0500,,,-
2021-10-26T18:07:44.363+05:00,3.726757709,shippingchina.com,2021-10-26T18:07:41.616+0500,,,-
2021-10-26T18:07:44.865+05:00,2.973486368,shippingchina.com,2021-10-26T18:07:41.616+0500,,,-
2021-10-26T18:07:45.366+05:00,1.752794463,shippingchina.com,2021-10-26T18:07:41.616+0500,,,-
2021-10-26T18:07:45.867+05:00,5.320996527,shippingchina.com,2021-10-26T18:07:41.616+0500,,,-
2021-10-26T18:07:46.369+05:00,4.496489813,shippingchina.com,2021-10-26T18:07:41.616+0500,,,-
2021-10-26T18:07:46.871+05:00,1.706262703,shippingchina.com,2021-10-26T18:07:41.616+0500,,,-
2021-10-26T18:07:47.372+05:00,1.33685147,shippingchina.com,2021-10-26T18:07:41.616+0500,,,-
2021-10-26T18:07:47.874+05:00,2.618017932,shippingchina.com,2021-10-26T18:07:41.616+0500,,,-
2021-10-26T18:07:48.377+05:00,1.002426995,shippingchina.com,2021-10-26T18:07:41.616+0500,,,-
2021-10-26T18:07:48.879+05:00,1.088542916,shippingchina.com,2021-10-26T18:07:41.616+0500,,,-
2021-10-26T18:07:49.381+05:00,0.504922402,shippingchina.com,2021-10-26T18:07:41.616+0500,,,-
2021-10-26T18:07:49.882+05:00,2.112448278,shippingchina.com,2021-10-26T18:07:41.616+0500,,,-
2021-10-26T18:07:50.384+05:00,1.243089897,shippingchina.com,2021-10-26T18:07:41.616+0500,,,-
2021-10-26T18:07:50.886+05:00,1.045873008,shippingchina.com,2021-10-26T18:07:41.616+0500,,,-
2021-10-26T18:07:51.388+05:00,1.221090567,shippingchina.com,2021-10-26T18:07:41.616+0500,,,-
2021-10-26T18:07:51.891+05:00,1.247404013,shippingchina.com,2021-10-26T18:07:41.616+0500,,,-
2021-10-26T18:07:52.393+05:00,1.087245462,shippingchina.com,2021-10-26T18:07:41.616+0500,,,-
2021-10-26T18:07:52.896+05:00,3.168069266,shippingchina.com,2021-10-26T18:07:41.616+0500,,,-
2021-10-26T18:07:53.398+05:00,1.796630921,shippingchina.com,2021-10-26T18:07:41.616+0500,,,-
2021-10-26T18:07:53.900+05:00,10.07253317,shippingchina.com,2021-10-26T18:07:41.616+0500,,,-
2021-10-26T18:07:54.402+05:00,5.066210573,shippingchina.com,2021-10-26T18:07:41.616+0500,,,-
2021-10-26T18:07:54.904+05:00,3.855821694,shippingchina.com,2021-10-26T18:07:41.616+0500,,,-
2021-10-26T18:07:55.406+05:00,4.125677915,shippingchina.com,2021-10-26T18:07:41.616+0500,,,-
2021-10-26T18:07:55.909+05:00,6.113440964,shippingchina.com,2021-10-26T18:07:41.616+0500,,,-
2021-10-26T18:07:56.411+05:00,2.149765014,shippingchina.com,2021-10-26T18:07:41.616+0500,,,-
2021-10-26T18:07:56.913+05:00,8.957920437,shippingchina.com,2021-10-26T18:07:41.616+0500,,,-
2021-10-26T18:07:57.415+05:00,0.212693756,shippingchina.com,2021-10-26T18:07:41.616+0500,,,-
2021-10-26T18:07:57.917+05:00,1.003373327,shippingchina.com,2021-10-26T18:07:41.616+0500,,,-
2021-10-26T18:07:58.429+05:00,0.570335196,shippingchina.com,2021-10-26T18:07:41.616+0500,,,-
2021-10-26T18:07:58.931+05:00,0.406014764,shippingchina.com,2021-10-26T18:07:41.616+0500,,,-
2021-10-26T18:07:59.434+05:00,0.360974581,shippingchina.com,2021-10-26T18:07:41.616+0500,,,-
2021-10-26T18:07:59.936+05:00,8.943756701,nba.com,2021-10-26T18:07:59.672+0500,346.031021,36,9.611972805
2021-10-26T18:08:00.439+05:00,2.384895368,nba.com,2021-10-26T18:07:59.672+0500,,,-
2021-10-26T18:08:00.942+05:00,2.825278407,nba.com,2021-10-26T18:07:59.672+0500,,,-
2021-10-26T18:08:01.444+05:00,1.454038523,nba.com,2021-10-26T18:07:59.672+0500,,,-
2021-10-26T18:08:01.946+05:00,2.41725572,nba.com,2021-10-26T18:07:59.672+0500,,,-
2021-10-26T18:08:02.448+05:00,5.552078969,nba.com,2021-10-26T18:07:59.672+0500,,,-
2021-10-26T18:08:02.949+05:00,6.452629836,nba.com,2021-10-26T18:07:59.672+0500,,,-
2021-10-26T18:08:03.450+05:00,8.492527393,nba.com,2021-10-26T18:07:59.672+0500,,,-
2021-10-26T18:08:03.952+05:00,20.79963967,nba.com,2021-10-26T18:07:59.672+0500,,,-
2021-10-26T18:08:04.454+05:00,7.445412513,nba.com,2021-10-26T18:07:59.672+0500,,,-
2021-10-26T18:08:04.956+05:00,11.4197983,nba.com,2021-10-26T18:07:59.672+0500,,,-
2021-10-26T18:08:05.457+05:00,22.68425469,nba.com,2021-10-26T18:07:59.672+0500,,,-
2021-10-26T18:08:05.959+05:00,21.66167834,nba.com,2021-10-26T18:07:59.672+0500,,,-
2021-10-26T18:08:06.461+05:00,17.35665174,nba.com,2021-10-26T18:07:59.672+0500,,,-
2021-10-26T18:08:06.962+05:00,18.00783933,nba.com,2021-10-26T18:07:59.672+0500,,,-
2021-10-26T18:08:07.464+05:00,18.17992167,nba.com,2021-10-26T18:07:59.672+0500,,,-
2021-10-26T18:08:07.966+05:00,18.97232187,nba.com,2021-10-26T18:07:59.672+0500,,,-
2021-10-26T18:08:08.468+05:00,10.72174984,nba.com,2021-10-26T18:07:59.672+0500,,,-
2021-10-26T18:08:08.970+05:00,19.13915845,nba.com,2021-10-26T18:07:59.672+0500,,,-
2021-10-26T18:08:09.472+05:00,13.06748719,nba.com,2021-10-26T18:07:59.672+0500,,,-
2021-10-26T18:08:09.974+05:00,11.13168912,nba.com,2021-10-26T18:07:59.672+0500,,,-
2021-10-26T18:08:10.476+05:00,10.08120335,nba.com,2021-10-26T18:07:59.672+0500,,,-
2021-10-26T18:08:10.978+05:00,5.040647951,nba.com,2021-10-26T18:07:59.672+0500,,,-
2021-10-26T18:08:11.480+05:00,0.590056184,nba.com,2021-10-26T18:07:59.672+0500,,,-
2021-10-26T18:08:11.982+05:00,6.132301859,nba.com,2021-10-26T18:07:59.672+0500,,,-
2021-10-26T18:08:12.486+05:00,13.99937742,nba.com,2021-10-26T18:07:59.672+0500,,,-
2021-10-26T18:08:12.988+05:00,17.28660674,nba.com,2021-10-26T18:07:59.672+0500,,,-
2021-10-26T18:08:13.490+05:00,9.269380976,nba.com,2021-10-26T18:07:59.672+0500,,,-
2021-10-26T18:08:13.991+05:00,11.4023184,nba.com,2021-10-26T18:07:59.672+0500,,,-
2021-10-26T18:08:14.493+05:00,8.584729801,nba.com,2021-10-26T18:07:59.672+0500,,,-
2021-10-26T18:08:14.996+05:00,12.17533798,nba.com,2021-10-26T18:07:59.672+0500,,,-
2021-10-26T18:08:15.499+05:00,0.322233838,nba.com,2021-10-26T18:07:59.672+0500,,,-
2021-10-26T18:08:16.001+05:00,0.857913049,nba.com,2021-10-26T18:07:59.672+0500,,,-
2021-10-26T18:08:16.504+05:00,0.16056103,nba.com,2021-10-26T18:07:59.672+0500,,,-
2021-10-26T18:08:17.007+05:00,0.485677618,nba.com,2021-10-26T18:07:59.672+0500,,,-
2021-10-26T18:08:17.508+05:00,0.532611129,nba.com,2021-10-26T18:07:59.672+0500,,,-
2021-10-26T18:08:18.010+05:00,10.74117639,livejournal.com,2021-10-26T18:08:17.730+0500,266.5232194,36,7.403422762
2021-10-26T18:08:18.511+05:00,3.214293432,livejournal.com,2021-10-26T18:08:17.730+0500,,,-
2021-10-26T18:08:19.013+05:00,3.551370513,livejournal.com,2021-10-26T18:08:17.730+0500,,,-
2021-10-26T18:08:19.523+05:00,1.440474706,livejournal.com,2021-10-26T18:08:17.730+0500,,,-
2021-10-26T18:08:20.025+05:00,3.288214811,livejournal.com,2021-10-26T18:08:17.730+0500,,,-
2021-10-26T18:08:20.527+05:00,6.444417209,livejournal.com,2021-10-26T18:08:17.730+0500,,,-
2021-10-26T18:08:21.030+05:00,4.73589419,livejournal.com,2021-10-26T18:08:17.730+0500,,,-
2021-10-26T18:08:21.532+05:00,3.0835794,livejournal.com,2021-10-26T18:08:17.730+0500,,,-
2021-10-26T18:08:22.034+05:00,3.595072305,livejournal.com,2021-10-26T18:08:17.730+0500,,,-
2021-10-26T18:08:22.536+05:00,3.812676442,livejournal.com,2021-10-26T18:08:17.730+0500,,,-
2021-10-26T18:08:23.038+05:00,3.239175993,livejournal.com,2021-10-26T18:08:17.730+0500,,,-
2021-10-26T18:08:23.539+05:00,16.13152295,livejournal.com,2021-10-26T18:08:17.730+0500,,,-
2021-10-26T18:08:24.040+05:00,17.89056057,livejournal.com,2021-10-26T18:08:17.730+0500,,,-
2021-10-26T18:08:24.543+05:00,12.97818111,livejournal.com,2021-10-26T18:08:17.730+0500,,,-
2021-10-26T18:08:25.045+05:00,8.514363114,livejournal.com,2021-10-26T18:08:17.730+0500,,,-
2021-10-26T18:08:25.547+05:00,12.28524331,livejournal.com,2021-10-26T18:08:17.730+0500,,,-
2021-10-26T18:08:26.048+05:00,16.84846604,livejournal.com,2021-10-26T18:08:17.730+0500,,,-
2021-10-26T18:08:26.550+05:00,21.09351455,livejournal.com,2021-10-26T18:08:17.730+0500,,,-
2021-10-26T18:08:27.052+05:00,12.43583979,livejournal.com,2021-10-26T18:08:17.730+0500,,,-
2021-10-26T18:08:27.554+05:00,11.46563893,livejournal.com,2021-10-26T18:08:17.730+0500,,,-
2021-10-26T18:08:28.055+05:00,12.60659144,livejournal.com,2021-10-26T18:08:17.730+0500,,,-
2021-10-26T18:08:28.556+05:00,19.36416504,livejournal.com,2021-10-26T18:08:17.730+0500,,,-
2021-10-26T18:08:29.059+05:00,9.05699673,livejournal.com,2021-10-26T18:08:17.730+0500,,,-
2021-10-26T18:08:29.561+05:00,5.013413923,livejournal.com,2021-10-26T18:08:17.730+0500,,,-
2021-10-26T18:08:30.062+05:00,10.47665333,livejournal.com,2021-10-26T18:08:17.730+0500,,,-
2021-10-26T18:08:30.564+05:00,8.80052391,livejournal.com,2021-10-26T18:08:17.730+0500,,,-
2021-10-26T18:08:31.065+05:00,5.603962656,livejournal.com,2021-10-26T18:08:17.730+0500,,,-
2021-10-26T18:08:31.568+05:00,2.840313841,livejournal.com,2021-10-26T18:08:17.730+0500,,,-
2021-10-26T18:08:32.069+05:00,1.826462714,livejournal.com,2021-10-26T18:08:17.730+0500,,,-
2021-10-26T18:08:32.571+05:00,3.64339772,livejournal.com,2021-10-26T18:08:17.730+0500,,,-
2021-10-26T18:08:33.073+05:00,8.248555099,livejournal.com,2021-10-26T18:08:17.730+0500,,,-
2021-10-26T18:08:33.574+05:00,0.745958881,livejournal.com,2021-10-26T18:08:17.730+0500,,,-
2021-10-26T18:08:34.077+05:00,0.815682747,livejournal.com,2021-10-26T18:08:17.730+0500,,,-
2021-10-26T18:08:34.580+05:00,0.019503803,livejournal.com,2021-10-26T18:08:17.730+0500,,,-
2021-10-26T18:08:35.083+05:00,0.24341717,livejournal.com,2021-10-26T18:08:17.730+0500,,,-
2021-10-26T18:08:35.585+05:00,0.427944689,livejournal.com,2021-10-26T18:08:17.730+0500,,,-
2021-10-26T18:08:36.087+05:00,10.40757227,line.me,2021-10-26T18:08:35.792+0500,301.0855047,36,8.363486242
2021-10-26T18:08:36.589+05:00,3.110710106,line.me,2021-10-26T18:08:35.792+0500,,,-
2021-10-26T18:08:37.092+05:00,2.708260857,line.me,2021-10-26T18:08:35.792+0500,,,-
2021-10-26T18:08:37.593+05:00,9.616693186,line.me,2021-10-26T18:08:35.792+0500,,,-
2021-10-26T18:08:38.094+05:00,14.34996384,line.me,2021-10-26T18:08:35.792+0500,,,-
2021-10-26T18:08:38.595+05:00,7.40954295,line.me,2021-10-26T18:08:35.792+0500,,,-
2021-10-26T18:08:39.097+05:00,12.07373333,line.me,2021-10-26T18:08:35.792+0500,,,-
2021-10-26T18:08:39.608+05:00,20.05000006,line.me,2021-10-26T18:08:35.792+0500,,,-
2021-10-26T18:08:40.110+05:00,16.89063616,line.me,2021-10-26T18:08:35.792+0500,,,-
2021-10-26T18:08:40.612+05:00,9.197153806,line.me,2021-10-26T18:08:35.792+0500,,,-
2021-10-26T18:08:41.115+05:00,10.43222049,line.me,2021-10-26T18:08:35.792+0500,,,-
2021-10-26T18:08:41.617+05:00,12.46867693,line.me,2021-10-26T18:08:35.792+0500,,,-
2021-10-26T18:08:42.121+05:00,10.59888944,line.me,2021-10-26T18:08:35.792+0500,,,-
2021-10-26T18:08:42.624+05:00,11.28972021,line.me,2021-10-26T18:08:35.792+0500,,,-
2021-10-26T18:08:43.129+05:00,10.03039934,line.me,2021-10-26T18:08:35.792+0500,,,-
2021-10-26T18:08:43.632+05:00,12.46917189,line.me,2021-10-26T18:08:35.792+0500,,,-
2021-10-26T18:08:44.135+05:00,11.90090644,line.me,2021-10-26T18:08:35.792+0500,,,-
2021-10-26T18:08:44.637+05:00,7.82737468,line.me,2021-10-26T18:08:35.792+0500,,,-
2021-10-26T18:08:45.140+05:00,8.007513764,line.me,2021-10-26T18:08:35.792+0500,,,-
2021-10-26T18:08:45.641+05:00,6.78920002,line.me,2021-10-26T18:08:35.792+0500,,,-
2021-10-26T18:08:46.143+05:00,8.006662612,line.me,2021-10-26T18:08:35.792+0500,,,-
2021-10-26T18:08:46.645+05:00,7.05005486,line.me,2021-10-26T18:08:35.792+0500,,,-
2021-10-26T18:08:47.147+05:00,6.683775793,line.me,2021-10-26T18:08:35.792+0500,,,-
2021-10-26T18:08:47.649+05:00,6.31471957,line.me,2021-10-26T18:08:35.792+0500,,,-
2021-10-26T18:08:48.150+05:00,8.946222595,line.me,2021-10-26T18:08:35.792+0500,,,-
2021-10-26T18:08:48.653+05:00,8.701496471,line.me,2021-10-26T18:08:35.792+0500,,,-
2021-10-26T18:08:49.154+05:00,8.127204726,line.me,2021-10-26T18:08:35.792+0500,,,-
2021-10-26T18:08:49.655+05:00,8.439420844,line.me,2021-10-26T18:08:35.792+0500,,,-
2021-10-26T18:08:50.158+05:00,8.748237868,line.me,2021-10-26T18:08:35.792+0500,,,-
2021-10-26T18:08:50.660+05:00,7.867148938,line.me,2021-10-26T18:08:35.792+0500,,,-
2021-10-26T18:08:51.163+05:00,10.30218652,line.me,2021-10-26T18:08:35.792+0500,,,-
2021-10-26T18:08:51.664+05:00,0.177442092,line.me,2021-10-26T18:08:35.792+0500,,,-
2021-10-26T18:08:52.167+05:00,0.550193776,line.me,2021-10-26T18:08:35.792+0500,,,-
2021-10-26T18:08:52.668+05:00,2.700352208,line.me,2021-10-26T18:08:35.792+0500,,,-
2021-10-26T18:08:53.171+05:00,0.389787976,line.me,2021-10-26T18:08:35.792+0500,,,-
2021-10-26T18:08:53.672+05:00,0.452258093,line.me,2021-10-26T18:08:35.792+0500,,,-
2021-10-26T18:08:54.174+05:00,10.25183757,shopee.vn,2021-10-26T18:08:53.862+0500,251.9101464,36,6.997504066
2021-10-26T18:08:54.677+05:00,3.161835684,shopee.vn,2021-10-26T18:08:53.862+0500,,,-
2021-10-26T18:08:55.179+05:00,2.855147972,shopee.vn,2021-10-26T18:08:53.862+0500,,,-
2021-10-26T18:08:55.682+05:00,0.94155832,shopee.vn,2021-10-26T18:08:53.862+0500,,,-
2021-10-26T18:08:56.183+05:00,6.51184109,shopee.vn,2021-10-26T18:08:53.862+0500,,,-
2021-10-26T18:08:56.684+05:00,13.03534336,shopee.vn,2021-10-26T18:08:53.862+0500,,,-
2021-10-26T18:08:57.185+05:00,12.5224818,shopee.vn,2021-10-26T18:08:53.862+0500,,,-
2021-10-26T18:08:57.686+05:00,10.25098778,shopee.vn,2021-10-26T18:08:53.862+0500,,,-
2021-10-26T18:08:58.187+05:00,17.63681303,shopee.vn,2021-10-26T18:08:53.862+0500,,,-
2021-10-26T18:08:58.688+05:00,21.18726304,shopee.vn,2021-10-26T18:08:53.862+0500,,,-
2021-10-26T18:08:59.190+05:00,13.60097978,shopee.vn,2021-10-26T18:08:53.862+0500,,,-
2021-10-26T18:08:59.691+05:00,11.37620274,shopee.vn,2021-10-26T18:08:53.862+0500,,,-
2021-10-26T18:09:00.193+05:00,9.187762596,shopee.vn,2021-10-26T18:08:53.862+0500,,,-
2021-10-26T18:09:00.700+05:00,6.141050776,shopee.vn,2021-10-26T18:08:53.862+0500,,,-
2021-10-26T18:09:01.203+05:00,4.307512617,shopee.vn,2021-10-26T18:08:53.862+0500,,,-
2021-10-26T18:09:01.704+05:00,8.778231409,shopee.vn,2021-10-26T18:08:53.862+0500,,,-
2021-10-26T18:09:02.205+05:00,7.595760755,shopee.vn,2021-10-26T18:08:53.862+0500,,,-
2021-10-26T18:09:02.706+05:00,7.74878342,shopee.vn,2021-10-26T18:08:53.862+0500,,,-
2021-10-26T18:09:03.207+05:00,5.743416888,shopee.vn,2021-10-26T18:08:53.862+0500,,,-
2021-10-26T18:09:03.708+05:00,10.44161131,shopee.vn,2021-10-26T18:08:53.862+0500,,,-
2021-10-26T18:09:04.210+05:00,9.82073557,shopee.vn,2021-10-26T18:08:53.862+0500,,,-
2021-10-26T18:09:04.711+05:00,5.860766353,shopee.vn,2021-10-26T18:08:53.862+0500,,,-
2021-10-26T18:09:05.213+05:00,5.490931758,shopee.vn,2021-10-26T18:08:53.862+0500,,,-
2021-10-26T18:09:05.714+05:00,6.418709643,shopee.vn,2021-10-26T18:08:53.862+0500,,,-
2021-10-26T18:09:06.215+05:00,5.026651076,shopee.vn,2021-10-26T18:08:53.862+0500,,,-
2021-10-26T18:09:06.717+05:00,4.746610767,shopee.vn,2021-10-26T18:08:53.862+0500,,,-
2021-10-26T18:09:07.218+05:00,3.711743433,shopee.vn,2021-10-26T18:08:53.862+0500,,,-
2021-10-26T18:09:07.719+05:00,4.884196218,shopee.vn,2021-10-26T18:08:53.862+0500,,,-
2021-10-26T18:09:08.221+05:00,4.84723669,shopee.vn,2021-10-26T18:08:53.862+0500,,,-
2021-10-26T18:09:08.723+05:00,4.500365649,shopee.vn,2021-10-26T18:08:53.862+0500,,,-
2021-10-26T18:09:09.226+05:00,10.27676002,shopee.vn,2021-10-26T18:08:53.862+0500,,,-
2021-10-26T18:09:09.728+05:00,0.280959553,shopee.vn,2021-10-26T18:08:53.862+0500,,,-
2021-10-26T18:09:10.231+05:00,1.348641927,shopee.vn,2021-10-26T18:08:53.862+0500,,,-
2021-10-26T18:09:10.734+05:00,0.711882263,shopee.vn,2021-10-26T18:08:53.862+0500,,,-
2021-10-26T18:09:11.237+05:00,0.236932126,shopee.vn,2021-10-26T18:08:53.862+0500,,,-
2021-10-26T18:09:11.739+05:00,0.470601388,shopee.vn,2021-10-26T18:08:53.862+0500,,,-
2021-10-26T18:09:12.240+05:00,9.057906745,abs-cbn.com,2021-10-26T18:09:11.927+0500,247.4701815,36,6.87417171
2021-10-26T18:09:12.742+05:00,2.98040227,abs-cbn.com,2021-10-26T18:09:11.927+0500,,,-
2021-10-26T18:09:13.245+05:00,2.344015102,abs-cbn.com,2021-10-26T18:09:11.927+0500,,,-
2021-10-26T18:09:13.748+05:00,4.702401132,abs-cbn.com,2021-10-26T18:09:11.927+0500,,,-
2021-10-26T18:09:14.251+05:00,3.084990632,abs-cbn.com,2021-10-26T18:09:11.927+0500,,,-
2021-10-26T18:09:14.752+05:00,10.95184615,abs-cbn.com,2021-10-26T18:09:11.927+0500,,,-
2021-10-26T18:09:15.254+05:00,6.034212969,abs-cbn.com,2021-10-26T18:09:11.927+0500,,,-
2021-10-26T18:09:15.757+05:00,5.457103401,abs-cbn.com,2021-10-26T18:09:11.927+0500,,,-
2021-10-26T18:09:16.259+05:00,13.8885954,abs-cbn.com,2021-10-26T18:09:11.927+0500,,,-
2021-10-26T18:09:16.760+05:00,15.87992715,abs-cbn.com,2021-10-26T18:09:11.927+0500,,,-
2021-10-26T18:09:17.261+05:00,16.12639206,abs-cbn.com,2021-10-26T18:09:11.927+0500,,,-
2021-10-26T18:09:17.763+05:00,17.2113667,abs-cbn.com,2021-10-26T18:09:11.927+0500,,,-
2021-10-26T18:09:18.264+05:00,11.85126512,abs-cbn.com,2021-10-26T18:09:11.927+0500,,,-
2021-10-26T18:09:18.766+05:00,10.61273919,abs-cbn.com,2021-10-26T18:09:11.927+0500,,,-
2021-10-26T18:09:19.269+05:00,3.97860499,abs-cbn.com,2021-10-26T18:09:11.927+0500,,,-
2021-10-26T18:09:19.771+05:00,2.956890604,abs-cbn.com,2021-10-26T18:09:11.927+0500,,,-
2021-10-26T18:09:20.273+05:00,6.268286337,abs-cbn.com,2021-10-26T18:09:11.927+0500,,,-
2021-10-26T18:09:20.774+05:00,11.954985,abs-cbn.com,2021-10-26T18:09:11.927+0500,,,-
2021-10-26T18:09:21.275+05:00,9.14399495,abs-cbn.com,2021-10-26T18:09:11.927+0500,,,-
2021-10-26T18:09:21.781+05:00,6.0072417,abs-cbn.com,2021-10-26T18:09:11.927+0500,,,-
2021-10-26T18:09:22.282+05:00,6.955716899,abs-cbn.com,2021-10-26T18:09:11.927+0500,,,-
2021-10-26T18:09:22.785+05:00,7.609429703,abs-cbn.com,2021-10-26T18:09:11.927+0500,,,-
2021-10-26T18:09:23.286+05:00,5.226063694,abs-cbn.com,2021-10-26T18:09:11.927+0500,,,-
2021-10-26T18:09:23.787+05:00,6.293529373,abs-cbn.com,2021-10-26T18:09:11.927+0500,,,-
2021-10-26T18:09:24.289+05:00,7.33998835,abs-cbn.com,2021-10-26T18:09:11.927+0500,,,-
2021-10-26T18:09:24.791+05:00,6.749191966,abs-cbn.com,2021-10-26T18:09:11.927+0500,,,-
2021-10-26T18:09:25.293+05:00,2.976420069,abs-cbn.com,2021-10-26T18:09:11.927+0500,,,-
2021-10-26T18:09:25.794+05:00,2.825922682,abs-cbn.com,2021-10-26T18:09:11.927+0500,,,-
2021-10-26T18:09:26.295+05:00,7.604213471,abs-cbn.com,2021-10-26T18:09:11.927+0500,,,-
2021-10-26T18:09:26.798+05:00,5.924212065,abs-cbn.com,2021-10-26T18:09:11.927+0500,,,-
2021-10-26T18:09:27.299+05:00,13.39778519,abs-cbn.com,2021-10-26T18:09:11.927+0500,,,-
2021-10-26T18:09:27.800+05:00,0.64181157,abs-cbn.com,2021-10-26T18:09:11.927+0500,,,-
2021-10-26T18:09:28.303+05:00,2.699888068,abs-cbn.com,2021-10-26T18:09:11.927+0500,,,-
2021-10-26T18:09:28.806+05:00,0.026035655,abs-cbn.com,2021-10-26T18:09:11.927+0500,,,-
2021-10-26T18:09:29.309+05:00,0.362099936,abs-cbn.com,2021-10-26T18:09:11.927+0500,,,-
2021-10-26T18:09:29.809+05:00,0.344705248,abs-cbn.com,2021-10-26T18:09:11.927+0500,,,-
2021-10-26T18:09:30.311+05:00,10.36685587,quora.com,2021-10-26T18:09:29.985+0500,175.4457864,36,4.873494065
2021-10-26T18:09:30.814+05:00,2.301042455,quora.com,2021-10-26T18:09:29.985+0500,,,-
2021-10-26T18:09:31.316+05:00,5.558327564,quora.com,2021-10-26T18:09:29.985+0500,,,-
2021-10-26T18:09:31.817+05:00,1.39411104,quora.com,2021-10-26T18:09:29.985+0500,,,-
2021-10-26T18:09:32.318+05:00,5.885983148,quora.com,2021-10-26T18:09:29.985+0500,,,-
2021-10-26T18:09:32.819+05:00,16.73942134,quora.com,2021-10-26T18:09:29.985+0500,,,-
2021-10-26T18:09:33.321+05:00,9.693791057,quora.com,2021-10-26T18:09:29.985+0500,,,-
2021-10-26T18:09:33.822+05:00,11.19885376,quora.com,2021-10-26T18:09:29.985+0500,,,-
2021-10-26T18:09:34.324+05:00,7.14979056,quora.com,2021-10-26T18:09:29.985+0500,,,-
2021-10-26T18:09:34.826+05:00,5.100994299,quora.com,2021-10-26T18:09:29.985+0500,,,-
2021-10-26T18:09:35.327+05:00,3.773750624,quora.com,2021-10-26T18:09:29.985+0500,,,-
2021-10-26T18:09:35.829+05:00,7.277222763,quora.com,2021-10-26T18:09:29.985+0500,,,-
2021-10-26T18:09:36.332+05:00,7.43596004,quora.com,2021-10-26T18:09:29.985+0500,,,-
2021-10-26T18:09:36.833+05:00,7.401373078,quora.com,2021-10-26T18:09:29.985+0500,,,-
2021-10-26T18:09:37.336+05:00,4.223888429,quora.com,2021-10-26T18:09:29.985+0500,,,-
2021-10-26T18:09:37.837+05:00,6.204246192,quora.com,2021-10-26T18:09:29.985+0500,,,-
2021-10-26T18:09:38.339+05:00,10.82174439,quora.com,2021-10-26T18:09:29.985+0500,,,-
2021-10-26T18:09:38.842+05:00,4.956694448,quora.com,2021-10-26T18:09:29.985+0500,,,-
2021-10-26T18:09:39.345+05:00,2.074373794,quora.com,2021-10-26T18:09:29.985+0500,,,-
2021-10-26T18:09:39.847+05:00,0.185105341,quora.com,2021-10-26T18:09:29.985+0500,,,-
2021-10-26T18:09:40.350+05:00,4.098072842,quora.com,2021-10-26T18:09:29.985+0500,,,-
2021-10-26T18:09:40.853+05:00,0.521104564,quora.com,2021-10-26T18:09:29.985+0500,,,-
2021-10-26T18:09:41.356+05:00,0.548035029,quora.com,2021-10-26T18:09:29.985+0500,,,-
2021-10-26T18:09:41.861+05:00,3.258724633,quora.com,2021-10-26T18:09:29.985+0500,,,-
2021-10-26T18:09:42.363+05:00,1.926123318,quora.com,2021-10-26T18:09:29.985+0500,,,-
2021-10-26T18:09:42.866+05:00,1.528471599,quora.com,2021-10-26T18:09:29.985+0500,,,-
2021-10-26T18:09:43.368+05:00,0.460376205,quora.com,2021-10-26T18:09:29.985+0500,,,-
2021-10-26T18:09:43.869+05:00,0.510121748,quora.com,2021-10-26T18:09:29.985+0500,,,-
2021-10-26T18:09:44.370+05:00,6.30073692,quora.com,2021-10-26T18:09:29.985+0500,,,-
2021-10-26T18:09:44.873+05:00,9.831605099,quora.com,2021-10-26T18:09:29.985+0500,,,-
2021-10-26T18:09:45.374+05:00,8.212619087,quora.com,2021-10-26T18:09:29.985+0500,,,-
2021-10-26T18:09:45.876+05:00,6.814725129,quora.com,2021-10-26T18:09:29.985+0500,,,-
2021-10-26T18:09:46.379+05:00,0.714612542,quora.com,2021-10-26T18:09:29.985+0500,,,-
2021-10-26T18:09:46.882+05:00,0.021707557,quora.com,2021-10-26T18:09:29.985+0500,,,-
2021-10-26T18:09:47.385+05:00,0.645873053,quora.com,2021-10-26T18:09:29.985+0500,,,-
2021-10-26T18:09:47.886+05:00,0.309346846,quora.com,2021-10-26T18:09:29.985+0500,,,-
2021-10-26T18:09:48.388+05:00,9.84816983,oschina.net,2021-10-26T18:09:48.046+0500,112.6840749,36,3.130113191
2021-10-26T18:09:48.889+05:00,4.960625727,oschina.net,2021-10-26T18:09:48.046+0500,,,-
2021-10-26T18:09:49.391+05:00,5.182057933,oschina.net,2021-10-26T18:09:48.046+0500,,,-
2021-10-26T18:09:49.892+05:00,2.450687553,oschina.net,2021-10-26T18:09:48.046+0500,,,-
2021-10-26T18:09:50.394+05:00,3.325837971,oschina.net,2021-10-26T18:09:48.046+0500,,,-
2021-10-26T18:09:50.897+05:00,2.085840001,oschina.net,2021-10-26T18:09:48.046+0500,,,-
2021-10-26T18:09:51.399+05:00,1.450366425,oschina.net,2021-10-26T18:09:48.046+0500,,,-
2021-10-26T18:09:51.901+05:00,7.468336311,oschina.net,2021-10-26T18:09:48.046+0500,,,-
2021-10-26T18:09:52.403+05:00,6.266267467,oschina.net,2021-10-26T18:09:48.046+0500,,,-
2021-10-26T18:09:52.904+05:00,6.140982327,oschina.net,2021-10-26T18:09:48.046+0500,,,-
2021-10-26T18:09:53.405+05:00,11.23864611,oschina.net,2021-10-26T18:09:48.046+0500,,,-
2021-10-26T18:09:53.907+05:00,16.86137914,oschina.net,2021-10-26T18:09:48.046+0500,,,-
2021-10-26T18:09:54.408+05:00,4.284949088,oschina.net,2021-10-26T18:09:48.046+0500,,,-
2021-10-26T18:09:54.910+05:00,2.300878721,oschina.net,2021-10-26T18:09:48.046+0500,,,-
2021-10-26T18:09:55.412+05:00,3.130577563,oschina.net,2021-10-26T18:09:48.046+0500,,,-
2021-10-26T18:09:55.913+05:00,1.499915734,oschina.net,2021-10-26T18:09:48.046+0500,,,-
2021-10-26T18:09:56.416+05:00,1.006932544,oschina.net,2021-10-26T18:09:48.046+0500,,,-
2021-10-26T18:09:56.918+05:00,1.07419659,oschina.net,2021-10-26T18:09:48.046+0500,,,-
2021-10-26T18:09:57.420+05:00,0.856876272,oschina.net,2021-10-26T18:09:48.046+0500,,,-
2021-10-26T18:09:57.922+05:00,0.862556957,oschina.net,2021-10-26T18:09:48.046+0500,,,-
2021-10-26T18:09:58.424+05:00,1.651097449,oschina.net,2021-10-26T18:09:48.046+0500,,,-
2021-10-26T18:09:58.926+05:00,0.889728735,oschina.net,2021-10-26T18:09:48.046+0500,,,-
2021-10-26T18:09:59.427+05:00,0.964660441,oschina.net,2021-10-26T18:09:48.046+0500,,,-
2021-10-26T18:09:59.928+05:00,0.517733505,oschina.net,2021-10-26T18:09:48.046+0500,,,-
2021-10-26T18:10:00.430+05:00,0.865654239,oschina.net,2021-10-26T18:09:48.046+0500,,,-
2021-10-26T18:10:00.932+05:00,1.11634568,oschina.net,2021-10-26T18:09:48.046+0500,,,-
2021-10-26T18:10:01.435+05:00,1.0929664,oschina.net,2021-10-26T18:09:48.046+0500,,,-
2021-10-26T18:10:01.936+05:00,0.666532679,oschina.net,2021-10-26T18:09:48.046+0500,,,-
2021-10-26T18:10:02.438+05:00,1.713571483,oschina.net,2021-10-26T18:09:48.046+0500,,,-
2021-10-26T18:10:02.949+05:00,0.739980208,oschina.net,2021-10-26T18:09:48.046+0500,,,-
2021-10-26T18:10:03.451+05:00,8.231929638,oschina.net,2021-10-26T18:09:48.046+0500,,,-
2021-10-26T18:10:03.952+05:00,0.216744594,oschina.net,2021-10-26T18:09:48.046+0500,,,-
2021-10-26T18:10:04.455+05:00,0.557791044,oschina.net,2021-10-26T18:09:48.046+0500,,,-
2021-10-26T18:10:04.958+05:00,0.042944022,oschina.net,2021-10-26T18:09:48.046+0500,,,-
2021-10-26T18:10:05.459+05:00,0.505029908,oschina.net,2021-10-26T18:09:48.046+0500,,,-
2021-10-26T18:10:05.961+05:00,0.615284591,oschina.net,2021-10-26T18:09:48.046+0500,,,-
2021-10-26T18:10:06.462+05:00,9.309607997,biobiochile.cl,2021-10-26T18:10:06.097+0500,276.3881809,36,7.677449469
2021-10-26T18:10:06.964+05:00,2.726561508,biobiochile.cl,2021-10-26T18:10:06.097+0500,,,-
2021-10-26T18:10:07.466+05:00,2.50724223,biobiochile.cl,2021-10-26T18:10:06.097+0500,,,-
2021-10-26T18:10:07.968+05:00,2.721942839,biobiochile.cl,2021-10-26T18:10:06.097+0500,,,-
2021-10-26T18:10:08.469+05:00,1.637195335,biobiochile.cl,2021-10-26T18:10:06.097+0500,,,-
2021-10-26T18:10:08.969+05:00,1.803460478,biobiochile.cl,2021-10-26T18:10:06.097+0500,,,-
2021-10-26T18:10:09.471+05:00,2.137994147,biobiochile.cl,2021-10-26T18:10:06.097+0500,,,-
2021-10-26T18:10:09.973+05:00,0.786931614,biobiochile.cl,2021-10-26T18:10:06.097+0500,,,-
2021-10-26T18:10:10.474+05:00,2.914352773,biobiochile.cl,2021-10-26T18:10:06.097+0500,,,-
2021-10-26T18:10:10.976+05:00,1.949851386,biobiochile.cl,2021-10-26T18:10:06.097+0500,,,-
2021-10-26T18:10:11.478+05:00,8.227432202,biobiochile.cl,2021-10-26T18:10:06.097+0500,,,-
2021-10-26T18:10:11.979+05:00,6.825508352,biobiochile.cl,2021-10-26T18:10:06.097+0500,,,-
2021-10-26T18:10:12.481+05:00,7.312183169,biobiochile.cl,2021-10-26T18:10:06.097+0500,,,-
2021-10-26T18:10:12.982+05:00,9.975136569,biobiochile.cl,2021-10-26T18:10:06.097+0500,,,-
2021-10-26T18:10:13.483+05:00,9.499378179,biobiochile.cl,2021-10-26T18:10:06.097+0500,,,-
2021-10-26T18:10:13.985+05:00,16.73892372,biobiochile.cl,2021-10-26T18:10:06.097+0500,,,-
2021-10-26T18:10:14.486+05:00,23.27644442,biobiochile.cl,2021-10-26T18:10:06.097+0500,,,-
2021-10-26T18:10:14.987+05:00,20.09567484,biobiochile.cl,2021-10-26T18:10:06.097+0500,,,-
2021-10-26T18:10:15.489+05:00,9.548469008,biobiochile.cl,2021-10-26T18:10:06.097+0500,,,-
2021-10-26T18:10:15.990+05:00,9.314798011,biobiochile.cl,2021-10-26T18:10:06.097+0500,,,-
2021-10-26T18:10:16.492+05:00,10.86309514,biobiochile.cl,2021-10-26T18:10:06.097+0500,,,-
2021-10-26T18:10:16.993+05:00,7.841049879,biobiochile.cl,2021-10-26T18:10:06.097+0500,,,-
2021-10-26T18:10:17.494+05:00,16.92915761,biobiochile.cl,2021-10-26T18:10:06.097+0500,,,-
2021-10-26T18:10:17.995+05:00,9.125476598,biobiochile.cl,2021-10-26T18:10:06.097+0500,,,-
2021-10-26T18:10:18.497+05:00,16.42196966,biobiochile.cl,2021-10-26T18:10:06.097+0500,,,-
2021-10-26T18:10:18.999+05:00,13.14650597,biobiochile.cl,2021-10-26T18:10:06.097+0500,,,-
2021-10-26T18:10:19.500+05:00,9.536532624,biobiochile.cl,2021-10-26T18:10:06.097+0500,,,-
2021-10-26T18:10:20.001+05:00,8.992544536,biobiochile.cl,2021-10-26T18:10:06.097+0500,,,-
2021-10-26T18:10:20.502+05:00,8.58549519,biobiochile.cl,2021-10-26T18:10:06.097+0500,,,-
2021-10-26T18:10:21.003+05:00,8.098617397,biobiochile.cl,2021-10-26T18:10:06.097+0500,,,-
2021-10-26T18:10:21.504+05:00,12.1812467,biobiochile.cl,2021-10-26T18:10:06.097+0500,,,-
2021-10-26T18:10:22.005+05:00,0.949769223,biobiochile.cl,2021-10-26T18:10:06.097+0500,,,-
2021-10-26T18:10:22.506+05:00,0.76176671,biobiochile.cl,2021-10-26T18:10:06.097+0500,,,-
2021-10-26T18:10:23.009+05:00,2.586622435,biobiochile.cl,2021-10-26T18:10:06.097+0500,,,-
2021-10-26T18:10:23.510+05:00,0.583839994,biobiochile.cl,2021-10-26T18:10:06.097+0500,,,-
2021-10-26T18:10:24.015+05:00,0.475402453,biobiochile.cl,2021-10-26T18:10:06.097+0500,,,-
2021-10-26T18:10:24.516+05:00,8.90479289,hurriyet.com.tr,2021-10-26T18:10:24.154+0500,414.3866603,36,11.51074056
2021-10-26T18:10:25.017+05:00,3.142949657,hurriyet.com.tr,2021-10-26T18:10:24.154+0500,,,-
2021-10-26T18:10:25.518+05:00,7.133877623,hurriyet.com.tr,2021-10-26T18:10:24.154+0500,,,-
2021-10-26T18:10:26.019+05:00,1.584211234,hurriyet.com.tr,2021-10-26T18:10:24.154+0500,,,-
2021-10-26T18:10:26.520+05:00,7.366974549,hurriyet.com.tr,2021-10-26T18:10:24.154+0500,,,-
2021-10-26T18:10:27.022+05:00,6.461938401,hurriyet.com.tr,2021-10-26T18:10:24.154+0500,,,-
2021-10-26T18:10:27.524+05:00,10.73710957,hurriyet.com.tr,2021-10-26T18:10:24.154+0500,,,-
2021-10-26T18:10:28.026+05:00,19.59934529,hurriyet.com.tr,2021-10-26T18:10:24.154+0500,,,-
2021-10-26T18:10:28.527+05:00,15.60216847,hurriyet.com.tr,2021-10-26T18:10:24.154+0500,,,-
2021-10-26T18:10:29.028+05:00,13.87219563,hurriyet.com.tr,2021-10-26T18:10:24.154+0500,,,-
2021-10-26T18:10:29.531+05:00,14.17520709,hurriyet.com.tr,2021-10-26T18:10:24.154+0500,,,-
2021-10-26T18:10:30.032+05:00,15.24294426,hurriyet.com.tr,2021-10-26T18:10:24.154+0500,,,-
2021-10-26T18:10:30.534+05:00,13.43635942,hurriyet.com.tr,2021-10-26T18:10:24.154+0500,,,-
2021-10-26T18:10:31.036+05:00,12.28666022,hurriyet.com.tr,2021-10-26T18:10:24.154+0500,,,-
2021-10-26T18:10:31.538+05:00,15.26983438,hurriyet.com.tr,2021-10-26T18:10:24.154+0500,,,-
2021-10-26T18:10:32.040+05:00,16.60608953,hurriyet.com.tr,2021-10-26T18:10:24.154+0500,,,-
2021-10-26T18:10:32.542+05:00,20.36413022,hurriyet.com.tr,2021-10-26T18:10:24.154+0500,,,-
2021-10-26T18:10:33.044+05:00,13.67587961,hurriyet.com.tr,2021-10-26T18:10:24.154+0500,,,-
2021-10-26T18:10:33.546+05:00,11.07274867,hurriyet.com.tr,2021-10-26T18:10:24.154+0500,,,-
2021-10-26T18:10:34.047+05:00,14.70672699,hurriyet.com.tr,2021-10-26T18:10:24.154+0500,,,-
2021-10-26T18:10:34.549+05:00,15.7934088,hurriyet.com.tr,2021-10-26T18:10:24.154+0500,,,-
2021-10-26T18:10:35.050+05:00,14.63240233,hurriyet.com.tr,2021-10-26T18:10:24.154+0500,,,-
2021-10-26T18:10:35.552+05:00,14.35349798,hurriyet.com.tr,2021-10-26T18:10:24.154+0500,,,-
2021-10-26T18:10:36.054+05:00,18.0607252,hurriyet.com.tr,2021-10-26T18:10:24.154+0500,,,-
2021-10-26T18:10:36.556+05:00,14.58150246,hurriyet.com.tr,2021-10-26T18:10:24.154+0500,,,-
2021-10-26T18:10:37.057+05:00,12.79002354,hurriyet.com.tr,2021-10-26T18:10:24.154+0500,,,-
2021-10-26T18:10:37.559+05:00,16.25826162,hurriyet.com.tr,2021-10-26T18:10:24.154+0500,,,-
2021-10-26T18:10:38.061+05:00,11.09573229,hurriyet.com.tr,2021-10-26T18:10:24.154+0500,,,-
2021-10-26T18:10:38.562+05:00,11.14181066,hurriyet.com.tr,2021-10-26T18:10:24.154+0500,,,-
2021-10-26T18:10:39.064+05:00,18.44387687,hurriyet.com.tr,2021-10-26T18:10:24.154+0500,,,-
2021-10-26T18:10:39.565+05:00,18.5690354,hurriyet.com.tr,2021-10-26T18:10:24.154+0500,,,-
2021-10-26T18:10:40.066+05:00,1.163615596,hurriyet.com.tr,2021-10-26T18:10:24.154+0500,,,-
2021-10-26T18:10:40.569+05:00,0.788299271,hurriyet.com.tr,2021-10-26T18:10:24.154+0500,,,-
2021-10-26T18:10:41.069+05:00,0.025039124,hurriyet.com.tr,2021-10-26T18:10:24.154+0500,,,-
2021-10-26T18:10:41.571+05:00,0.39582612,hurriyet.com.tr,2021-10-26T18:10:24.154+0500,,,-
2021-10-26T18:10:42.073+05:00,5.051459336,hurriyet.com.tr,2021-10-26T18:10:24.154+0500,,,-
2021-10-26T18:10:42.574+05:00,9.347565219,ecer.com,2021-10-26T18:10:42.208+0500,148.6642784,36,4.129563288
2021-10-26T18:10:43.076+05:00,2.055180218,ecer.com,2021-10-26T18:10:42.208+0500,,,-
2021-10-26T18:10:43.577+05:00,4.52133035,ecer.com,2021-10-26T18:10:42.208+0500,,,-
2021-10-26T18:10:44.086+05:00,1.50527705,ecer.com,2021-10-26T18:10:42.208+0500,,,-
2021-10-26T18:10:44.588+05:00,1.747657776,ecer.com,2021-10-26T18:10:42.208+0500,,,-
2021-10-26T18:10:45.089+05:00,1.957232194,ecer.com,2021-10-26T18:10:42.208+0500,,,-
2021-10-26T18:10:45.590+05:00,6.306635785,ecer.com,2021-10-26T18:10:42.208+0500,,,-
2021-10-26T18:10:46.092+05:00,11.34877878,ecer.com,2021-10-26T18:10:42.208+0500,,,-
2021-10-26T18:10:46.593+05:00,9.16904202,ecer.com,2021-10-26T18:10:42.208+0500,,,-
2021-10-26T18:10:47.095+05:00,3.350214469,ecer.com,2021-10-26T18:10:42.208+0500,,,-
2021-10-26T18:10:47.596+05:00,2.529671239,ecer.com,2021-10-26T18:10:42.208+0500,,,-
2021-10-26T18:10:48.097+05:00,4.888560781,ecer.com,2021-10-26T18:10:42.208+0500,,,-
2021-10-26T18:10:48.598+05:00,2.591040364,ecer.com,2021-10-26T18:10:42.208+0500,,,-
2021-10-26T18:10:49.100+05:00,3.655357195,ecer.com,2021-10-26T18:10:42.208+0500,,,-
2021-10-26T18:10:49.601+05:00,1.890048441,ecer.com,2021-10-26T18:10:42.208+0500,,,-
2021-10-26T18:10:50.102+05:00,2.104454173,ecer.com,2021-10-26T18:10:42.208+0500,,,-
2021-10-26T18:10:50.603+05:00,2.388845138,ecer.com,2021-10-26T18:10:42.208+0500,,,-
2021-10-26T18:10:51.104+05:00,2.538554634,ecer.com,2021-10-26T18:10:42.208+0500,,,-
2021-10-26T18:10:51.605+05:00,11.52784549,ecer.com,2021-10-26T18:10:42.208+0500,,,-
2021-10-26T18:10:52.106+05:00,8.711590252,ecer.com,2021-10-26T18:10:42.208+0500,,,-
2021-10-26T18:10:52.607+05:00,5.878602608,ecer.com,2021-10-26T18:10:42.208+0500,,,-
2021-10-26T18:10:53.108+05:00,9.982710347,ecer.com,2021-10-26T18:10:42.208+0500,,,-
2021-10-26T18:10:53.610+05:00,3.927916706,ecer.com,2021-10-26T18:10:42.208+0500,,,-
2021-10-26T18:10:54.111+05:00,1.683196811,ecer.com,2021-10-26T18:10:42.208+0500,,,-
2021-10-26T18:10:54.612+05:00,2.242395577,ecer.com,2021-10-26T18:10:42.208+0500,,,-
2021-10-26T18:10:55.114+05:00,4.081753924,ecer.com,2021-10-26T18:10:42.208+0500,,,-
2021-10-26T18:10:55.615+05:00,2.17596344,ecer.com,2021-10-26T18:10:42.208+0500,,,-
2021-10-26T18:10:56.117+05:00,2.50938385,ecer.com,2021-10-26T18:10:42.208+0500,,,-
2021-10-26T18:10:56.618+05:00,3.153595973,ecer.com,2021-10-26T18:10:42.208+0500,,,-
2021-10-26T18:10:57.119+05:00,5.353797484,ecer.com,2021-10-26T18:10:42.208+0500,,,-
2021-10-26T18:10:57.620+05:00,10.56062839,ecer.com,2021-10-26T18:10:42.208+0500,,,-
2021-10-26T18:10:58.121+05:00,0.233878911,ecer.com,2021-10-26T18:10:42.208+0500,,,-
2021-10-26T18:10:58.622+05:00,0.757298435,ecer.com,2021-10-26T18:10:42.208+0500,,,-
2021-10-26T18:10:59.124+05:00,0.037682349,ecer.com,2021-10-26T18:10:42.208+0500,,,-
2021-10-26T18:10:59.627+05:00,0.956524474,ecer.com,2021-10-26T18:10:42.208+0500,,,-
2021-10-26T18:11:00.128+05:00,0.994067503,ecer.com,2021-10-26T18:10:42.208+0500,,,-
2021-10-26T18:11:00.630+05:00,9.225036491,xero.com,2021-10-26T18:11:00.261+0500,158.0526088,36,4.390350246
2021-10-26T18:11:01.132+05:00,2.199133708,xero.com,2021-10-26T18:11:00.261+0500,,,-
2021-10-26T18:11:01.633+05:00,2.814684985,xero.com,2021-10-26T18:11:00.261+0500,,,-
2021-10-26T18:11:02.135+05:00,1.006851792,xero.com,2021-10-26T18:11:00.261+0500,,,-
2021-10-26T18:11:02.636+05:00,1.134483854,xero.com,2021-10-26T18:11:00.261+0500,,,-
2021-10-26T18:11:03.138+05:00,1.483372188,xero.com,2021-10-26T18:11:00.261+0500,,,-
2021-10-26T18:11:03.639+05:00,1.41993683,xero.com,2021-10-26T18:11:00.261+0500,,,-
2021-10-26T18:11:04.141+05:00,3.030804739,xero.com,2021-10-26T18:11:00.261+0500,,,-
2021-10-26T18:11:04.642+05:00,2.254421321,xero.com,2021-10-26T18:11:00.261+0500,,,-
2021-10-26T18:11:05.148+05:00,11.25662,xero.com,2021-10-26T18:11:00.261+0500,,,-
2021-10-26T18:11:05.649+05:00,17.98292697,xero.com,2021-10-26T18:11:00.261+0500,,,-
2021-10-26T18:11:06.151+05:00,23.76433069,xero.com,2021-10-26T18:11:00.261+0500,,,-
2021-10-26T18:11:06.651+05:00,6.991849371,xero.com,2021-10-26T18:11:00.261+0500,,,-
2021-10-26T18:11:07.153+05:00,7.149827757,xero.com,2021-10-26T18:11:00.261+0500,,,-
2021-10-26T18:11:07.655+05:00,9.348473931,xero.com,2021-10-26T18:11:00.261+0500,,,-
2021-10-26T18:11:08.156+05:00,5.211430896,xero.com,2021-10-26T18:11:00.261+0500,,,-
2021-10-26T18:11:08.657+05:00,8.44779697,xero.com,2021-10-26T18:11:00.261+0500,,,-
2021-10-26T18:11:09.158+05:00,6.54276263,xero.com,2021-10-26T18:11:00.261+0500,,,-
2021-10-26T18:11:09.660+05:00,7.447909049,xero.com,2021-10-26T18:11:00.261+0500,,,-
2021-10-26T18:11:10.162+05:00,4.552682067,xero.com,2021-10-26T18:11:00.261+0500,,,-
2021-10-26T18:11:10.664+05:00,2.967257196,xero.com,2021-10-26T18:11:00.261+0500,,,-
2021-10-26T18:11:11.165+05:00,4.882777114,xero.com,2021-10-26T18:11:00.261+0500,,,-
2021-10-26T18:11:11.668+05:00,0.556718032,xero.com,2021-10-26T18:11:00.261+0500,,,-
2021-10-26T18:11:12.169+05:00,0.183203291,xero.com,2021-10-26T18:11:00.261+0500,,,-
2021-10-26T18:11:12.670+05:00,0.359153754,xero.com,2021-10-26T18:11:00.261+0500,,,-
2021-10-26T18:11:13.172+05:00,0.416649709,xero.com,2021-10-26T18:11:00.261+0500,,,-
2021-10-26T18:11:13.674+05:00,0.298169777,xero.com,2021-10-26T18:11:00.261+0500,,,-
2021-10-26T18:11:14.175+05:00,0.454649599,xero.com,2021-10-26T18:11:00.261+0500,,,-
2021-10-26T18:11:14.677+05:00,2.885924204,xero.com,2021-10-26T18:11:00.261+0500,,,-
2021-10-26T18:11:15.178+05:00,0.586615361,xero.com,2021-10-26T18:11:00.261+0500,,,-
2021-10-26T18:11:15.681+05:00,8.604473988,xero.com,2021-10-26T18:11:00.261+0500,,,-
2021-10-26T18:11:16.183+05:00,0.608281241,xero.com,2021-10-26T18:11:00.261+0500,,,-
2021-10-26T18:11:16.685+05:00,0.695730476,xero.com,2021-10-26T18:11:00.261+0500,,,-
2021-10-26T18:11:17.188+05:00,0.602916847,xero.com,2021-10-26T18:11:00.261+0500,,,-
2021-10-26T18:11:17.691+05:00,0.445221899,xero.com,2021-10-26T18:11:00.261+0500,,,-
2021-10-26T18:11:18.193+05:00,0.239530121,xero.com,2021-10-26T18:11:00.261+0500,,,-
2021-10-26T18:11:18.696+05:00,9.070989984,wish.com,2021-10-26T18:11:18.313+0500,242.2501438,36,6.72917066
2021-10-26T18:11:19.198+05:00,1.857207079,wish.com,2021-10-26T18:11:18.313+0500,,,-
2021-10-26T18:11:19.700+05:00,4.147621124,wish.com,2021-10-26T18:11:18.313+0500,,,-
2021-10-26T18:11:20.202+05:00,2.266802134,wish.com,2021-10-26T18:11:18.313+0500,,,-
2021-10-26T18:11:20.705+05:00,1.139050438,wish.com,2021-10-26T18:11:18.313+0500,,,-
2021-10-26T18:11:21.207+05:00,1.483610062,wish.com,2021-10-26T18:11:18.313+0500,,,-
2021-10-26T18:11:21.709+05:00,1.463157963,wish.com,2021-10-26T18:11:18.313+0500,,,-
2021-10-26T18:11:22.211+05:00,5.64714333,wish.com,2021-10-26T18:11:18.313+0500,,,-
2021-10-26T18:11:22.713+05:00,9.846114809,wish.com,2021-10-26T18:11:18.313+0500,,,-
2021-10-26T18:11:23.214+05:00,10.01279116,wish.com,2021-10-26T18:11:18.313+0500,,,-
2021-10-26T18:11:23.715+05:00,10.38303458,wish.com,2021-10-26T18:11:18.313+0500,,,-
2021-10-26T18:11:24.216+05:00,19.77123468,wish.com,2021-10-26T18:11:18.313+0500,,,-
2021-10-26T18:11:24.717+05:00,17.85409599,wish.com,2021-10-26T18:11:18.313+0500,,,-
2021-10-26T18:11:25.220+05:00,11.21006405,wish.com,2021-10-26T18:11:18.313+0500,,,-
2021-10-26T18:11:25.728+05:00,18.85493116,wish.com,2021-10-26T18:11:18.313+0500,,,-
2021-10-26T18:11:26.230+05:00,21.86423064,wish.com,2021-10-26T18:11:18.313+0500,,,-
2021-10-26T18:11:26.731+05:00,10.91791792,wish.com,2021-10-26T18:11:18.313+0500,,,-
2021-10-26T18:11:27.232+05:00,3.62211718,wish.com,2021-10-26T18:11:18.313+0500,,,-
2021-10-26T18:11:27.733+05:00,4.342199607,wish.com,2021-10-26T18:11:18.313+0500,,,-
2021-10-26T18:11:28.234+05:00,4.560944419,wish.com,2021-10-26T18:11:18.313+0500,,,-
2021-10-26T18:11:28.735+05:00,2.523760114,wish.com,2021-10-26T18:11:18.313+0500,,,-
2021-10-26T18:11:29.236+05:00,3.411224116,wish.com,2021-10-26T18:11:18.313+0500,,,-
2021-10-26T18:11:29.737+05:00,3.073485337,wish.com,2021-10-26T18:11:18.313+0500,,,-
2021-10-26T18:11:30.238+05:00,5.555483683,wish.com,2021-10-26T18:11:18.313+0500,,,-
2021-10-26T18:11:30.739+05:00,2.795799268,wish.com,2021-10-26T18:11:18.313+0500,,,-
2021-10-26T18:11:31.240+05:00,2.210306063,wish.com,2021-10-26T18:11:18.313+0500,,,-
2021-10-26T18:11:31.741+05:00,3.860347754,wish.com,2021-10-26T18:11:18.313+0500,,,-
2021-10-26T18:11:32.242+05:00,3.761625083,wish.com,2021-10-26T18:11:18.313+0500,,,-
2021-10-26T18:11:32.743+05:00,3.052663964,wish.com,2021-10-26T18:11:18.313+0500,,,-
2021-10-26T18:11:33.245+05:00,3.104417773,wish.com,2021-10-26T18:11:18.313+0500,,,-
2021-10-26T18:11:33.746+05:00,8.411215512,wish.com,2021-10-26T18:11:18.313+0500,,,-
2021-10-26T18:11:34.247+05:00,4.744155965,wish.com,2021-10-26T18:11:18.313+0500,,,-
2021-10-26T18:11:34.748+05:00,2.81366205,wish.com,2021-10-26T18:11:18.313+0500,,,-
2021-10-26T18:11:35.249+05:00,4.416919696,wish.com,2021-10-26T18:11:18.313+0500,,,-
2021-10-26T18:11:35.750+05:00,7.072583988,wish.com,2021-10-26T18:11:18.313+0500,,,-
2021-10-26T18:11:36.251+05:00,11.12723509,wish.com,2021-10-26T18:11:18.313+0500,,,-
2021-10-26T18:11:36.752+05:00,10.62885952,eatthis.com,2021-10-26T18:11:36.365+0500,257.5435993,36,7.153988869
2021-10-26T18:11:37.255+05:00,2.859255912,eatthis.com,2021-10-26T18:11:36.365+0500,,,-
2021-10-26T18:11:37.756+05:00,6.745592939,eatthis.com,2021-10-26T18:11:36.365+0500,,,-
2021-10-26T18:11:38.257+05:00,13.07501612,eatthis.com,2021-10-26T18:11:36.365+0500,,,-
2021-10-26T18:11:38.759+05:00,8.011184829,eatthis.com,2021-10-26T18:11:36.365+0500,,,-
2021-10-26T18:11:39.261+05:00,6.592140156,eatthis.com,2021-10-26T18:11:36.365+0500,,,-
2021-10-26T18:11:39.763+05:00,7.24786291,eatthis.com,2021-10-26T18:11:36.365+0500,,,-
2021-10-26T18:11:40.264+05:00,6.277989473,eatthis.com,2021-10-26T18:11:36.365+0500,,,-
2021-10-26T18:11:40.765+05:00,6.726270395,eatthis.com,2021-10-26T18:11:36.365+0500,,,-
2021-10-26T18:11:41.268+05:00,6.716250454,eatthis.com,2021-10-26T18:11:36.365+0500,,,-
2021-10-26T18:11:41.769+05:00,8.125638948,eatthis.com,2021-10-26T18:11:36.365+0500,,,-
2021-10-26T18:11:42.270+05:00,12.38410579,eatthis.com,2021-10-26T18:11:36.365+0500,,,-
2021-10-26T18:11:42.772+05:00,5.38578225,eatthis.com,2021-10-26T18:11:36.365+0500,,,-
2021-10-26T18:11:43.275+05:00,4.991831967,eatthis.com,2021-10-26T18:11:36.365+0500,,,-
2021-10-26T18:11:43.777+05:00,4.377651745,eatthis.com,2021-10-26T18:11:36.365+0500,,,-
2021-10-26T18:11:44.279+05:00,5.244385735,eatthis.com,2021-10-26T18:11:36.365+0500,,,-
2021-10-26T18:11:44.781+05:00,5.172613491,eatthis.com,2021-10-26T18:11:36.365+0500,,,-
2021-10-26T18:11:45.284+05:00,8.642798348,eatthis.com,2021-10-26T18:11:36.365+0500,,,-
2021-10-26T18:11:45.785+05:00,9.950982364,eatthis.com,2021-10-26T18:11:36.365+0500,,,-
2021-10-26T18:11:46.286+05:00,12.65708866,eatthis.com,2021-10-26T18:11:36.365+0500,,,-
2021-10-26T18:11:46.787+05:00,9.886336956,eatthis.com,2021-10-26T18:11:36.365+0500,,,-
2021-10-26T18:11:47.288+05:00,12.13088294,eatthis.com,2021-10-26T18:11:36.365+0500,,,-
2021-10-26T18:11:47.790+05:00,8.745389542,eatthis.com,2021-10-26T18:11:36.365+0500,,,-
2021-10-26T18:11:48.292+05:00,17.04097617,eatthis.com,2021-10-26T18:11:36.365+0500,,,-
2021-10-26T18:11:48.793+05:00,17.68264114,eatthis.com,2021-10-26T18:11:36.365+0500,,,-
2021-10-26T18:11:49.294+05:00,11.56697157,eatthis.com,2021-10-26T18:11:36.365+0500,,,-
2021-10-26T18:11:49.795+05:00,6.281064462,eatthis.com,2021-10-26T18:11:36.365+0500,,,-
2021-10-26T18:11:50.298+05:00,3.734271562,eatthis.com,2021-10-26T18:11:36.365+0500,,,-
2021-10-26T18:11:50.800+05:00,1.403808717,eatthis.com,2021-10-26T18:11:36.365+0500,,,-
2021-10-26T18:11:51.303+05:00,2.359747671,eatthis.com,2021-10-26T18:11:36.365+0500,,,-
2021-10-26T18:11:51.804+05:00,10.25484727,eatthis.com,2021-10-26T18:11:36.365+0500,,,-
2021-10-26T18:11:52.306+05:00,0.72075021,eatthis.com,2021-10-26T18:11:36.365+0500,,,-
2021-10-26T18:11:52.809+05:00,0.397783836,eatthis.com,2021-10-26T18:11:36.365+0500,,,-
2021-10-26T18:11:53.312+05:00,2.870904298,eatthis.com,2021-10-26T18:11:36.365+0500,,,-
2021-10-26T18:11:53.813+05:00,0.590200584,eatthis.com,2021-10-26T18:11:36.365+0500,,,-
2021-10-26T18:11:54.316+05:00,0.063720337,eatthis.com,2021-10-26T18:11:36.365+0500,,,-
2021-10-26T18:11:54.818+05:00,9.998539514,pcbaby.com.cn,2021-10-26T18:11:54.423+0500,141.039065,36,3.917751806
2021-10-26T18:11:55.320+05:00,1.563192972,pcbaby.com.cn,2021-10-26T18:11:54.423+0500,,,-
2021-10-26T18:11:55.822+05:00,3.454433918,pcbaby.com.cn,2021-10-26T18:11:54.423+0500,,,-
2021-10-26T18:11:56.324+05:00,1.364696307,pcbaby.com.cn,2021-10-26T18:11:54.423+0500,,,-
2021-10-26T18:11:56.827+05:00,1.40919973,pcbaby.com.cn,2021-10-26T18:11:54.423+0500,,,-
2021-10-26T18:11:57.329+05:00,1.39585841,pcbaby.com.cn,2021-10-26T18:11:54.423+0500,,,-
2021-10-26T18:11:57.831+05:00,1.497717942,pcbaby.com.cn,2021-10-26T18:11:54.423+0500,,,-
2021-10-26T18:11:58.333+05:00,1.594111017,pcbaby.com.cn,2021-10-26T18:11:54.423+0500,,,-
2021-10-26T18:11:58.836+05:00,0.594839283,pcbaby.com.cn,2021-10-26T18:11:54.423+0500,,,-
2021-10-26T18:11:59.338+05:00,2.393153515,pcbaby.com.cn,2021-10-26T18:11:54.423+0500,,,-
2021-10-26T18:11:59.839+05:00,1.661257738,pcbaby.com.cn,2021-10-26T18:11:54.423+0500,,,-
2021-10-26T18:12:00.341+05:00,2.420846086,pcbaby.com.cn,2021-10-26T18:11:54.423+0500,,,-
2021-10-26T18:12:00.843+05:00,0.661769462,pcbaby.com.cn,2021-10-26T18:11:54.423+0500,,,-
2021-10-26T18:12:01.344+05:00,2.000731571,pcbaby.com.cn,2021-10-26T18:11:54.423+0500,,,-
2021-10-26T18:12:01.846+05:00,12.60792577,pcbaby.com.cn,2021-10-26T18:11:54.423+0500,,,-
2021-10-26T18:12:02.348+05:00,5.037458824,pcbaby.com.cn,2021-10-26T18:11:54.423+0500,,,-
2021-10-26T18:12:02.849+05:00,7.756796215,pcbaby.com.cn,2021-10-26T18:11:54.423+0500,,,-
2021-10-26T18:12:03.351+05:00,5.487452975,pcbaby.com.cn,2021-10-26T18:11:54.423+0500,,,-
2021-10-26T18:12:03.852+05:00,4.653290661,pcbaby.com.cn,2021-10-26T18:11:54.423+0500,,,-
2021-10-26T18:12:04.355+05:00,4.749098252,pcbaby.com.cn,2021-10-26T18:11:54.423+0500,,,-
2021-10-26T18:12:04.857+05:00,4.23363024,pcbaby.com.cn,2021-10-26T18:11:54.423+0500,,,-
2021-10-26T18:12:05.359+05:00,4.53375436,pcbaby.com.cn,2021-10-26T18:11:54.423+0500,,,-
2021-10-26T18:12:05.861+05:00,3.020391042,pcbaby.com.cn,2021-10-26T18:11:54.423+0500,,,-
2021-10-26T18:12:06.363+05:00,11.28134516,pcbaby.com.cn,2021-10-26T18:11:54.423+0500,,,-
2021-10-26T18:12:06.868+05:00,10.53425336,pcbaby.com.cn,2021-10-26T18:11:54.423+0500,,,-
2021-10-26T18:12:07.370+05:00,5.53279061,pcbaby.com.cn,2021-10-26T18:11:54.423+0500,,,-
2021-10-26T18:12:07.872+05:00,4.590736518,pcbaby.com.cn,2021-10-26T18:11:54.423+0500,,,-
2021-10-26T18:12:08.374+05:00,4.584123784,pcbaby.com.cn,2021-10-26T18:11:54.423+0500,,,-
2021-10-26T18:12:08.875+05:00,4.236729705,pcbaby.com.cn,2021-10-26T18:11:54.423+0500,,,-
2021-10-26T18:12:09.377+05:00,3.47345407,pcbaby.com.cn,2021-10-26T18:11:54.423+0500,,,-
2021-10-26T18:12:09.878+05:00,9.51292178,pcbaby.com.cn,2021-10-26T18:11:54.423+0500,,,-
2021-10-26T18:12:10.379+05:00,1.515401704,pcbaby.com.cn,2021-10-26T18:11:54.423+0500,,,-
2021-10-26T18:12:10.882+05:00,0.353546463,pcbaby.com.cn,2021-10-26T18:11:54.423+0500,,,-
2021-10-26T18:12:11.384+05:00,0.318330186,pcbaby.com.cn,2021-10-26T18:11:54.423+0500,,,-
2021-10-26T18:12:11.887+05:00,0.769491618,pcbaby.com.cn,2021-10-26T18:11:54.423+0500,,,-
2021-10-26T18:12:12.389+05:00,0.24579425,pcbaby.com.cn,2021-10-26T18:11:54.423+0500,,,-
2021-10-26T18:12:12.891+05:00,9.805792104,protonmail.com,2021-10-26T18:12:12.482+0500,101.7290619,36,2.825807274
2021-10-26T18:12:13.392+05:00,6.045821774,protonmail.com,2021-10-26T18:12:12.482+0500,,,-
2021-10-26T18:12:13.894+05:00,5.760090338,protonmail.com,2021-10-26T18:12:12.482+0500,,,-
2021-10-26T18:12:14.396+05:00,13.68756326,protonmail.com,2021-10-26T18:12:12.482+0500,,,-
2021-10-26T18:12:14.898+05:00,7.03612775,protonmail.com,2021-10-26T18:12:12.482+0500,,,-
2021-10-26T18:12:15.400+05:00,6.90432761,protonmail.com,2021-10-26T18:12:12.482+0500,,,-
2021-10-26T18:12:15.903+05:00,6.213617625,protonmail.com,2021-10-26T18:12:12.482+0500,,,-
2021-10-26T18:12:16.406+05:00,1.711567733,protonmail.com,2021-10-26T18:12:12.482+0500,,,-
2021-10-26T18:12:16.908+05:00,1.251122338,protonmail.com,2021-10-26T18:12:12.482+0500,,,-
2021-10-26T18:12:17.411+05:00,1.046086819,protonmail.com,2021-10-26T18:12:12.482+0500,,,-
2021-10-26T18:12:17.914+05:00,0.974920071,protonmail.com,2021-10-26T18:12:12.482+0500,,,-
2021-10-26T18:12:18.416+05:00,1.098008805,protonmail.com,2021-10-26T18:12:12.482+0500,,,-
2021-10-26T18:12:18.919+05:00,0.487804382,protonmail.com,2021-10-26T18:12:12.482+0500,,,-
2021-10-26T18:12:19.422+05:00,0.998791412,protonmail.com,2021-10-26T18:12:12.482+0500,,,-
2021-10-26T18:12:19.923+05:00,1.325790268,protonmail.com,2021-10-26T18:12:12.482+0500,,,-
2021-10-26T18:12:20.426+05:00,3.377606474,protonmail.com,2021-10-26T18:12:12.482+0500,,,-
2021-10-26T18:12:20.927+05:00,5.286803677,protonmail.com,2021-10-26T18:12:12.482+0500,,,-
2021-10-26T18:12:21.428+05:00,2.311915799,protonmail.com,2021-10-26T18:12:12.482+0500,,,-
2021-10-26T18:12:21.931+05:00,0.958440544,protonmail.com,2021-10-26T18:12:12.482+0500,,,-
2021-10-26T18:12:22.434+05:00,1.027845991,protonmail.com,2021-10-26T18:12:12.482+0500,,,-
2021-10-26T18:12:22.936+05:00,0.522233452,protonmail.com,2021-10-26T18:12:12.482+0500,,,-
2021-10-26T18:12:23.439+05:00,3.762242828,protonmail.com,2021-10-26T18:12:12.482+0500,,,-
2021-10-26T18:12:23.941+05:00,1.007520725,protonmail.com,2021-10-26T18:12:12.482+0500,,,-
2021-10-26T18:12:24.444+05:00,0.92698961,protonmail.com,2021-10-26T18:12:12.482+0500,,,-
2021-10-26T18:12:24.946+05:00,0.878521529,protonmail.com,2021-10-26T18:12:12.482+0500,,,-
2021-10-26T18:12:25.448+05:00,2.759517313,protonmail.com,2021-10-26T18:12:12.482+0500,,,-
2021-10-26T18:12:25.951+05:00,4.191819227,protonmail.com,2021-10-26T18:12:12.482+0500,,,-
2021-10-26T18:12:26.454+05:00,0.865469962,protonmail.com,2021-10-26T18:12:12.482+0500,,,-
2021-10-26T18:12:26.957+05:00,1.026911816,protonmail.com,2021-10-26T18:12:12.482+0500,,,-
2021-10-26T18:12:27.459+05:00,0.852486428,protonmail.com,2021-10-26T18:12:12.482+0500,,,-
2021-10-26T18:12:27.968+05:00,6.376165414,protonmail.com,2021-10-26T18:12:12.482+0500,,,-
2021-10-26T18:12:28.470+05:00,0.205515163,protonmail.com,2021-10-26T18:12:12.482+0500,,,-
2021-10-26T18:12:28.971+05:00,0.310881419,protonmail.com,2021-10-26T18:12:12.482+0500,,,-
2021-10-26T18:12:29.474+05:00,0,protonmail.com,2021-10-26T18:12:12.482+0500,,,-
2021-10-26T18:12:29.977+05:00,0.692884619,protonmail.com,2021-10-26T18:12:12.482+0500,,,-
2021-10-26T18:12:30.480+05:00,0.039857575,protonmail.com,2021-10-26T18:12:12.482+0500,,,-
2021-10-26T18:12:30.982+05:00,10.10500594,google.ro,2021-10-26T18:12:30.541+0500,85.67799034,36,2.379944176
2021-10-26T18:12:31.484+05:00,2.718580524,google.ro,2021-10-26T18:12:30.541+0500,,,-
2021-10-26T18:12:31.986+05:00,4.690105434,google.ro,2021-10-26T18:12:30.541+0500,,,-
2021-10-26T18:12:32.489+05:00,2.108115205,google.ro,2021-10-26T18:12:30.541+0500,,,-
2021-10-26T18:12:32.990+05:00,2.9948687,google.ro,2021-10-26T18:12:30.541+0500,,,-
2021-10-26T18:12:33.491+05:00,9.573921472,google.ro,2021-10-26T18:12:30.541+0500,,,-
2021-10-26T18:12:33.993+05:00,12.24094619,google.ro,2021-10-26T18:12:30.541+0500,,,-
2021-10-26T18:12:34.494+05:00,6.036272694,google.ro,2021-10-26T18:12:30.541+0500,,,-
2021-10-26T18:12:34.995+05:00,2.808359973,google.ro,2021-10-26T18:12:30.541+0500,,,-
2021-10-26T18:12:35.496+05:00,4.304211557,google.ro,2021-10-26T18:12:30.541+0500,,,-
2021-10-26T18:12:35.999+05:00,3.946776716,google.ro,2021-10-26T18:12:30.541+0500,,,-
2021-10-26T18:12:36.501+05:00,0.352953539,google.ro,2021-10-26T18:12:30.541+0500,,,-
2021-10-26T18:12:37.003+05:00,0.510627726,google.ro,2021-10-26T18:12:30.541+0500,,,-
2021-10-26T18:12:37.506+05:00,0.161746239,google.ro,2021-10-26T18:12:30.541+0500,,,-
2021-10-26T18:12:38.008+05:00,0.182285158,google.ro,2021-10-26T18:12:30.541+0500,,,-
2021-10-26T18:12:38.511+05:00,2.901591037,google.ro,2021-10-26T18:12:30.541+0500,,,-
2021-10-26T18:12:39.012+05:00,2.840055518,google.ro,2021-10-26T18:12:30.541+0500,,,-
2021-10-26T18:12:39.513+05:00,1.252879185,google.ro,2021-10-26T18:12:30.541+0500,,,-
2021-10-26T18:12:40.014+05:00,0.916498725,google.ro,2021-10-26T18:12:30.541+0500,,,-
2021-10-26T18:12:40.517+05:00,0.292610579,google.ro,2021-10-26T18:12:30.541+0500,,,-
2021-10-26T18:12:41.018+05:00,0.484496101,google.ro,2021-10-26T18:12:30.541+0500,,,-
2021-10-26T18:12:41.521+05:00,0.435424719,google.ro,2021-10-26T18:12:30.541+0500,,,-
2021-10-26T18:12:42.023+05:00,0.403055891,google.ro,2021-10-26T18:12:30.541+0500,,,-
2021-10-26T18:12:42.526+05:00,0.073374335,google.ro,2021-10-26T18:12:30.541+0500,,,-
2021-10-26T18:12:43.028+05:00,1.557070402,google.ro,2021-10-26T18:12:30.541+0500,,,-
2021-10-26T18:12:43.530+05:00,0.305315521,google.ro,2021-10-26T18:12:30.541+0500,,,-
2021-10-26T18:12:44.032+05:00,0.363802012,google.ro,2021-10-26T18:12:30.541+0500,,,-
2021-10-26T18:12:44.535+05:00,0.476667077,google.ro,2021-10-26T18:12:30.541+0500,,,-
2021-10-26T18:12:45.038+05:00,0.103791052,google.ro,2021-10-26T18:12:30.541+0500,,,-
2021-10-26T18:12:45.540+05:00,0.483847867,google.ro,2021-10-26T18:12:30.541+0500,,,-
2021-10-26T18:12:46.043+05:00,7.120153389,google.ro,2021-10-26T18:12:30.541+0500,,,-
2021-10-26T18:12:46.546+05:00,0.176047311,google.ro,2021-10-26T18:12:30.541+0500,,,-
2021-10-26T18:12:47.049+05:00,1.886163598,google.ro,2021-10-26T18:12:30.541+0500,,,-
2021-10-26T18:12:47.552+05:00,0.079440246,google.ro,2021-10-26T18:12:30.541+0500,,,-
2021-10-26T18:12:48.055+05:00,0.573037084,google.ro,2021-10-26T18:12:30.541+0500,,,-
2021-10-26T18:12:48.557+05:00,0.217891633,google.ro,2021-10-26T18:12:30.541+0500,,,-
2021-10-26T18:12:49.059+05:00,9.143494909,bloomberg.com,2021-10-26T18:12:48.604+0500,423.6107021,77,5.501437689
2021-10-26T18:12:49.562+05:00,2.409757052,bloomberg.com,2021-10-26T18:12:48.604+0500,,,-
2021-10-26T18:12:50.063+05:00,5.54081518,bloomberg.com,2021-10-26T18:12:48.604+0500,,,-
2021-10-26T18:12:50.564+05:00,10.30106128,bloomberg.com,2021-10-26T18:12:48.604+0500,,,-
2021-10-26T18:12:51.065+05:00,19.2135987,bloomberg.com,2021-10-26T18:12:48.604+0500,,,-
2021-10-26T18:12:51.566+05:00,12.25471191,bloomberg.com,2021-10-26T18:12:48.604+0500,,,-
2021-10-26T18:12:52.067+05:00,20.61604837,bloomberg.com,2021-10-26T18:12:48.604+0500,,,-
2021-10-26T18:12:52.568+05:00,16.51074308,bloomberg.com,2021-10-26T18:12:48.604+0500,,,-
2021-10-26T18:12:53.069+05:00,12.50309023,bloomberg.com,2021-10-26T18:12:48.604+0500,,,-
2021-10-26T18:12:53.571+05:00,10.43163674,bloomberg.com,2021-10-26T18:12:48.604+0500,,,-
2021-10-26T18:12:54.073+05:00,9.444400145,bloomberg.com,2021-10-26T18:12:48.604+0500,,,-
2021-10-26T18:12:54.574+05:00,9.282814608,bloomberg.com,2021-10-26T18:12:48.604+0500,,,-
2021-10-26T18:12:55.076+05:00,10.95838075,bloomberg.com,2021-10-26T18:12:48.604+0500,,,-
2021-10-26T18:12:55.578+05:00,15.95370342,bloomberg.com,2021-10-26T18:12:48.604+0500,,,-
2021-10-26T18:12:56.079+05:00,11.69739928,bloomberg.com,2021-10-26T18:12:48.604+0500,,,-
2021-10-26T18:12:56.582+05:00,14.92150857,bloomberg.com,2021-10-26T18:12:48.604+0500,,,-
2021-10-26T18:12:57.084+05:00,18.15254749,bloomberg.com,2021-10-26T18:12:48.604+0500,,,-
2021-10-26T18:12:57.585+05:00,20.94316439,bloomberg.com,2021-10-26T18:12:48.604+0500,,,-
2021-10-26T18:12:58.088+05:00,16.42035443,bloomberg.com,2021-10-26T18:12:48.604+0500,,,-
2021-10-26T18:12:58.590+05:00,11.0596947,bloomberg.com,2021-10-26T18:12:48.604+0500,,,-
2021-10-26T18:12:59.092+05:00,16.84220404,bloomberg.com,2021-10-26T18:12:48.604+0500,,,-
2021-10-26T18:12:59.594+05:00,12.14434804,bloomberg.com,2021-10-26T18:12:48.604+0500,,,-
2021-10-26T18:13:00.095+05:00,12.65096418,bloomberg.com,2021-10-26T18:12:48.604+0500,,,-
2021-10-26T18:13:00.598+05:00,11.43140109,bloomberg.com,2021-10-26T18:12:48.604+0500,,,-
2021-10-26T18:13:01.100+05:00,11.47754142,bloomberg.com,2021-10-26T18:12:48.604+0500,,,-
2021-10-26T18:13:01.601+05:00,12.23271749,bloomberg.com,2021-10-26T18:12:48.604+0500,,,-
2021-10-26T18:13:02.102+05:00,9.372788454,bloomberg.com,2021-10-26T18:12:48.604+0500,,,-
2021-10-26T18:13:02.605+05:00,9.455946796,bloomberg.com,2021-10-26T18:12:48.604+0500,,,-
2021-10-26T18:13:03.106+05:00,20.12149896,bloomberg.com,2021-10-26T18:12:48.604+0500,,,-
2021-10-26T18:13:03.608+05:00,15.22052807,bloomberg.com,2021-10-26T18:12:48.604+0500,,,-
2021-10-26T18:13:04.109+05:00,19.81324753,bloomberg.com,2021-10-26T18:12:48.604+0500,,,-
2021-10-26T18:13:04.610+05:00,1.995253524,bloomberg.com,2021-10-26T18:12:48.604+0500,,,-
2021-10-26T18:13:05.111+05:00,1.573382089,bloomberg.com,2021-10-26T18:12:48.604+0500,,,-
2021-10-26T18:13:05.612+05:00,0.721404089,bloomberg.com,2021-10-26T18:12:48.604+0500,,,-
2021-10-26T18:13:06.113+05:00,0.355447278,bloomberg.com,2021-10-26T18:12:48.604+0500,,,-
2021-10-26T18:13:06.614+05:00,1.231807914,bloomberg.com,2021-10-26T18:12:48.604+0500,,,-
2021-10-26T18:13:07.116+05:00,0.099066255,bloomberg.com,2021-10-26T18:12:48.604+0500,,,-
2021-10-26T18:13:07.619+05:00,0.497558083,bloomberg.com,2021-10-26T18:12:48.604+0500,,,-
2021-10-26T18:13:08.121+05:00,0.022196297,bloomberg.com,2021-10-26T18:12:48.604+0500,,,-
2021-10-26T18:13:08.623+05:00,2.657653656,bloomberg.com,2021-10-26T18:12:48.604+0500,,,-
2021-10-26T18:13:09.136+05:00,0.130726954,bloomberg.com,2021-10-26T18:12:48.604+0500,,,-
2021-10-26T18:13:09.638+05:00,0.249684892,bloomberg.com,2021-10-26T18:12:48.604+0500,,,-
2021-10-26T18:13:10.140+05:00,0.990120203,bloomberg.com,2021-10-26T18:12:48.604+0500,,,-
2021-10-26T18:13:10.642+05:00,0,bloomberg.com,2021-10-26T18:12:48.604+0500,,,-
2021-10-26T18:13:11.144+05:00,0.137128108,bloomberg.com,2021-10-26T18:12:48.604+0500,,,-
2021-10-26T18:13:11.647+05:00,0.146095395,bloomberg.com,2021-10-26T18:12:48.604+0500,,,-
2021-10-26T18:13:12.149+05:00,0.332029635,bloomberg.com,2021-10-26T18:12:48.604+0500,,,-
2021-10-26T18:13:12.651+05:00,0.050278176,bloomberg.com,2021-10-26T18:12:48.604+0500,,,-
2021-10-26T18:13:13.154+05:00,0.068835951,bloomberg.com,2021-10-26T18:12:48.604+0500,,,-
2021-10-26T18:13:13.657+05:00,0.646928124,bloomberg.com,2021-10-26T18:12:48.604+0500,,,-
2021-10-26T18:13:14.160+05:00,0.057554742,bloomberg.com,2021-10-26T18:12:48.604+0500,,,-
2021-10-26T18:13:14.663+05:00,0.482770558,bloomberg.com,2021-10-26T18:12:48.604+0500,,,-
2021-10-26T18:13:15.166+05:00,0.075849119,bloomberg.com,2021-10-26T18:12:48.604+0500,,,-
2021-10-26T18:13:15.668+05:00,0,bloomberg.com,2021-10-26T18:12:48.604+0500,,,-
2021-10-26T18:13:16.171+05:00,0.441945639,bloomberg.com,2021-10-26T18:12:48.604+0500,,,-
2021-10-26T18:13:16.673+05:00,0.154209501,bloomberg.com,2021-10-26T18:12:48.604+0500,,,-
2021-10-26T18:13:17.175+05:00,0.040350816,bloomberg.com,2021-10-26T18:12:48.604+0500,,,-
2021-10-26T18:13:17.678+05:00,0.142433025,bloomberg.com,2021-10-26T18:12:48.604+0500,,,-
2021-10-26T18:13:18.181+05:00,0,bloomberg.com,2021-10-26T18:12:48.604+0500,,,-
2021-10-26T18:13:18.683+05:00,0.137603244,bloomberg.com,2021-10-26T18:12:48.604+0500,,,-
2021-10-26T18:13:19.185+05:00,0.108103124,bloomberg.com,2021-10-26T18:12:48.604+0500,,,-
2021-10-26T18:13:19.688+05:00,0.118596635,bloomberg.com,2021-10-26T18:12:48.604+0500,,,-
2021-10-26T18:13:20.191+05:00,0,bloomberg.com,2021-10-26T18:12:48.604+0500,,,-
2021-10-26T18:13:20.693+05:00,0.233240057,bloomberg.com,2021-10-26T18:12:48.604+0500,,,-
2021-10-26T18:13:21.195+05:00,0,bloomberg.com,2021-10-26T18:12:48.604+0500,,,-
2021-10-26T18:13:21.698+05:00,0.265278605,bloomberg.com,2021-10-26T18:12:48.604+0500,,,-
2021-10-26T18:13:22.200+05:00,0.141054722,bloomberg.com,2021-10-26T18:12:48.604+0500,,,-
2021-10-26T18:13:22.703+05:00,0.067031933,bloomberg.com,2021-10-26T18:12:48.604+0500,,,-
2021-10-26T18:13:23.206+05:00,0.017851781,bloomberg.com,2021-10-26T18:12:48.604+0500,,,-
2021-10-26T18:13:23.708+05:00,0.07094805,bloomberg.com,2021-10-26T18:12:48.604+0500,,,-
2021-10-26T18:13:24.211+05:00,0.139029673,bloomberg.com,2021-10-26T18:12:48.604+0500,,,-
2021-10-26T18:13:24.713+05:00,0.105472587,bloomberg.com,2021-10-26T18:12:48.604+0500,,,-
2021-10-26T18:13:25.216+05:00,0.051548553,bloomberg.com,2021-10-26T18:12:48.604+0500,,,-
2021-10-26T18:13:25.719+05:00,0.068165272,bloomberg.com,2021-10-26T18:12:48.604+0500,,,-
2021-10-26T18:13:26.222+05:00,0,bloomberg.com,2021-10-26T18:12:48.604+0500,,,-
2021-10-26T18:13:26.725+05:00,0.263956494,bloomberg.com,2021-10-26T18:12:48.604+0500,,,-
2021-10-26T18:13:27.226+05:00,0,bloomberg.com,2021-10-26T18:12:48.604+0500,,,-
